JvmtiExport can_access_local_variables 0
JvmtiExport can_hotswap_or_post_breakpoint 0
JvmtiExport can_post_on_exceptions 0
# 488 ciObject found
instanceKlass apex/jorje/semantic/ast/compilation/UserClassMembers
ciInstanceKlass java/lang/Cloneable 1 0 7 100 1 100 1 1 1
instanceKlass apex/jorje/semantic/symbol/type/common/SObjectTypeInfoUtil$5
instanceKlass java/util/ArrayList$SubList$2
instanceKlass java/lang/Class$EnclosingMethodInfo
instanceKlass apex/jorje/semantic/ast/modifier/rule/AnnotationRules$EnclosingUnitTypeSpecificRule
instanceKlass apex/jorje/semantic/ast/modifier/rule/AnnotationRules$NoNewProtectedMethodRule
instanceKlass apex/jorje/semantic/symbol/resolver/Distance$1
instanceKlass apex/jorje/lsp/impl/typings/TypingOptions
instanceKlass apex/jorje/semantic/ast/expression/PrefixExpression$1
instanceKlass apex/jorje/semantic/ast/expression/ConstructorValidator
instanceKlass apex/jorje/semantic/ast/modifier/rule/TransientContextRule
instanceKlass apex/jorje/semantic/symbol/member/method/MethodNameMangler
instanceKlass java/lang/Throwable$PrintStreamOrWriter
instanceKlass apex/jorje/semantic/symbol/member/variable/SObjectFieldInfo$ValidateStoreFunction
instanceKlass apex/jorje/semantic/symbol/resolver/TypeRefResolvers$JavaTypeResolver
instanceKlass apex/jorje/data/ast/TypeRefs$JavaTypeRef
instanceKlass apex/jorje/data/soql/QueryLiteral
instanceKlass apex/jorje/data/ast/BinaryOp$1
instanceKlass apex/jorje/semantic/symbol/resolver/TypeRefResolvers$ArrayTypeResolver
instanceKlass apex/jorje/data/ast/TypeRefs$ArrayTypeRef
instanceKlass com/google/common/base/Equivalence$1
instanceKlass apex/jorje/semantic/ast/modifier/rule/AnnotationRules$RequiredAnyModifierRule
instanceKlass apex/jorje/semantic/ast/modifier/rule/AnnotationRules$DefiningTypeConditionRule
instanceKlass apex/jorje/semantic/ast/modifier/rule/AnnotationRules$EquivalentModifierRule
instanceKlass apex/jorje/semantic/ast/visitor/InterfaceHierarchyValidator
instanceKlass apex/jorje/data/ast/BlockMember$SwitchBlockWithDefault
instanceKlass apex/jorje/semantic/ast/compilation/UserInterfaceMembers
instanceKlass apex/jorje/data/ast/InterfaceDecl
instanceKlass apex/jorje/semantic/ast/modifier/rule/AnnotationRules$RedundantModifierRule
instanceKlass apex/jorje/data/ast/EnumDecl
instanceKlass org/testng/collections/Lists
instanceKlass apex/jorje/lsp/impl/typings/ApexModuleGenerator
instanceKlass apex/jorje/parser/impl/HiddenTokens$BlockComment
instanceKlass apex/jorje/lsp/impl/typings/ModuleGenerator
instanceKlass apex/jorje/lsp/impl/typings/TypeDefinitionGenerator
instanceKlass apex/jorje/lsp/impl/document/StandardPositionTracker$Line
instanceKlass apex/jorje/lsp/impl/document/StandardPositionTracker$DelimiterInfo
instanceKlass apex/jorje/lsp/impl/document/StandardPositionTracker
instanceKlass apex/jorje/lsp/api/document/PositionTracker
instanceKlass apex/jorje/lsp/impl/document/StandardDocument
instanceKlass org/eclipse/jdt/internal/core/nd/db/BTree$BTNode
instanceKlass java/util/Collections$UnmodifiableList$1
instanceKlass java/util/ArrayList$SubList$1
instanceKlass org/eclipse/jdt/internal/core/nd/field/StructDef$2
instanceKlass apex/jorje/lsp/impl/references/DBBackedReferenceProvider$1
instanceKlass java/util/stream/DistinctOps
instanceKlass apex/jorje/lsp/impl/utils/ParentTableUtil
instanceKlass apex/jorje/lsp/impl/db/nddb/NdApexIndex$AddReferenceParentTableVisitor
instanceKlass apex/jorje/lsp/impl/utils/TypeUsageSiteUtil
instanceKlass apex/jorje/lsp/impl/db/nddb/NdApexIndex$AddReferenceTypeUsage
instanceKlass apex/jorje/lsp/impl/utils/ParentTableVisitor
instanceKlass apex/jorje/lsp/impl/utils/TypeUsageSiteProcessor
instanceKlass org/eclipse/jdt/internal/core/nd/db/EmptyString
instanceKlass apex/jorje/semantic/symbol/type/common/SObjectTypeInfoUtil
instanceKlass apex/jorje/semantic/common/StandardI18nSupplier
instanceKlass apex/jorje/semantic/ast/statement/ListCreatorVisitors
instanceKlass apex/jorje/semantic/bcl/validators/AddErrorValidator
instanceKlass apex/jorje/semantic/ast/expression/CollectionExpressionUtils
instanceKlass apex/jorje/semantic/symbol/resolver/rules/TypeNameResolveUtil$InnerTypeViaSubTypeUtil
instanceKlass java/util/LinkedList$ListItr
instanceKlass apex/jorje/semantic/ast/expression/BooleanExpression$2
instanceKlass apex/jorje/semantic/ast/expression/LiteralExpression$1
instanceKlass apex/jorje/semantic/bcl/validators/SystemComparatorValidator
instanceKlass apex/jorje/semantic/bcl/validators/QueryOrModifyTreeSaveRelationshipValidator
instanceKlass apex/jorje/semantic/bcl/validators/SObjectCollectionValidator
instanceKlass apex/jorje/semantic/bcl/validators/JavaSfdcOnlyAnnotation$Builder
instanceKlass apex/jorje/semantic/bcl/validators/JavaSfdcOnlyAnnotation
instanceKlass apex/jorje/semantic/bcl/validators/MultiElement
instanceKlass apex/jorje/semantic/bcl/validators/DecimalToDoubleValidator
instanceKlass apex/jorje/semantic/bcl/validators/BuiltInMethodValidator
instanceKlass apex/jorje/semantic/common/iterator/Pair
instanceKlass apex/jorje/semantic/common/iterator/EqualPairIterator
instanceKlass apex/jorje/semantic/symbol/type/common/ArgumentTypeInfoConverter
instanceKlass apex/jorje/semantic/ast/expression/PolymorphicTypes
instanceKlass apex/jorje/semantic/ast/modifier/StandardAnnotationsUtil
instanceKlass apex/jorje/semantic/symbol/visibility/MethodCallVisibility
instanceKlass apex/jorje/semantic/common/I18nSupplierWithMethodSignature
instanceKlass apex/jorje/semantic/symbol/resolver/MethodResolver$1
instanceKlass apex/jorje/semantic/symbol/member/method/signature/SignatureUtil
instanceKlass apex/jorje/semantic/symbol/resolver/MethodResolver
instanceKlass apex/jorje/semantic/symbol/resolver/VariableResolver$StaticResult
instanceKlass apex/jorje/semantic/ast/expression/ReferenceExpressionUtil
instanceKlass apex/jorje/semantic/symbol/member/variable/VariableValidateLoadVisitor
instanceKlass apex/jorje/semantic/ast/statement/BlockStatement$AsGoodAsJava
instanceKlass apex/common/tuple/IntHolder
instanceKlass apex/jorje/semantic/symbol/visibility/VariableVisibility
instanceKlass apex/jorje/semantic/symbol/member/variable/VariableValidator
instanceKlass apex/jorje/semantic/symbol/member/variable/VariableValidateStoreVisitor
instanceKlass apex/jorje/semantic/common/iterable/ExtendedTypeIterable$1
instanceKlass apex/jorje/semantic/common/iterable/ExtendedTypeIterable
instanceKlass apex/jorje/semantic/symbol/resolver/VariableResolver$1
instanceKlass apex/jorje/semantic/symbol/resolver/interceptors/LegacyEarlyBindInterceptors$SObjectEarlyBindInterceptor
instanceKlass apex/jorje/semantic/symbol/resolver/interceptors/LegacyEarlyBindInterceptor
instanceKlass apex/jorje/semantic/symbol/resolver/VariableResolver
instanceKlass apex/jorje/semantic/ast/compilation/ScriptTooLargeValidator
instanceKlass apex/jorje/semantic/symbol/member/IdentifierValidator$1
instanceKlass apex/jorje/semantic/symbol/member/IdentifierValidator
instanceKlass apex/jorje/semantic/ast/compilation/CompilationUtil
instanceKlass apex/jorje/semantic/ast/modifier/rule/AnnotationRules$RequiredDefiningTypeRule
instanceKlass apex/jorje/semantic/ast/modifier/AnnotationParameter$8
instanceKlass apex/jorje/semantic/ast/modifier/rule/TestContextRule
instanceKlass apex/jorje/semantic/ast/modifier/rule/AnnotationRules$VersionedRule
instanceKlass apex/jorje/semantic/ast/modifier/rule/AnnotationRules$ElementSpecificRule
instanceKlass apex/jorje/semantic/ast/modifier/rule/AnnotationRules$DisallowedModifiersRule
instanceKlass apex/jorje/semantic/ast/modifier/rule/AnnotationRules$UnitTypeSpecificRule
instanceKlass apex/jorje/semantic/ast/modifier/rule/AnnotationRules$RequiredTopLevelRule
instanceKlass apex/jorje/semantic/ast/visitor/IsTestValidation
instanceKlass apex/jorje/semantic/ast/modifier/rule/TypeContext$1
instanceKlass apex/jorje/semantic/common/util/VersionUtil
instanceKlass apex/jorje/semantic/ast/modifier/rule/AnnotationRuleUtil
instanceKlass apex/jorje/semantic/symbol/type/GenericTypeInfo$1
instanceKlass apex/jorje/semantic/ast/modifier/rule/GlobalContextRule
instanceKlass apex/jorje/semantic/ast/modifier/rule/AnnotationRules$EnclosingTypeRule
instanceKlass apex/jorje/semantic/ast/modifier/rule/AnnotationRules$DefiningTypeRule
instanceKlass apex/jorje/semantic/ast/modifier/rule/AnnotationRules$RequiredModifiersRule
instanceKlass apex/jorje/semantic/ast/modifier/rule/AnnotationRules$AllowedElementsRule
instanceKlass apex/jorje/semantic/ast/modifier/rule/AnnotationRules
instanceKlass apex/jorje/semantic/ast/modifier/rule/AnnotationRule
instanceKlass apex/jorje/semantic/symbol/member/method/StandardMethodTable$1
instanceKlass apex/jorje/semantic/ast/visitor/PostTypeResolveVisitorUtil
instanceKlass apex/common/tuple/PairingFunctions
instanceKlass apex/jorje/semantic/ast/visitor/InterfaceImplementationValidator
instanceKlass apex/jorje/semantic/ast/compilation/ParentVisibility
instanceKlass apex/jorje/semantic/symbol/member/variable/LocalInfo$Builder
instanceKlass apex/jorje/semantic/symbol/member/variable/LocalInfo
instanceKlass apex/jorje/semantic/symbol/type/common/GenericTypeInfoUtil$6
instanceKlass java/text/FieldPosition$Delegate
instanceKlass java/text/Format$FieldDelegate
instanceKlass java/text/DigitList
instanceKlass apex/jorje/semantic/symbol/type/UnresolvedErrorCalculator
instanceKlass java/lang/ConditionalSpecialCasing$Entry
instanceKlass java/lang/ConditionalSpecialCasing
instanceKlass apex/jorje/semantic/symbol/resolver/rules/OnePartTypeNameResolveRules
instanceKlass apex/jorje/semantic/symbol/type/naming/TypeNameParser$TypeName
instanceKlass apex/jorje/semantic/symbol/type/naming/TypeNameParser$TypeName$Info
instanceKlass apex/jorje/semantic/symbol/type/naming/TypeNameParser$BytecodeNameSplitter
instanceKlass apex/jorje/semantic/symbol/type/naming/TypeNameParser$Splitter
instanceKlass apex/jorje/semantic/symbol/type/naming/TypeNameParser
instanceKlass apex/jorje/lsp/impl/index/symbol/Lookups
instanceKlass apex/jorje/semantic/symbol/member/method/VirtualMethodInfo
instanceKlass apex/jorje/semantic/symbol/visibility/Visibility$3
instanceKlass apex/jorje/semantic/symbol/visibility/VisibleApiVersionUtil
instanceKlass apex/jorje/semantic/symbol/visibility/PackageVersionVisibility
instanceKlass apex/jorje/semantic/symbol/visibility/Visibility
instanceKlass apex/jorje/semantic/ast/compilation/VirtualMethodsCreator
instanceKlass apex/jorje/lsp/impl/index/symbol/VirtualCodeUnitDetails
instanceKlass apex/jorje/lsp/impl/index/symbol/VirtualMethodTableInitializer
instanceKlass apex/jorje/lsp/impl/index/symbol/VirtualFieldTableInitializer
instanceKlass apex/jorje/lsp/impl/index/symbol/Modifiers
instanceKlass apex/jorje/semantic/symbol/resolver/rules/TypeNameResolutionOrders$1
instanceKlass apex/jorje/semantic/symbol/resolver/TypeRefResolvers$ClassTypeResolver
instanceKlass apex/jorje/semantic/symbol/resolver/TypeRefResolver
instanceKlass apex/jorje/semantic/symbol/resolver/TypeRefResolvers$1
instanceKlass apex/jorje/semantic/symbol/resolver/TypeRefResolvers
instanceKlass apex/jorje/semantic/symbol/type/parent/DuplicateGenericInterfaceCalculator
instanceKlass apex/jorje/semantic/common/iterable/SuperTypeIterable$1
instanceKlass apex/jorje/semantic/common/iterable/SuperTypeIterable
instanceKlass apex/jorje/semantic/symbol/resolver/Distance$SecondaryDistanceTypeVisitor
instanceKlass apex/jorje/semantic/symbol/resolver/Distance$CalculateDistanceInputTypeVisitor
instanceKlass apex/jorje/semantic/symbol/type/common/JavaBindingTypeInfos
instanceKlass apex/jorje/semantic/symbol/type/common/JavaTypeInfoUtil
instanceKlass apex/jorje/semantic/symbol/resolver/Distance
instanceKlass apex/jorje/semantic/symbol/type/common/ExceptionTypeInfoUtil
instanceKlass apex/jorje/semantic/symbol/resolver/rules/TypeNameResolveUtil
instanceKlass apex/jorje/semantic/symbol/resolver/rules/TypeNameResolutionOrderUtil
instanceKlass apex/jorje/semantic/symbol/resolver/rules/TwoPartTypeNameResolveRules$TwoPartSystemLabel
instanceKlass apex/jorje/semantic/symbol/resolver/rules/TwoPartTypeNameResolveRules$TwoPartSystemNamespace
instanceKlass apex/jorje/semantic/symbol/resolver/rules/TwoPartTypeNameResolveRules$InnerClassInSystemNamespace
instanceKlass apex/jorje/semantic/symbol/resolver/rules/TwoPartTypeNameResolveRules$SystemNamedScalar
instanceKlass apex/jorje/semantic/symbol/resolver/rules/OnePartTypeNameResolveRules$BuiltInMethodNamespace
instanceKlass apex/jorje/semantic/symbol/resolver/rules/OnePartTypeNameResolveRules$LabelType
instanceKlass apex/jorje/semantic/symbol/resolver/rules/FourPartTypeNameResolveRules$DynamicClassTypeFour
instanceKlass apex/jorje/semantic/symbol/resolver/rules/FourPartTypeNameResolveRules$FlowInterviewTypeFour
instanceKlass apex/jorje/semantic/symbol/resolver/rules/FourPartTypeNameResolveRules$FourPartInnerTypeViaSubType
instanceKlass apex/jorje/semantic/symbol/resolver/rules/FourPartTypeNameResolveRules$GlobalModuleOuterInner
instanceKlass apex/jorje/semantic/symbol/resolver/rules/FourPartTypeNameResolveRule
instanceKlass apex/jorje/semantic/symbol/resolver/rules/ThreePartTypeNameResolveRules$GlobalModuleOuter
instanceKlass apex/jorje/semantic/symbol/resolver/rules/ThreePartTypeNameResolveRules$ThreePartInnerTypeViaSubType
instanceKlass apex/jorje/semantic/symbol/resolver/rules/ThreePartTypeNameResolveRules$NamespaceOuterInner
instanceKlass apex/jorje/semantic/symbol/resolver/rules/ThreePartTypeNameResolveRules$DynamicClassTypeThree
instanceKlass apex/jorje/semantic/symbol/resolver/rules/ThreePartTypeNameResolveRules$FlowInterviewTypeThree
instanceKlass apex/jorje/semantic/symbol/resolver/rules/ThreePartTypeNameResolveRules$VfComponentTypeThree
instanceKlass apex/jorje/semantic/symbol/resolver/rules/ThreePartTypeNameResolveRules$Pre150SystemSystemException
instanceKlass apex/jorje/semantic/symbol/resolver/rules/ThreePartTypeNameResolveRule
instanceKlass apex/jorje/semantic/symbol/resolver/rules/TwoPartTypeNameResolveRules$DynamicClassTypeTwo
instanceKlass apex/jorje/semantic/symbol/resolver/rules/TwoPartTypeNameResolveRules$PreCompilerReleaseInnerTypeOfAncestor
instanceKlass apex/jorje/semantic/symbol/resolver/rules/TwoPartTypeNameResolveRules$ApexPagesMappedTypes
instanceKlass apex/jorje/semantic/symbol/resolver/rules/TwoPartTypeNameResolveRules$TwoPartSystemExceptions
instanceKlass apex/jorje/semantic/symbol/resolver/rules/TwoPartTypeNameResolveRules$Pre154SystemSObject
instanceKlass apex/jorje/semantic/symbol/resolver/rules/TwoPartTypeNameResolveRules$SchemaSObject
instanceKlass apex/jorje/semantic/symbol/resolver/rules/TwoPartTypeNameResolveRules$BuiltInNamespace
instanceKlass apex/jorje/semantic/symbol/resolver/rules/TwoPartTypeNameResolveRules$NamespaceAndTopLevelType
instanceKlass apex/jorje/semantic/symbol/resolver/rules/TwoPartTypeNameResolveRules$TwoPartInnerTypeViaSubType
instanceKlass apex/jorje/semantic/symbol/resolver/rules/TwoPartTypeNameResolveRules$InnerTypeInSameNamespace
instanceKlass apex/jorje/semantic/symbol/resolver/rules/TwoPartTypeNameResolveRules$VfComponentTypeTwo
instanceKlass apex/jorje/semantic/symbol/resolver/rules/TwoPartTypeNameResolveRule
instanceKlass apex/jorje/semantic/symbol/resolver/rules/OnePartTypeNameResolveRules$FileBaseSchemaNamespace
instanceKlass apex/jorje/semantic/symbol/resolver/rules/OnePartTypeNameResolveRules$FileBaseSystemNamespace
instanceKlass apex/jorje/semantic/symbol/resolver/rules/OnePartTypeNameResolveRules$SObject
instanceKlass apex/jorje/semantic/symbol/resolver/rules/OnePartTypeNameResolveRules$BuiltInSystemSchema
instanceKlass apex/jorje/semantic/symbol/resolver/rules/OnePartTypeNameResolveRules$TopLevelTypeInSameNamespace
instanceKlass apex/jorje/semantic/symbol/resolver/rules/OnePartTypeNameResolveRules$InnerTypeOfEnclosingType
instanceKlass apex/jorje/semantic/symbol/resolver/rules/OnePartTypeNameResolveRules$ArgumentType
instanceKlass apex/jorje/semantic/symbol/resolver/rules/OnePartTypeNameResolveRules$InnerTypeOfParentType
instanceKlass apex/jorje/semantic/symbol/resolver/rules/OnePartTypeNameResolveRules$InnerTypeOfCurrentType
instanceKlass apex/jorje/semantic/symbol/resolver/rules/OnePartTypeNameResolveRules$NamedScalarOrVoid
instanceKlass apex/jorje/semantic/symbol/resolver/rules/OnePartTypeNameResolveRule
instanceKlass apex/jorje/semantic/symbol/resolver/rules/TypeNameResolveRule
instanceKlass apex/jorje/semantic/symbol/resolver/rules/TypeNameResolutionOrder
instanceKlass apex/jorje/semantic/symbol/resolver/rules/TypeNameResolutionOrders
instanceKlass apex/jorje/semantic/symbol/type/parent/ParentTypeResolver$1
instanceKlass apex/jorje/semantic/symbol/type/parent/ParentTypeResolver
instanceKlass apex/jorje/semantic/symbol/type/parent/ParentTableCalculator
instanceKlass apex/jorje/semantic/symbol/type/details/CodeUnitDetailsProvider$InvalidSourceCodeUnitDetails
instanceKlass java/text/AttributedCharacterIterator$Attribute
instanceKlass java/text/FieldPosition
instanceKlass apex/jorje/services/printers/errors/UserErrorPrinter$1
instanceKlass apex/jorje/services/printers/PrintContexts$Empty
instanceKlass apex/jorje/services/printers/errors/SyntaxErrorPrinter$1
instanceKlass apex/jorje/services/printers/errors/SyntaxErrorPrinter
instanceKlass apex/jorje/services/printers/errors/LexicalErrorPrinter$1
instanceKlass apex/jorje/services/printers/errors/LexicalErrorPrinter
instanceKlass apex/jorje/services/printers/errors/UserErrorPrinter
instanceKlass apex/jorje/data/errors/UserError
instanceKlass apex/jorje/data/errors/SyntaxError
instanceKlass org/antlr/runtime/tree/TreeNodeStream
instanceKlass apex/jorje/data/ast/Modifier$MatchBlockWithDefault
instanceKlass apex/jorje/data/ast/Modifier$MatchBlock
instanceKlass apex/jorje/semantic/ast/member/PropertyInfo
instanceKlass apex/jorje/semantic/ast/member/AccessorFactory$DefaultSetter
instanceKlass apex/jorje/semantic/ast/member/AccessorFactory$DefaultGetter
instanceKlass apex/jorje/semantic/symbol/visibility/VisibilityUtil
instanceKlass apex/jorje/semantic/ast/member/AccessorModifierUtil
instanceKlass apex/jorje/semantic/ast/member/Property$1
instanceKlass apex/jorje/data/ast/PropertyDecl
instanceKlass apex/jorje/data/ast/PropertySetter
instanceKlass apex/jorje/data/ast/PropertyGetter
instanceKlass apex/jorje/semantic/ast/Emit
instanceKlass apex/jorje/semantic/ast/compilation/UserTriggerMembers$Builder
instanceKlass apex/jorje/semantic/ast/compilation/UserTriggerMembers
instanceKlass apex/jorje/semantic/ast/compilation/TriggerUsageCalculator
instanceKlass apex/jorje/semantic/common/Constants
instanceKlass apex/jorje/data/ast/ElseBlock
instanceKlass apex/jorje/semantic/ast/statement/ForEachInitFactory$ForEachVariable
instanceKlass java/util/Collections$2
instanceKlass apex/jorje/semantic/ast/statement/ForEachInitFactory
instanceKlass apex/jorje/semantic/ast/AstNodes$1$1
instanceKlass apex/jorje/data/ast/IfBlock
instanceKlass apex/jorje/data/ast/ForControl
instanceKlass apex/jorje/data/ast/ForInit
instanceKlass apex/jorje/services/printers/soql/LimitPrinter$1
instanceKlass apex/jorje/services/printers/soql/OrderByExprPrinter$3
instanceKlass apex/jorje/data/ast/ParameterRefs$EmptyModifierParameterRef
instanceKlass apex/jorje/data/soql/LimitClause
instanceKlass apex/jorje/parser/impl/BaseApexParser$TokenPair
instanceKlass apex/jorje/data/soql/OrderByClause
instanceKlass apex/jorje/data/soql/OrderByExpr
instanceKlass apex/jorje/data/soql/OrderNull
instanceKlass apex/jorje/data/soql/Order
instanceKlass apex/jorje/semantic/ast/expression/BindExpression
instanceKlass apex/jorje/services/printers/PrintContext$BindExpr
instanceKlass apex/jorje/services/printers/soql/QueryExprPrinter$1
instanceKlass apex/jorje/services/printers/soql/WhereExprPrinter$3
instanceKlass apex/jorje/services/printers/soql/SelectExprPrinter$1
instanceKlass apex/jorje/services/printers/soql/SelectPrinter$1
instanceKlass apex/jorje/services/printers/soql/QueryOptionPrinter$2
instanceKlass apex/jorje/services/printers/soql/QueryOptionPrinter$1
instanceKlass apex/jorje/data/soql/QueryOption$MatchBlock
instanceKlass apex/jorje/services/printers/soql/QueryOptionPrinter
instanceKlass apex/jorje/data/soql/UpdateStatsOption
instanceKlass apex/jorje/data/soql/UpdateStatsOption$MatchBlock
instanceKlass apex/jorje/services/printers/soql/UpdateStatsOptionsPrinter
instanceKlass apex/jorje/services/printers/soql/TrackingTypePrinter$1
instanceKlass apex/jorje/data/soql/TrackingType$MatchBlock
instanceKlass apex/jorje/services/printers/soql/TrackingTypePrinter
instanceKlass apex/jorje/services/printers/soql/BindExprPrinter
instanceKlass apex/jorje/services/printers/soql/BindPrinter
instanceKlass apex/jorje/data/soql/OffsetClause$MatchBlock
instanceKlass apex/jorje/services/printers/soql/OffsetPrinter
instanceKlass apex/jorje/data/soql/LimitClause$MatchBlock
instanceKlass apex/jorje/services/printers/soql/LimitPrinter
instanceKlass apex/jorje/services/printers/soql/OrderByExprPrinter$2
instanceKlass apex/jorje/services/printers/soql/OrderByExprPrinter$1
instanceKlass apex/jorje/data/soql/OrderByExpr$MatchBlock
instanceKlass apex/jorje/data/soql/OrderNull$MatchBlock
instanceKlass apex/jorje/data/soql/Order$MatchBlock
instanceKlass apex/jorje/services/printers/soql/OrderByExprPrinter
instanceKlass apex/jorje/services/printers/soql/OrderByPrinter
instanceKlass apex/jorje/services/printers/soql/GroupByPrinter$1
instanceKlass apex/jorje/services/printers/soql/HavingPrinter
instanceKlass apex/jorje/data/soql/GroupByType$MatchBlock
instanceKlass apex/jorje/services/printers/soql/GroupByPrinter
instanceKlass apex/jorje/services/printers/soql/WithIdentifierPrinter$2
instanceKlass apex/jorje/services/printers/soql/WithIdentifierPrinter$1
instanceKlass apex/jorje/data/soql/WithIdentifierClause$MatchBlock
instanceKlass apex/jorje/data/soql/WithKeyValue$MatchBlock
instanceKlass apex/jorje/services/printers/soql/WithIdentifierPrinter
instanceKlass apex/jorje/services/printers/soql/DataCategoryPrinter$1
instanceKlass apex/jorje/data/soql/DataCategoryOperator$MatchBlock
instanceKlass apex/jorje/services/printers/soql/DataCategoryPrinter
instanceKlass apex/jorje/data/soql/WithClause$MatchBlock
instanceKlass apex/jorje/services/printers/soql/WithPrinter
instanceKlass apex/jorje/services/printers/soql/WhereExprPrinter$1
instanceKlass apex/jorje/services/printers/soql/WhereExprPrinter$2
instanceKlass apex/jorje/services/printers/soql/FormulaFunctionExprPrinter
instanceKlass apex/jorje/services/printers/soql/QueryOpPrinter$1
instanceKlass apex/jorje/data/soql/QueryOp$MatchBlock
instanceKlass apex/jorje/services/printers/soql/QueryOpPrinter
instanceKlass apex/jorje/services/printers/soql/QueryLiteralPrinter$1
instanceKlass apex/jorje/data/soql/QueryLiteral$MatchBlock
instanceKlass apex/jorje/services/printers/soql/QueryLiteralPrinter
instanceKlass apex/jorje/data/soql/QueryExpr$MatchBlock
instanceKlass apex/jorje/services/printers/soql/QueryExprPrinter
instanceKlass apex/jorje/data/soql/WhereExpr$MatchBlock
instanceKlass apex/jorje/data/soql/WhereCalcOp$MatchBlock
instanceKlass apex/jorje/data/soql/WhereCompoundOp$MatchBlock
instanceKlass apex/jorje/services/printers/soql/WhereExprPrinter
instanceKlass apex/jorje/services/printers/soql/WherePrinter
instanceKlass apex/jorje/data/soql/UsingExpr$MatchBlock
instanceKlass apex/jorje/services/printers/soql/UsingExprPrinter
instanceKlass apex/jorje/services/printers/soql/QueryUsingPrinter
instanceKlass apex/jorje/services/printers/soql/FromExprPrinter
instanceKlass apex/jorje/services/printers/soql/FromClausePrinter
instanceKlass apex/jorje/services/printers/soql/ColonExprPrinter
instanceKlass apex/jorje/data/soql/NumberClause$MatchBlock
instanceKlass apex/jorje/services/printers/soql/NumberClausePrinter
instanceKlass apex/jorje/data/soql/Geolocation$MatchBlock
instanceKlass apex/jorje/services/printers/soql/DistanceFunctionExprPrinter
instanceKlass apex/jorje/services/printers/soql/FieldIdentifierPrinter
instanceKlass apex/jorje/services/printers/soql/FieldPrinter
instanceKlass apex/jorje/data/soql/SelectExpr$MatchBlock
instanceKlass apex/jorje/services/printers/soql/SelectExprPrinter
instanceKlass apex/jorje/data/soql/SelectClause$MatchBlock
instanceKlass apex/jorje/services/printers/soql/SelectPrinter
instanceKlass apex/jorje/services/printers/soql/QueryPrinter
instanceKlass apex/jorje/services/printers/ast/WhenCasePrinter
instanceKlass apex/jorje/data/ast/WhenBlock$MatchBlock
instanceKlass apex/jorje/services/printers/ast/WhenBlockPrinter
instanceKlass apex/jorje/services/printers/ast/NewObjectPrinter
instanceKlass apex/jorje/services/printers/ast/ExprPrinter
instanceKlass apex/jorje/services/printers/ast/FinallyBlockPrinter
instanceKlass apex/jorje/services/printers/ast/CatchBlockPrinter
instanceKlass apex/jorje/services/printers/ast/ElseBlockPrinter
instanceKlass apex/jorje/services/printers/ast/IfBlockPrinter
instanceKlass apex/jorje/services/printers/ast/NameValueParameterPrinter
instanceKlass apex/jorje/services/printers/ast/ForControlPrinter
instanceKlass apex/jorje/services/printers/ast/CompilationUnitPrinter
instanceKlass apex/jorje/data/ast/BlockMember$MatchBlock
instanceKlass apex/jorje/services/printers/ast/BlockMemberPrinter
instanceKlass apex/jorje/services/printers/ast/EnumDeclPrinter
instanceKlass apex/jorje/services/printers/ast/InterfaceDeclPrinter
instanceKlass apex/jorje/services/printers/ast/ClassDeclPrinter
instanceKlass apex/jorje/services/printers/ast/VariableDeclsPrinter
instanceKlass apex/jorje/services/printers/ast/VariableDeclPrinter
instanceKlass apex/jorje/services/printers/ast/MethodDeclPrinter
instanceKlass apex/jorje/services/printers/ast/PropertyDeclPrinter
instanceKlass apex/jorje/services/printers/ast/PropertySetterPrinter
instanceKlass apex/jorje/services/printers/ast/PropertyGetterPrinter
instanceKlass apex/jorje/services/printers/ast/OptionalNestedStatementPrinter
instanceKlass apex/jorje/services/printers/ast/StmntPrinter
instanceKlass apex/jorje/services/printers/location/LocPrinter
instanceKlass apex/jorje/services/printers/ast/TypeRefPrinter
instanceKlass apex/jorje/services/printers/ast/ModifierPrinter
instanceKlass apex/jorje/services/printers/ast/ParameterRefPrinter
instanceKlass apex/jorje/services/printers/ast/OptionalPrinter
instanceKlass apex/jorje/services/printers/ListPrinter
instanceKlass apex/jorje/services/printers/ast/IdentifierPrinter
instanceKlass apex/jorje/services/printers/Printer
instanceKlass apex/jorje/services/printers/StandardPrinterFactory
instanceKlass apex/jorje/services/printers/PrinterFactory
instanceKlass apex/jorje/services/printers/PrinterUtil
instanceKlass apex/jorje/services/printers/PrintContexts$Standard
instanceKlass apex/jorje/services/printers/PrintContext
instanceKlass apex/jorje/services/printers/PrintContexts
instanceKlass apex/jorje/semantic/symbol/type/reference/TypeReferences$ResolvableTypeRef
instanceKlass org/objectweb/asm/Label
instanceKlass apex/jorje/semantic/ast/expression/MethodCallInterceptors$ToString
instanceKlass apex/jorje/semantic/ast/expression/MethodCallInterceptors$SystemLabelGetOrCheckTranslation
instanceKlass apex/jorje/semantic/ast/expression/MethodCallInterceptors$QueryTreeSaveRelationship
instanceKlass apex/jorje/semantic/ast/expression/MethodCallInterceptors$ModifyTreeSaveRelationship
instanceKlass apex/jorje/semantic/ast/expression/MethodCallInterceptors$IsUserGenericInterface
instanceKlass apex/jorje/semantic/ast/expression/MethodCallInterceptors$IsFuture
instanceKlass apex/jorje/semantic/ast/expression/MethodCallInterceptors$GetQueryLocatorWithAccess
instanceKlass apex/jorje/semantic/ast/expression/MethodCallInterceptors$GetQueryLocator
instanceKlass apex/jorje/semantic/ast/expression/MethodCallInterceptors$AddError
instanceKlass apex/jorje/semantic/ast/expression/MethodCallInterceptor
instanceKlass apex/jorje/semantic/common/I18nSupplier
instanceKlass apex/jorje/semantic/ast/expression/TopLevelBlocks
instanceKlass apex/jorje/semantic/ast/statement/DmlRunAsModeVariableUtil
instanceKlass apex/jorje/semantic/ast/expression/VariableExpression$Load
instanceKlass apex/jorje/semantic/symbol/member/variable/VariableVisitor$Default
instanceKlass apex/jorje/semantic/ast/expression/NewKeyValueObjectExpression$NameValueParameter
instanceKlass apex/jorje/semantic/ast/AstNodes$2$1
instanceKlass apex/jorje/data/ast/NewObject$MatchBlock
instanceKlass apex/jorje/semantic/ast/AstNodes$2
instanceKlass apex/jorje/data/soql/Query
instanceKlass apex/jorje/data/soql/WhereClause
instanceKlass apex/jorje/data/soql/WhereExpr
instanceKlass apex/jorje/data/soql/QueryExpr
instanceKlass apex/jorje/data/soql/ColonExpr
instanceKlass apex/jorje/data/soql/QueryOp
instanceKlass apex/jorje/data/soql/WhereCalcOp
instanceKlass apex/jorje/data/soql/FromClause
instanceKlass apex/jorje/data/soql/FromExpr
instanceKlass apex/jorje/data/soql/SelectClause
instanceKlass apex/jorje/data/soql/SelectExpr
instanceKlass apex/jorje/data/soql/Field
instanceKlass apex/jorje/data/soql/FieldIdentifier
instanceKlass apex/jorje/parser/impl/MatchBlocks
instanceKlass apex/jorje/parser/impl/SpecialMethodMatcher
instanceKlass apex/jorje/parser/impl/SpecialVariableMatcher
instanceKlass apex/jorje/data/ast/NewObject
instanceKlass apex/jorje/data/ast/NameValueParameter
instanceKlass apex/jorje/parser/impl/StringToken
instanceKlass apex/jorje/semantic/ast/compilation/AdditionalInfo$Builder
instanceKlass apex/jorje/semantic/ast/compilation/AdditionalInfo
instanceKlass apex/jorje/semantic/ast/member/bridge/InterfaceErasedBridge
instanceKlass apex/jorje/semantic/ast/member/bridge/InterfaceBridge
instanceKlass apex/jorje/semantic/ast/member/bridge/InheritanceBridge
instanceKlass apex/jorje/semantic/ast/member/bridge/EqualsBridge
instanceKlass apex/jorje/semantic/ast/member/bridge/HashCodeBridge
instanceKlass apex/jorje/semantic/ast/member/bridge/Bridge
instanceKlass apex/jorje/data/ast/ParameterRef
instanceKlass apex/jorje/data/ast/ParameterRefs
instanceKlass apex/jorje/semantic/symbol/member/variable/LocalVariableScope
instanceKlass apex/jorje/data/ast/Stmnt$MatchBlockWithDefault
instanceKlass apex/jorje/semantic/ast/statement/BlockStatement$Builder
instanceKlass apex/jorje/semantic/ast/statement/BlockStatement$UnreachableStatementChecker
instanceKlass apex/jorje/data/ast/ForControl$MatchBlock
instanceKlass apex/jorje/semantic/ast/AstNodes$1
instanceKlass apex/jorje/semantic/ast/member/MethodFactory
instanceKlass apex/jorje/semantic/ast/member/FieldFactory$1
instanceKlass apex/jorje/semantic/ast/member/FieldFactory
instanceKlass apex/jorje/semantic/symbol/member/variable/ConstantValue
instanceKlass apex/jorje/semantic/ast/expression/LazyLabel
instanceKlass apex/jorje/semantic/ast/expression/ExpressionUtil
instanceKlass apex/jorje/semantic/symbol/member/variable/VariableVisitor
instanceKlass apex/jorje/semantic/ast/expression/VariableExpression$Store
instanceKlass apex/jorje/semantic/ast/expression/VariableExpression$Type
instanceKlass apex/jorje/data/ast/Expr$MatchBlockWithDefault
instanceKlass apex/jorje/semantic/ast/compilation/UserClassMembers$Builder
instanceKlass apex/jorje/data/ast/BlockMember$SwitchBlock
instanceKlass apex/jorje/semantic/ast/compilation/UserClassMembers
instanceKlass apex/jorje/data/LocationBlocks$9
instanceKlass apex/jorje/data/LocationBlocks$8
instanceKlass apex/jorje/data/LocationBlocks$7
instanceKlass apex/jorje/data/LocationBlocks$6
instanceKlass apex/jorje/data/LocationBlocks$5
instanceKlass apex/jorje/data/LocationBlocks$4
instanceKlass apex/jorje/data/LocationBlocks$3
instanceKlass apex/jorje/data/LocationBlocks$2
instanceKlass apex/jorje/data/LocationBlocks$1
instanceKlass apex/jorje/data/ast/WhenCase$MatchBlock
instanceKlass apex/jorje/data/errors/UserError$MatchBlock
instanceKlass apex/jorje/data/errors/SyntaxError$MatchBlock
instanceKlass apex/jorje/data/errors/LexicalError$MatchBlock
instanceKlass apex/jorje/data/LocationBlocks
instanceKlass apex/jorje/data/ast/CompilationUnit$MatchBlockWithDefault
instanceKlass apex/jorje/semantic/symbol/type/details/NameMatcher
instanceKlass apex/jorje/semantic/symbol/type/details/CodeUnitDetailsProvider$SourceCodeUnitDetails
instanceKlass apex/jorje/semantic/ast/modifier/ModifierGroupBuilder$1
instanceKlass apex/jorje/semantic/symbol/type/ModifiersMatchBlock
instanceKlass apex/jorje/semantic/symbol/member/variable/MultipleFieldTable
instanceKlass apex/jorje/semantic/symbol/type/AbstractTypeInfo$1
instanceKlass apex/jorje/semantic/ast/compilation/ArgumentTypeCalculator
instanceKlass org/objectweb/asm/ClassVisitor
instanceKlass apex/jorje/semantic/ast/AstNodes$3
instanceKlass apex/jorje/semantic/compiler/parser/ParserOutput
instanceKlass apex/jorje/data/ast/MethodDecl
instanceKlass apex/jorje/data/ast/Stmnt
instanceKlass apex/jorje/data/ast/BlockMember
instanceKlass apex/jorje/data/ast/VariableDecls
instanceKlass apex/jorje/data/Identifiers$LocationIdentifier
instanceKlass apex/jorje/data/ast/ClassDecl
instanceKlass apex/jorje/data/ast/CompilationUnit
instanceKlass apex/jorje/parser/impl/HiddenTokens$InlineComment
instanceKlass apex/jorje/parser/impl/HiddenTokens
instanceKlass apex/jorje/parser/impl/HiddenTokens$HiddenTokenFactory
instanceKlass apex/jorje/data/IndexLocation
instanceKlass org/antlr/runtime/CommonToken
instanceKlass org/antlr/runtime/CharStreamState
instanceKlass apex/jorje/parser/impl/ToLowerCaseFast
instanceKlass apex/jorje/parser/impl/ToLowerCaseProvider
instanceKlass apex/jorje/data/ast/Expr
instanceKlass org/antlr/runtime/BufferedTokenStream
instanceKlass apex/jorje/parser/impl/HiddenTokenDecorator
instanceKlass java/lang/StringUTF16$CharsSpliterator
instanceKlass java/util/stream/Sink$ChainedInt
instanceKlass java/util/OptionalInt
instanceKlass java/util/stream/Sink$OfInt
instanceKlass java/util/function/IntPredicate
instanceKlass java/lang/StringLatin1$CharsSpliterator
instanceKlass sun/util/locale/provider/LocaleResources
instanceKlass java/text/DecimalFormatSymbols
instanceKlass sun/util/resources/Bundles$2
instanceKlass sun/util/resources/Bundles$CacheKeyReference
instanceKlass sun/util/resources/LocaleData$LocaleDataResourceBundleProvider
instanceKlass java/util/spi/ResourceBundleProvider
instanceKlass sun/util/resources/Bundles$CacheKey
instanceKlass sun/util/resources/LocaleData$LocaleDataStrategy
instanceKlass sun/util/resources/Bundles$Strategy
instanceKlass sun/util/resources/LocaleData$1
instanceKlass sun/util/resources/LocaleData
instanceKlass java/util/Locale$Builder
instanceKlass sun/util/locale/provider/CalendarDataUtility
instanceKlass sun/util/locale/provider/AvailableLanguageTags
instanceKlass sun/util/resources/cldr/provider/CLDRLocaleDataMetaInfo
instanceKlass sun/util/locale/InternalLocaleBuilder$CaseInsensitiveChar
instanceKlass sun/util/locale/InternalLocaleBuilder
instanceKlass sun/util/locale/StringTokenIterator
instanceKlass sun/util/locale/ParseStatus
instanceKlass sun/util/locale/LanguageTag
instanceKlass sun/util/cldr/CLDRBaseLocaleDataMetaInfo
instanceKlass sun/util/locale/provider/LocaleDataMetaInfo
instanceKlass sun/util/locale/provider/ResourceBundleBasedAdapter
instanceKlass sun/util/locale/provider/LocaleProviderAdapter$1
instanceKlass sun/util/locale/provider/LocaleProviderAdapter
instanceKlass java/util/spi/LocaleServiceProvider
instanceKlass java/text/DateFormatSymbols
instanceKlass java/time/LocalDate$1
instanceKlass java/util/Formatter$DateTime
instanceKlass java/util/ResourceBundle$ResourceBundleProviderHelper
instanceKlass java/util/ResourceBundle$3
instanceKlass java/util/logging/Level$RbAccess
instanceKlass java/lang/StackStreamFactory$FrameBuffer
instanceKlass java/lang/StackStreamFactory$1
instanceKlass java/lang/StackStreamFactory
instanceKlass java/util/logging/LogRecord$CallerFinder
instanceKlass java/util/logging/LogManager$CloseOnReset
instanceKlass java/util/logging/StreamHandler$1
instanceKlass java/util/logging/Handler$1
instanceKlass java/util/logging/ErrorManager
instanceKlass jdk/internal/logger/SimpleConsoleLogger$Formatting
instanceKlass java/util/logging/Formatter
instanceKlass java/util/logging/LogRecord
instanceKlass org/antlr/runtime/BitSet
instanceKlass org/antlr/runtime/RecognizerSharedState
instanceKlass org/antlr/runtime/DFA
instanceKlass org/antlr/runtime/Token
instanceKlass org/antlr/runtime/BaseRecognizer
instanceKlass apex/jorje/parser/impl/ErrorLogger
instanceKlass org/antlr/runtime/ANTLRStringStream
instanceKlass apex/jorje/semantic/compiler/parser/ParserEngine$SourceVersion
instanceKlass apex/jorje/semantic/symbol/resolver/FieldContext
instanceKlass apex/jorje/semantic/symbol/resolver/StaticContext
instanceKlass apex/jorje/semantic/symbol/member/variable/StandardLocalVariableTable
instanceKlass apex/jorje/semantic/symbol/member/variable/LocalVariableTable
instanceKlass apex/jorje/semantic/compiler/CompilerContext$LocalContext
instanceKlass apex/jorje/semantic/exception/Errors
instanceKlass java/util/EnumMap$EntryIterator$Entry
instanceKlass java/util/EnumMap$EnumMapIterator
instanceKlass apex/jorje/semantic/compiler/CompilerOperations$EmitOperation
instanceKlass apex/jorje/semantic/compiler/CompilerOperations$ReferencesOperation
instanceKlass apex/jorje/semantic/compiler/CompilerOperations$AdditionalValidateOperation
instanceKlass apex/jorje/semantic/compiler/CompilerOperations$ValidateOperation
instanceKlass apex/jorje/semantic/compiler/CompilerOperations$PostTypeResolveOperation
instanceKlass apex/jorje/semantic/compiler/CompilerOperations$MemberResolveOperation
instanceKlass apex/jorje/semantic/compiler/CompilerOperations$ParentOperation
instanceKlass apex/jorje/semantic/compiler/CompilerOperations$SymbolsOperation
instanceKlass apex/jorje/semantic/compiler/CompilerOperations$ParseOperation
instanceKlass apex/jorje/semantic/compiler/CompilerOperation
instanceKlass apex/jorje/semantic/compiler/CompilerStageProcessor
instanceKlass apex/jorje/semantic/ast/context/ProxyMethodTable
instanceKlass apex/jorje/semantic/ast/context/AnnotationVisitor$VisitorContext
instanceKlass apex/jorje/semantic/ast/context/AnnotationVisitor
instanceKlass apex/jorje/semantic/ast/context/MethodStack
instanceKlass apex/jorje/semantic/ast/context/TypeStack
instanceKlass apex/jorje/semantic/ast/context/LoopStack
instanceKlass apex/jorje/semantic/ast/context/TryCatchFinallyStack
instanceKlass org/objectweb/asm/Handle
instanceKlass apex/jorje/semantic/bcl/AsmMethod$Builder
instanceKlass apex/jorje/semantic/bcl/AsmMethod
instanceKlass apex/jorje/semantic/bcl/TriggerEmitMethods
instanceKlass apex/jorje/semantic/symbol/member/variable/TriggerVariable
instanceKlass apex/jorje/semantic/symbol/type/TypeInfoEquivalence$1
instanceKlass apex/jorje/semantic/symbol/type/TypeInfoType$1
instanceKlass apex/jorje/semantic/symbol/type/ReifiedTypeInfos
instanceKlass apex/jorje/semantic/symbol/member/variable/TriggerVariableMap
instanceKlass apex/jorje/semantic/symbol/resolver/StandardSymbolResolver$LookupOnResolver
instanceKlass apex/jorje/semantic/symbol/resolver/StandardSymbolResolver
instanceKlass apex/jorje/semantic/compiler/CompilerContext
instanceKlass apex/jorje/semantic/ast/modifier/rule/RemoteActionContextRule
instanceKlass apex/jorje/semantic/ast/modifier/rule/WebServiceContextRule
instanceKlass apex/jorje/semantic/compiler/parser/ParserEngine$3
instanceKlass apex/jorje/semantic/compiler/parser/NamedParser
instanceKlass apex/jorje/semantic/compiler/parser/AnonymousParser
instanceKlass org/antlr/runtime/TokenStream
instanceKlass apex/jorje/parser/impl/TokenSourceDecorator
instanceKlass org/antlr/runtime/TokenSource
instanceKlass org/antlr/runtime/CharStream
instanceKlass org/antlr/runtime/IntStream
instanceKlass apex/jorje/semantic/compiler/parser/ParserWorker
instanceKlass apex/jorje/semantic/compiler/parser/ParserEngine
instanceKlass apex/jorje/semantic/compiler/ApexCompiler$Builder
instanceKlass apex/jorje/semantic/compiler/ValidationSettings$Builder
instanceKlass apex/jorje/semantic/compiler/ValidationSettings
instanceKlass apex/jorje/semantic/compiler/sfdc/NoopCompilerProgressCallback
instanceKlass apex/jorje/semantic/compiler/sfdc/CompilerProgressCallback
instanceKlass apex/jorje/semantic/compiler/CompilationInput
instanceKlass org/slf4j/helpers/FormattingTuple
instanceKlass org/slf4j/helpers/NormalizedParameters
instanceKlass org/slf4j/helpers/MessageFormatter
instanceKlass apex/jorje/lsp/impl/index/ApexIndexer$1
instanceKlass apex/jorje/lsp/impl/utils/Predicates
instanceKlass java/util/stream/StreamSpliterators
instanceKlass java/util/stream/StreamSpliterators$AbstractWrappingSpliterator
instanceKlass java/util/HashMap$HashMapSpliterator
instanceKlass apex/jorje/lsp/impl/utils/SfdxProjects$StandardProjectFileVisitor
instanceKlass com/google/gson/internal/ConstructorConstructor$13
instanceKlass apex/jorje/lsp/impl/index/SfdxProjectPOJO$PackageDirectoriesPOJO
instanceKlass com/google/gson/internal/ConstructorConstructor$11
instanceKlass com/google/gson/internal/$Gson$Types$GenericArrayTypeImpl
instanceKlass com/google/gson/internal/ConstructorConstructor$3
instanceKlass com/google/common/util/concurrent/AbstractScheduledService$ServiceDelegate$2
instanceKlass sun/nio/fs/WindowsDirectoryStream$WindowsDirectoryIterator
instanceKlass com/google/common/util/concurrent/WrappingExecutorService
instanceKlass sun/nio/fs/WindowsDirectoryStream
instanceKlass com/google/common/util/concurrent/AbstractScheduledService$ServiceDelegate$1
instanceKlass java/util/concurrent/RunnableScheduledFuture
instanceKlass java/util/concurrent/ScheduledFuture
instanceKlass java/util/concurrent/Delayed
instanceKlass java/nio/file/FileTreeIterator
instanceKlass java/util/concurrent/Executors$DelegatedExecutorService
instanceKlass com/google/common/util/concurrent/AbstractScheduledService$1ThreadFactoryImpl
instanceKlass java/util/concurrent/ForkJoinPool$DefaultCommonPoolForkJoinWorkerThreadFactory$1
instanceKlass jdk/internal/util/random/RandomSupport
instanceKlass java/util/Random
instanceKlass java/util/random/RandomGenerator
instanceKlass java/util/concurrent/ForkJoinTask$Aux
instanceKlass java/util/concurrent/ForkJoinTask
instanceKlass java/util/concurrent/CompletableFuture$AsynchronousCompletionTask
instanceKlass java/util/concurrent/CompletableFuture$AltResult
instanceKlass org/eclipse/jdt/internal/core/nd/db/Database$IORunnable
instanceKlass jdk/internal/misc/ScopedMemoryAccess$Scope$Handle
instanceKlass apex/jorje/lsp/impl/utils/OptionalIString
instanceKlass org/eclipse/jdt/internal/core/nd/field/FieldOneToMany$1
instanceKlass org/eclipse/jdt/internal/core/nd/RawGrowableArray$GrowableBlockHeader
instanceKlass java/util/Formattable
instanceKlass java/util/Formatter$FixedString
instanceKlass java/util/Formatter$Flags
instanceKlass java/util/Formatter$FormatSpecifier
instanceKlass java/util/Formatter$FormatString
instanceKlass java/util/Formatter$Conversion
instanceKlass java/util/Formatter
instanceKlass com/google/common/io/Files$2
instanceKlass com/google/common/io/LineProcessor
instanceKlass com/google/common/io/ByteSink
instanceKlass com/google/common/io/ByteSource
instanceKlass com/google/common/graph/SuccessorsFunction
instanceKlass com/google/common/io/Files
instanceKlass org/eclipse/jdt/internal/core/nd/NullProgressMonitor
instanceKlass jdk/internal/access/foreign/MemorySegmentProxy
instanceKlass apex/jorje/semantic/compiler/SourceFile$Builder
instanceKlass java/nio/channels/Channels
instanceKlass jdk/nio/zipfs/ByteArrayChannel
instanceKlass apex/jorje/lsp/impl/completions/Namespaces
instanceKlass sun/nio/fs/BasicFileAttributesHolder
instanceKlass java/nio/file/Files$3
instanceKlass java/nio/file/FileTreeWalker$Event
instanceKlass jdk/nio/zipfs/ZipDirectoryStream$1
instanceKlass java/nio/file/FileTreeWalker$DirectoryNode
instanceKlass jdk/nio/zipfs/ZipDirectoryStream
instanceKlass java/nio/file/Files$AcceptAllFilter
instanceKlass jdk/nio/zipfs/ZipUtils
instanceKlass java/util/RegularEnumSet$EnumSetIterator
instanceKlass java/nio/file/FileTreeWalker
instanceKlass jdk/nio/zipfs/ZipFileSystem$END
instanceKlass jdk/nio/zipfs/ZipConstants
instanceKlass sun/nio/fs/WindowsChannelFactory$2
instanceKlass sun/nio/fs/WindowsSecurityDescriptor
instanceKlass java/nio/file/attribute/PosixFileAttributeView
instanceKlass jdk/nio/zipfs/ZipFileAttributeView
instanceKlass jdk/nio/zipfs/ZipPath
instanceKlass jdk/nio/zipfs/ZipCoder
instanceKlass sun/nio/fs/WindowsSecurity
instanceKlass sun/nio/fs/AbstractAclFileAttributeView
instanceKlass java/nio/file/attribute/AclFileAttributeView
instanceKlass java/nio/file/attribute/FileOwnerAttributeView
instanceKlass sun/nio/ch/FileChannelImpl$Closer
instanceKlass sun/nio/fs/WindowsChannelFactory$Flags
instanceKlass sun/nio/fs/WindowsChannelFactory$1
instanceKlass sun/nio/fs/WindowsChannelFactory
instanceKlass sun/nio/fs/WindowsFileSystemProvider$1
instanceKlass java/util/concurrent/locks/ReentrantReadWriteLock$WriteLock
instanceKlass java/util/concurrent/locks/ReentrantReadWriteLock$ReadLock
instanceKlass java/util/concurrent/locks/ReentrantReadWriteLock
instanceKlass java/nio/file/attribute/PosixFilePermissions
instanceKlass java/nio/file/attribute/PosixFileAttributes
instanceKlass jdk/nio/zipfs/ZipFileAttributes
instanceKlass jdk/nio/zipfs/ZipFileSystem$IndexNode
instanceKlass java/util/concurrent/locks/ReadWriteLock
instanceKlass sun/nio/fs/WindowsLinkSupport
instanceKlass sun/nio/fs/WindowsUriSupport
instanceKlass java/util/AbstractMap$SimpleEntry
instanceKlass jdk/internal/jimage/ImageBufferCache$2
instanceKlass jdk/internal/jimage/ImageBufferCache
instanceKlass java/nio/channels/AsynchronousFileChannel
instanceKlass java/nio/channels/AsynchronousChannel
instanceKlass java/nio/file/FileStore
instanceKlass java/nio/file/DirectoryStream
instanceKlass java/nio/file/DirectoryStream$Filter
instanceKlass java/nio/file/spi/FileSystemProvider$1
instanceKlass java/nio/file/SimpleFileVisitor
instanceKlass apex/jorje/lsp/impl/services/ApexPreludeManagedService$SourceFilesCollector
instanceKlass apex/jorje/lsp/impl/utils/TypeInfoCache
instanceKlass org/eclipse/jdt/internal/core/nd/db/ShortString
instanceKlass org/eclipse/jdt/internal/core/nd/db/BTree$IBTreeVisitor2
instanceKlass org/eclipse/jdt/internal/core/nd/field/FieldSearchIndex$SearchCriteriaToBtreeVisitorAdapter
instanceKlass org/eclipse/jdt/internal/core/nd/field/FieldSearchIndex$SearchCriteria
instanceKlass apex/jorje/lsp/impl/completions/BuiltInTypes
instanceKlass sun/nio/ch/IOStatus
instanceKlass java/nio/DirectByteBuffer$Deallocator
instanceKlass sun/nio/ch/Util$BufferCache
instanceKlass sun/nio/ch/Util
instanceKlass sun/nio/ch/NativeThread
instanceKlass java/nio/channels/spi/AbstractInterruptibleChannel$1
instanceKlass sun/nio/ch/Interruptible
instanceKlass sun/nio/ch/NativeDispatcher
instanceKlass sun/nio/ch/NativeThreadSet
instanceKlass sun/nio/ch/IOUtil
instanceKlass java/nio/file/attribute/FileAttribute
instanceKlass java/nio/channels/spi/AbstractInterruptibleChannel
instanceKlass java/nio/channels/InterruptibleChannel
instanceKlass java/nio/channels/ScatteringByteChannel
instanceKlass java/nio/channels/GatheringByteChannel
instanceKlass java/nio/channels/SeekableByteChannel
instanceKlass java/nio/channels/ByteChannel
instanceKlass java/nio/channels/ReadableByteChannel
instanceKlass org/eclipse/jdt/internal/core/nd/Nd$1
instanceKlass java/lang/Short$ShortCache
instanceKlass org/eclipse/jdt/internal/core/nd/NdNodeTypeRegistry
instanceKlass org/eclipse/jdt/internal/core/nd/db/Chunk
instanceKlass org/eclipse/jdt/internal/core/nd/db/ChunkCache
instanceKlass org/eclipse/jdt/internal/core/nd/db/MemoryStats$PoolStats
instanceKlass org/eclipse/jdt/internal/core/nd/db/MemoryStats
instanceKlass org/eclipse/jdt/internal/core/nd/db/LargeBlock
instanceKlass java/nio/channels/WritableByteChannel
instanceKlass java/nio/channels/Channel
instanceKlass org/eclipse/jdt/internal/core/nd/db/Database
instanceKlass apex/jorje/lsp/Configuration
instanceKlass apex/jorje/lsp/api/db/interfaces/ISObjectField
instanceKlass apex/jorje/lsp/impl/db/nddb/NdDb
instanceKlass org/eclipse/jdt/internal/core/nd/AbstractTypeFactory
instanceKlass org/eclipse/jdt/internal/core/nd/db/BTree
instanceKlass org/eclipse/jdt/internal/core/nd/field/FieldSearchIndex$2
instanceKlass org/eclipse/jdt/internal/core/nd/field/FieldSearchIndex$1
instanceKlass org/eclipse/jdt/internal/core/nd/db/IBTreeVisitor
instanceKlass org/eclipse/jdt/internal/core/nd/db/IBTreeComparator
instanceKlass org/eclipse/jdt/internal/core/nd/field/FieldSearchIndex
instanceKlass org/eclipse/jdt/internal/core/nd/field/FieldLong
instanceKlass apex/jorje/lsp/api/db/interfaces/IApexClassInterfaceJunction
instanceKlass org/eclipse/jdt/internal/core/nd/field/FieldString
instanceKlass org/eclipse/jdt/internal/core/nd/field/FieldByte
instanceKlass org/eclipse/jdt/internal/core/nd/db/IString
instanceKlass org/eclipse/jdt/internal/core/nd/field/FieldSearchKey
instanceKlass org/eclipse/jdt/internal/core/nd/RawGrowableArray
instanceKlass org/eclipse/jdt/internal/core/nd/field/FieldOneToMany$Visitor
instanceKlass org/eclipse/jdt/internal/core/nd/field/FieldOneToMany
instanceKlass org/eclipse/jdt/internal/core/nd/field/FieldInt
instanceKlass org/eclipse/jdt/internal/core/nd/field/FieldPointer
instanceKlass org/eclipse/jdt/internal/core/nd/field/FieldManyToOne
instanceKlass org/eclipse/jdt/internal/core/nd/field/IRefCountedField
instanceKlass org/eclipse/jdt/internal/core/nd/field/FieldShort
instanceKlass org/eclipse/jdt/internal/core/nd/NdNode
instanceKlass apex/jorje/lsp/api/db/interfaces/IApexTreeNode
instanceKlass org/eclipse/jdt/internal/core/nd/field/StructDef$1
instanceKlass org/eclipse/jdt/internal/core/nd/IDestructable
instanceKlass org/eclipse/jdt/internal/core/nd/field/IDestructableField
instanceKlass org/eclipse/jdt/internal/core/nd/field/IField
instanceKlass org/eclipse/jdt/internal/core/nd/ITypeFactory
instanceKlass org/eclipse/jdt/internal/core/nd/field/StructDef
instanceKlass apex/jorje/lsp/impl/db/nddb/NdApexIndex$BestResourceFile
instanceKlass org/eclipse/jdt/internal/core/nd/IReader
instanceKlass org/eclipse/jdt/internal/core/nd/Nd
instanceKlass org/eclipse/jdt/internal/core/nd/field/FieldSearchIndex$IResultRank
instanceKlass org/eclipse/jdt/internal/core/nd/IProgressMonitor
instanceKlass apex/jorje/lsp/impl/db/nddb/NdApexIndex
instanceKlass ch/qos/logback/core/pattern/SpacePadder
instanceKlass java/time/format/DateTimeFormatterBuilder$2
instanceKlass java/time/LocalTime$1
instanceKlass java/time/ZonedDateTime$1
instanceKlass java/time/temporal/TemporalQueries$7
instanceKlass java/time/temporal/TemporalQueries$6
instanceKlass java/time/temporal/TemporalQueries$5
instanceKlass java/time/temporal/TemporalQueries$4
instanceKlass java/time/temporal/TemporalQueries$3
instanceKlass java/time/temporal/TemporalQueries$2
instanceKlass java/time/temporal/TemporalQueries$1
instanceKlass java/time/temporal/TemporalQueries
instanceKlass java/time/format/DateTimePrintContext
instanceKlass ch/qos/logback/classic/spi/EventArgUtil
instanceKlass java/time/Clock
instanceKlass java/time/InstantSource
instanceKlass ch/qos/logback/classic/spi/IThrowableProxy
instanceKlass ch/qos/logback/classic/spi/LoggingEvent
instanceKlass java/util/concurrent/ForkJoinPool$WorkQueue
instanceKlass java/util/concurrent/ForkJoinPool$DefaultCommonPoolForkJoinWorkerThreadFactory
instanceKlass java/util/concurrent/ForkJoinPool$1
instanceKlass java/util/concurrent/ForkJoinPool$DefaultForkJoinWorkerThreadFactory
instanceKlass java/util/concurrent/ForkJoinPool$ForkJoinWorkerThreadFactory
instanceKlass java/util/concurrent/locks/AbstractQueuedSynchronizer$Node
instanceKlass com/google/common/util/concurrent/Callables$4
instanceKlass com/google/common/util/concurrent/AsyncCallable
instanceKlass com/google/common/util/concurrent/Callables
instanceKlass com/google/common/util/concurrent/AbstractIdleService$DelegateService$1
instanceKlass com/google/common/util/concurrent/MoreExecutors$2
instanceKlass com/google/common/util/concurrent/AbstractIdleService$1
instanceKlass com/google/common/util/concurrent/ListenerCallQueue$PerListenerQueue
instanceKlass com/google/common/util/concurrent/ListeningScheduledExecutorService
instanceKlass com/google/common/util/concurrent/ListeningExecutorService
instanceKlass com/google/common/util/concurrent/MoreExecutors
instanceKlass com/google/common/collect/MultimapBuilder$LinkedHashSetSupplier
instanceKlass com/google/common/collect/MultimapBuilder$MultimapBuilderWithKeys
instanceKlass com/google/common/collect/MultimapBuilder
instanceKlass com/google/common/util/concurrent/ServiceManager$ServiceManagerState
instanceKlass com/google/common/util/concurrent/ServiceManager$2
instanceKlass com/google/common/util/concurrent/ServiceManager$1
instanceKlass com/google/common/util/concurrent/AbstractIdleService$ThreadNameSupplier
instanceKlass apex/jorje/lsp/impl/symbols/ApexStandardTypeInfos
instanceKlass com/google/gson/internal/bind/ObjectTypeAdapter$2
instanceKlass com/google/gson/internal/LinkedTreeMap$LinkedTreeMapIterator
instanceKlass com/google/gson/internal/ConstructorConstructor$18
instanceKlass java/util/concurrent/ConcurrentNavigableMap
instanceKlass com/google/gson/internal/LinkedTreeMap$Node
instanceKlass com/google/gson/internal/LinkedTreeMap$1
instanceKlass com/google/gson/internal/bind/TypeAdapters$35
instanceKlass org/eclipse/lsp4j/util/Preconditions
instanceKlass org/eclipse/lsp4j/jsonrpc/json/adapters/JsonElementTypeAdapter$Factory
instanceKlass org/eclipse/lsp4j/StaleRequestCapabilities
instanceKlass org/eclipse/lsp4j/MarkdownCapabilities
instanceKlass org/eclipse/lsp4j/RegularExpressionsCapabilities
instanceKlass org/eclipse/lsp4j/WindowShowMessageRequestActionItemCapabilities
instanceKlass org/eclipse/lsp4j/ShowDocumentCapabilities
instanceKlass org/eclipse/lsp4j/WindowShowMessageRequestCapabilities
instanceKlass org/eclipse/lsp4j/InlayHintResolveSupportCapabilities
instanceKlass org/eclipse/lsp4j/SemanticTokensClientCapabilitiesRequestsFull
instanceKlass org/eclipse/lsp4j/SemanticTokensClientCapabilitiesRequests
instanceKlass org/eclipse/lsp4j/FoldingRangeSupportCapabilities
instanceKlass org/eclipse/lsp4j/FoldingRangeKindSupportCapabilities
instanceKlass org/eclipse/lsp4j/jsonrpc/json/adapters/EitherTypeAdapter$EitherTypeArgument
instanceKlass org/eclipse/lsp4j/DiagnosticsTagSupport
instanceKlass org/eclipse/lsp4j/CodeActionKindCapabilities
instanceKlass org/eclipse/lsp4j/CodeActionResolveSupportCapabilities
instanceKlass org/eclipse/lsp4j/CodeActionLiteralSupportCapabilities
instanceKlass org/eclipse/lsp4j/ParameterInformationCapabilities
instanceKlass org/eclipse/lsp4j/SignatureInformationCapabilities
instanceKlass org/eclipse/lsp4j/CompletionItemInsertTextModeSupportCapabilities
instanceKlass org/eclipse/lsp4j/CompletionItemResolveSupportCapabilities
instanceKlass org/eclipse/lsp4j/CompletionItemTagSupportCapabilities
instanceKlass org/eclipse/lsp4j/CompletionListCapabilities
instanceKlass org/eclipse/lsp4j/CompletionItemCapabilities
instanceKlass org/eclipse/lsp4j/CompletionItemKindCapabilities
instanceKlass org/eclipse/lsp4j/PublishDiagnosticsCapabilities
instanceKlass org/eclipse/lsp4j/WorkspaceSymbolResolveSupportCapabilities
instanceKlass org/eclipse/lsp4j/SymbolTagSupportCapabilities
instanceKlass org/eclipse/lsp4j/SymbolKindCapabilities
instanceKlass org/eclipse/lsp4j/jsonrpc/json/adapters/TypeUtils$ParameterizedTypeImpl
instanceKlass org/eclipse/lsp4j/WorkspaceEditChangeAnnotationSupportCapabilities
instanceKlass org/eclipse/lsp4j/DiagnosticWorkspaceCapabilities
instanceKlass org/eclipse/lsp4j/InlineValueWorkspaceCapabilities
instanceKlass org/eclipse/lsp4j/InlayHintWorkspaceCapabilities
instanceKlass org/eclipse/lsp4j/CodeLensWorkspaceCapabilities
instanceKlass org/eclipse/lsp4j/SemanticTokensWorkspaceCapabilities
instanceKlass org/eclipse/lsp4j/DynamicRegistrationCapabilities
instanceKlass org/eclipse/lsp4j/WorkspaceEditCapabilities
instanceKlass org/eclipse/lsp4j/GeneralClientCapabilities
instanceKlass org/eclipse/lsp4j/NotebookDocumentClientCapabilities
instanceKlass org/eclipse/lsp4j/WindowClientCapabilities
instanceKlass org/eclipse/lsp4j/TextDocumentClientCapabilities
instanceKlass org/eclipse/lsp4j/WorkspaceClientCapabilities
instanceKlass org/eclipse/lsp4j/ClientCapabilities
instanceKlass com/google/gson/internal/Primitives
instanceKlass org/eclipse/lsp4j/jsonrpc/validation/NonNull
instanceKlass com/google/gson/annotations/SerializedName
instanceKlass org/eclipse/lsp4j/ClientInfo
instanceKlass com/google/gson/internal/ConstructorConstructor$9
instanceKlass com/google/gson/internal/reflect/ReflectionHelper$RecordHelper
instanceKlass com/google/gson/internal/reflect/ReflectionHelper
instanceKlass com/google/gson/internal/ReflectionAccessFilterHelper
instanceKlass org/eclipse/lsp4j/adapters/InitializeParamsTypeAdapter$Factory
instanceKlass com/google/gson/annotations/JsonAdapter
instanceKlass org/eclipse/lsp4j/jsonrpc/messages/Tuple$Two
instanceKlass org/eclipse/lsp4j/jsonrpc/messages/Tuple
instanceKlass org/eclipse/lsp4j/jsonrpc/json/adapters/TypeUtils
instanceKlass com/google/gson/internal/JsonReaderInternalAccess
instanceKlass org/eclipse/lsp4j/jsonrpc/json/StreamMessageProducer$Headers
instanceKlass org/eclipse/lsp4j/jsonrpc/json/ConcurrentMessageProcessor$1
instanceKlass java/util/concurrent/Executors$RunnableAdapter
instanceKlass java/util/concurrent/Callable
instanceKlass java/util/concurrent/FutureTask$WaitNode
instanceKlass java/util/concurrent/FutureTask
instanceKlass java/util/concurrent/RunnableFuture
instanceKlass org/eclipse/lsp4j/jsonrpc/StandardLauncher
instanceKlass org/eclipse/lsp4j/jsonrpc/json/ConcurrentMessageProcessor
instanceKlass org/eclipse/lsp4j/jsonrpc/json/StreamMessageProducer
instanceKlass org/eclipse/lsp4j/jsonrpc/services/EndpointProxy
instanceKlass org/eclipse/lsp4j/jsonrpc/messages/ResponseError
instanceKlass org/eclipse/lsp4j/jsonrpc/RemoteEndpoint
instanceKlass org/eclipse/lsp4j/jsonrpc/services/GenericEndpoint
instanceKlass apex/jorje/lsp/impl/debug/DebugOptions
instanceKlass org/eclipse/lsp4j/jsonrpc/json/StreamMessageConsumer
instanceKlass org/eclipse/lsp4j/jsonrpc/json/MessageConstants
instanceKlass com/google/gson/internal/bind/ReflectiveTypeAdapterFactory$BoundField
instanceKlass com/google/gson/internal/bind/ReflectiveTypeAdapterFactory
instanceKlass com/google/gson/internal/bind/JsonAdapterAnnotationTypeAdapterFactory
instanceKlass com/google/gson/internal/bind/MapTypeAdapterFactory
instanceKlass com/google/gson/internal/bind/CollectionTypeAdapterFactory
instanceKlass com/google/gson/internal/bind/ArrayTypeAdapter$1
instanceKlass com/google/gson/internal/bind/DateTypeAdapter$1
instanceKlass java/util/concurrent/atomic/AtomicLongArray
instanceKlass com/google/gson/internal/bind/NumberTypeAdapter$1
instanceKlass com/google/gson/internal/bind/ObjectTypeAdapter$1
instanceKlass com/google/gson/internal/bind/TypeAdapters$29
instanceKlass com/google/gson/internal/bind/TypeAdapters$33
instanceKlass java/util/Currency
instanceKlass java/util/UUID
instanceKlass com/google/gson/internal/bind/TypeAdapters$34
instanceKlass java/net/InetAddress
instanceKlass java/util/concurrent/atomic/AtomicIntegerArray
instanceKlass com/google/gson/internal/bind/TypeAdapters$32
instanceKlass java/util/BitSet
instanceKlass com/google/gson/internal/bind/TypeAdapters$31
instanceKlass com/google/gson/internal/bind/TypeAdapters
instanceKlass com/google/gson/internal/ObjectConstructor
instanceKlass com/google/gson/internal/ConstructorConstructor
instanceKlass com/google/gson/internal/sql/SqlTimestampTypeAdapter$1
instanceKlass com/google/gson/internal/sql/SqlTimeTypeAdapter$1
instanceKlass com/google/gson/internal/sql/SqlDateTypeAdapter$1
instanceKlass java/text/Format
instanceKlass jdk/internal/module/ModulePatcher$PatchedModuleReader
instanceKlass com/google/gson/internal/bind/DefaultDateTypeAdapter$DateType
instanceKlass com/google/gson/internal/sql/SqlTypesSupport
instanceKlass org/eclipse/lsp4j/jsonrpc/json/adapters/MessageTypeAdapter$Factory
instanceKlass org/eclipse/lsp4j/jsonrpc/json/adapters/EnumTypeAdapter$Factory
instanceKlass org/eclipse/lsp4j/jsonrpc/json/adapters/TupleTypeAdapters$TwoTypeAdapterFactory
instanceKlass org/eclipse/lsp4j/jsonrpc/json/adapters/EitherTypeAdapter$Factory
instanceKlass org/eclipse/lsp4j/jsonrpc/json/adapters/ThrowableTypeAdapter$Factory
instanceKlass org/eclipse/lsp4j/jsonrpc/json/adapters/CollectionTypeAdapter$Factory
instanceKlass com/google/gson/stream/JsonWriter
instanceKlass com/google/gson/stream/JsonReader
instanceKlass com/google/gson/ToNumberStrategy
instanceKlass com/google/gson/Gson
instanceKlass com/google/gson/JsonElement
instanceKlass com/google/gson/internal/Excluder
instanceKlass com/google/gson/FieldNamingStrategy
instanceKlass com/google/gson/GsonBuilder
instanceKlass org/eclipse/lsp4j/jsonrpc/messages/CancelParams
instanceKlass org/eclipse/lsp4j/jsonrpc/json/MessageJsonHandler
instanceKlass apex/jorje/lsp/api/debug/BreakpointInfo
instanceKlass org/eclipse/lsp4j/DidChangeNotebookDocumentParams
instanceKlass org/eclipse/lsp4j/DidOpenNotebookDocumentParams
instanceKlass org/eclipse/lsp4j/DidCloseNotebookDocumentParams
instanceKlass org/eclipse/lsp4j/DidSaveNotebookDocumentParams
instanceKlass org/eclipse/lsp4j/WorkspaceDiagnosticReport
instanceKlass org/eclipse/lsp4j/adapters/WorkspaceSymbolResponseAdapter
instanceKlass org/eclipse/lsp4j/DidChangeWorkspaceFoldersParams
instanceKlass org/eclipse/lsp4j/WorkspaceSymbol
instanceKlass org/eclipse/lsp4j/RenameFilesParams
instanceKlass org/eclipse/lsp4j/DeleteFilesParams
instanceKlass org/eclipse/lsp4j/ExecuteCommandParams
instanceKlass org/eclipse/lsp4j/CreateFilesParams
instanceKlass org/eclipse/lsp4j/CallHierarchyIncomingCall
instanceKlass org/eclipse/lsp4j/CallHierarchyOutgoingCall
instanceKlass org/eclipse/lsp4j/CallHierarchyItem
instanceKlass org/eclipse/lsp4j/SemanticTokensDelta
instanceKlass org/eclipse/lsp4j/adapters/SemanticTokensFullDeltaResponseAdapter
instanceKlass org/eclipse/lsp4j/TypeHierarchyItem
instanceKlass org/eclipse/lsp4j/CompletionList
instanceKlass org/eclipse/lsp4j/SymbolInformation
instanceKlass org/eclipse/lsp4j/adapters/DocumentSymbolResponseAdapter
instanceKlass org/eclipse/lsp4j/SelectionRange
instanceKlass org/eclipse/lsp4j/adapters/CodeActionResponseAdapter
instanceKlass org/eclipse/lsp4j/SemanticTokens
instanceKlass org/eclipse/lsp4j/PrepareRenameDefaultBehavior
instanceKlass org/eclipse/lsp4j/PrepareRenameResult
instanceKlass org/eclipse/lsp4j/adapters/PrepareRenameResponseAdapter
instanceKlass org/eclipse/lsp4j/Moniker
instanceKlass org/eclipse/lsp4j/FoldingRange
instanceKlass org/eclipse/lsp4j/LinkedEditingRanges
instanceKlass org/eclipse/lsp4j/ColorPresentation
instanceKlass org/eclipse/lsp4j/ColorInformation
instanceKlass org/eclipse/lsp4j/TextEdit
instanceKlass org/eclipse/lsp4j/SignatureHelp
instanceKlass org/eclipse/lsp4j/adapters/DocumentDiagnosticReportTypeAdapter
instanceKlass org/eclipse/lsp4j/LocationLink
instanceKlass com/google/gson/internal/$Gson$Types$WildcardTypeImpl
instanceKlass com/google/gson/internal/$Gson$Preconditions
instanceKlass com/google/gson/internal/$Gson$Types$ParameterizedTypeImpl
instanceKlass com/google/gson/internal/$Gson$Types
instanceKlass com/google/gson/TypeAdapter
instanceKlass com/google/gson/reflect/TypeToken
instanceKlass sun/reflect/generics/tree/Wildcard
instanceKlass sun/reflect/generics/tree/BottomSignature
instanceKlass org/eclipse/lsp4j/adapters/LocationLinkListAdapter
instanceKlass com/google/gson/TypeAdapterFactory
instanceKlass org/eclipse/lsp4j/InlayHint
instanceKlass org/eclipse/lsp4j/InlineValueParams
instanceKlass org/eclipse/lsp4j/DocumentLink
instanceKlass org/eclipse/lsp4j/InlayHintParams
instanceKlass org/eclipse/lsp4j/WillSaveTextDocumentParams
instanceKlass org/eclipse/lsp4j/CodeAction
instanceKlass org/eclipse/lsp4j/InitializeResult
instanceKlass org/eclipse/lsp4j/WorkDoneProgressCancelParams
instanceKlass org/eclipse/lsp4j/services/NotebookDocumentService
instanceKlass org/eclipse/lsp4j/InitializedParams
instanceKlass jdk/internal/vm/annotation/IntrinsicCandidate
instanceKlass java/lang/Deprecated
instanceKlass org/eclipse/lsp4j/jsonrpc/json/JsonRpcMethodProvider
instanceKlass org/eclipse/lsp4j/ApplyWorkspaceEditResponse
instanceKlass org/eclipse/lsp4j/WorkspaceFolder
instanceKlass org/eclipse/lsp4j/ShowDocumentResult
instanceKlass org/eclipse/lsp4j/MessageActionItem
instanceKlass org/eclipse/lsp4j/jsonrpc/services/JsonNotification
instanceKlass org/eclipse/lsp4j/jsonrpc/json/JsonRpcMethod
instanceKlass org/eclipse/lsp4j/jsonrpc/json/ResponseJsonAdapter
instanceKlass org/eclipse/lsp4j/jsonrpc/services/JsonRequest
instanceKlass org/eclipse/lsp4j/ConfigurationParams
instanceKlass org/eclipse/lsp4j/ProgressParams
instanceKlass org/eclipse/lsp4j/WorkDoneProgressCreateParams
instanceKlass org/eclipse/lsp4j/LogTraceParams
instanceKlass org/eclipse/lsp4j/ApplyWorkspaceEditParams
instanceKlass org/eclipse/lsp4j/ShowDocumentParams
instanceKlass org/eclipse/lsp4j/MessageParams
instanceKlass org/eclipse/lsp4j/RegistrationParams
instanceKlass org/eclipse/lsp4j/PublishDiagnosticsParams
instanceKlass org/eclipse/lsp4j/UnregistrationParams
instanceKlass org/eclipse/lsp4j/jsonrpc/services/AnnotationUtil
instanceKlass org/eclipse/lsp4j/jsonrpc/services/AnnotationUtil$MethodInfo
instanceKlass org/eclipse/lsp4j/jsonrpc/services/ServiceEndpoints
instanceKlass org/eclipse/lsp4j/jsonrpc/Endpoint
instanceKlass org/eclipse/lsp4j/jsonrpc/json/MethodProvider
instanceKlass org/eclipse/lsp4j/jsonrpc/MessageProducer
instanceKlass org/eclipse/lsp4j/jsonrpc/MessageIssueHandler
instanceKlass org/eclipse/lsp4j/jsonrpc/Launcher$Builder
instanceKlass org/eclipse/lsp4j/jsonrpc/Launcher
instanceKlass java/util/concurrent/Executors$DefaultThreadFactory
instanceKlass java/util/concurrent/SynchronousQueue$TransferStack$SNode
instanceKlass java/util/concurrent/ForkJoinPool$ManagedBlocker
instanceKlass java/util/concurrent/SynchronousQueue$Transferer
instanceKlass java/util/concurrent/ThreadPoolExecutor$AbortPolicy
instanceKlass java/util/concurrent/RejectedExecutionHandler
instanceKlass java/util/concurrent/AbstractExecutorService
instanceKlass java/util/concurrent/Executors
instanceKlass com/google/common/collect/Queues
instanceKlass com/google/common/util/concurrent/AbstractScheduledService$ServiceDelegate$Task
instanceKlass com/google/common/util/concurrent/AbstractService$StateSnapshot
instanceKlass com/google/common/util/concurrent/ListenerCallQueue
instanceKlass com/google/common/util/concurrent/Monitor
instanceKlass com/google/common/util/concurrent/AbstractService$3
instanceKlass com/google/common/util/concurrent/AbstractService$4
instanceKlass com/google/common/util/concurrent/AbstractService$2
instanceKlass com/google/common/util/concurrent/AbstractService$1
instanceKlass com/google/common/util/concurrent/ListenerCallQueue$Event
instanceKlass com/google/common/util/concurrent/Monitor$Guard
instanceKlass sun/nio/fs/WindowsFileSystem$2
instanceKlass sun/nio/fs/Globs
instanceKlass apex/jorje/data/Locations$IndexFactory
instanceKlass apex/jorje/semantic/common/TestQueryValidators$Noop
instanceKlass apex/jorje/semantic/common/TestAccessEvaluator
instanceKlass com/google/common/collect/SortedSetMultimap
instanceKlass com/google/common/collect/Multimaps
instanceKlass apex/jorje/semantic/symbol/member/variable/VariableVisitor$Context
instanceKlass apex/jorje/semantic/ast/context/Emitter
instanceKlass apex/jorje/semantic/symbol/member/variable/DynamicFieldInfo$VariableEmitter
instanceKlass apex/jorje/semantic/symbol/member/variable/DynamicFieldInfoFactory
instanceKlass apex/jorje/semantic/symbol/member/variable/PropertyFactory$1
instanceKlass apex/jorje/semantic/symbol/member/variable/PropertyInfo
instanceKlass apex/jorje/semantic/ast/member/Parameter$Builder
instanceKlass apex/jorje/semantic/ast/member/ParameterUtil
instanceKlass apex/jorje/semantic/ast/member/AccessorFactory$1
instanceKlass apex/jorje/semantic/ast/member/AccessorFactory$AccessorEmitter
instanceKlass apex/jorje/semantic/ast/member/AccessorFactory
instanceKlass apex/jorje/semantic/symbol/member/variable/PropertyFactory
instanceKlass apex/jorje/semantic/symbol/member/variable/FieldSupplier
instanceKlass apex/jorje/semantic/symbol/member/variable/DynamicFieldTable
instanceKlass apex/jorje/semantic/symbol/member/variable/DynamicFieldTables
instanceKlass apex/jorje/semantic/common/TestVfTypeInfos
instanceKlass apex/jorje/semantic/symbol/type/common/BiPredicates
instanceKlass apex/jorje/semantic/symbol/type/SObjectMetadata$Builder
instanceKlass apex/jorje/semantic/symbol/type/SObjectMetadata
instanceKlass apex/jorje/semantic/symbol/type/SObjectTypeInfo$MethodsForEmit
instanceKlass java/util/function/IntConsumer
instanceKlass java/util/stream/IntStream
instanceKlass com/google/common/collect/CollectSpliterators$1WithCharacteristics
instanceKlass com/google/common/collect/CollectSpliterators
instanceKlass apex/jorje/semantic/common/TestSObjectTypeInfos
instanceKlass apex/jorje/semantic/symbol/type/common/DynamicTypeNameFactory
instanceKlass apex/jorje/semantic/symbol/member/variable/AbstractFieldInfo$1
instanceKlass apex/jorje/semantic/symbol/member/variable/AbstractFieldInfo$Builder
instanceKlass apex/jorje/semantic/symbol/member/variable/AbstractFieldInfo
instanceKlass apex/jorje/semantic/common/BusinessHoursMethods
instanceKlass apex/jorje/semantic/common/TestFields
instanceKlass apex/common/collect/AbstractHashedMap$HashIterator
instanceKlass apex/jorje/semantic/symbol/type/UnresolvedTypeInfoFactory
instanceKlass apex/jorje/data/ast/AnnotationValue$MatchBlockWithDefault
instanceKlass apex/jorje/semantic/ast/modifier/AnnotationParameter$5
instanceKlass apex/jorje/semantic/ast/modifier/AnnotationParameter$4
instanceKlass apex/jorje/semantic/ast/modifier/AnnotationParameter$3
instanceKlass apex/jorje/semantic/ast/modifier/AnnotationParameter$2
instanceKlass apex/jorje/semantic/ast/modifier/AnnotationParameter$1
instanceKlass apex/jorje/data/ast/AnnotationValue$MatchBlock
instanceKlass apex/jorje/semantic/ast/modifier/Annotation$1
instanceKlass com/google/common/collect/NullnessCasts
instanceKlass com/google/common/collect/AbstractIterator$1
instanceKlass com/google/common/collect/Collections2
instanceKlass apex/jorje/data/ast/AnnotationParameter
instanceKlass apex/jorje/data/ast/AnnotationValue
instanceKlass apex/jorje/semantic/ast/modifier/Annotations
instanceKlass apex/common/collect/MoreCollections
instanceKlass apex/jorje/data/ast/VariableDecl
instanceKlass apex/jorje/data/ast/Stmnt$MatchBlock
instanceKlass apex/jorje/data/ast/Expr$MatchBlock
instanceKlass apex/jorje/semantic/ast/AstNodes
instanceKlass apex/jorje/data/ast/Modifier
instanceKlass apex/jorje/data/JadtFactory
instanceKlass apex/jorje/data/ast/AnnotationParameter$MatchBlock
instanceKlass apex/jorje/semantic/symbol/member/method/ReifiedMethodInfo
instanceKlass apex/jorje/semantic/symbol/member/method/MethodUtil
instanceKlass apex/jorje/semantic/symbol/member/method/MethodTableFactory
instanceKlass apex/jorje/semantic/symbol/member/method/Generated$Builder
instanceKlass com/google/common/base/Ascii
instanceKlass apex/jorje/semantic/symbol/type/reference/TypeReferences$ResolvedTypeRef
instanceKlass apex/jorje/data/ast/TypeRefs$1
instanceKlass apex/jorje/data/ast/TypeRefs$ClassTypeRef
instanceKlass apex/jorje/data/Identifiers$SyntheticIdentifier
instanceKlass apex/jorje/data/Identifier
instanceKlass apex/jorje/data/Identifiers
instanceKlass apex/jorje/data/ast/TypeRef
instanceKlass apex/jorje/data/ast/TypeRef$Visitor
instanceKlass apex/jorje/data/ast/TypeRefs
instanceKlass apex/jorje/semantic/symbol/type/reference/TypeReference
instanceKlass apex/jorje/semantic/symbol/type/reference/TypeReferences
instanceKlass apex/jorje/semantic/symbol/member/method/StandardMethodInfoBuilder
instanceKlass apex/jorje/semantic/symbol/member/method/StandardMethodInfo
instanceKlass apex/jorje/semantic/common/TestMethods
instanceKlass apex/jorje/semantic/common/TestStandardTypeInfos
instanceKlass apex/jorje/semantic/symbol/type/AnnotationTypeInfos$30
instanceKlass apex/jorje/semantic/symbol/type/AnnotationTypeInfos$29
instanceKlass apex/jorje/semantic/symbol/type/AnnotationTypeInfos$28
instanceKlass apex/jorje/semantic/symbol/type/AnnotationTypeInfos$27
instanceKlass apex/jorje/semantic/symbol/type/AnnotationTypeInfos$26
instanceKlass apex/jorje/semantic/symbol/type/AnnotationTypeInfos$25
instanceKlass apex/jorje/semantic/symbol/type/AnnotationTypeInfos$24
instanceKlass apex/jorje/semantic/symbol/type/AnnotationTypeInfos$23
instanceKlass apex/jorje/semantic/symbol/type/AnnotationTypeInfos$22
instanceKlass apex/jorje/semantic/symbol/type/AnnotationTypeInfos$21
instanceKlass apex/jorje/semantic/symbol/type/AnnotationTypeInfos$20
instanceKlass apex/jorje/semantic/symbol/type/AnnotationTypeInfos$19
instanceKlass apex/jorje/semantic/symbol/type/AnnotationTypeInfos$18
instanceKlass apex/jorje/semantic/symbol/type/AnnotationTypeInfos$17
instanceKlass apex/jorje/semantic/symbol/type/AnnotationTypeInfos$16
instanceKlass apex/jorje/semantic/symbol/type/AnnotationTypeInfos$15
instanceKlass apex/jorje/semantic/symbol/type/AnnotationTypeInfos$14
instanceKlass apex/jorje/semantic/ast/modifier/property/rule/AnnotationPropertyRules$ValidateParameterValueDataTypeMatchesFieldRule
instanceKlass apex/jorje/semantic/ast/modifier/property/rule/AnnotationPropertyRules$ValidateParameterValueNotEmptyRule
instanceKlass apex/jorje/semantic/ast/modifier/property/rule/AnnotationPropertyRules$AllowedFieldEmitTypesRule
instanceKlass apex/jorje/semantic/symbol/type/AnnotationTypeInfos$13
instanceKlass apex/jorje/semantic/ast/modifier/property/rule/AnnotationPropertyRules$InvocableMethodCapabilityTypeRule
instanceKlass apex/jorje/semantic/ast/modifier/property/rule/AnnotationPropertyRules$InvocableMethodIconNameRule
instanceKlass apex/jorje/semantic/ast/modifier/property/rule/AnnotationPropertyRules$InvocableMethodConfigurationEditorRule
instanceKlass apex/jorje/semantic/ast/modifier/property/rule/AnnotationPropertyRules$MaxVersion
instanceKlass apex/jorje/semantic/symbol/type/AnnotationTypeInfos$12
instanceKlass apex/jorje/semantic/symbol/type/AnnotationTypeInfos$11
instanceKlass apex/jorje/semantic/ast/modifier/property/rule/AnnotationPropertyRules$IntegerRule
instanceKlass apex/jorje/semantic/symbol/type/AnnotationTypeInfos$10
instanceKlass apex/jorje/semantic/ast/visitor/reference/ExternalDependency
instanceKlass apex/jorje/semantic/ast/modifier/property/rule/IsTestTestForValueParser
instanceKlass apex/jorje/semantic/ast/modifier/property/rule/AnnotationPropertyRules$IsTestTestForTypeRule
instanceKlass apex/jorje/semantic/ast/modifier/property/rule/AnnotationPropertyRules$DuplicateAnnotationParameterKeyRule
instanceKlass apex/jorje/semantic/symbol/type/AnnotationTypeInfos$9
instanceKlass apex/jorje/semantic/symbol/type/AnnotationTypeInfos$8
instanceKlass apex/jorje/semantic/ast/modifier/property/rule/AnnotationPropertyRules$ValidApiVersion
instanceKlass apex/jorje/semantic/symbol/type/AnnotationTypeInfos$7
instanceKlass apex/jorje/semantic/symbol/type/AnnotationTypeInfos$6
instanceKlass apex/jorje/semantic/symbol/type/AnnotationTypeInfos$5
instanceKlass apex/jorje/semantic/symbol/type/AnnotationTypeInfos$4
instanceKlass apex/jorje/semantic/ast/modifier/property/rule/AnnotationPropertyRules$PermGuardedProperty
instanceKlass apex/jorje/semantic/ast/modifier/property/rule/AnnotationPropertyRules$ValidSiblingParametersRule
instanceKlass apex/jorje/semantic/ast/modifier/property/rule/AnnotationPropertyRules$StringRule
instanceKlass apex/jorje/semantic/ast/modifier/property/rule/AnnotationPropertyRules$MinVersion
instanceKlass com/google/common/collect/MoreSets
instanceKlass apex/jorje/semantic/ast/modifier/property/rule/AnnotationPropertyRules$AllowedElementsRule
instanceKlass apex/jorje/semantic/ast/modifier/rule/AnnotationContext
instanceKlass apex/jorje/semantic/symbol/type/visitor/AnnotationContextVisitor$Default
instanceKlass apex/jorje/semantic/symbol/type/visitor/AnnotationContextVisitor
instanceKlass apex/jorje/semantic/ast/modifier/property/rule/AnnotationPropertyRules
instanceKlass java/util/ResourceBundle$Control$2
instanceKlass sun/util/resources/Bundles
instanceKlass java/util/ResourceBundle$CacheKeyReference
instanceKlass java/util/ResourceBundle$CacheKey
instanceKlass java/util/ResourceBundle$Control
instanceKlass java/util/stream/AbstractSpinedBuffer
instanceKlass java/util/ImmutableCollections$Access$1
instanceKlass jdk/internal/access/JavaUtilCollectionAccess
instanceKlass java/util/ImmutableCollections$Access
instanceKlass java/util/ServiceLoader$ProviderSpliterator
instanceKlass java/util/spi/ResourceBundleControlProvider
instanceKlass java/util/ResourceBundle$ResourceBundleControlProviderHolder
instanceKlass java/util/ResourceBundle$1
instanceKlass jdk/internal/access/JavaUtilResourceBundleAccess
instanceKlass java/util/ResourceBundle
instanceKlass apex/jorje/services/I18nSupport
instanceKlass apex/jorje/semantic/ast/modifier/property/rule/AnnotationPropertyRule
instanceKlass apex/jorje/semantic/symbol/type/AnnotationTypeInfos$3
instanceKlass apex/jorje/semantic/symbol/type/AnnotationTypeInfos$2
instanceKlass apex/jorje/semantic/symbol/type/AnnotationTypeInfos$1
instanceKlass apex/jorje/semantic/ast/modifier/property/rule/AnnotationPropertyRuleGroup$Builder
instanceKlass apex/jorje/semantic/ast/modifier/property/rule/AnnotationPropertyRuleGroup
instanceKlass apex/jorje/semantic/symbol/type/AnnotationProperty$Builder
instanceKlass apex/jorje/semantic/symbol/type/AnnotationProperty
instanceKlass apex/jorje/semantic/symbol/type/AnnotationTypeInfos
instanceKlass apex/jorje/semantic/bcl/ListIteratorMethods
instanceKlass apex/jorje/semantic/symbol/type/WrapperTypeInfos
instanceKlass apex/common/base/ToUpperCaseFast
instanceKlass apex/common/base/ToUpperCaseProvider
instanceKlass apex/common/base/ToLowerCaseFast
instanceKlass apex/common/base/ToLowerCaseProvider
instanceKlass apex/common/base/MoreStrings
instanceKlass apex/jorje/semantic/symbol/type/GenericTypeInfoDepthCalculator
instanceKlass apex/jorje/semantic/symbol/type/ReifiedMethodsInitializer
instanceKlass apex/jorje/semantic/symbol/type/ReifiedParentsInitializer
instanceKlass apex/jorje/semantic/symbol/type/ReifiedFieldsInitializer
instanceKlass apex/jorje/semantic/symbol/type/details/CodeUnitDetailsProvider
instanceKlass apex/jorje/semantic/symbol/type/details/CodeUnitDetailsProvider$NonSourceCodeUnitDetails$Builder
instanceKlass apex/jorje/semantic/symbol/type/details/CodeUnitDetailsProvider$NonSourceCodeUnitDetails
instanceKlass apex/jorje/semantic/symbol/type/common/CollectionTypeInfoUtil
instanceKlass apex/jorje/semantic/common/iterable/LessStrings
instanceKlass apex/jorje/semantic/symbol/type/visitor/TypeInfoVisitor$Default
instanceKlass apex/jorje/semantic/symbol/type/common/GenericTypeInfoUtil
instanceKlass apex/jorje/semantic/symbol/type/GenericTypeInfoFactory
instanceKlass apex/jorje/semantic/bcl/SObjectMethods
instanceKlass apex/jorje/semantic/bcl/SObjectFields
instanceKlass apex/jorje/semantic/bcl/ExceptionMethods
instanceKlass apex/jorje/semantic/bcl/MapMethods
instanceKlass apex/jorje/semantic/symbol/type/naming/TypeEraser
instanceKlass apex/jorje/semantic/symbol/member/method/signature/SignatureFactory
instanceKlass apex/jorje/semantic/symbol/member/method/signature/EmitSignatureFactory
instanceKlass apex/jorje/semantic/bcl/SetMethods
instanceKlass apex/common/collect/MoreIterables
instanceKlass apex/jorje/semantic/symbol/type/visitor/TypeInfoVisitor
instanceKlass apex/jorje/semantic/symbol/type/common/TypeInfoUtil
instanceKlass apex/jorje/semantic/bcl/ListMethods
instanceKlass apex/jorje/semantic/symbol/type/parent/ParentTableFactory
instanceKlass apex/jorje/semantic/bcl/FlowInterviewMethods
instanceKlass apex/jorje/semantic/bcl/LabelMethods
instanceKlass apex/jorje/semantic/symbol/type/ArgumentTypeInfos
instanceKlass apex/jorje/semantic/bcl/EnumMethods
instanceKlass com/google/common/base/NullnessCasts
instanceKlass com/google/common/base/AbstractIterator$1
instanceKlass com/google/common/base/Splitter$5
instanceKlass com/google/common/base/AbstractIterator
instanceKlass com/google/common/base/Splitter$1
instanceKlass com/google/common/base/CharMatcher
instanceKlass com/google/common/base/Splitter$Strategy
instanceKlass com/google/common/base/Splitter
instanceKlass apex/jorje/semantic/symbol/member/variable/FieldInfo
instanceKlass apex/jorje/semantic/symbol/member/variable/Variable
instanceKlass apex/jorje/semantic/symbol/type/InternalTypeInfos
instanceKlass apex/jorje/semantic/bcl/DateMethods
instanceKlass apex/jorje/semantic/bcl/DateTimeMethods
instanceKlass java/util/Calendar
instanceKlass apex/jorje/semantic/bcl/TimeMethods
instanceKlass apex/jorje/semantic/bcl/StringMethods
instanceKlass apex/jorje/semantic/bcl/BooleanMethods
instanceKlass apex/jorje/semantic/bcl/IntegerMethods
instanceKlass apex/jorje/semantic/bcl/LongMethods
instanceKlass apex/jorje/semantic/bcl/DoubleMethods
instanceKlass apex/jorje/semantic/bcl/DecimalMethods
instanceKlass apex/jorje/semantic/bcl/IdMethods
instanceKlass apex/jorje/semantic/bcl/CurrencyMethods
instanceKlass apex/jorje/semantic/bcl/BlobMethods
instanceKlass apex/jorje/semantic/ast/modifier/Modifiers$NoLocFactory
instanceKlass apex/jorje/semantic/ast/modifier/Modifiers$Factory
instanceKlass apex/jorje/semantic/ast/modifier/Modifiers
instanceKlass apex/jorje/semantic/symbol/type/ModifierTypeInfos$18
instanceKlass apex/jorje/semantic/symbol/type/ModifierTypeInfos$17
instanceKlass apex/jorje/semantic/symbol/type/ModifierTypeInfos$16
instanceKlass apex/jorje/semantic/symbol/type/ModifierTypeInfos$15
instanceKlass apex/jorje/semantic/symbol/type/ModifierTypeInfos$14
instanceKlass apex/jorje/semantic/ast/modifier/rule/AnnotationContextRule
instanceKlass apex/jorje/semantic/symbol/type/ModifierTypeInfos$13
instanceKlass apex/jorje/semantic/symbol/type/ModifierTypeInfos$12
instanceKlass apex/jorje/semantic/symbol/type/ModifierTypeInfos$11
instanceKlass apex/jorje/semantic/symbol/type/ModifierTypeInfos$10
instanceKlass apex/jorje/semantic/symbol/type/ModifierTypeInfos$9
instanceKlass apex/jorje/semantic/symbol/type/ModifierTypeInfos$8
instanceKlass apex/jorje/semantic/symbol/type/ModifierTypeInfos$7
instanceKlass apex/jorje/semantic/symbol/type/ModifierTypeInfos$6
instanceKlass apex/jorje/semantic/ast/modifier/rule/AnnotationRuleGroup$Builder
instanceKlass apex/jorje/semantic/ast/modifier/rule/AnnotationRuleGroup
instanceKlass apex/jorje/semantic/symbol/type/ModifierTypeInfos$5
instanceKlass apex/jorje/semantic/symbol/type/ModifierTypeInfos$4
instanceKlass apex/jorje/semantic/symbol/type/ModifierTypeInfos$3
instanceKlass apex/jorje/semantic/symbol/type/ModifierTypeInfos$2
instanceKlass com/google/common/base/Equivalence$Wrapper
instanceKlass apex/jorje/semantic/symbol/type/naming/TypeNameUtil
instanceKlass apex/jorje/semantic/ast/modifier/ModifierGroup$AllSupplier
instanceKlass apex/common/base/WeakStringInterner
instanceKlass apex/jorje/semantic/compiler/Namespaces
instanceKlass com/google/common/collect/MoreLists
instanceKlass java/util/Spliterators$IteratorSpliterator
instanceKlass apex/jorje/semantic/symbol/member/method/MemoizingMethodTable
instanceKlass apex/common/base/Result
instanceKlass apex/jorje/semantic/symbol/member/variable/StandardFieldTable
instanceKlass apex/jorje/semantic/symbol/type/parent/StandardParentTable
instanceKlass apex/jorje/semantic/symbol/type/UnitType$1
instanceKlass apex/jorje/semantic/symbol/type/ModifierTypeInfos$1
instanceKlass apex/jorje/semantic/symbol/type/ModifierTypeInfos
instanceKlass apex/jorje/data/Locations$PositionFactory
instanceKlass apex/common/base/ObjectHash
instanceKlass apex/common/tuple/IntPairFactory
instanceKlass apex/common/tuple/IntPairInterner
instanceKlass apex/common/tuple/IntPair
instanceKlass apex/jorje/data/PositionLocation
instanceKlass apex/jorje/data/Locations$Factory
instanceKlass apex/jorje/data/Locations
instanceKlass apex/jorje/data/ast/Modifier$SwitchBlock
instanceKlass apex/jorje/semantic/ast/modifier/ModifierGroupBuilder
instanceKlass com/google/common/collect/MapMakerInternalMap$WeakKeyDummyValueEntry$Helper
instanceKlass com/google/common/collect/Interners$InternerImpl
instanceKlass com/google/common/collect/Interner
instanceKlass com/google/common/collect/Interners$InternerBuilder
instanceKlass com/google/common/collect/Interners
instanceKlass apex/jorje/semantic/symbol/type/visitor/ModifierOrAnnotationVisitor
instanceKlass apex/jorje/semantic/ast/modifier/ModifierGroups
instanceKlass com/google/common/base/Suppliers$MemoizingSupplier
instanceKlass com/google/common/base/Suppliers$NonSerializableMemoizingSupplier
instanceKlass apex/jorje/semantic/bcl/ObjectMethods
instanceKlass javax/xml/namespace/QName
instanceKlass apex/jorje/semantic/symbol/type/BasicType$Builder
instanceKlass apex/jorje/semantic/symbol/type/naming/TypeNameFactory
instanceKlass apex/common/base/Initializers$OfInstanceInitializer
instanceKlass apex/common/base/Initializers$MemoizingInitializer
instanceKlass apex/common/base/Initializers
instanceKlass apex/common/base/Initializer
instanceKlass apex/jorje/data/ast/CompilationUnit$MatchBlock
instanceKlass apex/jorje/semantic/symbol/type/parent/ParentTable
instanceKlass apex/jorje/semantic/symbol/member/method/MethodTable
instanceKlass apex/jorje/semantic/symbol/member/variable/FieldTable
instanceKlass apex/jorje/semantic/symbol/type/CodeUnitDetails
instanceKlass apex/jorje/semantic/symbol/type/AbstractTypeInfo$Builder
instanceKlass apex/common/collect/AbstractHashedMap$HashEntry
instanceKlass apex/common/collect/KeyValue
instanceKlass apex/common/collect/MapIterator
instanceKlass apex/common/collect/IterableMap
instanceKlass com/google/common/collect/MoreMaps
instanceKlass apex/jorje/semantic/symbol/type/StandardTypeInfo
instanceKlass apex/jorje/semantic/symbol/type/AbstractTypeInfo
instanceKlass apex/jorje/semantic/symbol/type/TypeInfos
instanceKlass apex/jorje/semantic/symbol/type/TypeInfoTables
instanceKlass apex/jorje/semantic/common/TestFlowInterviewTypeInfos
instanceKlass com/google/common/collect/MapMakerInternalMap$StrongValueEntry
instanceKlass com/google/inject/internal/DelegatingInvocationHandler
instanceKlass apex/jorje/lsp/impl/visitors/ApexOASContextVisitor$$FastClassByGuice$$48116f6
instanceKlass apex/jorje/lsp/impl/visitors/ApexOASEligibleSymbolVisitor$$FastClassByGuice$$4790d63
instanceKlass apex/jorje/lsp/impl/visitors/StandardDocumentSymbolVisitor$$FastClassByGuice$$465e85b
instanceKlass apex/jorje/lsp/impl/visitors/MethodNameConflictVisitor$$FastClassByGuice$$455069b
instanceKlass apex/jorje/lsp/impl/visitors/codeActions/ParameterPlaceholderVisitor$$FastClassByGuice$$445be7f
instanceKlass apex/jorje/lsp/impl/visitors/codeActions/DeclareMissingMethodVisitor$$FastClassByGuice$$43dd365
instanceKlass apex/jorje/lsp/impl/visitors/CodeActionVisitor$$FastClassByGuice$$42ac0e1
instanceKlass apex/jorje/lsp/impl/visitors/FieldNameConflictVisitor$$FastClassByGuice$$41f1591
instanceKlass apex/jorje/lsp/impl/visitors/InnerUserClassVisitor$$FastClassByGuice$$402c224
instanceKlass apex/jorje/lsp/impl/visitors/DocCommentVisitor$$FastClassByGuice$$3f820b7
instanceKlass apex/jorje/lsp/impl/index/converter/TypeInfoConverter$$FastClassByGuice$$3e5cf22
instanceKlass apex/jorje/lsp/impl/completions/ValidationBasedCompletionActivationStrategy$$FastClassByGuice$$3d2ab5a
instanceKlass apex/jorje/lsp/impl/completions/StringCompletionActivationStrategy$$FastClassByGuice$$3cdd51e
instanceKlass apex/jorje/lsp/impl/completions/SObjectCompletionActivationStrategy$$FastClassByGuice$$3bcfcc2
instanceKlass apex/jorje/lsp/impl/completions/PrefixCompletionActivationStrategy$$FastClassByGuice$$3ac4efb
instanceKlass sun/reflect/annotation/AnnotationInvocationHandler$1
instanceKlass com/google/inject/internal/WeakKeySet$KeyAndSource
instanceKlass com/google/common/collect/Count
instanceKlass com/google/common/base/Strings
instanceKlass com/google/inject/internal/SourceFormatter
instanceKlass com/google/inject/internal/Messages$Converter
instanceKlass com/google/inject/internal/Messages
instanceKlass apex/jorje/lsp/impl/completions/triggers/TriggerValidationBasedCompletionActivationStrategy$$FastClassByGuice$$394af13
instanceKlass com/google/inject/internal/InjectorShell$InheritedScannersModule
instanceKlass com/google/inject/internal/Initializer$1
instanceKlass com/google/common/collect/AbstractMapBasedMultimap$AsMap$AsMapIterator
instanceKlass com/google/inject/name/NamedImpl
instanceKlass com/google/inject/name/Named
instanceKlass com/google/inject/name/Names
instanceKlass com/google/inject/internal/Indexer$IndexedBinding
instanceKlass com/google/common/collect/AbstractMapBasedMultimap$WrappedCollection$WrappedIterator
instanceKlass com/google/inject/internal/SingleMethodInjector$1
instanceKlass com/google/inject/assistedinject/FactoryProvider2$$FastClassByGuice$$38f7a80
instanceKlass com/google/inject/internal/InjectorImpl$MethodInvoker
instanceKlass com/google/inject/internal/SingleMethodInjector
instanceKlass apex/jorje/lsp/impl/telemetry/StandardTelemetryHandler$$FastClassByGuice$$37ebf74
instanceKlass apex/jorje/lsp/impl/error/StandardErrorHandler$$FastClassByGuice$$3613384
instanceKlass apex/jorje/lsp/impl/codeLens/AnonymousApexCodeLensesProvider$$FastClassByGuice$$3566604
instanceKlass apex/jorje/lsp/impl/codeLens/ApexTestRunCodeLensesProvider$$FastClassByGuice$$34dc4a2
instanceKlass org/eclipse/lsp4j/Command
instanceKlass apex/jorje/lsp/impl/codeLens/CodeLensesProviderAggregator$$FastClassByGuice$$337f1eb
instanceKlass apex/jorje/lsp/impl/codeActions/ApexCodeActionsProvider$$FastClassByGuice$$323017e
instanceKlass apex/jorje/lsp/impl/codeActions/quickFix/DeclareMissingMethodProvider$$FastClassByGuice$$316662c
instanceKlass apex/jorje/lsp/impl/codeActions/quickFix/DeclareMissingMethodProvider$GeneratedMethod
instanceKlass org/eclipse/lsp4j/Range
instanceKlass apex/jorje/lsp/impl/codeActions/CodeActionsProviderAggregator$$FastClassByGuice$$301e4dd
instanceKlass apex/jorje/lsp/impl/services/StandardWorkspaceService$$FastClassByGuice$$2f2b9b6
instanceKlass apex/jorje/lsp/impl/workspace/WorkspaceChangeListenerDispatcher$$FastClassByGuice$$2e660fb
instanceKlass apex/jorje/lsp/impl/workspace/StandardDependentCompilationTracker$$FastClassByGuice$$2df8eb7
instanceKlass apex/jorje/lsp/impl/services/StandardTextDocumentService$$FastClassByGuice$$2c02a3a
instanceKlass org/eclipse/lsp4j/jsonrpc/CancelChecker
instanceKlass org/eclipse/lsp4j/DocumentFormattingParams
instanceKlass org/eclipse/lsp4j/DocumentRangeFormattingParams
instanceKlass org/eclipse/lsp4j/CodeLens
instanceKlass org/eclipse/lsp4j/WorkDoneProgressAndPartialResultParams
instanceKlass apex/jorje/lsp/impl/services/StandardTextDocumentService$ParamCreator
instanceKlass org/eclipse/lsp4j/PartialResultParams
instanceKlass apex/jorje/lsp/impl/workspace/StandardApexDocumentService$$FastClassByGuice$$2bfdec9
instanceKlass apex/jorje/lsp/impl/utils/StandardSymbolPrinter$$FastClassByGuice$$2ac5de8
instanceKlass apex/jorje/lsp/impl/tests/StandardTestService$$FastClassByGuice$$296bc36
instanceKlass apex/jorje/lsp/impl/tests/TestMethod
instanceKlass apex/jorje/lsp/impl/apexoas/ApexOASService$$FastClassByGuice$$28705fa
instanceKlass apex/jorje/lsp/api/apexoas/ApexOASEligiblePayload
instanceKlass apex/jorje/lsp/api/db/interfaces/IApexMethodParameter
instanceKlass apex/jorje/lsp/api/apexoas/ApexOASInterface
instanceKlass apex/jorje/lsp/api/db/interfaces/IApexField
instanceKlass apex/jorje/lsp/api/db/interfaces/IApexMethod
instanceKlass apex/jorje/lsp/impl/apexoas/ApexOASClientConfig
instanceKlass apex/jorje/lsp/impl/debug/ApexDebuggerService$$FastClassByGuice$$270646a
instanceKlass apex/jorje/lsp/impl/symbols/ApexSymbolProvider$$FastClassByGuice$$263bb8b
instanceKlass apex/jorje/semantic/compiler/Namespace
instanceKlass apex/jorje/lsp/impl/services/ServiceManagerProvider$$FastClassByGuice$$251b4fb
instanceKlass apex/jorje/lsp/ApexLanguageServerLauncher$$FastClassByGuice$$2404a40
instanceKlass org/eclipse/lsp4j/jsonrpc/messages/Message
instanceKlass apex/jorje/lsp/impl/services/ApexLanguageServer$$FastClassByGuice$$23e088f
instanceKlass org/eclipse/lsp4j/jsonrpc/services/JsonDelegate
instanceKlass org/eclipse/lsp4j/SetTraceParams
instanceKlass apex/jorje/lsp/api/client/ExtendedLanguageClient
instanceKlass org/eclipse/lsp4j/InitializeParams
instanceKlass apex/jorje/lsp/impl/concurrency/ParentProcessWatcher
instanceKlass java/util/concurrent/CompletableFuture
instanceKlass java/util/concurrent/CompletionStage
instanceKlass apex/jorje/lsp/impl/services/StandardCompilerService$$FastClassByGuice$$222a8d7
instanceKlass apex/jorje/semantic/compiler/ApexCompiler
instanceKlass apex/jorje/semantic/compiler/CompilerService
instanceKlass apex/jorje/semantic/compiler/Compiler
instanceKlass apex/jorje/lsp/impl/utils/CodeUnitLRU
instanceKlass apex/jorje/semantic/symbol/resolver/SymbolResolver
instanceKlass apex/jorje/semantic/compiler/sfdc/QueryValidator
instanceKlass apex/jorje/semantic/compiler/sfdc/AccessEvaluator
instanceKlass apex/jorje/lsp/impl/index/ApexIndexProvider$$FastClassByGuice$$21a135b
instanceKlass apex/jorje/lsp/impl/typings/TypeDefinitionLifecycleHandler$$FastClassByGuice$$20dca52
instanceKlass apex/jorje/lsp/impl/diagnostics/DiagnosticsReporter$$FastClassByGuice$$1f27399
instanceKlass apex/jorje/lsp/impl/document/DocumentLifecycleDispatcher$$FastClassByGuice$$1e9b21f
instanceKlass apex/jorje/lsp/impl/connection/StandardIoProvider$$FastClassByGuice$$1d5bcb4
instanceKlass apex/jorje/lsp/impl/concurrency/ExecutorServiceProvider$$FastClassByGuice$$1c59753
instanceKlass apex/jorje/lsp/impl/hover/StandardHoverProvider$$FastClassByGuice$$1bc166e
instanceKlass org/eclipse/lsp4j/Hover
instanceKlass apex/jorje/lsp/impl/rename/StandardRenameProvider$$FastClassByGuice$$1a6bbaf
instanceKlass org/eclipse/lsp4j/WorkspaceEdit
instanceKlass org/eclipse/lsp4j/WorkDoneProgressParams
instanceKlass apex/jorje/lsp/impl/references/DBBackedReferenceProvider$$FastClassByGuice$$1968873
instanceKlass apex/jorje/lsp/impl/references/ReferenceInfo
instanceKlass apex/jorje/lsp/api/db/interfaces/IApexReference
instanceKlass apex/jorje/semantic/symbol/member/method/MethodInfo
instanceKlass apex/jorje/lsp/impl/references/DBBackedReferenceProvider$DBReferenceInfo
instanceKlass apex/jorje/lsp/api/db/interfaces/IDb
instanceKlass apex/jorje/lsp/impl/references/TrackedUsageReferenceStrategy$$FastClassByGuice$$18995f4
instanceKlass org/eclipse/lsp4j/Location
instanceKlass apex/jorje/lsp/impl/references/ApexReferenceStrategyAggregator$$FastClassByGuice$$1775539
instanceKlass apex/jorje/lsp/impl/services/StandardDocumentationService$$FastClassByGuice$$1698ca7
instanceKlass org/eclipse/lsp4j/MarkupContent
instanceKlass apex/jorje/lsp/impl/definition/StandardSymbolsDefinitionStrategy$$FastClassByGuice$$15ad511
instanceKlass apex/jorje/lsp/impl/search/StandardMemberDefinitionLocator$$FastClassByGuice$$14a0017
instanceKlass apex/jorje/semantic/symbol/member/Member
instanceKlass apex/jorje/lsp/impl/search/StandardMemberDefinitionLocator$Locator
instanceKlass apex/jorje/lsp/impl/definition/ApexDefinitionStrategyAggregator$$FastClassByGuice$$13d8c7a
instanceKlass apex/jorje/lsp/impl/completions/SObjectFieldNamesCompletionStrategy$$FastClassByGuice$$1260689
instanceKlass apex/jorje/lsp/impl/completions/soql/EmbeddedSoqlCompletionStrategy$$FastClassByGuice$$11b0db3
instanceKlass apex/jorje/lsp/impl/completions/triggers/TriggerContextVariablesCompletionStrategy$$FastClassByGuice$$10535ff
instanceKlass apex/jorje/lsp/impl/completions/triggers/TriggerKeywordCompletionStrategy$$FastClassByGuice$$fbfe23
instanceKlass apex/jorje/lsp/impl/completions/SystemNamespaceCompletionStrategy$$FastClassByGuice$$e2cc36
instanceKlass apex/jorje/lsp/impl/completions/TypesCompletionStrategy$$FastClassByGuice$$d156a7
instanceKlass org/eclipse/lsp4j/CompletionItem
instanceKlass apex/jorje/lsp/impl/utils/ConstructorContextUtil$$FastClassByGuice$$c1a8ff
instanceKlass apex/jorje/lsp/impl/utils/ConstructorContextUtil
instanceKlass apex/jorje/lsp/impl/completions/MembersCompletionStrategy$$FastClassByGuice$$bed2f0
instanceKlass apex/jorje/lsp/impl/utils/MembersContextUtil$$FastClassByGuice$$acf65c
instanceKlass apex/jorje/lsp/impl/utils/MembersContextUtil
instanceKlass apex/jorje/lsp/impl/completions/MethodNamesCompletionStrategy$$FastClassByGuice$$9e4f1b
instanceKlass apex/jorje/lsp/impl/completions/FieldNamesCompletionStrategy$$FastClassByGuice$$8136ac
instanceKlass apex/jorje/lsp/impl/utils/NamesCompletionStrategies$NameProcessor
instanceKlass apex/jorje/lsp/impl/completions/LocalVariableNamesCompletionStrategy$$FastClassByGuice$$78a0f9
instanceKlass apex/jorje/lsp/impl/completions/ApexCompletionStrategyAggregator$$FastClassByGuice$$63381f
instanceKlass org/apache/commons/lang3/mutable/MutableBoolean
instanceKlass org/apache/commons/lang3/mutable/Mutable
instanceKlass org/eclipse/lsp4j/TextDocumentPositionParams
instanceKlass com/google/inject/internal/DefaultConstructionProxyFactory$ReflectiveProxy
instanceKlass apex/jorje/lsp/impl/utils/SfdxProjects$$FastClassByGuice$$535480
instanceKlass apex/jorje/lsp/impl/utils/Symbols$$FastClassByGuice$$4a6b8e
instanceKlass apex/jorje/lsp/impl/utils/Symbols$Builder
instanceKlass apex/jorje/lsp/impl/services/ApexPreludeManagedService$$FastClassByGuice$$38f9d2
instanceKlass apex/jorje/semantic/compiler/SourceFile
instanceKlass apex/jorje/semantic/compiler/SourceInfo
instanceKlass apex/jorje/lsp/impl/index/ApexIndexer$$FastClassByGuice$$2f0a22
instanceKlass apex/jorje/lsp/impl/utils/ApexIndexerOperationForUri
instanceKlass org/eclipse/lsp4j/DidSaveTextDocumentParams
instanceKlass org/eclipse/lsp4j/DidChangeTextDocumentParams
instanceKlass org/eclipse/lsp4j/DidCloseTextDocumentParams
instanceKlass org/eclipse/lsp4j/DidOpenTextDocumentParams
instanceKlass org/eclipse/lsp4j/DidChangeConfigurationParams
instanceKlass org/eclipse/lsp4j/DidChangeWatchedFilesParams
instanceKlass apex/jorje/semantic/compiler/CodeUnit
instanceKlass apex/jorje/lsp/impl/index/SfdxProjectPOJO
instanceKlass java/util/concurrent/CountDownLatch
instanceKlass com/google/common/util/concurrent/AbstractScheduledService$Scheduler
instanceKlass java/util/concurrent/ScheduledExecutorService
instanceKlass apex/jorje/lsp/impl/typings/Typings$$FastClassByGuice$$1ecce3
instanceKlass java/nio/file/PathMatcher
instanceKlass com/google/inject/internal/DefaultConstructionProxyFactory$FastClassProxy
instanceKlass com/google/inject/internal/aop/ImmutableStringTrie
instanceKlass java/util/function/ToIntFunction
instanceKlass apex/jorje/lsp/impl/typings/TypeDefinitionWriter$$FastClassByGuice$$8ca8c
instanceKlass com/google/inject/internal/aop/GeneratedClassDefiner
instanceKlass com/google/inject/internal/aop/UnsafeClassDefiner$ClassLoaderDefineClassHolder
instanceKlass com/google/inject/internal/asm/$Handler
instanceKlass com/google/inject/internal/asm/$Attribute
instanceKlass com/google/inject/internal/aop/BytecodeTasks
instanceKlass com/google/inject/internal/asm/$Handle
instanceKlass com/google/inject/internal/asm/$Label
instanceKlass com/google/inject/internal/asm/$Frame
instanceKlass com/google/inject/internal/asm/$ByteVector
instanceKlass com/google/inject/internal/asm/$Symbol
instanceKlass com/google/inject/internal/asm/$SymbolTable
instanceKlass com/google/inject/internal/asm/$FieldVisitor
instanceKlass com/google/inject/internal/asm/$MethodVisitor
instanceKlass com/google/inject/internal/asm/$AnnotationVisitor
instanceKlass com/google/inject/internal/asm/$ModuleVisitor
instanceKlass com/google/inject/internal/asm/$RecordComponentVisitor
instanceKlass com/google/inject/internal/asm/$ClassVisitor
instanceKlass com/google/inject/internal/aop/AbstractGlueGenerator
instanceKlass com/google/inject/internal/asm/$Type
instanceKlass com/google/inject/internal/aop/HiddenClassDefiner
instanceKlass java/util/Collections$UnmodifiableCollection$1
instanceKlass java/lang/StackTraceElement$HashedModules
instanceKlass com/google/inject/internal/aop/UnsafeGetter
instanceKlass com/google/inject/internal/aop/AnonymousClassDefiner
instanceKlass com/google/inject/internal/aop/UnsafeClassDefiner
instanceKlass com/google/inject/internal/aop/ClassDefining$ClassDefinerHolder
instanceKlass com/google/inject/internal/aop/ClassDefiner
instanceKlass com/google/inject/internal/aop/ClassDefining
instanceKlass com/google/inject/internal/BytecodeGen$EnhancerBuilder
instanceKlass com/google/inject/internal/aop/ClassBuilding
instanceKlass com/google/common/collect/MapMakerInternalMap$WeakKeyStrongValueEntry$Helper
instanceKlass com/google/common/collect/MapMakerInternalMap$InternalEntry
instanceKlass com/google/common/collect/MapMakerInternalMap$1
instanceKlass com/google/common/collect/MapMakerInternalMap$InternalEntryHelper
instanceKlass com/google/common/collect/MapMakerInternalMap$WeakValueReference
instanceKlass com/google/common/collect/MapMaker
instanceKlass com/google/inject/internal/BytecodeGen
instanceKlass com/google/inject/internal/DefaultConstructionProxyFactory
instanceKlass com/google/inject/internal/ConstructorInjector
instanceKlass com/google/inject/internal/ConstructionProxy
instanceKlass com/google/inject/internal/ProxyFactory
instanceKlass com/google/common/collect/TransformedIterator
instanceKlass com/google/inject/spi/InterceptorBinding
instanceKlass com/google/inject/internal/MethodAspect
instanceKlass com/google/inject/internal/MembersInjectorImpl
instanceKlass com/google/inject/internal/EncounterImpl
instanceKlass apex/jorje/lsp/impl/typings/TypeDefinitionModule
instanceKlass apex/jorje/lsp/impl/typings/TypeDefinitionWriter
instanceKlass apex/jorje/lsp/impl/typings/Typings
instanceKlass com/google/common/util/concurrent/Service$Listener
instanceKlass com/google/common/util/concurrent/AbstractService
instanceKlass com/google/inject/internal/InjectorImpl$SyntheticProviderBindingImpl$1
instanceKlass com/google/inject/internal/InjectorImpl$1
instanceKlass apex/jorje/lsp/impl/utils/SfdxProjects$ProjectFileVisitor
instanceKlass com/google/inject/internal/ConstructorBindingImpl$Factory
instanceKlass java/nio/file/FileVisitor
instanceKlass com/google/inject/ProvidedBy
instanceKlass com/google/inject/ImplementedBy
instanceKlass com/google/inject/internal/InternalFactoryToProviderAdapter
instanceKlass com/google/inject/internal/ConstructionContext
instanceKlass com/google/inject/internal/SingletonScope$1
instanceKlass com/google/inject/internal/ProviderToInternalFactoryAdapter
instanceKlass com/google/inject/internal/BindingProcessor$2
instanceKlass com/google/inject/multibindings/MultibindingsTargetVisitor
instanceKlass com/google/inject/internal/FactoryProxy
instanceKlass com/google/common/cache/LocalCache$AbstractReferenceEntry
instanceKlass com/google/inject/internal/ProvisionListenerCallbackStore$KeyBinding
instanceKlass com/google/inject/internal/ProviderInternalFactory
instanceKlass com/google/inject/internal/CycleDetectingLock$CycleDetectingLockFactory$ReentrantCycleDetectingLock
instanceKlass com/google/inject/internal/Initializer$InjectableReference
instanceKlass com/google/inject/assistedinject/AssistedInjectTargetVisitor
instanceKlass com/google/inject/spi/ExposedBinding
instanceKlass com/google/inject/internal/CreationListener
instanceKlass com/google/inject/internal/InjectorShell$LoggerFactory
instanceKlass com/google/inject/internal/InjectorShell$InjectorFactory
instanceKlass com/google/inject/internal/Initializables$1
instanceKlass com/google/inject/internal/Initializables
instanceKlass com/google/inject/internal/ConstantFactory
instanceKlass com/google/inject/internal/InjectorShell
instanceKlass com/google/inject/internal/ProvisionListenerCallbackStore
instanceKlass com/google/inject/spi/TypeEncounter
instanceKlass com/google/inject/internal/SingleMemberInjector
instanceKlass com/google/inject/internal/MembersInjectorStore
instanceKlass com/google/inject/internal/TypeConverterBindingProcessor$4
instanceKlass com/google/inject/internal/TypeConverterBindingProcessor$2
instanceKlass com/google/inject/internal/TypeConverterBindingProcessor$1
instanceKlass com/google/inject/spi/TypeConverterBinding
instanceKlass com/google/inject/matcher/AbstractMatcher
instanceKlass com/google/inject/matcher/Matchers
instanceKlass com/google/inject/internal/TypeConverterBindingProcessor$5
instanceKlass com/google/inject/internal/ConstructionProxyFactory
instanceKlass com/google/inject/internal/FailableCache
instanceKlass com/google/inject/internal/ConstructorInjectorStore
instanceKlass com/google/inject/internal/DeferredLookups
instanceKlass com/google/inject/spi/ConvertedConstantBinding
instanceKlass com/google/inject/spi/ProviderBinding
instanceKlass com/google/inject/internal/InjectorImpl$InjectorOptions
instanceKlass org/eclipse/lsp4j/jsonrpc/services/JsonSegment
instanceKlass javax/annotation/Nonnull
instanceKlass javax/annotation/meta/TypeQualifierDefault
instanceKlass com/google/common/util/concurrent/ElementTypesAreNonnullByDefault
instanceKlass com/google/inject/internal/GuiceInternal
instanceKlass com/google/inject/internal/util/StackTraceElements$InMemoryStackTraceElement
instanceKlass com/google/inject/internal/util/StackTraceElements
instanceKlass apex/jorje/lsp/impl/telemetry/TelemetryFactory
instanceKlass apex/jorje/lsp/impl/telemetry/StandardTelemetryHandler
instanceKlass apex/jorje/lsp/api/telemetry/TelemetryHandler
instanceKlass apex/jorje/lsp/impl/error/StandardErrorHandler
instanceKlass apex/jorje/lsp/api/error/ErrorHandler
instanceKlass apex/jorje/lsp/impl/codeLens/AnonymousApexCodeLensesProvider
instanceKlass apex/jorje/lsp/impl/codeLens/ApexTestRunCodeLensesProvider
instanceKlass apex/jorje/lsp/impl/codeLens/CodeLensesProviderAggregator
instanceKlass apex/jorje/lsp/api/codeLenses/CodeLensProvider
instanceKlass apex/jorje/lsp/impl/codeActions/BaseCodeActionsProvider
instanceKlass apex/jorje/lsp/api/codeActions/QuickFixProvider
instanceKlass apex/jorje/lsp/impl/codeActions/CodeActionsProviderAggregator
instanceKlass apex/jorje/lsp/api/codeActions/CodeActionsProvider
instanceKlass apex/jorje/lsp/impl/workspace/WorkspaceChangeListenerDispatcher
instanceKlass apex/jorje/lsp/impl/services/StandardWorkspaceService
instanceKlass org/eclipse/lsp4j/services/WorkspaceService
instanceKlass apex/jorje/lsp/impl/workspace/StandardDependentCompilationTracker
instanceKlass apex/jorje/lsp/api/workspace/DependentCompilationTracker
instanceKlass apex/jorje/lsp/impl/services/StandardTextDocumentService
instanceKlass org/eclipse/lsp4j/services/TextDocumentService
instanceKlass apex/jorje/lsp/impl/workspace/StandardApexDocumentService
instanceKlass apex/jorje/lsp/api/workspace/ApexDocumentService
instanceKlass apex/jorje/lsp/api/apexoas/ApexAnnotationDetail
instanceKlass apex/jorje/lsp/api/apexoas/ApexOASPropertyDetail
instanceKlass org/eclipse/lsp4j/jsonrpc/messages/Either
instanceKlass apex/jorje/lsp/api/apexoas/ApexOASMethodDetail
instanceKlass apex/jorje/lsp/api/apexoas/ApexClassOASGatherContextResponse
instanceKlass apex/jorje/lsp/api/visitors/ApexOASContextVisitorFactory
instanceKlass apex/jorje/lsp/api/apexoas/SymbolEligibility
instanceKlass java/lang/reflect/AnnotatedParameterizedType
instanceKlass sun/reflect/generics/tree/MethodTypeSignature
instanceKlass sun/reflect/generics/tree/VoidDescriptor
instanceKlass apex/jorje/semantic/symbol/type/ModifierOrAnnotationTypeInfo
instanceKlass apex/jorje/lsp/api/apexoas/ApexClassOASEligibleResponse
instanceKlass apex/jorje/lsp/api/visitors/ApexOASEligibleSymbolVisitorFactory
instanceKlass apex/jorje/data/Location
instanceKlass org/eclipse/lsp4j/DocumentSymbol
instanceKlass apex/jorje/semantic/symbol/member/method/signature/Signature
instanceKlass apex/jorje/parser/impl/HiddenToken
instanceKlass apex/jorje/semantic/ast/statement/WhenCases$IdentifierCase
instanceKlass apex/jorje/semantic/ast/statement/ElseWhenBlock
instanceKlass apex/jorje/semantic/ast/modifier/ModifierNode
instanceKlass apex/jorje/semantic/ast/statement/TypeWhenBlock
instanceKlass apex/jorje/semantic/ast/statement/ValueWhenBlock
instanceKlass apex/jorje/semantic/ast/statement/WhenBlock
instanceKlass apex/jorje/semantic/ast/expression/ReferenceContext
instanceKlass apex/jorje/semantic/ast/statement/WhenCases$LiteralCase
instanceKlass apex/jorje/semantic/ast/statement/WhenCase
instanceKlass apex/jorje/semantic/ast/member/Field
instanceKlass apex/jorje/semantic/ast/member/Property
instanceKlass apex/jorje/semantic/ast/member/PropertyDescriptor
instanceKlass apex/jorje/semantic/ast/expression/BindExpressions
instanceKlass apex/jorje/semantic/ast/expression/MapEntryNode
instanceKlass apex/jorje/semantic/ast/expression/QueryNode
instanceKlass apex/jorje/semantic/ast/modifier/ModifierOrAnnotation
instanceKlass apex/jorje/semantic/ast/compilation/UserExceptionMethods
instanceKlass apex/jorje/semantic/ast/modifier/ModifierGroup
instanceKlass apex/jorje/semantic/ast/modifier/AnnotationParameter
instanceKlass apex/jorje/semantic/ast/member/Method
instanceKlass apex/jorje/semantic/ast/member/Parameter
instanceKlass apex/jorje/semantic/ast/condition/StandardCondition
instanceKlass apex/jorje/semantic/ast/condition/Condition
instanceKlass apex/jorje/semantic/ast/compilation/UserClassMethods
instanceKlass apex/jorje/semantic/ast/statement/Statement
instanceKlass apex/jorje/semantic/ast/member/bridge/BridgeMethodCreator
instanceKlass apex/jorje/semantic/ast/expression/Expression
instanceKlass apex/jorje/semantic/ast/expression/ShortCircuitable
instanceKlass apex/jorje/parser/impl/HiddenToken$Visitor
instanceKlass apex/jorje/semantic/ast/compilation/Compilation
instanceKlass apex/jorje/semantic/ast/AstNode
instanceKlass apex/jorje/data/Locatable
instanceKlass apex/jorje/semantic/ast/visitor/Scope
instanceKlass apex/jorje/lsp/api/visitors/VisitorFactory
instanceKlass apex/jorje/lsp/impl/utils/SfdxProjects
instanceKlass apex/jorje/lsp/impl/utils/Symbols
instanceKlass apex/jorje/lsp/impl/utils/StandardSymbolPrinter
instanceKlass apex/jorje/lsp/api/utils/SymbolPrinter
instanceKlass apex/jorje/lsp/impl/tests/StandardTestService
instanceKlass apex/jorje/lsp/api/tests/TestService
instanceKlass apex/jorje/lsp/impl/apexoas/ApexOASService
instanceKlass org/eclipse/lsp4j/services/LanguageClientAware
instanceKlass apex/jorje/lsp/api/apexoas/OASService
instanceKlass apex/jorje/lsp/impl/debug/ApexDebuggerService
instanceKlass apex/jorje/lsp/api/debug/DebuggerService
instanceKlass apex/jorje/lsp/impl/symbols/ApexSymbolProvider
instanceKlass apex/jorje/lsp/api/symbols/CachingSymbolProvider
instanceKlass apex/jorje/semantic/compiler/sfdc/SymbolProvider
instanceKlass apex/jorje/lsp/impl/services/ServiceManagerProvider
instanceKlass com/google/common/util/concurrent/ServiceManager
instanceKlass com/google/common/util/concurrent/ServiceManagerBridge
instanceKlass apex/jorje/lsp/impl/workspace/ServerSetup
instanceKlass com/google/common/util/concurrent/AbstractIdleService
instanceKlass apex/jorje/lsp/impl/services/ApexLanguageServer
instanceKlass apex/jorje/lsp/api/client/ExtendedLanguageClientAware
instanceKlass org/eclipse/lsp4j/services/LanguageServer
instanceKlass apex/jorje/lsp/impl/services/StandardCompilerService
instanceKlass apex/jorje/lsp/impl/index/ApexIndexProvider
instanceKlass apex/jorje/lsp/api/db/interfaces/IApexTypeId
instanceKlass apex/jorje/lsp/api/db/interfaces/IApexType
instanceKlass apex/jorje/semantic/symbol/type/TypeInfo
instanceKlass apex/jorje/semantic/symbol/type/naming/TypeNameProvider
instanceKlass apex/jorje/lsp/impl/index/converter/MethodConverter
instanceKlass apex/jorje/lsp/impl/index/converter/FieldConverter
instanceKlass apex/jorje/lsp/impl/index/converter/ParameterConverter
instanceKlass apex/jorje/lsp/impl/index/converter/TypeIdConverter
instanceKlass com/google/common/collect/Iterables
instanceKlass java/util/stream/ForEachOps$ForEachOp
instanceKlass java/util/stream/ForEachOps
instanceKlass apex/jorje/lsp/api/db/interfaces/IApexIndex
instanceKlass apex/jorje/lsp/api/db/interfaces/IApexResourceFile
instanceKlass apex/jorje/lsp/api/db/interfaces/IApexNode
instanceKlass apex/jorje/lsp/api/index/converter/ConverterFactory
instanceKlass apex/jorje/lsp/impl/index/converter/TypeInfoConverter
instanceKlass apex/jorje/lsp/impl/typings/TypeDefinitionLifecycleHandler
instanceKlass apex/jorje/lsp/impl/diagnostics/DiagnosticsReporter
instanceKlass com/google/common/util/concurrent/AbstractScheduledService
instanceKlass com/google/common/util/concurrent/Service
instanceKlass apex/jorje/lsp/api/workspace/WorkspaceChangeListener
instanceKlass apex/jorje/lsp/impl/document/DocumentLifecycleDispatcher
instanceKlass apex/jorje/lsp/api/document/DocumentLifecycleHandler
instanceKlass apex/jorje/lsp/impl/connection/StandardIoProvider
instanceKlass apex/jorje/lsp/api/connection/ConnectionStreamProvider
instanceKlass apex/jorje/lsp/impl/concurrency/ExecutorServiceProvider
instanceKlass apex/jorje/lsp/impl/hover/StandardHoverProvider
instanceKlass apex/jorje/lsp/api/hover/HoverProvider
instanceKlass apex/jorje/lsp/impl/rename/StandardRenameProvider
instanceKlass apex/jorje/lsp/api/rename/RenameProvider
instanceKlass apex/jorje/lsp/impl/references/DBBackedReferenceProvider
instanceKlass apex/jorje/lsp/api/references/ReferenceLocationProvider
instanceKlass apex/jorje/lsp/impl/references/TrackedUsageReferenceStrategy
instanceKlass apex/jorje/lsp/impl/references/ApexReferenceStrategyAggregator
instanceKlass apex/jorje/lsp/api/references/ReferenceStrategy
instanceKlass apex/jorje/lsp/impl/services/StandardDocumentationService
instanceKlass apex/jorje/lsp/api/services/DocumentationService
instanceKlass apex/jorje/lsp/impl/definition/StandardSymbolsDefinitionStrategy
instanceKlass apex/jorje/lsp/impl/search/StandardMemberDefinitionLocator
instanceKlass apex/jorje/lsp/api/search/MemberDefinitionLocator
instanceKlass apex/jorje/lsp/impl/definition/ApexDefinitionStrategyAggregator
instanceKlass apex/jorje/lsp/api/definition/DefinitionStrategy
instanceKlass apex/jorje/lsp/impl/completions/SObjectFieldNamesCompletionStrategy
instanceKlass apex/jorje/lsp/impl/completions/soql/EmbeddedSoqlCompletionStrategy
instanceKlass apex/jorje/lsp/impl/completions/triggers/TriggerContextVariablesCompletionStrategy
instanceKlass apex/jorje/lsp/impl/completions/triggers/TriggerKeywordCompletionStrategy
instanceKlass apex/jorje/lsp/impl/completions/SystemNamespaceCompletionStrategy
instanceKlass apex/jorje/lsp/impl/completions/TypesCompletionStrategy
instanceKlass apex/jorje/lsp/impl/completions/MembersCompletionStrategy
instanceKlass apex/jorje/lsp/impl/completions/MethodNamesCompletionStrategy
instanceKlass apex/jorje/lsp/impl/completions/FieldNamesCompletionStrategy
instanceKlass apex/jorje/lsp/impl/completions/LocalVariableNamesCompletionStrategy
instanceKlass com/google/inject/internal/RealElement
instanceKlass com/google/inject/internal/Element
instanceKlass com/google/inject/internal/MoreTypes$WildcardTypeImpl
instanceKlass com/google/inject/internal/SingleParameterInjector
instanceKlass com/google/inject/internal/InjectorImpl
instanceKlass com/google/inject/internal/Lookups
instanceKlass com/google/inject/internal/InternalContext
instanceKlass com/google/inject/internal/ProvisionListenerStackCallback
instanceKlass sun/reflect/misc/ReflectUtil
instanceKlass sun/reflect/generics/reflectiveObjects/ParameterizedTypeImpl
instanceKlass com/google/inject/internal/ProvisionListenerStackCallback$ProvisionCallback
instanceKlass com/google/inject/internal/InternalProviderInstanceBindingImpl$Factory
instanceKlass com/google/inject/multibindings/MultibinderBinding
instanceKlass sun/reflect/generics/reflectiveObjects/LazyReflectiveObjectGenerator
instanceKlass com/google/inject/internal/MoreTypes$ParameterizedTypeImpl
instanceKlass com/google/inject/internal/MoreTypes$CompositeType
instanceKlass com/google/inject/util/Types
instanceKlass com/google/inject/internal/RealMultibinder$BindingSelection
instanceKlass apex/jorje/lsp/impl/completions/ApexCompletionStrategyAggregator
instanceKlass apex/jorje/lsp/api/completions/CompletionStrategy
instanceKlass com/google/inject/spi/ProvisionListener
instanceKlass com/google/inject/spi/TypeListener
instanceKlass com/google/inject/MembersInjector
instanceKlass com/google/inject/spi/TypeConverter
instanceKlass org/aopalliance/intercept/MethodInterceptor
instanceKlass org/aopalliance/intercept/Interceptor
instanceKlass org/aopalliance/aop/Advice
instanceKlass com/google/inject/matcher/Matcher
instanceKlass com/google/inject/spi/Message
instanceKlass com/google/inject/spi/InjectionPoint$OverrideIndex
instanceKlass com/google/inject/spi/Toolable
instanceKlass sun/reflect/generics/tree/TypeVariableSignature
instanceKlass com/google/inject/internal/Scoping
instanceKlass com/google/inject/internal/InternalFactory
instanceKlass com/google/inject/internal/InternalFlags$1
instanceKlass com/google/inject/internal/InternalFlags
instanceKlass com/google/inject/spi/ProviderKeyBinding
instanceKlass com/google/inject/spi/ProviderInstanceBinding
instanceKlass com/google/inject/internal/DelayedInitialize
instanceKlass com/google/inject/spi/ConstructorBinding
instanceKlass com/google/inject/spi/InstanceBinding
instanceKlass com/google/inject/spi/LinkedKeyBinding
instanceKlass com/google/inject/spi/UntargettedBinding
instanceKlass com/google/inject/internal/BindingImpl
instanceKlass com/google/common/collect/AbstractMapBasedMultimap$Itr
instanceKlass com/google/inject/assistedinject/FactoryProvider2$AssistData
instanceKlass com/google/inject/assistedinject/AssistedMethod
instanceKlass com/google/inject/Inject
instanceKlass jakarta/inject/Inject
instanceKlass com/google/inject/spi/InjectionPoint$InjectableMembers
instanceKlass com/google/inject/spi/Dependency
instanceKlass com/google/inject/internal/Nullability
instanceKlass com/google/inject/internal/KotlinSupport$KotlinUnsupported
instanceKlass com/google/inject/internal/KotlinSupport$KotlinSupportHolder
instanceKlass com/google/inject/internal/KotlinSupportInterface
instanceKlass com/google/inject/internal/KotlinSupport
instanceKlass com/google/inject/spi/InjectionPoint$InjectableMember
instanceKlass com/google/inject/spi/InjectionPoint
instanceKlass com/google/errorprone/annotations/Keep
instanceKlass apex/jorje/lsp/api/services/ApexCompilerService
instanceKlass apex/jorje/semantic/ast/visitor/AstVisitor
instanceKlass com/google/inject/internal/util/Classes
instanceKlass jakarta/inject/Named
instanceKlass com/google/inject/Key$AnnotationInstanceStrategy
instanceKlass com/google/common/cache/LocalCache$StrongValueReference
instanceKlass com/google/common/util/concurrent/AbstractFuture$Failure
instanceKlass com/google/common/util/concurrent/AbstractFuture$Cancellation
instanceKlass com/google/common/util/concurrent/AbstractFuture$SetFuture
instanceKlass com/google/common/util/concurrent/Uninterruptibles
instanceKlass com/google/common/util/concurrent/AbstractFuture$Waiter
instanceKlass com/google/common/util/concurrent/AbstractFuture$Listener
instanceKlass jdk/internal/reflect/UnsafeFieldAccessorFactory
instanceKlass com/google/common/util/concurrent/AbstractFuture$UnsafeAtomicHelper$1
instanceKlass sun/misc/Unsafe
instanceKlass com/google/common/util/concurrent/AbstractFuture$AtomicHelper
instanceKlass com/google/common/util/concurrent/internal/InternalFutureFailureAccess
instanceKlass com/google/common/util/concurrent/AbstractFuture$Trusted
instanceKlass com/google/common/util/concurrent/ListenableFuture
instanceKlass java/lang/annotation/Documented
instanceKlass com/google/common/collect/ObjectArrays
instanceKlass java/lang/reflect/WildcardType
instanceKlass java/lang/reflect/ParameterizedType
instanceKlass apex/jorje/lsp/impl/completions/ValidationBasedCompletionActivationStrategy
instanceKlass apex/jorje/lsp/impl/completions/StringCompletionActivationStrategy
instanceKlass apex/jorje/lsp/impl/completions/SObjectCompletionActivationStrategy
instanceKlass apex/jorje/lsp/impl/completions/PrefixCompletionActivationStrategy
instanceKlass apex/jorje/lsp/impl/completions/triggers/TriggerValidationBasedCompletionActivationStrategy
instanceKlass org/eclipse/lsp4j/Position
instanceKlass apex/jorje/lsp/api/document/Document
instanceKlass com/google/inject/assistedinject/FactoryProvider2$1
instanceKlass com/google/inject/assistedinject/AssistedInject
instanceKlass com/google/inject/internal/UniqueAnnotations$1
instanceKlass jakarta/inject/Qualifier
instanceKlass com/google/inject/BindingAnnotation
instanceKlass jakarta/inject/Scope
instanceKlass com/google/inject/ScopeAnnotation
instanceKlass com/google/inject/internal/Annotations$AnnotationChecker
instanceKlass com/google/inject/internal/Annotations$TestAnnotation
instanceKlass com/google/inject/internal/Annotations$AnnotationToStringConfig
instanceKlass com/google/common/base/Joiner$MapJoiner
instanceKlass com/google/common/base/Joiner
instanceKlass com/google/inject/internal/Annotations
instanceKlass com/google/inject/internal/UniqueAnnotations$Internal
instanceKlass com/google/inject/internal/UniqueAnnotations
instanceKlass com/google/inject/assistedinject/Assisted
instanceKlass com/google/inject/assistedinject/FactoryProvider2
instanceKlass com/google/inject/assistedinject/AssistedInjectBinding
instanceKlass com/google/inject/spi/HasDependencies
instanceKlass com/google/inject/spi/ProviderWithExtensionVisitor
instanceKlass com/google/inject/Key$AnnotationStrategy
instanceKlass com/google/inject/Key
instanceKlass apex/jorje/lsp/impl/completions/CompletionActivationFactory
instanceKlass com/google/inject/assistedinject/BindingCollector
instanceKlass com/google/inject/assistedinject/FactoryModuleBuilder
instanceKlass com/google/inject/util/Modules$EmptyModule
instanceKlass com/google/inject/util/Modules$OverriddenModuleBuilder
instanceKlass com/google/inject/util/Modules
instanceKlass java/util/stream/Nodes$ArrayNode
instanceKlass java/util/stream/Node$Builder
instanceKlass java/util/stream/Node$OfDouble
instanceKlass java/util/stream/Node$OfLong
instanceKlass java/util/stream/Node$OfInt
instanceKlass java/util/stream/Node$OfPrimitive
instanceKlass java/util/stream/Nodes$EmptyNode
instanceKlass java/util/stream/Node
instanceKlass java/util/stream/Nodes
instanceKlass java/util/function/IntFunction
instanceKlass java/util/stream/SortedOps
instanceKlass com/google/common/collect/Ordering
instanceKlass com/google/inject/internal/DeclaredMembers
instanceKlass com/google/common/base/ExtraObjectsMethodsForWeb
instanceKlass com/google/common/collect/ImmutableMap$Builder
instanceKlass com/google/inject/internal/MoreTypes
instanceKlass com/google/inject/TypeLiteral
instanceKlass com/google/inject/multibindings/ProvidesIntoOptional
instanceKlass com/google/inject/multibindings/ProvidesIntoMap
instanceKlass com/google/inject/multibindings/ProvidesIntoSet
instanceKlass com/google/inject/Provides
instanceKlass com/google/inject/spi/ModuleAnnotatedMethodScanner
instanceKlass jakarta/inject/Singleton
instanceKlass com/google/inject/spi/ElementSource
instanceKlass com/google/inject/spi/ScopeBinding
instanceKlass com/google/inject/Scopes$2
instanceKlass com/google/inject/Scopes$1
instanceKlass com/google/inject/internal/SingletonScope
instanceKlass com/google/inject/spi/BindingScopingVisitor
instanceKlass com/google/inject/Scope
instanceKlass com/google/inject/Scopes
instanceKlass com/google/inject/Singleton
instanceKlass com/google/inject/spi/Elements$ModuleInfo
instanceKlass com/google/inject/PrivateModule
instanceKlass java/util/stream/Streams$2
instanceKlass java/util/stream/Streams$ConcatSpliterator
instanceKlass sun/reflect/annotation/AnnotatedTypeFactory$AnnotatedTypeBaseImpl
instanceKlass java/lang/reflect/AnnotatedType
instanceKlass sun/reflect/annotation/AnnotatedTypeFactory
instanceKlass sun/reflect/annotation/TypeAnnotation$LocationInfo$Location
instanceKlass sun/reflect/annotation/TypeAnnotation$LocationInfo
instanceKlass sun/reflect/generics/tree/ClassSignature
instanceKlass sun/reflect/generics/tree/Signature
instanceKlass sun/reflect/generics/tree/FormalTypeParameter
instanceKlass java/lang/reflect/TypeVariable
instanceKlass sun/reflect/generics/repository/AbstractRepository
instanceKlass sun/reflect/annotation/TypeAnnotation
instanceKlass sun/reflect/annotation/TypeAnnotationParser
instanceKlass com/google/inject/RestrictedBindingSource
instanceKlass com/google/inject/spi/BindingSourceRestriction
instanceKlass com/google/inject/spi/ModuleSource
instanceKlass com/google/inject/spi/BindingSourceRestriction$PermitMapConstruction$PermitMapImpl
instanceKlass com/google/inject/spi/BindingSourceRestriction$PermitMap
instanceKlass com/google/inject/spi/BindingSourceRestriction$PermitMapConstruction
instanceKlass com/google/inject/internal/ProviderMethodsModule
instanceKlass com/google/inject/internal/RealOptionalBinder
instanceKlass com/google/inject/internal/RealMultibinder
instanceKlass com/google/inject/internal/RealMapBinder$MultimapBinder
instanceKlass com/google/inject/internal/RealMapBinder
instanceKlass com/google/inject/internal/InternalClassesToSkipSources
instanceKlass com/google/inject/multibindings/OptionalBinder
instanceKlass com/google/inject/multibindings/Multibinder
instanceKlass com/google/inject/multibindings/MapBinder
instanceKlass com/google/inject/internal/AbstractBindingBuilder
instanceKlass com/google/inject/binder/ConstantBindingBuilder
instanceKlass com/google/inject/binder/AnnotatedConstantBindingBuilder
instanceKlass com/google/inject/binder/AnnotatedElementBuilder
instanceKlass com/google/inject/binder/AnnotatedBindingBuilder
instanceKlass com/google/inject/binder/LinkedBindingBuilder
instanceKlass com/google/inject/binder/ScopedBindingBuilder
instanceKlass com/google/inject/spi/Elements$RecordingBinder
instanceKlass com/google/inject/PrivateBinder
instanceKlass com/google/inject/Binding
instanceKlass com/google/inject/spi/DefaultBindingTargetVisitor
instanceKlass com/google/inject/Binder
instanceKlass com/google/inject/spi/BindingTargetVisitor
instanceKlass com/google/inject/spi/Elements
instanceKlass com/google/inject/internal/InjectorShell$RootModule
instanceKlass com/google/common/collect/ListMultimap
instanceKlass com/google/inject/internal/InjectorBindingData
instanceKlass java/util/concurrent/atomic/AtomicReferenceArray
instanceKlass com/google/common/cache/LocalCache$LoadingValueReference
instanceKlass java/util/concurrent/Future
instanceKlass java/util/concurrent/ConcurrentLinkedQueue$Node
instanceKlass com/google/common/cache/Weigher
instanceKlass com/google/common/base/Predicate
instanceKlass com/google/common/base/Equivalence
instanceKlass java/util/function/BiPredicate
instanceKlass com/google/common/base/MoreObjects
instanceKlass com/google/common/cache/LocalCache$1
instanceKlass com/google/common/cache/ReferenceEntry
instanceKlass com/google/common/cache/CacheLoader
instanceKlass com/google/common/cache/LocalCache$LocalManualCache
instanceKlass com/google/common/cache/RemovalListener
instanceKlass com/google/common/cache/LocalCache$ValueReference
instanceKlass com/google/common/cache/CacheBuilder$2
instanceKlass com/google/common/cache/CacheStats
instanceKlass com/google/common/base/Suppliers$SupplierOfInstance
instanceKlass com/google/common/base/Suppliers
instanceKlass com/google/common/cache/CacheBuilder$1
instanceKlass com/google/common/cache/AbstractCache$StatsCounter
instanceKlass com/google/common/cache/LoadingCache
instanceKlass com/google/common/cache/Cache
instanceKlass com/google/common/base/Supplier
instanceKlass com/google/common/cache/CacheBuilder
instanceKlass com/google/inject/internal/WeakKeySet
instanceKlass com/google/common/collect/Sets
instanceKlass com/google/inject/internal/InjectorJitBindingData
instanceKlass com/google/inject/internal/ProcessedBindingData
instanceKlass com/google/inject/spi/Element
instanceKlass com/google/inject/spi/DefaultElementVisitor
instanceKlass com/google/inject/spi/ElementVisitor
instanceKlass com/google/inject/internal/InjectorShell$Builder
instanceKlass com/google/common/collect/Lists
instanceKlass com/google/common/collect/AbstractMapEntry
instanceKlass com/google/common/collect/LinkedHashMultimap$ValueSetLink
instanceKlass com/google/common/collect/CollectPreconditions
instanceKlass com/google/common/collect/Platform
instanceKlass com/google/common/collect/Multiset
instanceKlass com/google/common/collect/AbstractMultimap
instanceKlass com/google/common/collect/SetMultimap
instanceKlass com/google/common/collect/Maps$EntryTransformer
instanceKlass com/google/common/base/Converter
instanceKlass com/google/common/collect/ImmutableMap
instanceKlass com/google/common/collect/BiMap
instanceKlass com/google/common/collect/SortedMapDifference
instanceKlass com/google/common/collect/MapDifference
instanceKlass com/google/common/base/Function
instanceKlass com/google/common/collect/Maps
instanceKlass com/google/inject/internal/CycleDetectingLock
instanceKlass com/google/common/collect/Multimap
instanceKlass com/google/inject/internal/CycleDetectingLock$CycleDetectingLockFactory
instanceKlass com/google/inject/internal/Initializable
instanceKlass com/google/inject/internal/Initializer
instanceKlass com/google/common/collect/PeekingIterator
instanceKlass com/google/common/collect/UnmodifiableIterator
instanceKlass com/google/common/collect/Iterators
instanceKlass com/google/common/collect/ImmutableCollection$Builder
instanceKlass com/google/common/collect/Hashing
instanceKlass com/google/common/math/IntMath$1
instanceKlass com/google/common/math/MathPreconditions
instanceKlass com/google/common/math/IntMath
instanceKlass com/google/common/collect/ImmutableSet$SetBuilderImpl
instanceKlass com/google/inject/internal/util/NewThrowableFinder
instanceKlass com/google/inject/internal/util/CallerFinder
instanceKlass com/google/inject/internal/util/SourceProvider
instanceKlass com/google/inject/spi/ErrorDetail
instanceKlass com/google/inject/internal/Errors
instanceKlass com/google/inject/internal/util/ContinuousStopwatch
instanceKlass com/google/inject/Injector
instanceKlass com/google/inject/internal/InternalInjectorCreator
instanceKlass com/google/inject/Guice
instanceKlass com/google/inject/AbstractModule
instanceKlass com/google/inject/Module
instanceKlass apex/jorje/lsp/impl/utils/StopwatchStepper$Mark
instanceKlass java/util/concurrent/TimeUnit$1
instanceKlass com/google/common/base/CommonPattern
instanceKlass com/google/common/base/Platform$JdkPatternCompiler
instanceKlass java/util/logging/Logger$SystemLoggerHelper$1
instanceKlass java/util/logging/Logger$SystemLoggerHelper
instanceKlass java/util/logging/LogManager$4
instanceKlass jdk/internal/logger/BootstrapLogger$BootstrapExecutors
instanceKlass java/io/FilePermission$1
instanceKlass jdk/internal/access/JavaIOFilePermissionAccess
instanceKlass jdk/internal/logger/LoggerFinderLoader
instanceKlass java/util/stream/Streams
instanceKlass java/util/stream/Stream$Builder
instanceKlass java/util/stream/Streams$AbstractStreamBuilderImpl
instanceKlass java/util/stream/FindOps$FindOp
instanceKlass java/util/stream/FindOps$FindSink
instanceKlass java/util/stream/FindOps
instanceKlass java/util/Hashtable$Enumerator
instanceKlass java/util/Collections$SynchronizedCollection
instanceKlass java/util/Properties$EntrySet
instanceKlass java/util/Collections$3
instanceKlass java/util/logging/LogManager$LoggerContext$1
instanceKlass java/util/logging/LogManager$VisitedLoggers
instanceKlass java/util/logging/LogManager$2
instanceKlass sun/security/util/FilePermCompat
instanceKlass java/util/logging/LogManager$LoggingProviderAccess
instanceKlass java/lang/Shutdown$Lock
instanceKlass java/lang/Shutdown
instanceKlass java/lang/ApplicationShutdownHooks$1
instanceKlass java/lang/ApplicationShutdownHooks
instanceKlass java/util/logging/LogManager$LogNode
instanceKlass java/util/logging/LogManager$LoggerContext
instanceKlass java/util/logging/LogManager$1
instanceKlass java/util/logging/LogManager
instanceKlass java/util/logging/Logger$ConfigurationData
instanceKlass java/util/logging/Logger$LoggerBundle
instanceKlass java/util/logging/Level
instanceKlass java/util/logging/Handler
instanceKlass java/util/logging/Logger
instanceKlass com/google/common/base/PatternCompiler
instanceKlass com/google/common/base/Platform
instanceKlass com/google/common/base/Preconditions
instanceKlass com/google/common/base/Ticker
instanceKlass com/google/common/base/Stopwatch
instanceKlass apex/jorje/lsp/impl/utils/StopwatchStepper
instanceKlass org/eclipse/lsp4j/jsonrpc/MessageConsumer
instanceKlass org/slf4j/helpers/Reporter
instanceKlass ch/qos/logback/core/util/StatusPrinter2
instanceKlass ch/qos/logback/core/util/StatusPrinter
instanceKlass ch/qos/logback/core/status/StatusUtil
instanceKlass ch/qos/logback/classic/util/LoggerNameUtil
instanceKlass ch/qos/logback/core/spi/AppenderAttachableImpl
instanceKlass java/lang/ProcessEnvironment$CheckedEntry
instanceKlass java/lang/ProcessEnvironment$CheckedEntrySet$1
instanceKlass java/lang/ProcessEnvironment$EntryComparator
instanceKlass java/lang/ProcessEnvironment$NameComparator
instanceKlass java/util/Vector$Itr
instanceKlass ch/qos/logback/classic/pattern/TargetLengthBasedClassNameAbbreviator
instanceKlass java/util/concurrent/atomic/AtomicReference
instanceKlass ch/qos/logback/core/util/CachingDateFormatter$CacheTuple
instanceKlass java/time/Period
instanceKlass java/time/chrono/ChronoPeriod
instanceKlass java/time/format/DateTimeFormatterBuilder$TextPrinterParser
instanceKlass java/time/format/DateTimeTextProvider$1
instanceKlass java/time/format/DateTimeTextProvider
instanceKlass java/util/AbstractMap$SimpleImmutableEntry
instanceKlass java/time/format/DateTimeTextProvider$LocaleStore
instanceKlass java/time/format/DateTimeFormatterBuilder$InstantPrinterParser
instanceKlass java/time/format/DateTimeFormatterBuilder$StringLiteralPrinterParser
instanceKlass java/time/format/DateTimeFormatterBuilder$ZoneIdPrinterParser
instanceKlass java/time/format/DateTimeFormatterBuilder$OffsetIdPrinterParser
instanceKlass java/time/format/DecimalStyle
instanceKlass java/time/format/DateTimeFormatterBuilder$CompositePrinterParser
instanceKlass java/time/format/DateTimeFormatterBuilder$CharLiteralPrinterParser
instanceKlass java/time/format/DateTimeFormatterBuilder$NumberPrinterParser
instanceKlass java/time/format/DateTimeFormatterBuilder$DateTimePrinterParser
instanceKlass java/time/temporal/JulianFields
instanceKlass java/time/temporal/IsoFields
instanceKlass java/lang/Character$CharacterCache
instanceKlass java/time/temporal/TemporalQuery
instanceKlass java/time/format/DateTimeFormatterBuilder
instanceKlass java/time/format/DateTimeFormatter
instanceKlass java/time/chrono/AbstractChronology
instanceKlass java/time/chrono/Chronology
instanceKlass java/time/zone/Ser
instanceKlass java/io/Externalizable
instanceKlass java/time/zone/ZoneRulesProvider$1
instanceKlass java/time/zone/ZoneRulesProvider
instanceKlass sun/util/calendar/ZoneInfoFile$ZoneOffsetTransitionRule
instanceKlass sun/util/calendar/ZoneInfoFile$1
instanceKlass sun/util/calendar/ZoneInfoFile
instanceKlass java/util/TimeZone
instanceKlass ch/qos/logback/core/util/CachingDateFormatter
instanceKlass ch/qos/logback/core/pattern/ConverterUtil
instanceKlass ch/qos/logback/classic/pattern/NamedConverter$CacheMissCalculator
instanceKlass ch/qos/logback/core/pattern/FormatInfo
instanceKlass ch/qos/logback/core/pattern/util/AsIsEscapeUtil
instanceKlass ch/qos/logback/core/pattern/parser/OptionTokenizer
instanceKlass ch/qos/logback/core/pattern/util/RestrictedEscapeUtil
instanceKlass ch/qos/logback/core/pattern/parser/TokenStream
instanceKlass ch/qos/logback/core/pattern/util/RegularEscapeUtil
instanceKlass ch/qos/logback/classic/pattern/EnsureExceptionHandling
instanceKlass java/lang/invoke/MethodHandle$1
instanceKlass ch/qos/logback/classic/pattern/Abbreviator
instanceKlass ch/qos/logback/core/pattern/Converter
instanceKlass ch/qos/logback/core/pattern/parser/Token
instanceKlass ch/qos/logback/core/pattern/parser/Node
instanceKlass ch/qos/logback/core/pattern/util/IEscapeUtil
instanceKlass ch/qos/logback/core/pattern/PostCompileProcessor
instanceKlass ch/qos/logback/core/joran/spi/NoAutoStart
instanceKlass ch/qos/logback/core/joran/spi/NoAutoStartUtil
instanceKlass ch/qos/logback/core/CoreConstants
instanceKlass ch/qos/logback/core/model/processor/ImplicitModelHandler$1
instanceKlass jdk/internal/loader/BootLoader$PackageHelper
instanceKlass ch/qos/logback/core/joran/util/StringToObjectConverter
instanceKlass ch/qos/logback/core/util/StringUtil
instanceKlass ch/qos/logback/core/joran/util/beans/BeanDescription
instanceKlass ch/qos/logback/core/joran/util/beans/BeanUtil
instanceKlass java/util/concurrent/atomic/AtomicBoolean
instanceKlass ch/qos/logback/core/util/COWArrayList
instanceKlass ch/qos/logback/core/spi/FilterAttachableImpl
instanceKlass ch/qos/logback/core/model/processor/DefaultProcessor$TraverseMethod
instanceKlass ch/qos/logback/core/model/processor/DependencyDefinition
instanceKlass ch/qos/logback/core/subst/NodeToStringTransformer$1
instanceKlass ch/qos/logback/core/subst/Node
instanceKlass ch/qos/logback/core/subst/Parser$1
instanceKlass ch/qos/logback/core/subst/Parser
instanceKlass ch/qos/logback/core/subst/Token
instanceKlass ch/qos/logback/core/subst/Tokenizer
instanceKlass ch/qos/logback/core/subst/NodeToStringTransformer
instanceKlass java/util/regex/Pattern$BitClass
instanceKlass ch/qos/logback/core/util/Duration
instanceKlass ch/qos/logback/core/model/processor/ChainedModelFilter$1
instanceKlass ch/qos/logback/core/model/processor/AllowAllModelFilter
instanceKlass ch/qos/logback/core/model/processor/DenyAllModelFilter
instanceKlass java/lang/reflect/Proxy$ProxyBuilder$1
instanceKlass jdk/internal/org/objectweb/asm/Edge
instanceKlass java/lang/reflect/ProxyGenerator$PrimitiveTypeInfo
instanceKlass java/lang/reflect/ProxyGenerator$ProxyMethod
instanceKlass java/lang/WeakPairMap$Pair$Lookup
instanceKlass java/lang/WeakPairMap$Pair
instanceKlass java/lang/WeakPairMap
instanceKlass java/lang/Module$ReflectionData
instanceKlass java/lang/module/ModuleDescriptor$Builder
instanceKlass java/lang/PublicMethods
instanceKlass java/util/Collections$1
instanceKlass java/lang/reflect/Proxy$ProxyBuilder
instanceKlass java/lang/ClassValue$Version
instanceKlass java/lang/ClassValue$Identity
instanceKlass java/lang/ClassValue
instanceKlass java/lang/reflect/Proxy
instanceKlass sun/reflect/annotation/AnnotationInvocationHandler
instanceKlass java/lang/reflect/InvocationHandler
instanceKlass sun/reflect/annotation/AnnotationParser$1
instanceKlass java/lang/annotation/Target
instanceKlass java/lang/annotation/Inherited
instanceKlass java/lang/annotation/Retention
instanceKlass sun/reflect/annotation/ExceptionProxy
instanceKlass sun/reflect/annotation/AnnotationType$1
instanceKlass sun/reflect/annotation/AnnotationType
instanceKlass java/lang/reflect/GenericArrayType
instanceKlass sun/reflect/generics/visitor/Reifier
instanceKlass sun/reflect/generics/visitor/TypeTreeVisitor
instanceKlass sun/reflect/generics/factory/CoreReflectionFactory
instanceKlass sun/reflect/generics/factory/GenericsFactory
instanceKlass sun/reflect/generics/scope/AbstractScope
instanceKlass sun/reflect/generics/scope/Scope
instanceKlass sun/reflect/generics/tree/ClassTypeSignature
instanceKlass sun/reflect/generics/tree/SimpleClassTypeSignature
instanceKlass sun/reflect/generics/tree/FieldTypeSignature
instanceKlass sun/reflect/generics/tree/BaseType
instanceKlass sun/reflect/generics/tree/TypeSignature
instanceKlass sun/reflect/generics/tree/ReturnType
instanceKlass sun/reflect/generics/tree/TypeArgument
instanceKlass sun/reflect/generics/tree/TypeTree
instanceKlass sun/reflect/generics/tree/Tree
instanceKlass sun/reflect/generics/parser/SignatureParser
instanceKlass ch/qos/logback/core/sift/AppenderFactory
instanceKlass ch/qos/logback/core/joran/action/ImplicitModelData
instanceKlass ch/qos/logback/core/hook/ShutdownHook
instanceKlass ch/qos/logback/core/model/processor/AllowModelFilter
instanceKlass ch/qos/logback/core/model/processor/DefaultProcessor$1
instanceKlass java/lang/Class$AnnotationData
instanceKlass ch/qos/logback/core/model/processor/PhaseIndicator
instanceKlass ch/qos/logback/core/model/ModelHandlerFactoryMethod
instanceKlass ch/qos/logback/core/joran/ModelClassToModelHandlerLinkerBase
instanceKlass ch/qos/logback/core/model/processor/ChainedModelFilter
instanceKlass ch/qos/logback/core/model/processor/ModelFilter
instanceKlass ch/qos/logback/core/net/ssl/SSLComponent
instanceKlass ch/qos/logback/core/net/ssl/SSLNestedComponentRegistryRules
instanceKlass ch/qos/logback/core/boolex/EventEvaluator
instanceKlass ch/qos/logback/core/joran/spi/HostClassAndPropertyDouble
instanceKlass ch/qos/logback/core/Appender
instanceKlass ch/qos/logback/core/spi/FilterAttachable
instanceKlass ch/qos/logback/core/net/ssl/SecureRandomFactoryBean
instanceKlass ch/qos/logback/core/net/ssl/TrustManagerFactoryFactoryBean
instanceKlass ch/qos/logback/core/net/ssl/KeyManagerFactoryFactoryBean
instanceKlass ch/qos/logback/core/net/ssl/KeyStoreFactoryBean
instanceKlass ch/qos/logback/core/net/ssl/SSLContextFactoryBean
instanceKlass ch/qos/logback/core/Layout
instanceKlass ch/qos/logback/core/encoder/Encoder
instanceKlass ch/qos/logback/core/joran/util/ParentTag_Tag_Class_Tuple
instanceKlass ch/qos/logback/classic/model/processor/LogbackClassicDefaultNestedComponentRules
instanceKlass ch/qos/logback/core/joran/spi/DefaultNestedComponentRegistry
instanceKlass ch/qos/logback/core/spi/ContextAwarePropertyContainer
instanceKlass java/util/stream/Sink$ChainedReference
instanceKlass java/util/stream/ReduceOps$AccumulatingSink
instanceKlass java/util/stream/TerminalSink
instanceKlass java/util/stream/ReduceOps$Box
instanceKlass java/util/stream/ReduceOps$ReduceOp
instanceKlass java/util/stream/ReduceOps
instanceKlass java/util/function/BinaryOperator
instanceKlass java/util/function/BiConsumer
instanceKlass java/util/stream/Collectors$CollectorImpl
instanceKlass java/util/stream/Collector
instanceKlass java/util/stream/Collectors
instanceKlass ch/qos/logback/core/joran/sanity/Pair
instanceKlass ch/qos/logback/core/joran/JoranConstants
instanceKlass java/util/stream/MatchOps$BooleanTerminalSink
instanceKlass java/util/stream/Sink
instanceKlass java/util/stream/MatchOps$MatchOp
instanceKlass java/util/stream/TerminalOp
instanceKlass java/util/stream/MatchOps
instanceKlass java/util/function/Predicate
instanceKlass java/util/ArrayList$ArrayListSpliterator
instanceKlass ch/qos/logback/core/joran/spi/EventPlayer
instanceKlass ch/qos/logback/core/joran/spi/SaxEventInterpreter
instanceKlass ch/qos/logback/core/model/INamedModel
instanceKlass ch/qos/logback/core/model/Model
instanceKlass org/xml/sax/helpers/AttributesImpl
instanceKlass org/xml/sax/helpers/LocatorImpl
instanceKlass ch/qos/logback/core/joran/event/SaxEvent
instanceKlass com/sun/org/apache/xerces/internal/impl/Constants$ArrayEnumeration
instanceKlass com/sun/org/apache/xerces/internal/impl/Constants
instanceKlass com/sun/org/apache/xerces/internal/util/XMLChar
instanceKlass com/sun/org/apache/xerces/internal/parsers/AbstractSAXParser$LocatorProxy
instanceKlass org/xml/sax/ext/Locator2
instanceKlass org/xml/sax/Locator
instanceKlass com/sun/org/apache/xerces/internal/util/XMLSymbols
instanceKlass com/sun/xml/internal/stream/Entity
instanceKlass com/sun/xml/internal/stream/util/BufferAllocator
instanceKlass com/sun/xml/internal/stream/util/ThreadLocalBufferAllocator
instanceKlass com/sun/org/apache/xerces/internal/impl/XMLEntityManager$EncodingInfo
instanceKlass com/sun/org/apache/xerces/internal/util/URI
instanceKlass com/sun/org/apache/xerces/internal/utils/XMLLimitAnalyzer
instanceKlass com/sun/org/apache/xerces/internal/xni/parser/XMLInputSource
instanceKlass com/sun/org/apache/xerces/internal/util/ErrorHandlerWrapper
instanceKlass com/sun/org/apache/xerces/internal/xni/parser/XMLErrorHandler
instanceKlass com/sun/org/apache/xerces/internal/impl/ExternalSubsetResolver
instanceKlass com/sun/org/apache/xerces/internal/util/EntityResolverWrapper
instanceKlass org/xml/sax/ext/EntityResolver2
instanceKlass com/sun/org/apache/xerces/internal/parsers/AbstractSAXParser$AttributesProxy
instanceKlass org/xml/sax/ext/Attributes2
instanceKlass org/xml/sax/Attributes
instanceKlass org/xml/sax/AttributeList
instanceKlass com/sun/org/apache/xerces/internal/util/FeatureState
instanceKlass com/sun/org/apache/xerces/internal/util/PropertyState
instanceKlass com/sun/org/apache/xerces/internal/impl/msg/XMLMessageFormatter
instanceKlass com/sun/org/apache/xerces/internal/util/MessageFormatter
instanceKlass com/sun/org/apache/xerces/internal/impl/XMLVersionDetector
instanceKlass com/sun/org/apache/xerces/internal/impl/validation/ValidationManager
instanceKlass com/sun/org/apache/xerces/internal/impl/dv/dtd/NMTOKENDatatypeValidator
instanceKlass com/sun/org/apache/xerces/internal/impl/dv/dtd/NOTATIONDatatypeValidator
instanceKlass com/sun/org/apache/xerces/internal/impl/dv/dtd/ENTITYDatatypeValidator
instanceKlass com/sun/org/apache/xerces/internal/impl/dv/dtd/ListDatatypeValidator
instanceKlass com/sun/org/apache/xerces/internal/impl/dv/dtd/IDREFDatatypeValidator
instanceKlass com/sun/org/apache/xerces/internal/impl/dv/dtd/IDDatatypeValidator
instanceKlass com/sun/org/apache/xerces/internal/impl/dv/dtd/StringDatatypeValidator
instanceKlass com/sun/org/apache/xerces/internal/impl/dv/DatatypeValidator
instanceKlass com/sun/org/apache/xerces/internal/impl/dv/DTDDVFactory
instanceKlass com/sun/org/apache/xerces/internal/impl/dtd/DTDGrammarBucket
instanceKlass com/sun/org/apache/xerces/internal/impl/dtd/XMLAttributeDecl
instanceKlass com/sun/org/apache/xerces/internal/impl/dtd/XMLSimpleType
instanceKlass com/sun/org/apache/xerces/internal/impl/dtd/XMLElementDecl
instanceKlass com/sun/org/apache/xerces/internal/impl/validation/ValidationState
instanceKlass com/sun/org/apache/xerces/internal/impl/dv/ValidationContext
instanceKlass com/sun/org/apache/xerces/internal/impl/dtd/XMLDTDValidator
instanceKlass com/sun/org/apache/xerces/internal/impl/RevalidationHandler
instanceKlass com/sun/org/apache/xerces/internal/impl/dtd/XMLDTDValidatorFilter
instanceKlass com/sun/org/apache/xerces/internal/xni/parser/XMLDocumentFilter
instanceKlass com/sun/org/apache/xerces/internal/impl/dtd/XMLEntityDecl
instanceKlass com/sun/org/apache/xerces/internal/impl/dtd/XMLDTDProcessor
instanceKlass com/sun/org/apache/xerces/internal/xni/parser/XMLDTDContentModelFilter
instanceKlass com/sun/org/apache/xerces/internal/xni/parser/XMLDTDFilter
instanceKlass com/sun/org/apache/xerces/internal/xni/parser/XMLDTDScanner
instanceKlass com/sun/org/apache/xerces/internal/xni/parser/XMLDTDContentModelSource
instanceKlass com/sun/org/apache/xerces/internal/xni/parser/XMLDTDSource
instanceKlass com/sun/org/apache/xerces/internal/xni/grammars/XMLDTDDescription
instanceKlass com/sun/org/apache/xerces/internal/xni/grammars/XMLGrammarDescription
instanceKlass com/sun/org/apache/xerces/internal/impl/XMLDocumentScannerImpl$TrailingMiscDriver
instanceKlass com/sun/org/apache/xerces/internal/impl/XMLDocumentScannerImpl$PrologDriver
instanceKlass com/sun/org/apache/xerces/internal/impl/XMLDocumentScannerImpl$XMLDeclDriver
instanceKlass com/sun/org/apache/xerces/internal/util/NamespaceSupport
instanceKlass com/sun/org/apache/xerces/internal/xni/NamespaceContext
instanceKlass com/sun/org/apache/xerces/internal/util/XMLAttributesImpl$Attribute
instanceKlass com/sun/org/apache/xerces/internal/util/XMLAttributesImpl
instanceKlass com/sun/org/apache/xerces/internal/xni/XMLAttributes
instanceKlass com/sun/org/apache/xerces/internal/impl/XMLDocumentFragmentScannerImpl$FragmentContentDriver
instanceKlass com/sun/org/apache/xerces/internal/impl/XMLDocumentFragmentScannerImpl$Driver
instanceKlass com/sun/org/apache/xerces/internal/impl/XMLDocumentFragmentScannerImpl$ElementStack2
instanceKlass com/sun/org/apache/xerces/internal/xni/QName
instanceKlass com/sun/org/apache/xerces/internal/impl/XMLDocumentFragmentScannerImpl$ElementStack
instanceKlass com/sun/org/apache/xerces/internal/xni/XMLString
instanceKlass com/sun/org/apache/xerces/internal/impl/XMLScanner
instanceKlass com/sun/xml/internal/stream/XMLBufferListener
instanceKlass com/sun/org/apache/xerces/internal/impl/XMLEntityHandler
instanceKlass com/sun/org/apache/xerces/internal/xni/parser/XMLDocumentScanner
instanceKlass com/sun/org/apache/xerces/internal/xni/parser/XMLDocumentSource
instanceKlass com/sun/org/apache/xerces/internal/impl/XMLErrorReporter
instanceKlass com/sun/org/apache/xerces/internal/impl/XMLEntityScanner
instanceKlass com/sun/org/apache/xerces/internal/xni/XMLLocator
instanceKlass com/sun/xml/internal/stream/XMLEntityStorage
instanceKlass com/sun/org/apache/xerces/internal/util/AugmentationsImpl$AugmentationsItemsContainer
instanceKlass com/sun/org/apache/xerces/internal/util/AugmentationsImpl
instanceKlass com/sun/org/apache/xerces/internal/xni/Augmentations
instanceKlass com/sun/org/apache/xerces/internal/util/XMLResourceIdentifierImpl
instanceKlass com/sun/org/apache/xerces/internal/xni/XMLResourceIdentifier
instanceKlass com/sun/org/apache/xerces/internal/impl/XMLEntityManager
instanceKlass com/sun/org/apache/xerces/internal/xni/parser/XMLEntityResolver
instanceKlass com/sun/org/apache/xerces/internal/xni/parser/XMLComponent
instanceKlass com/sun/org/apache/xerces/internal/util/SymbolTable$Entry
instanceKlass com/sun/org/apache/xerces/internal/util/SymbolTable
instanceKlass jdk/xml/internal/JdkConstants
instanceKlass jdk/xml/internal/JdkXmlUtils
instanceKlass com/sun/org/apache/xerces/internal/util/ParserConfigurationSettings
instanceKlass com/sun/org/apache/xerces/internal/parsers/XML11Configurable
instanceKlass com/sun/org/apache/xerces/internal/xni/parser/XMLPullParserConfiguration
instanceKlass com/sun/org/apache/xerces/internal/xni/parser/XMLParserConfiguration
instanceKlass com/sun/org/apache/xerces/internal/xni/parser/XMLComponentManager
instanceKlass com/sun/org/apache/xerces/internal/parsers/XMLParser
instanceKlass com/sun/org/apache/xerces/internal/xni/XMLDTDContentModelHandler
instanceKlass com/sun/org/apache/xerces/internal/xni/XMLDTDHandler
instanceKlass com/sun/org/apache/xerces/internal/xni/XMLDocumentHandler
instanceKlass org/xml/sax/XMLReader
instanceKlass org/xml/sax/Parser
instanceKlass com/sun/org/apache/xerces/internal/utils/XMLSecurityPropertyManager
instanceKlass com/sun/org/apache/xerces/internal/utils/XMLSecurityManager
instanceKlass javax/xml/parsers/SAXParser
instanceKlass com/sun/org/apache/xerces/internal/xs/PSVIProvider
instanceKlass com/sun/org/apache/xerces/internal/jaxp/JAXPConstants
instanceKlass jdk/internal/misc/ScopedMemoryAccess$Scope
instanceKlass javax/xml/parsers/FactoryFinder$1
instanceKlass jdk/xml/internal/SecuritySupport
instanceKlass javax/xml/parsers/FactoryFinder
instanceKlass javax/xml/parsers/SAXParserFactory
instanceKlass ch/qos/logback/core/joran/spi/ElementPath
instanceKlass org/xml/sax/helpers/DefaultHandler
instanceKlass org/xml/sax/ErrorHandler
instanceKlass org/xml/sax/ContentHandler
instanceKlass org/xml/sax/DTDHandler
instanceKlass org/xml/sax/EntityResolver
instanceKlass ch/qos/logback/core/spi/ConfigurationEventListener
instanceKlass ch/qos/logback/core/spi/ConfigurationEvent
instanceKlass org/xml/sax/InputSource
instanceKlass ch/qos/logback/core/joran/util/ConfigurationWatchListUtil
instanceKlass ch/qos/logback/core/joran/sanity/SanityChecker
instanceKlass ch/qos/logback/core/joran/spi/RuleStore
instanceKlass java/lang/invoke/LambdaFormEditor$1
instanceKlass java/lang/invoke/MethodHandles$1
instanceKlass ch/qos/logback/core/spi/ContextAwareBase
instanceKlass java/util/TimSort
instanceKlass java/util/Arrays$LegacyMergeSort
instanceKlass ch/qos/logback/core/status/StatusListener
instanceKlass ch/qos/logback/core/util/StatusListenerConfigHelper
instanceKlass ch/qos/logback/core/status/StatusBase
instanceKlass ch/qos/logback/core/util/EnvUtil
instanceKlass ch/qos/logback/classic/util/ClassicEnvUtil
instanceKlass ch/qos/logback/core/util/OptionHelper
instanceKlass ch/qos/logback/core/util/Loader
instanceKlass ch/qos/logback/classic/spi/Configurator
instanceKlass ch/qos/logback/core/spi/ContextAwareImpl
instanceKlass ch/qos/logback/classic/util/ContextInitializer$1
instanceKlass ch/qos/logback/core/spi/ContextAware
instanceKlass ch/qos/logback/classic/util/ContextInitializer
instanceKlass org/slf4j/MDC
instanceKlass ch/qos/logback/classic/util/LogbackMDCAdapter
instanceKlass ch/qos/logback/classic/Level
instanceKlass ch/qos/logback/classic/spi/ILoggingEvent
instanceKlass ch/qos/logback/core/spi/DeferredProcessingAware
instanceKlass org/slf4j/spi/LoggingEventBuilder
instanceKlass ch/qos/logback/classic/Logger
instanceKlass ch/qos/logback/core/spi/AppenderAttachable
instanceKlass org/slf4j/spi/LoggingEventAware
instanceKlass org/slf4j/spi/LocationAwareLogger
instanceKlass ch/qos/logback/classic/spi/LoggerContextVO
instanceKlass ch/qos/logback/core/spi/LogbackLock
instanceKlass ch/qos/logback/core/helpers/CyclicBuffer
instanceKlass ch/qos/logback/core/BasicStatusManager
instanceKlass ch/qos/logback/core/status/Status
instanceKlass ch/qos/logback/core/status/StatusManager
instanceKlass java/util/concurrent/ExecutorService
instanceKlass java/util/concurrent/Executor
instanceKlass ch/qos/logback/core/ContextBase
instanceKlass ch/qos/logback/core/spi/LifeCycle
instanceKlass ch/qos/logback/core/Context
instanceKlass ch/qos/logback/core/spi/PropertyContainer
instanceKlass ch/qos/logback/classic/spi/LogbackServiceProvider
instanceKlass java/nio/charset/CoderResult
instanceKlass java/io/Reader
instanceKlass sun/util/logging/PlatformLogger
instanceKlass sun/util/logging/PlatformLogger$ConfigurableBridge$LoggerConfiguration
instanceKlass jdk/internal/logger/BootstrapLogger$RedirectedLoggers
instanceKlass jdk/internal/logger/LazyLoggers$LazyLoggerAccessor
instanceKlass jdk/internal/logger/LazyLoggers$LoggerAccessor
instanceKlass jdk/internal/logger/AbstractLoggerWrapper
instanceKlass java/util/ServiceLoader$ProviderImpl
instanceKlass java/util/ServiceLoader$Provider
instanceKlass java/util/ServiceLoader$1
instanceKlass sun/util/logging/internal/LoggingProviderImpl$LogManagerAccess
instanceKlass java/util/concurrent/CopyOnWriteArrayList$COWIterator
instanceKlass jdk/internal/logger/BootstrapLogger$DetectBackend$1
instanceKlass jdk/internal/logger/BootstrapLogger$DetectBackend
instanceKlass jdk/internal/logger/BootstrapLogger
instanceKlass sun/util/logging/PlatformLogger$ConfigurableBridge
instanceKlass sun/util/logging/PlatformLogger$Bridge
instanceKlass jdk/internal/logger/DefaultLoggerFinder$1
instanceKlass java/lang/System$LoggerFinder
instanceKlass jdk/internal/logger/LazyLoggers$LazyLoggerFactories
instanceKlass jdk/internal/logger/LazyLoggers$1
instanceKlass jdk/internal/logger/LazyLoggers
instanceKlass jdk/internal/misc/ThreadTracker
instanceKlass jdk/internal/event/EventHelper$ThreadTrackHolder
instanceKlass sun/security/util/MemoryCache$QueueCacheEntry
instanceKlass sun/net/www/MessageHeader
instanceKlass sun/net/www/protocol/jar/JarFileFactory
instanceKlass sun/net/www/protocol/jar/URLJarFile$URLJarFileCloseController
instanceKlass java/net/URLConnection
instanceKlass jdk/internal/loader/URLClassPath$1
instanceKlass java/lang/CompoundEnumeration
instanceKlass jdk/internal/loader/BuiltinClassLoader$1
instanceKlass java/util/Collections$EmptyEnumeration
instanceKlass jdk/internal/loader/BuiltinClassLoader$2
instanceKlass java/util/ServiceLoader$3
instanceKlass java/util/ServiceLoader$2
instanceKlass java/util/ServiceLoader$LazyClassPathLookupIterator
instanceKlass java/util/Spliterators$1Adapter
instanceKlass java/util/function/Consumer
instanceKlass sun/reflect/annotation/AnnotationParser
instanceKlass java/lang/Class$3
instanceKlass java/util/EnumMap$1
instanceKlass java/util/stream/StreamOpFlag$MaskBuilder
instanceKlass java/util/stream/Stream
instanceKlass java/util/stream/BaseStream
instanceKlass java/util/stream/PipelineHelper
instanceKlass java/util/stream/StreamSupport
instanceKlass java/util/Spliterators$ArraySpliterator
instanceKlass java/util/Spliterator$OfDouble
instanceKlass java/util/Spliterator$OfLong
instanceKlass java/util/Spliterator$OfInt
instanceKlass java/util/Spliterator$OfPrimitive
instanceKlass java/util/Spliterator
instanceKlass java/util/Spliterators$EmptySpliterator
instanceKlass java/util/Spliterators
instanceKlass java/util/ServiceLoader$ModuleServicesLookupIterator
instanceKlass java/util/ServiceLoader
instanceKlass org/slf4j/helpers/Util
instanceKlass org/slf4j/helpers/NOPMDCAdapter
instanceKlass org/slf4j/helpers/NOPLoggerFactory
instanceKlass org/slf4j/helpers/NOP_FallbackServiceProvider
instanceKlass org/slf4j/helpers/ThreadLocalMapOfStacks
instanceKlass org/slf4j/helpers/BasicMDCAdapter
instanceKlass org/slf4j/Marker
instanceKlass org/slf4j/helpers/BasicMarkerFactory
instanceKlass java/util/concurrent/LinkedBlockingQueue$Node
instanceKlass java/util/concurrent/locks/AbstractQueuedSynchronizer$ConditionObject
instanceKlass java/util/concurrent/locks/Condition
instanceKlass java/util/concurrent/BlockingQueue
instanceKlass org/slf4j/Logger
instanceKlass org/slf4j/helpers/SubstituteLoggerFactory
instanceKlass org/slf4j/spi/MDCAdapter
instanceKlass org/slf4j/IMarkerFactory
instanceKlass org/slf4j/ILoggerFactory
instanceKlass jdk/internal/reflect/ClassDefiner$1
instanceKlass jdk/internal/reflect/ClassDefiner
instanceKlass jdk/internal/reflect/MethodAccessorGenerator$1
instanceKlass jdk/internal/reflect/Label$PatchInfo
instanceKlass jdk/internal/reflect/Label
instanceKlass jdk/internal/reflect/UTF8
instanceKlass jdk/internal/reflect/ClassFileAssembler
instanceKlass jdk/internal/reflect/ByteVectorImpl
instanceKlass jdk/internal/reflect/ByteVector
instanceKlass jdk/internal/reflect/ByteVectorFactory
instanceKlass jdk/internal/reflect/AccessorGenerator
instanceKlass jdk/internal/reflect/ClassFileConstants
instanceKlass org/slf4j/helpers/SubstituteServiceProvider
instanceKlass org/slf4j/spi/SLF4JServiceProvider
instanceKlass org/slf4j/event/LoggingEvent
instanceKlass org/slf4j/LoggerFactory
instanceKlass java/lang/Long$LongCache
instanceKlass apex/jorje/lsp/impl/telemetry/TelemetryData
instanceKlass java/lang/PublicMethods$Key
instanceKlass java/lang/PublicMethods$MethodList
instanceKlass org/eclipse/lsp4j/services/LanguageClient
instanceKlass apex/jorje/lsp/ApexLanguageServerLauncher
instanceKlass com/google/inject/Provider
instanceKlass jakarta/inject/Provider
instanceKlass java/security/SecureClassLoader$DebugHolder
instanceKlass java/security/PermissionCollection
instanceKlass java/security/SecureClassLoader$1
instanceKlass java/security/SecureClassLoader$CodeSourceKey
instanceKlass java/util/zip/Checksum$1
instanceKlass java/util/zip/CRC32
instanceKlass java/util/zip/Checksum
instanceKlass sun/nio/ByteBuffered
instanceKlass sun/security/util/ManifestEntryVerifier$SunProviderHolder
instanceKlass java/lang/Package$VersionInfo
instanceKlass java/lang/NamedPackage
instanceKlass java/util/LinkedList$Node
instanceKlass java/util/Base64$Encoder
instanceKlass java/util/Base64$Decoder
instanceKlass java/util/Base64
instanceKlass javax/crypto/SecretKey
instanceKlass sun/security/util/Length
instanceKlass sun/security/util/KeyUtil
instanceKlass java/security/interfaces/XECKey
instanceKlass java/security/interfaces/ECKey
instanceKlass sun/security/util/JarConstraintsParameters
instanceKlass sun/security/util/ConstraintsParameters
instanceKlass java/security/Timestamp
instanceKlass sun/security/timestamp/TimestampToken
instanceKlass java/security/cert/CertPath
instanceKlass java/math/MutableBigInteger
instanceKlass sun/security/rsa/RSAPadding
instanceKlass sun/security/rsa/RSACore
instanceKlass java/security/interfaces/RSAPrivateCrtKey
instanceKlass sun/security/pkcs/PKCS8Key
instanceKlass java/security/interfaces/RSAPrivateKey
instanceKlass java/security/PrivateKey
instanceKlass javax/security/auth/Destroyable
instanceKlass java/security/Signature$1
instanceKlass jdk/internal/access/JavaSecuritySignatureAccess
instanceKlass java/security/SignatureSpi
instanceKlass jdk/internal/icu/util/CodePointTrie$Data
instanceKlass jdk/internal/icu/util/CodePointTrie$1
instanceKlass java/lang/Readable
instanceKlass jdk/internal/icu/util/CodePointMap
instanceKlass jdk/internal/icu/util/VersionInfo
instanceKlass jdk/internal/jimage/ImageLocation
instanceKlass jdk/internal/jimage/decompressor/Decompressor
instanceKlass jdk/internal/jimage/ImageStringsReader
instanceKlass jdk/internal/jimage/ImageStrings
instanceKlass jdk/internal/jimage/ImageHeader
instanceKlass jdk/internal/jimage/NativeImageBuffer$1
instanceKlass jdk/internal/jimage/NativeImageBuffer
instanceKlass jdk/internal/jimage/BasicImageReader$1
instanceKlass jdk/internal/jimage/BasicImageReader
instanceKlass jdk/internal/jimage/ImageReader
instanceKlass jdk/internal/jimage/ImageReaderFactory$1
instanceKlass java/nio/file/FileSystems$DefaultFileSystemHolder$1
instanceKlass java/nio/file/FileSystems$DefaultFileSystemHolder
instanceKlass java/nio/file/FileSystems
instanceKlass java/nio/file/Paths
instanceKlass jdk/internal/jimage/ImageReaderFactory
instanceKlass jdk/internal/module/SystemModuleFinders$SystemImage
instanceKlass jdk/internal/module/SystemModuleFinders$SystemModuleReader
instanceKlass java/lang/module/ModuleReader
instanceKlass jdk/internal/loader/BuiltinClassLoader$5
instanceKlass jdk/internal/module/Checks
instanceKlass jdk/internal/module/Resources
instanceKlass jdk/internal/icu/impl/ICUBinary$1
instanceKlass jdk/internal/icu/impl/ICUBinary
instanceKlass jdk/internal/icu/impl/NormalizerImpl$IsAcceptable
instanceKlass jdk/internal/icu/impl/ICUBinary$Authenticate
instanceKlass jdk/internal/icu/impl/NormalizerImpl
instanceKlass jdk/internal/icu/impl/Norm2AllModes$Norm2AllModesSingleton
instanceKlass jdk/internal/icu/impl/Norm2AllModes$NFKCSingleton
instanceKlass jdk/internal/icu/impl/Norm2AllModes
instanceKlass jdk/internal/icu/text/Normalizer2
instanceKlass jdk/internal/icu/text/NormalizerBase$ModeImpl
instanceKlass jdk/internal/icu/text/NormalizerBase$NFKDModeImpl
instanceKlass jdk/internal/icu/text/NormalizerBase$1
instanceKlass jdk/internal/icu/text/NormalizerBase$Mode
instanceKlass jdk/internal/icu/text/NormalizerBase
instanceKlass java/text/Normalizer
instanceKlass sun/security/x509/AVAKeyword
instanceKlass java/util/StringJoiner
instanceKlass sun/security/util/SignatureUtil
instanceKlass java/lang/constant/DynamicConstantDesc
instanceKlass java/lang/constant/DirectMethodHandleDesc$1
instanceKlass java/lang/constant/DirectMethodHandleDescImpl$1
instanceKlass java/lang/constant/DirectMethodHandleDescImpl
instanceKlass java/lang/constant/DirectMethodHandleDesc
instanceKlass java/lang/constant/MethodHandleDesc$1
instanceKlass java/lang/constant/MethodHandleDesc
instanceKlass java/lang/constant/MethodTypeDescImpl
instanceKlass java/lang/constant/MethodTypeDesc
instanceKlass java/lang/constant/ReferenceClassDescImpl
instanceKlass java/lang/constant/ConstantUtils
instanceKlass java/lang/constant/ClassDesc
instanceKlass java/lang/constant/ConstantDescs
instanceKlass java/lang/invoke/VarHandle$2
instanceKlass java/lang/invoke/VarHandle$TypesAndInvokers
instanceKlass java/lang/invoke/VarHandle$AccessDescriptor
instanceKlass java/lang/invoke/VarHandleByteArrayBase
instanceKlass sun/security/provider/ByteArrayAccess$BE
instanceKlass sun/security/provider/ByteArrayAccess
instanceKlass sun/security/util/MessageDigestSpi2
instanceKlass sun/security/util/SecurityProperties
instanceKlass sun/security/util/CryptoAlgorithmConstraints$CryptoHolder
instanceKlass java/security/MessageDigestSpi
instanceKlass sun/security/pkcs/ESSCertId
instanceKlass sun/security/pkcs/SigningCertificateInfo
instanceKlass java/lang/Byte$ByteCache
instanceKlass sun/security/pkcs/PKCS9Attribute
instanceKlass sun/security/pkcs/PKCS9Attributes
instanceKlass java/time/Instant
instanceKlass java/time/zone/ZoneOffsetTransition
instanceKlass java/time/LocalTime
instanceKlass java/time/temporal/ValueRange
instanceKlass java/time/Duration
instanceKlass java/time/temporal/TemporalAmount
instanceKlass java/time/temporal/TemporalUnit
instanceKlass java/time/temporal/TemporalField
instanceKlass java/time/LocalDate
instanceKlass java/time/chrono/ChronoLocalDate
instanceKlass java/time/ZonedDateTime
instanceKlass java/time/chrono/ChronoZonedDateTime
instanceKlass java/time/LocalDateTime
instanceKlass java/time/chrono/ChronoLocalDateTime
instanceKlass java/time/temporal/Temporal
instanceKlass java/time/zone/ZoneOffsetTransitionRule
instanceKlass java/time/zone/ZoneRules
instanceKlass java/time/temporal/TemporalAdjuster
instanceKlass java/time/temporal/TemporalAccessor
instanceKlass java/time/ZoneId
instanceKlass java/util/regex/Pattern$BmpCharPredicate
instanceKlass java/util/regex/CharPredicates
instanceKlass sun/security/util/DisabledAlgorithmConstraints$Constraints$Holder
instanceKlass sun/security/util/DisabledAlgorithmConstraints$1
instanceKlass sun/security/util/DisabledAlgorithmConstraints$Constraint
instanceKlass java/util/StringTokenizer
instanceKlass java/security/spec/ECFieldF2m
instanceKlass java/security/spec/ECParameterSpec
instanceKlass java/security/spec/ECPoint
instanceKlass java/security/spec/EllipticCurve
instanceKlass java/security/spec/ECFieldFp
instanceKlass java/security/spec/ECField
instanceKlass sun/security/util/CurveDB
instanceKlass sun/security/util/DisabledAlgorithmConstraints$Constraints
instanceKlass java/util/regex/IntHashSet
instanceKlass java/util/regex/Matcher
instanceKlass java/util/regex/MatchResult
instanceKlass sun/security/util/AbstractAlgorithmConstraints$1
instanceKlass sun/security/util/AlgorithmDecomposer
instanceKlass sun/security/util/DisabledAlgorithmConstraints$JarHolder
instanceKlass java/util/regex/Pattern$TreeInfo
instanceKlass java/util/regex/Pattern$CharPredicate
instanceKlass java/util/regex/ASCII
instanceKlass java/util/regex/Pattern$Node
instanceKlass java/util/regex/Pattern
instanceKlass sun/security/util/AbstractAlgorithmConstraints
instanceKlass java/security/AlgorithmConstraints
instanceKlass sun/security/pkcs/SignerInfo
instanceKlass sun/security/x509/AccessDescription
instanceKlass sun/security/util/HostnameChecker
instanceKlass sun/security/x509/DNSName
instanceKlass java/net/URI$Parser
instanceKlass sun/security/x509/URIName
instanceKlass sun/security/x509/GeneralName
instanceKlass sun/security/x509/DistributionPoint
instanceKlass sun/security/x509/GeneralNames
instanceKlass java/security/cert/PolicyQualifierInfo
instanceKlass sun/security/x509/CertificatePolicyId
instanceKlass sun/security/x509/PolicyInformation
instanceKlass java/lang/invoke/VarForm
instanceKlass java/lang/invoke/VarHandleGuards
instanceKlass jdk/internal/util/Preconditions$1
instanceKlass java/lang/invoke/VarHandle$1
instanceKlass java/lang/invoke/VarHandles
instanceKlass java/lang/System$Logger
instanceKlass jdk/internal/event/EventHelper
instanceKlass sun/security/jca/JCAUtil
instanceKlass sun/security/util/MemoryCache$CacheEntry
instanceKlass sun/security/x509/X509AttributeName
instanceKlass sun/security/x509/KeyIdentifier
instanceKlass sun/security/x509/OIDMap$OIDInfo
instanceKlass sun/security/x509/PKIXExtensions
instanceKlass sun/security/x509/OIDMap
instanceKlass sun/security/x509/Extension
instanceKlass java/security/cert/Extension
instanceKlass java/util/Collections$SynchronizedMap
instanceKlass sun/security/x509/CertificateExtensions
instanceKlass sun/security/rsa/RSAUtil
instanceKlass sun/security/util/IOUtils
instanceKlass java/security/interfaces/RSAPublicKey
instanceKlass java/security/interfaces/RSAKey
instanceKlass java/security/spec/PSSParameterSpec
instanceKlass java/security/spec/AlgorithmParameterSpec
instanceKlass java/security/spec/RSAPrivateKeySpec
instanceKlass java/security/spec/RSAPublicKeySpec
instanceKlass java/security/KeyFactorySpi
instanceKlass sun/security/rsa/SunRsaSignEntries
instanceKlass sun/security/jca/ProviderList$ServiceList$1
instanceKlass java/security/KeyFactory
instanceKlass java/security/spec/EncodedKeySpec$1
instanceKlass jdk/internal/access/JavaSecuritySpecAccess
instanceKlass java/security/spec/EncodedKeySpec
instanceKlass java/security/spec/KeySpec
instanceKlass sun/security/util/BitArray
instanceKlass sun/security/x509/X509Key
instanceKlass java/security/PublicKey
instanceKlass java/security/Key
instanceKlass sun/security/x509/CertificateX509Key
instanceKlass java/util/Date
instanceKlass sun/util/calendar/CalendarUtils
instanceKlass sun/util/calendar/CalendarDate
instanceKlass sun/util/calendar/CalendarSystem$GregorianHolder
instanceKlass sun/util/calendar/CalendarSystem
instanceKlass sun/security/x509/CertificateValidity
instanceKlass sun/security/x509/AVA
instanceKlass sun/security/x509/RDN
instanceKlass javax/security/auth/x500/X500Principal
instanceKlass sun/security/x509/X500Name$1
instanceKlass sun/security/x509/X500Name
instanceKlass sun/security/x509/GeneralNameInterface
instanceKlass sun/security/x509/CertificateAlgorithmId
instanceKlass sun/security/x509/SerialNumber
instanceKlass sun/security/x509/CertificateSerialNumber
instanceKlass sun/security/x509/CertificateVersion
instanceKlass sun/security/x509/X509CertInfo
instanceKlass sun/security/x509/CertAttrSet
instanceKlass sun/security/util/Cache$EqualByteArray
instanceKlass java/security/cert/X509Extension
instanceKlass sun/security/jca/GetInstance$Instance
instanceKlass sun/security/util/Cache
instanceKlass jdk/internal/event/Event
instanceKlass sun/security/jca/GetInstance
instanceKlass java/security/cert/CertificateFactorySpi
instanceKlass java/security/cert/CertificateFactory
instanceKlass sun/security/x509/AlgorithmId
instanceKlass sun/security/util/ByteArrayTagOrder
instanceKlass sun/security/util/ByteArrayLexOrder
instanceKlass sun/security/util/DerEncoder
instanceKlass sun/security/util/DerValue
instanceKlass sun/security/util/ObjectIdentifier
instanceKlass sun/security/pkcs/ContentInfo
instanceKlass sun/security/util/DerInputStream
instanceKlass sun/security/pkcs/PKCS7
instanceKlass java/util/Collections$EmptyIterator
instanceKlass java/util/LinkedHashMap$LinkedHashIterator
instanceKlass sun/security/util/SecurityProviderConstants
instanceKlass java/security/Provider$UString
instanceKlass java/security/Provider$Service
instanceKlass sun/security/provider/NativePRNG$NonBlocking
instanceKlass sun/security/provider/NativePRNG$Blocking
instanceKlass sun/security/provider/NativePRNG
instanceKlass sun/security/provider/SunEntries$1
instanceKlass sun/security/provider/SunEntries
instanceKlass sun/security/util/SecurityConstants
instanceKlass java/security/Security$2
instanceKlass jdk/internal/access/JavaSecurityPropertiesAccess
instanceKlass java/util/concurrent/ConcurrentHashMap$MapEntry
instanceKlass java/io/FileInputStream$1
instanceKlass java/util/Properties$LineReader
instanceKlass java/security/Security$1
instanceKlass java/security/Security
instanceKlass sun/security/jca/ProviderList$2
instanceKlass jdk/internal/math/FloatingDecimal$ASCIIToBinaryBuffer
instanceKlass jdk/internal/math/FloatingDecimal$PreparedASCIIToBinaryBuffer
instanceKlass jdk/internal/math/FloatingDecimal$ASCIIToBinaryConverter
instanceKlass jdk/internal/math/FloatingDecimal$BinaryToASCIIBuffer
instanceKlass jdk/internal/math/FloatingDecimal$ExceptionalBinaryToASCIIBuffer
instanceKlass jdk/internal/math/FloatingDecimal$BinaryToASCIIConverter
instanceKlass jdk/internal/math/FloatingDecimal
instanceKlass javax/security/auth/login/Configuration$Parameters
instanceKlass java/security/Policy$Parameters
instanceKlass java/security/cert/CertStoreParameters
instanceKlass java/security/SecureRandomParameters
instanceKlass java/security/Provider$EngineDescription
instanceKlass java/security/Provider$ServiceKey
instanceKlass sun/security/jca/ProviderConfig
instanceKlass sun/security/jca/ProviderList
instanceKlass sun/security/jca/Providers
instanceKlass java/util/function/BiFunction
instanceKlass jdk/internal/org/objectweb/asm/FieldVisitor
instanceKlass java/lang/invoke/InvokerBytecodeGenerator$ClassData
instanceKlass jdk/internal/org/objectweb/asm/Frame
instanceKlass java/lang/invoke/LambdaFormBuffer
instanceKlass java/lang/invoke/LambdaFormEditor$TransformKey
instanceKlass java/lang/invoke/LambdaFormEditor
instanceKlass sun/invoke/util/Wrapper$1
instanceKlass java/lang/invoke/DelegatingMethodHandle$Holder
instanceKlass java/lang/invoke/DirectMethodHandle$2
instanceKlass sun/invoke/empty/Empty
instanceKlass sun/invoke/util/VerifyType
instanceKlass java/lang/invoke/ClassSpecializer$Factory
instanceKlass java/lang/invoke/ClassSpecializer$SpeciesData
instanceKlass java/lang/invoke/ClassSpecializer$1
instanceKlass java/lang/invoke/ClassSpecializer
instanceKlass java/lang/invoke/InnerClassLambdaMetafactory$1
instanceKlass java/lang/invoke/MethodHandles$Lookup$ClassDefiner
instanceKlass jdk/internal/org/objectweb/asm/ClassReader
instanceKlass java/lang/invoke/MethodHandles$Lookup$ClassFile
instanceKlass jdk/internal/org/objectweb/asm/AnnotationVisitor
instanceKlass jdk/internal/org/objectweb/asm/Attribute
instanceKlass jdk/internal/org/objectweb/asm/Handler
instanceKlass jdk/internal/org/objectweb/asm/Label
instanceKlass jdk/internal/org/objectweb/asm/MethodVisitor
instanceKlass java/lang/invoke/LambdaProxyClassArchive
instanceKlass jdk/internal/org/objectweb/asm/ByteVector
instanceKlass jdk/internal/org/objectweb/asm/Symbol
instanceKlass jdk/internal/org/objectweb/asm/SymbolTable
instanceKlass jdk/internal/org/objectweb/asm/ClassVisitor
instanceKlass java/lang/invoke/InfoFromMemberName
instanceKlass java/lang/invoke/MethodHandleInfo
instanceKlass jdk/internal/org/objectweb/asm/ConstantDynamic
instanceKlass sun/invoke/util/BytecodeDescriptor
instanceKlass jdk/internal/org/objectweb/asm/Handle
instanceKlass sun/security/action/GetBooleanAction
instanceKlass jdk/internal/org/objectweb/asm/Type
instanceKlass java/lang/invoke/AbstractValidatingLambdaMetafactory
instanceKlass java/lang/invoke/MethodHandleImpl$1
instanceKlass jdk/internal/access/JavaLangInvokeAccess
instanceKlass java/lang/invoke/Invokers$Holder
instanceKlass java/lang/invoke/BootstrapMethodInvoker
instanceKlass java/lang/invoke/InvokerBytecodeGenerator$2
instanceKlass java/lang/invoke/InvokerBytecodeGenerator
instanceKlass java/lang/invoke/LambdaForm$Holder
instanceKlass java/lang/invoke/LambdaForm$Name
instanceKlass java/lang/invoke/Invokers
instanceKlass java/lang/invoke/MethodHandleImpl
instanceKlass sun/invoke/util/ValueConversions
instanceKlass java/lang/invoke/DirectMethodHandle$Holder
instanceKlass java/lang/invoke/LambdaForm$NamedFunction
instanceKlass sun/invoke/util/Wrapper$Format
instanceKlass java/lang/invoke/MethodTypeForm
instanceKlass java/lang/Void
instanceKlass java/lang/invoke/MethodType$ConcurrentWeakInternSet
instanceKlass java/lang/invoke/LambdaMetafactory
instanceKlass sun/security/util/ManifestDigester$Section
instanceKlass sun/security/util/ManifestDigester$Entry
instanceKlass sun/security/util/ManifestDigester$Position
instanceKlass sun/security/util/ManifestDigester
instanceKlass sun/security/util/ManifestEntryVerifier
instanceKlass java/util/jar/Attributes$Name
instanceKlass java/util/jar/Attributes
instanceKlass java/security/CodeSigner
instanceKlass java/util/jar/JarVerifier
instanceKlass jdk/internal/loader/Resource
instanceKlass java/util/ArrayList$Itr
instanceKlass sun/security/action/GetIntegerAction
instanceKlass sun/security/util/Debug
instanceKlass sun/security/util/SignatureFileVerifier
instanceKlass java/util/zip/ZipFile$InflaterCleanupAction
instanceKlass java/util/zip/Inflater$InflaterZStreamRef
instanceKlass java/util/zip/Inflater
instanceKlass java/util/zip/ZipEntry
instanceKlass jdk/internal/util/jar/JarIndex
instanceKlass java/nio/Bits$1
instanceKlass jdk/internal/misc/VM$BufferPool
instanceKlass java/nio/Bits
instanceKlass sun/nio/ch/DirectBuffer
instanceKlass jdk/internal/perf/PerfCounter$CoreCounters
instanceKlass jdk/internal/perf/Perf
instanceKlass jdk/internal/perf/Perf$GetPerfAction
instanceKlass jdk/internal/perf/PerfCounter
instanceKlass java/nio/file/attribute/FileTime
instanceKlass java/util/TreeMap$PrivateEntryIterator
instanceKlass java/util/TreeMap$Entry
instanceKlass java/util/NavigableMap
instanceKlass java/util/SortedMap
instanceKlass java/util/NavigableSet
instanceKlass java/util/SortedSet
instanceKlass java/util/zip/ZipUtils
instanceKlass java/util/zip/ZipFile$Source$End
instanceKlass java/io/RandomAccessFile$2
instanceKlass jdk/internal/access/JavaIORandomAccessFileAccess
instanceKlass java/io/RandomAccessFile
instanceKlass java/io/DataInput
instanceKlass java/io/DataOutput
instanceKlass sun/nio/fs/WindowsNativeDispatcher$CompletionStatus
instanceKlass sun/nio/fs/WindowsNativeDispatcher$AclInformation
instanceKlass sun/nio/fs/WindowsNativeDispatcher$Account
instanceKlass sun/nio/fs/WindowsNativeDispatcher$DiskFreeSpace
instanceKlass sun/nio/fs/WindowsNativeDispatcher$VolumeInformation
instanceKlass sun/nio/fs/WindowsNativeDispatcher$FirstStream
instanceKlass sun/nio/fs/WindowsNativeDispatcher$FirstFile
instanceKlass java/util/Enumeration
instanceKlass java/util/concurrent/ConcurrentHashMap$Traverser
instanceKlass java/util/concurrent/ConcurrentHashMap$CollectionView
instanceKlass jdk/internal/loader/NativeLibraries$NativeLibraryImpl
instanceKlass jdk/internal/loader/NativeLibrary
instanceKlass java/util/ArrayDeque$DeqIterator
instanceKlass jdk/internal/loader/NativeLibraries$1
instanceKlass jdk/internal/loader/NativeLibraries$LibraryPaths
instanceKlass sun/nio/fs/WindowsNativeDispatcher
instanceKlass sun/nio/fs/NativeBuffer$Deallocator
instanceKlass sun/nio/fs/NativeBuffer
instanceKlass java/lang/ThreadLocal$ThreadLocalMap
instanceKlass sun/nio/fs/NativeBuffers
instanceKlass sun/nio/fs/WindowsFileAttributes
instanceKlass java/nio/file/attribute/DosFileAttributes
instanceKlass sun/nio/fs/AbstractBasicFileAttributeView
instanceKlass sun/nio/fs/DynamicFileAttributeView
instanceKlass sun/nio/fs/WindowsFileAttributeViews
instanceKlass sun/nio/fs/Util
instanceKlass java/nio/file/attribute/BasicFileAttributeView
instanceKlass java/nio/file/attribute/FileAttributeView
instanceKlass java/nio/file/attribute/AttributeView
instanceKlass java/nio/file/Files
instanceKlass java/nio/file/CopyOption
instanceKlass java/nio/file/attribute/BasicFileAttributes
instanceKlass sun/nio/fs/WindowsPath
instanceKlass java/nio/file/Path
instanceKlass java/nio/file/Watchable
instanceKlass java/util/zip/ZipFile$Source$Key
instanceKlass sun/nio/fs/WindowsPathParser$Result
instanceKlass sun/nio/fs/WindowsPathParser
instanceKlass java/util/Collections$UnmodifiableCollection
instanceKlass java/util/Arrays$ArrayItr
instanceKlass java/nio/file/FileSystem
instanceKlass java/nio/file/OpenOption
instanceKlass java/nio/file/spi/FileSystemProvider
instanceKlass sun/nio/fs/DefaultFileSystemProvider
instanceKlass java/util/zip/ZipFile$Source
instanceKlass java/lang/ref/Cleaner$Cleanable
instanceKlass jdk/internal/ref/CleanerImpl
instanceKlass java/lang/ref/Cleaner$1
instanceKlass java/lang/ref/Cleaner
instanceKlass jdk/internal/ref/CleanerFactory$1
instanceKlass java/util/concurrent/ThreadFactory
instanceKlass jdk/internal/ref/CleanerFactory
instanceKlass java/util/zip/ZipCoder
instanceKlass java/util/zip/ZipFile$CleanableResource
instanceKlass java/lang/Runtime$Version
instanceKlass java/util/jar/JavaUtilJarAccessImpl
instanceKlass jdk/internal/access/JavaUtilJarAccess
instanceKlass jdk/internal/loader/FileURLMapper
instanceKlass jdk/internal/loader/URLClassPath$JarLoader$1
instanceKlass java/util/zip/ZipFile$1
instanceKlass jdk/internal/access/JavaUtilZipFileAccess
instanceKlass java/util/zip/ZipFile
instanceKlass java/util/zip/ZipConstants
instanceKlass jdk/internal/loader/URLClassPath$Loader
instanceKlass jdk/internal/loader/URLClassPath$3
instanceKlass java/security/PrivilegedExceptionAction
instanceKlass sun/util/locale/LocaleObjectCache
instanceKlass sun/util/locale/BaseLocale$Key
instanceKlass sun/util/locale/LocaleUtils
instanceKlass sun/util/locale/BaseLocale
instanceKlass java/util/Locale
instanceKlass sun/net/util/URLUtil
instanceKlass java/lang/StringCoding
instanceKlass sun/nio/cs/ArrayDecoder
instanceKlass java/nio/charset/CharsetDecoder
instanceKlass sun/launcher/LauncherHelper
instanceKlass java/lang/reflect/Array
instanceKlass java/lang/invoke/StringConcatFactory$3
instanceKlass java/lang/invoke/StringConcatFactory$2
instanceKlass java/lang/invoke/StringConcatFactory$1
instanceKlass java/lang/invoke/StringConcatFactory
instanceKlass java/lang/ModuleLayer$Controller
instanceKlass java/util/concurrent/CopyOnWriteArrayList
instanceKlass jdk/internal/module/ServicesCatalog$ServiceProvider
instanceKlass jdk/internal/loader/AbstractClassLoaderValue$Memoizer
instanceKlass java/util/ImmutableCollections$ListItr
instanceKlass java/util/ListIterator
instanceKlass java/lang/ModuleLayer
instanceKlass jdk/internal/module/ModuleLoaderMap$Modules
instanceKlass jdk/internal/module/ModuleLoaderMap$Mapper
instanceKlass java/util/function/Function
instanceKlass jdk/internal/module/ModuleLoaderMap
instanceKlass java/util/AbstractMap$1$1
instanceKlass java/lang/module/ResolvedModule
instanceKlass java/lang/module/Configuration
instanceKlass jdk/internal/loader/BuiltinClassLoader$LoadedModule
instanceKlass jdk/internal/loader/AbstractClassLoaderValue
instanceKlass jdk/internal/module/ServicesCatalog
instanceKlass jdk/internal/util/Preconditions
instanceKlass sun/net/util/IPAddressUtil
instanceKlass java/net/URLStreamHandler
instanceKlass java/util/HexFormat
instanceKlass sun/net/www/ParseUtil
instanceKlass java/net/URL$3
instanceKlass jdk/internal/access/JavaNetURLAccess
instanceKlass java/net/URL$DefaultFactory
instanceKlass java/net/URLStreamHandlerFactory
instanceKlass jdk/internal/loader/URLClassPath
instanceKlass java/security/Principal
instanceKlass java/security/ProtectionDomain$Key
instanceKlass java/security/ProtectionDomain$JavaSecurityAccessImpl
instanceKlass jdk/internal/access/JavaSecurityAccess
instanceKlass java/lang/ClassLoader$ParallelLoaders
instanceKlass java/security/cert/Certificate
instanceKlass jdk/internal/loader/ArchivedClassLoaders
instanceKlass java/util/Deque
instanceKlass java/util/Queue
instanceKlass jdk/internal/loader/ClassLoaderHelper
instanceKlass jdk/internal/loader/NativeLibraries
instanceKlass jdk/internal/loader/BootLoader
instanceKlass java/util/Optional
instanceKlass jdk/internal/module/SystemModuleFinders$SystemModuleFinder
instanceKlass java/lang/module/ModuleFinder
instanceKlass jdk/internal/module/SystemModuleFinders$3
instanceKlass jdk/internal/module/ModuleHashes$HashSupplier
instanceKlass jdk/internal/module/SystemModuleFinders$2
instanceKlass java/util/function/Supplier
instanceKlass java/lang/module/ModuleReference
instanceKlass jdk/internal/module/ModuleResolution
instanceKlass java/util/Collections$UnmodifiableMap
instanceKlass jdk/internal/module/ModuleHashes$Builder
instanceKlass jdk/internal/module/ModuleHashes
instanceKlass jdk/internal/module/ModuleTarget
instanceKlass java/util/ImmutableCollections$Set12$1
instanceKlass java/lang/Enum
instanceKlass java/lang/module/ModuleDescriptor$Version
instanceKlass java/lang/module/ModuleDescriptor$Provides
instanceKlass java/lang/module/ModuleDescriptor$Opens
instanceKlass java/util/ImmutableCollections$SetN$SetNIterator
instanceKlass java/lang/module/ModuleDescriptor$Exports
instanceKlass java/lang/module/ModuleDescriptor$Requires
instanceKlass jdk/internal/module/Builder
instanceKlass jdk/internal/module/SystemModules$default
instanceKlass jdk/internal/module/SystemModules
instanceKlass jdk/internal/module/SystemModulesMap
instanceKlass java/net/URI$1
instanceKlass jdk/internal/access/JavaNetUriAccess
instanceKlass java/net/URI
instanceKlass jdk/internal/module/SystemModuleFinders
instanceKlass jdk/internal/module/ArchivedModuleGraph
instanceKlass jdk/internal/module/ArchivedBootLayer
instanceKlass jdk/internal/module/ModuleBootstrap$Counters
instanceKlass jdk/internal/module/ModulePatcher
instanceKlass java/io/FileSystem
instanceKlass java/io/DefaultFileSystem
instanceKlass java/io/File
instanceKlass java/lang/module/ModuleDescriptor$1
instanceKlass jdk/internal/access/JavaLangModuleAccess
instanceKlass sun/invoke/util/VerifyAccess
instanceKlass java/lang/module/ModuleDescriptor
instanceKlass jdk/internal/module/ModuleBootstrap
instanceKlass java/lang/invoke/MethodHandleStatics
instanceKlass java/util/Collections
instanceKlass sun/io/Win32ErrorMode
instanceKlass jdk/internal/misc/OSEnvironment
instanceKlass jdk/internal/misc/Signal$NativeHandler
instanceKlass java/util/Hashtable$Entry
instanceKlass jdk/internal/misc/Signal
instanceKlass java/lang/Terminator$1
instanceKlass jdk/internal/misc/Signal$Handler
instanceKlass java/lang/Terminator
instanceKlass java/nio/ByteOrder
instanceKlass java/nio/Buffer$1
instanceKlass jdk/internal/access/JavaNioAccess
instanceKlass jdk/internal/misc/ScopedMemoryAccess
instanceKlass java/nio/charset/CodingErrorAction
instanceKlass sun/nio/cs/SingleByte
instanceKlass java/lang/StringUTF16
instanceKlass sun/nio/cs/MS1252$Holder
instanceKlass sun/nio/cs/ArrayEncoder
instanceKlass java/nio/charset/CharsetEncoder
instanceKlass java/lang/reflect/Modifier
instanceKlass java/lang/Class$1
instanceKlass java/lang/Class$Atomic
instanceKlass java/lang/Class$ReflectionData
instanceKlass jdk/internal/util/ArraysSupport
instanceKlass java/nio/charset/StandardCharsets
instanceKlass sun/nio/cs/HistoricallyNamedCharset
instanceKlass sun/security/action/GetPropertyAction
instanceKlass java/lang/ThreadLocal
instanceKlass java/nio/charset/spi/CharsetProvider
instanceKlass java/nio/charset/Charset
instanceKlass java/io/Writer
instanceKlass java/io/OutputStream
instanceKlass java/io/Flushable
instanceKlass java/io/FileDescriptor$1
instanceKlass jdk/internal/access/JavaIOFileDescriptorAccess
instanceKlass java/io/FileDescriptor
instanceKlass jdk/internal/util/StaticProperty
instanceKlass java/util/HashMap$HashIterator
instanceKlass java/lang/Integer$IntegerCache
instanceKlass java/lang/CharacterData
instanceKlass java/util/Arrays
instanceKlass java/lang/VersionProps
instanceKlass java/lang/StringConcatHelper
instanceKlass jdk/internal/misc/VM
instanceKlass jdk/internal/util/SystemProps$Raw
instanceKlass jdk/internal/util/SystemProps
instanceKlass java/lang/System$2
instanceKlass jdk/internal/access/JavaLangAccess
instanceKlass java/lang/ref/Reference$1
instanceKlass jdk/internal/access/JavaLangRefAccess
instanceKlass java/lang/ref/ReferenceQueue$Lock
instanceKlass java/lang/ref/ReferenceQueue
instanceKlass jdk/internal/reflect/ReflectionFactory
instanceKlass jdk/internal/reflect/ReflectionFactory$GetReflectionFactoryAction
instanceKlass java/security/PrivilegedAction
instanceKlass java/util/concurrent/locks/LockSupport
instanceKlass java/util/concurrent/ConcurrentHashMap$Node
instanceKlass java/util/concurrent/ConcurrentHashMap$CounterCell
instanceKlass java/util/concurrent/locks/ReentrantLock
instanceKlass java/util/concurrent/locks/Lock
instanceKlass java/lang/Runtime
instanceKlass java/util/HashMap$Node
instanceKlass java/util/KeyValueHolder
instanceKlass java/util/Map$Entry
instanceKlass java/util/ImmutableCollections$MapN$MapNIterator
instanceKlass java/lang/Math
instanceKlass jdk/internal/reflect/Reflection
instanceKlass java/lang/invoke/MethodHandles$Lookup
instanceKlass java/lang/StringLatin1
instanceKlass java/security/Permission
instanceKlass java/security/Guard
instanceKlass java/lang/invoke/MemberName$Factory
instanceKlass java/lang/invoke/MethodHandles
instanceKlass jdk/internal/access/SharedSecrets
instanceKlass java/lang/reflect/ReflectAccess
instanceKlass jdk/internal/access/JavaLangReflectAccess
instanceKlass java/util/ImmutableCollections
instanceKlass java/util/Objects
instanceKlass java/util/Set
instanceKlass jdk/internal/misc/CDS
instanceKlass java/lang/Module$ArchivedData
instanceKlass java/lang/String$CaseInsensitiveComparator
instanceKlass java/util/Comparator
instanceKlass java/io/ObjectStreamField
instanceKlass jdk/internal/vm/vector/VectorSupport$VectorPayload
instanceKlass jdk/internal/vm/vector/VectorSupport
instanceKlass java/lang/reflect/RecordComponent
instanceKlass java/util/Iterator
instanceKlass java/lang/Number
instanceKlass java/lang/Character
instanceKlass java/lang/Boolean
instanceKlass java/util/concurrent/locks/AbstractOwnableSynchronizer
instanceKlass java/lang/LiveStackFrame
instanceKlass java/lang/StackFrameInfo
instanceKlass java/lang/StackWalker$StackFrame
instanceKlass java/lang/StackStreamFactory$AbstractStackWalker
instanceKlass java/lang/StackWalker
instanceKlass java/nio/Buffer
instanceKlass java/lang/StackTraceElement
instanceKlass java/util/RandomAccess
instanceKlass java/util/List
instanceKlass java/util/AbstractCollection
instanceKlass java/util/Collection
instanceKlass java/lang/Iterable
instanceKlass java/util/concurrent/ConcurrentMap
instanceKlass java/util/AbstractMap
instanceKlass java/security/CodeSource
instanceKlass jdk/internal/loader/ClassLoaders
instanceKlass java/util/jar/Manifest
instanceKlass java/net/URL
instanceKlass java/io/InputStream
instanceKlass java/io/Closeable
instanceKlass java/lang/AutoCloseable
instanceKlass jdk/internal/module/Modules
instanceKlass jdk/internal/misc/Unsafe
instanceKlass jdk/internal/misc/UnsafeConstants
instanceKlass java/lang/AbstractStringBuilder
instanceKlass java/lang/Appendable
instanceKlass java/lang/AssertionStatusDirectives
instanceKlass java/lang/invoke/MethodHandleNatives$CallSiteContext
instanceKlass jdk/internal/invoke/NativeEntryPoint
instanceKlass java/lang/invoke/CallSite
instanceKlass java/lang/invoke/MethodType
instanceKlass java/lang/invoke/TypeDescriptor$OfMethod
instanceKlass java/lang/invoke/LambdaForm
instanceKlass java/lang/invoke/MethodHandleNatives
instanceKlass java/lang/invoke/ResolvedMethodName
instanceKlass java/lang/invoke/MemberName
instanceKlass java/lang/invoke/VarHandle
instanceKlass java/lang/invoke/MethodHandle
instanceKlass jdk/internal/reflect/CallerSensitive
instanceKlass java/lang/annotation/Annotation
instanceKlass jdk/internal/reflect/FieldAccessor
instanceKlass jdk/internal/reflect/ConstantPool
instanceKlass jdk/internal/reflect/ConstructorAccessor
instanceKlass jdk/internal/reflect/MethodAccessor
instanceKlass jdk/internal/reflect/MagicAccessorImpl
instanceKlass java/lang/reflect/Parameter
instanceKlass java/lang/reflect/Member
instanceKlass java/lang/reflect/AccessibleObject
instanceKlass java/lang/Module
instanceKlass java/util/Map
instanceKlass java/util/Dictionary
instanceKlass java/lang/ThreadGroup
instanceKlass java/lang/Thread$UncaughtExceptionHandler
instanceKlass java/lang/Thread
instanceKlass java/lang/Runnable
instanceKlass java/lang/ref/Reference
instanceKlass java/lang/Record
instanceKlass java/security/AccessController
instanceKlass java/security/AccessControlContext
instanceKlass java/security/ProtectionDomain
instanceKlass java/lang/SecurityManager
instanceKlass java/lang/Throwable
instanceKlass java/lang/System
instanceKlass java/lang/ClassLoader
instanceKlass java/lang/Cloneable
instanceKlass java/lang/Class
instanceKlass java/lang/invoke/TypeDescriptor$OfField
instanceKlass java/lang/invoke/TypeDescriptor
instanceKlass java/lang/reflect/Type
instanceKlass java/lang/reflect/GenericDeclaration
instanceKlass java/lang/reflect/AnnotatedElement
instanceKlass java/lang/String
instanceKlass java/lang/constant/ConstantDesc
instanceKlass java/lang/constant/Constable
instanceKlass java/lang/CharSequence
instanceKlass java/lang/Comparable
instanceKlass java/io/Serializable
ciInstanceKlass java/lang/Object 1 1 92 100 1 10 12 1 1 10 7 12 1 1 1 10 100 12 1 1 1 10 12 1 1 8 1 10 12 1 1 10 100 12 1 1 1 10 12 1 10 12 1 1 100 1 8 1 10 12 1 3 8 1 100 1 5 0 1 1 1 1 1 1 1 1 1 1 1 1 1 1 1 1 7 1 1 1 7 1 1 1 1 1 1 1 7 1 1 1 1 1 1 1
ciMethod java/lang/Object equals (Ljava/lang/Object;)Z 522 0 19550 0 96
ciMethod java/lang/Object hashCode ()I 256 0 128 0 -1
ciInstanceKlass java/lang/Class 1 1 1600 10 7 12 1 1 1 9 7 12 1 1 1 9 12 1 1 7 1 10 10 12 1 1 8 1 10 12 1 8 1 8 1 10 12 1 1 10 12 1 1 10 12 1 10 10 12 1 10 12 1 1 10 12 1 1 10 7 12 1 1 10 12 1 10 12 1 10 12 1 8 1 10 12 1 8 1 10 12 1 8 1 8 1 10 12 1 1 10 7 12 1 1 1 18 12 1 1 11 7 12 1 1 1 8 1 8 1 8 1 10 7 12 1 1 1 11 12 1 1 7 1 8 1 10 12 1 11 100 12 1 1 1 10 12 1 1 11 8 1 18 8 1 10 12 1 10 7 12 1 1 10 7 12 1 1 1 10 12 1 1 10 7 12 1 1 1 9 100 12 1 1 1 10 100 12 1 1 1 10 7 12 1 1 1 10 12 1 1 18 12 1 1 10 7 12 1 1 1 10 7 12 1 1 10 12 1 1 10 7 1 100 1 10 12 1 1 9 12 1 1 7 1 8 1 10 12 1 10 12 1 1 10 12 1 1 10 7 12 1 1 1 7 1 10 12 1 7 1 7 1 10 10 12 1 1 10 12 1 1 100 1 10 100 12 1 1 1 10 12 1 1 10 12 1 1 9 12 1 1 10 12 1 10 12 1 10 12 1 1 9 12 1 1 9 12 1 1 10 12 1 1 10 7 1 10 12 1 10 12 1 10 12 1 1 10 9 12 1 10 12 1 8 1 10 12 1 1 10 12 1 1 10 12 1 10 12 1 1 10 12 1 1 10 12 1 1 9 7 12 1 1 1 10 7 12 1 1 10 12 10 12 1 10 12 1 1 10 100 12 1 1 10 12 1 10 12 1 1 10 100 12 1 1 1 10 12 1 10 12 1 1 10 12 1 10 12 1 10 12 1 1 10 7 1 10 10 10 12 1 1 10 12 1 1 10 12 10 12 1 1 100 1 8 1 10 10 12 1 1 10 12 1 100 1 11 12 1 10 100 12 1 1 10 12 1 10 12 1 10 100 12 1 1 10 10 12 1 1 8 1 10 12 1 10 12 1 1 8 1 9 12 1 10 12 1 10 12 1 10 12 1 10 12 100 1 9 12 1 10 12 1 9 12 1 10 12 1 10 12 1 10 12 1 10 10 12 1 10 12 1 10 12 1 10 12 1 10 12 1 10 12 1 100 1 10 12 1 10 12 1 1 10 12 1 1 10 12 1 1 10 12 1 1 10 12 1 1 10 12 1 1 7 1 10 10 12 1 1 10 12 1 1 10 12 1 1 10 10 12 1 10 12 1 1 10 12 1 1 10 12 1 1 10 12 1 1 7 1 10 10 12 11 100 12 1 1 10 12 1 1 10 12 1 10 7 12 1 1 1 10 12 1 1 10 10 12 1 1 100 1 10 10 12 1 1 10 100 12 1 1 1 100 1 7 1 10 12 1 1 10 12 1 10 10 12 1 1 10 12 1 10 12 1 10 12 1 10 100 12 1 1 1 11 7 12 1 1 10 12 1 10 12 1 9 12 1 10 12 1 1 10 12 1 9 100 12 1 1 1 9 12 1 10 100 12 1 1 1 10 12 1 10 12 1 10 100 12 1 1 1 10 12 1 10 12 10 12 1 1 100 1 10 8 1 10 12 1 11 11 12 1 1 11 7 12 1 1 11 12 1 8 1 10 12 1 10 12 1 1 9 12 1 9 12 1 1 10 7 12 1 1 9 12 1 10 12 1 1 10 10 12 1 10 7 12 1 1 1 10 7 12 1 1 10 7 12 1 1 9 12 1 1 10 12 1 9 12 1 10 12 1 10 12 1 1 9 12 1 1 9 12 1 10 12 1 10 12 1 1 9 12 1 7 1 10 10 12 1 1 7 1 10 12 1 1 7 11 7 1 9 12 1 1 9 12 1 100 1 10 12 1 9 12 1 1 9 12 1 10 12 1 10 12 1 1 9 12 1 7 1 10 10 12 1 1 10 10 12 1 1 10 12 10 10 12 1 9 12 1 10 12 1 1 10 7 12 1 1 1 10 12 1 1 10 12 1 8 10 7 8 1 18 8 1 8 1 10 12 1 9 12 1 9 12 1 1 10 12 1 7 1 7 1 10 12 1 9 12 1 1 7 1 10 10 12 1 10 7 1 9 12 1 8 1 10 12 1 7 1 10 12 1 10 12 1 1 9 12 1 100 1 8 1 10 7 1 4 10 10 12 11 7 12 1 1 1 10 12 1 100 1 10 12 1 1 10 8 1 8 1 10 12 1 1 9 7 12 1 1 11 12 7 1 11 100 12 1 1 9 12 1 10 100 12 1 1 1 10 7 12 1 1 10 12 1 1 9 12 1 9 10 12 1 1 10 12 1 1 10 12 1 1 10 12 1 1 10 12 1 1 11 12 1 7 1 11 12 1 10 7 12 1 1 1 10 12 1 100 1 11 12 1 10 100 12 1 1 1 10 12 1 10 11 12 1 11 12 1 1 10 12 1 10 12 1 1 9 12 1 1 9 7 12 1 1 10 12 1 10 7 12 1 1 1 10 12 1 1 10 12 1 10 12 1 10 12 1 10 7 12 1 1 1 10 12 1 8 1 10 12 1 10 12 1 10 12 1 10 100 12 1 1 1 11 100 12 1 1 1 10 12 1 1 10 12 1 18 12 1 1 11 12 1 1 18 11 12 1 18 12 1 11 12 1 10 12 1 1 10 12 1 10 12 1 10 12 10 12 1 8 1 10 12 1 7 1 9 12 1 1 100 1 100 1 100 1 100 1 100 1 1 1 3 1 3 1 3 1 1 1 1 1 1 1 5 0 1 1 1 1 1 1 1 1 1 1 1 1 1 1 1 1 1 1 1 1 1 1 1 100 1 1 1 1 1 1 1 100 1 1 1 1 1 1 7 1 1 1 1 1 1 1 1 1 1 1 1 1 1 1 1 1 1 1 1 1 1 1 1 1 1 1 1 1 1 1 1 1 1 1 1 1 1 100 1 1 1 1 1 1 1 1 1 1 1 1 1 1 1 1 1 1 1 1 1 1 1 1 1 1 1 1 100 1 1 1 1 1 1 1 1 1 1 1 1 1 1 1 1 1 1 1 1 1 1 1 1 1 1 1 1 1 1 1 1 1 1 1 1 1 1 1 1 1 1 1 1 1 1 1 1 1 1 1 1 1 100 1 100 1 1 1 1 1 1 1 100 1 1 1 1 1 1 1 1 1 1 1 1 1 1 1 1 1 1 1 1 1 1 1 1 1 1 1 1 1 1 1 1 1 1 1 1 1 1 1 1 1 1 1 1 1 1 1 1 1 1 1 1 1 1 1 100 1 1 1 1 1 1 1 1 1 1 1 1 1 1 1 1 1 1 1 1 1 1 1 1 1 1 1 1 1 1 1 1 1 1 1 1 1 1 1 1 1 1 1 1 1 1 1 1 1 1 1 1 1 1 1 1 1 1 1 1 1 1 1 1 1 1 1 1 15 10 7 12 1 1 1 16 15 10 12 16 15 11 12 16 1 16 15 16 15 10 12 16 16 15 10 12 16 15 16 1 15 10 12 16 1 1 1 1 1 1 1 1 1 100 1 1 100 1 100 1 1 100 1 100 1 1
staticfield java/lang/Class EMPTY_CLASS_ARRAY [Ljava/lang/Class; 0 [Ljava/lang/Class;
staticfield java/lang/Class serialPersistentFields [Ljava/io/ObjectStreamField; 0 [Ljava/io/ObjectStreamField;
ciInstanceKlass java/io/Serializable 1 0 7 100 1 100 1 1 1
instanceKlass jdk/internal/vm/vector/VectorSupport$VectorShuffle
instanceKlass jdk/internal/vm/vector/VectorSupport$VectorMask
instanceKlass jdk/internal/vm/vector/VectorSupport$Vector
ciInstanceKlass jdk/internal/vm/vector/VectorSupport$VectorPayload 0 0 32 10 100 12 1 1 1 9 100 12 1 1 1 10 100 12 1 1 1 1 1 1 1 1 1 1 1 1 1 1 1 1
ciInstanceKlass jdk/internal/vm/vector/VectorSupport$VectorShuffle 0 0 28 10 100 12 1 1 1 100 1 1 1 1 1 1 1 1 1 1 1 1 1 1 1 100 1 1 1 1
ciInstanceKlass jdk/internal/vm/vector/VectorSupport$VectorMask 0 0 28 10 100 12 1 1 1 100 1 1 1 1 1 1 1 1 1 1 1 1 1 1 1 100 1 1 1 1
ciInstanceKlass jdk/internal/vm/vector/VectorSupport$Vector 0 0 28 10 100 12 1 1 1 100 1 1 1 1 1 1 1 1 1 1 1 1 1 1 1 100 1 1 1 1
ciInstanceKlass jdk/internal/vm/vector/VectorSupport 0 0 487 100 1 10 100 12 1 1 1 9 12 1 1 10 12 1 1 100 1 10 12 1 11 100 12 1 1 1 11 100 12 1 1 1 11 100 12 1 1 11 100 12 1 1 1 11 100 1 100 1 10 12 1 1 11 100 12 1 1 11 100 12 1 1 100 1 11 100 12 1 1 11 100 12 1 1 11 100 12 1 1 1 11 100 12 1 1 1 11 100 12 1 1 1 11 100 12 1 1 1 100 1 10 12 1 1 11 100 12 1 1 100 1 11 100 12 1 1 11 100 12 1 1 11 100 12 1 1 11 100 1 100 1 9 12 1 1 10 100 12 1 1 11 100 12 1 1 10 12 1 1 10 100 12 1 1 1 10 12 1 10 12 1 1 10 12 1 1 1 1 1 3 1 3 1 3 1 3 1 3 1 3 1 3 1 3 1 3 1 3 1 3 1 3 1 3 1 3 1 3 1 3 1 3 1 3 1 3 1 3 1 3 1 3 1 3 1 3 1 3 1 3 1 3 1 3 1 3 1 3 1 3 1 3 1 3 1 3 1 3 1 3 1 3 1 3 1 3 1 1 1 1 1 3 1 1 1 1 1 1 3 1 1 1 1 1 1 1 1 1 1 1 1 1 1 1 1 1 1 1 1 1 1 1 1 1 1 1 1 1 1 1 1 1 1 1 1 1 1 1 1 1 1 1 1 1 1 1 1 1 1 1 1 1 1 1 1 1 1 1 1 1 1 1 1 1 1 1 1 1 1 1 1 1 1 1 1 1 1 1 1 1 1 1 1 1 1 1 1 1 1 1 1 1 1 1 1 1 1 1 1 1 1 1 1 1 1 1 1 1 1 1 1 1 1 1 1 1 1 1 1 1 1 1 1 1 1 1 1 1 1 1 1 1 1 1 1 1 1 1 1 1 1 1 1 1 1 1 1 1 1 1 1 1 1 1 1 1 1 1 1 1 1 1 1 1 1 1 1 1 1 1 1 1 1 1 1 1 1 1 1 1 1 1 1 1 1 1 1 1 1 1 1 1 1 1 1 1 1 1 100 1 100 1 1 1 1 1 1 1 1 1 1 1 1 1 1 1 1 1 1 1 1 1 1 1 1
ciInstanceKlass java/lang/reflect/RecordComponent 1 0 196 10 100 12 1 1 1 9 100 12 1 1 1 9 12 1 1 9 12 1 10 12 1 1 10 12 1 1 10 100 12 1 1 1 10 12 1 1 9 12 1 1 10 12 1 1 10 12 1 1 10 12 1 10 100 12 1 1 10 100 12 1 1 9 12 1 1 10 100 12 1 1 1 11 100 12 1 1 1 10 9 100 12 1 1 1 10 100 12 1 1 1 9 12 1 1 10 100 12 1 1 1 10 12 1 1 11 100 12 1 1 10 100 12 1 1 100 1 9 12 1 9 12 1 1 9 12 1 10 100 12 1 1 1 10 12 1 1 10 12 1 1 100 1 10 10 12 1 10 12 1 1 8 1 10 12 1 10 12 1 9 12 1 100 1 1 1 1 1 1 1 1 1 1 1 1 1 1 1 1 1 1 1 1 1 1 100 1 1 1 1 1 1 100 1 1
ciInstanceKlass java/util/Iterator 1 1 53 100 1 8 1 10 12 1 1 10 7 12 1 1 1 11 7 12 1 1 1 11 12 1 1 11 7 12 1 1 1 100 1 1 1 1 1 1 1 1 1 1 1 1 1 1 1 1 1 1 1 1 1
instanceKlass apex/jorje/data/ast/PrefixOp
instanceKlass java/text/NumberFormat$Style
instanceKlass apex/jorje/data/ast/BinaryOp
instanceKlass com/google/common/cache/RemovalCause
instanceKlass apex/jorje/semantic/symbol/member/variable/SObjectFieldInfo$Category
instanceKlass apex/jorje/semantic/ast/statement/ListCreator
instanceKlass apex/jorje/semantic/symbol/visibility/Visibility$ReferencedFromATestVisibleVariable
instanceKlass apex/jorje/semantic/symbol/member/method/ConstructorCall
instanceKlass apex/jorje/semantic/symbol/member/variable/FieldTable$LookupMode
instanceKlass apex/jorje/semantic/ast/expression/IdentifierContext
instanceKlass apex/jorje/semantic/symbol/member/IdentifierValidator$Check
instanceKlass apex/jorje/semantic/symbol/member/IdentifierValidator$Type
instanceKlass apex/jorje/semantic/symbol/member/method/MethodLookupMode
instanceKlass apex/jorje/semantic/symbol/visibility/Visibility$CheckType
instanceKlass apex/jorje/semantic/symbol/visibility/Visibility$AccessType
instanceKlass apex/jorje/semantic/symbol/member/Member$Type
instanceKlass apex/jorje/semantic/symbol/visibility/PackageVersionVisibility$PackageVersionTestType
instanceKlass apex/jorje/semantic/symbol/visibility/Visibility$HiddenReferenceOkay
instanceKlass apex/jorje/semantic/symbol/visibility/Visibility$CheckGenericTypeArguments
instanceKlass apex/jorje/semantic/symbol/visibility/Visibility$ReferencedFromTestMethod
instanceKlass apex/jorje/semantic/ast/member/AccessorType
instanceKlass apex/jorje/data/ast/AssignmentOp
instanceKlass apex/jorje/data/ast/TriggerUsage
instanceKlass apex/jorje/data/ast/PostfixOp
instanceKlass apex/jorje/semantic/ast/expression/ReferenceExpressionUtil$PeelType
instanceKlass apex/jorje/data/ast/BooleanOp
instanceKlass apex/jorje/data/ast/LiteralType
instanceKlass apex/jorje/semantic/ast/statement/SimpleStatement$Returnable
instanceKlass apex/jorje/semantic/ast/expression/ReferenceType
instanceKlass apex/jorje/semantic/ast/expression/TopLevel
instanceKlass apex/jorje/semantic/compiler/parser/ParserEngine$SoqlParserType
instanceKlass sun/util/locale/provider/LocaleProviderAdapter$Type
instanceKlass java/lang/StackStreamFactory$WalkerState
instanceKlass java/lang/StackWalker$ExtendedOption
instanceKlass java/lang/StackWalker$Option
instanceKlass apex/jorje/parser/impl/BaseApexLexer$Lexing
instanceKlass com/google/common/cache/LocalCache$NullEntry
instanceKlass apex/jorje/semantic/compiler/CompilerStage
instanceKlass apex/jorje/semantic/symbol/type/TypeInfoType
instanceKlass apex/jorje/semantic/compiler/parser/ParserEngine$Type
instanceKlass apex/jorje/semantic/compiler/ValidationSettings$ValidationBehavior
instanceKlass apex/jorje/semantic/compiler/SourceInfo$SourceType
instanceKlass java/nio/file/FileVisitResult
instanceKlass java/nio/file/FileTreeWalker$EventType
instanceKlass java/nio/file/FileVisitOption
instanceKlass java/nio/file/attribute/PosixFilePermission
instanceKlass java/nio/file/AccessMode
instanceKlass org/eclipse/jdt/internal/core/nd/field/StructDef$DeletionSemantics
instanceKlass com/google/common/util/concurrent/DirectExecutor
instanceKlass org/eclipse/lsp4j/DiagnosticTag
instanceKlass org/eclipse/lsp4j/PrepareSupportDefaultBehavior
instanceKlass org/eclipse/lsp4j/CompletionItemKind
instanceKlass org/eclipse/lsp4j/CompletionItemTag
instanceKlass org/eclipse/lsp4j/InsertTextMode
instanceKlass org/eclipse/lsp4j/SymbolTag
instanceKlass org/eclipse/lsp4j/SymbolKind
instanceKlass com/google/gson/ReflectionAccessFilter$FilterResult
instanceKlass com/google/gson/stream/JsonToken
instanceKlass java/lang/Thread$State
instanceKlass com/google/gson/ToNumberPolicy
instanceKlass com/google/gson/FieldNamingPolicy
instanceKlass com/google/gson/LongSerializationPolicy
instanceKlass apex/jorje/semantic/symbol/type/SObjectMetadata$CustomEntitySObjectType
instanceKlass apex/jorje/semantic/symbol/type/common/BiPredicates$ObjectBiPredicate
instanceKlass com/google/common/collect/AbstractIterator$State
instanceKlass apex/jorje/semantic/symbol/member/method/InvocationType
instanceKlass apex/jorje/semantic/symbol/member/method/Generated
instanceKlass com/google/common/base/CaseFormat
instanceKlass apex/jorje/semantic/bcl/DmlOperation
instanceKlass apex/jorje/semantic/ast/ProfilingType
instanceKlass apex/jorje/semantic/symbol/type/AnnotationTypeInfos$JsonSerializationControlParameter
instanceKlass apex/jorje/semantic/ast/modifier/property/rule/TestForValuePrefix
instanceKlass apex/jorje/semantic/compiler/sfdc/PlaceholderOrgPerm
instanceKlass apex/jorje/semantic/ast/modifier/rule/Element
instanceKlass apex/jorje/semantic/symbol/type/AnnotationProperty$Type
instanceKlass com/google/common/base/AbstractIterator$State
instanceKlass apex/jorje/semantic/symbol/type/UnitType
instanceKlass com/google/common/collect/MapMaker$Dummy
instanceKlass apex/jorje/services/Version
instanceKlass apex/jorje/semantic/symbol/type/BasicType
instanceKlass com/google/inject/internal/Indexer$BindingType
instanceKlass apex/jorje/semantic/compiler/parser/ParserEngine$HiddenTokenBehavior
instanceKlass apex/jorje/lsp/impl/utils/ApexIndexerOperationEnum
instanceKlass apex/jorje/lsp/impl/utils/SourceGroupEnum
instanceKlass org/eclipse/lsp4j/FileChangeType
instanceKlass com/google/common/util/concurrent/Service$State
instanceKlass com/google/common/collect/MapMakerInternalMap$Strength
instanceKlass com/google/inject/internal/InjectorImpl$JitLimitation
instanceKlass com/google/inject/internal/Initializer$InjectableReferenceState
instanceKlass com/google/inject/internal/Element$Type
instanceKlass com/google/inject/internal/InternalProviderInstanceBindingImpl$InitializationTiming
instanceKlass com/google/inject/spi/InjectionPoint$Position
instanceKlass com/google/inject/assistedinject/FactoryProvider2$SuperMethodLookup
instanceKlass com/google/inject/internal/InternalFlags$ColorizeOption
instanceKlass com/google/inject/internal/InternalFlags$BytecodeGenOption
instanceKlass com/google/inject/internal/InternalFlags$NullableProvidesOption
instanceKlass com/google/inject/internal/InternalFlags$CustomClassLoadingOption
instanceKlass com/google/inject/internal/InternalFlags$IncludeStackTraceOption
instanceKlass com/google/common/collect/Iterators$EmptyModifiableIterator
instanceKlass java/lang/annotation/ElementType
instanceKlass com/google/inject/Key$NullAnnotationStrategy
instanceKlass sun/reflect/annotation/TypeAnnotation$TypeAnnotationTarget
instanceKlass com/google/common/cache/LocalCache$EntryFactory
instanceKlass com/google/common/cache/CacheBuilder$NullListener
instanceKlass com/google/common/cache/CacheBuilder$OneWeigher
instanceKlass com/google/common/cache/LocalCache$Strength
instanceKlass java/math/RoundingMode
instanceKlass com/google/inject/Stage
instanceKlass org/slf4j/helpers/Reporter$Level
instanceKlass org/slf4j/helpers/Reporter$TargetChoice
instanceKlass java/time/format/TextStyle
instanceKlass java/time/format/DateTimeFormatterBuilder$SettingsParser
instanceKlass java/util/Locale$Category
instanceKlass java/time/format/ResolverStyle
instanceKlass java/time/format/SignStyle
instanceKlass java/time/temporal/JulianFields$Field
instanceKlass java/time/temporal/IsoFields$Unit
instanceKlass java/time/temporal/IsoFields$Field
instanceKlass ch/qos/logback/core/pattern/parser/TokenStream$TokenizerState
instanceKlass ch/qos/logback/core/util/AggregationType
instanceKlass ch/qos/logback/core/joran/spi/ConsoleTarget
instanceKlass ch/qos/logback/core/subst/Node$Type
instanceKlass ch/qos/logback/core/subst/Token$Type
instanceKlass ch/qos/logback/core/subst/Tokenizer$TokenizerState
instanceKlass ch/qos/logback/core/spi/FilterReply
instanceKlass java/lang/annotation/RetentionPolicy
instanceKlass ch/qos/logback/core/model/processor/ProcessingPhase
instanceKlass java/util/stream/Collector$Characteristics
instanceKlass java/util/stream/StreamShape
instanceKlass java/util/stream/MatchOps$MatchKind
instanceKlass com/sun/org/apache/xerces/internal/impl/XMLScanner$NameType
instanceKlass com/sun/org/apache/xerces/internal/util/Status
instanceKlass javax/xml/catalog/CatalogFeatures$Feature
instanceKlass com/sun/org/apache/xerces/internal/utils/XMLSecurityPropertyManager$Property
instanceKlass com/sun/org/apache/xerces/internal/utils/XMLSecurityPropertyManager$State
instanceKlass com/sun/org/apache/xerces/internal/utils/XMLSecurityManager$NameMap
instanceKlass jdk/xml/internal/JdkProperty$State
instanceKlass com/sun/org/apache/xerces/internal/utils/XMLSecurityManager$Limit
instanceKlass ch/qos/logback/core/spi/ConfigurationEvent$EventType
instanceKlass ch/qos/logback/classic/spi/Configurator$ExecutionStatus
instanceKlass sun/util/logging/PlatformLogger$Level
instanceKlass jdk/internal/logger/BootstrapLogger$LoggingBackend
instanceKlass java/util/stream/StreamOpFlag$Type
instanceKlass java/util/stream/StreamOpFlag
instanceKlass jdk/internal/icu/util/CodePointTrie$ValueWidth
instanceKlass jdk/internal/icu/util/CodePointTrie$Type
instanceKlass java/text/Normalizer$Form
instanceKlass java/lang/constant/DirectMethodHandleDesc$Kind
instanceKlass java/lang/invoke/VarHandle$VarHandleDesc$Kind
instanceKlass java/time/temporal/ChronoUnit
instanceKlass java/time/temporal/ChronoField
instanceKlass java/util/regex/Pattern$Qtype
instanceKlass sun/security/util/DisabledAlgorithmConstraints$Constraint$Operator
instanceKlass java/lang/System$Logger$Level
instanceKlass sun/security/rsa/RSAUtil$KeyType
instanceKlass sun/security/util/KnownOIDs
instanceKlass java/lang/invoke/MethodHandles$Lookup$ClassOption
instanceKlass java/lang/invoke/VarHandle$AccessType
instanceKlass java/lang/invoke/VarHandle$AccessMode
instanceKlass java/lang/invoke/MethodHandleImpl$Intrinsic
instanceKlass java/lang/invoke/LambdaForm$BasicType
instanceKlass java/lang/invoke/LambdaForm$Kind
instanceKlass sun/invoke/util/Wrapper
instanceKlass java/util/concurrent/TimeUnit
instanceKlass java/nio/file/LinkOption
instanceKlass sun/nio/fs/WindowsPathType
instanceKlass java/nio/file/StandardOpenOption
instanceKlass java/io/File$PathStatus
instanceKlass java/lang/module/ModuleDescriptor$Requires$Modifier
instanceKlass java/lang/module/ModuleDescriptor$Modifier
ciInstanceKlass java/lang/Enum 1 1 188 9 7 12 1 1 1 9 12 1 1 10 7 12 1 1 1 10 12 1 1 100 1 10 10 12 1 1 10 12 1 100 1 10 10 7 12 1 1 10 12 1 1 18 12 1 1 10 100 12 1 1 1 10 12 1 1 11 7 12 1 1 1 100 1 8 1 10 12 1 100 1 100 1 10 8 1 10 12 1 1 10 12 1 1 8 1 10 12 1 10 100 1 8 1 10 10 12 1 1 10 100 12 1 1 1 100 1 100 1 100 1 1 1 1 1 1 1 1 1 1 1 1 1 1 1 1 1 1 1 1 1 1 1 1 1 1 1 1 1 1 1 1 1 1 1 1 1 1 1 1 1 100 1 100 1 1 100 1 1 1 1 1 1 1 1 1 1 1 15 10 100 12 1 1 1 16 15 10 12 16 1 1 100 1 100 1 1
ciInstanceKlass java/lang/System 1 1 803 10 100 12 1 1 1 9 7 12 1 1 1 10 12 1 10 12 1 1 10 12 1 1 10 12 1 9 12 1 1 10 7 12 1 1 1 11 100 12 1 1 1 10 100 12 1 1 1 10 12 1 1 10 12 1 1 100 1 8 1 10 12 1 10 100 12 1 1 1 10 7 12 1 1 1 18 12 1 1 10 100 12 1 1 1 100 1 10 12 1 1 10 100 12 1 1 1 10 12 1 10 7 12 1 1 1 9 100 12 1 1 1 10 100 12 1 1 1 11 7 12 1 1 1 10 12 1 1 10 7 12 1 1 1 100 1 10 10 12 1 1 8 1 10 12 1 8 1 10 12 1 9 12 1 1 8 1 10 7 12 1 1 1 10 12 1 1 100 1 8 1 10 9 12 1 1 8 1 10 12 1 1 10 100 12 1 1 1 8 1 10 12 1 100 1 10 12 1 8 1 10 12 1 10 12 1 1 100 1 10 12 10 12 1 9 12 1 1 9 12 1 1 10 7 12 1 1 1 10 7 12 1 1 1 10 12 1 1 10 12 1 10 12 1 10 7 12 1 1 1 10 12 1 100 1 100 1 8 1 10 12 1 10 12 1 1 7 1 10 12 1 100 1 8 1 10 10 12 1 100 1 8 1 10 8 1 10 7 12 1 1 8 1 10 12 100 1 8 1 10 10 12 1 1 10 7 12 1 1 1 100 1 18 12 1 100 1 9 100 12 1 1 1 10 12 1 100 1 10 12 1 1 10 12 1 1 10 7 12 1 1 1 10 12 1 1 10 12 1 10 12 1 10 12 1 1 10 12 1 7 1 10 12 1 10 12 1 100 1 10 12 1 10 7 12 1 1 1 100 1 8 1 10 9 12 1 9 12 1 10 12 1 10 100 12 1 1 10 12 1 10 12 1 1 8 1 10 12 1 1 8 1 11 12 1 10 12 11 12 1 1 11 7 12 1 1 1 11 7 12 1 1 11 12 1 1 7 1 11 12 1 10 12 1 8 1 10 12 1 1 8 1 8 1 8 1 8 1 11 12 1 10 12 1 10 12 1 10 12 1 10 7 12 1 1 8 1 7 1 9 7 12 1 1 1 10 12 1 7 1 9 12 10 9 12 7 1 10 12 8 1 10 12 1 1 8 1 10 7 12 1 1 10 12 1 10 7 12 1 1 1 10 12 1 1 10 7 12 1 1 1 10 12 10 7 12 1 1 1 9 12 1 1 100 1 8 1 10 12 1 1 10 7 12 1 1 1 7 1 10 12 1 1 8 1 10 8 1 8 1 8 1 8 1 10 10 7 12 1 1 10 12 1 1 10 12 1 1 10 12 1 1 10 12 1 10 100 12 1 1 1 10 100 1 8 1 10 10 10 12 1 1 10 12 1 1 8 1 10 12 1 8 1 10 12 1 10 12 1 1 7 1 10 10 12 1 10 12 1 9 12 1 1 1 3 1 3 1 1 1 1 1 1 1 1 1 1 1 1 100 1 1 100 1 1 1 1 1 1 1 1 1 1 1 100 1 100 1 1 1 1 1 1 1 1 1 1 1 1 1 1 1 1 1 1 1 1 1 1 1 1 1 1 1 1 1 1 1 1 1 1 1 1 1 1 1 1 1 1 1 1 1 1 1 1 1 1 1 1 1 1 1 1 1 1 100 1 1 1 1 1 1 1 1 1 1 1 1 1 1 1 1 1 1 1 1 1 1 1 1 1 1 1 1 1 1 1 1 1 100 1 1 15 10 100 12 1 1 1 16 15 10 12 1 1 16 15 10 12 16 1 1 1 1 1 1 1 100 1 100 1 1
staticfield java/lang/System in Ljava/io/InputStream; java/io/BufferedInputStream
staticfield java/lang/System out Ljava/io/PrintStream; java/io/PrintStream
staticfield java/lang/System err Ljava/io/PrintStream; java/io/PrintStream
instanceKlass jdk/internal/reflect/DelegatingClassLoader
instanceKlass java/security/SecureClassLoader
ciInstanceKlass java/lang/ClassLoader 1 1 1098 9 7 12 1 1 1 10 7 12 1 1 1 9 12 1 1 10 7 12 1 1 1 7 1 10 12 1 1 10 12 1 1 9 12 1 1 10 12 1 1 100 1 10 12 1 10 12 1 1 10 7 12 1 1 1 100 1 8 1 10 12 1 10 7 12 1 1 1 10 100 12 1 10 7 1 10 7 1 7 1 7 1 10 12 1 10 12 1 9 12 1 1 10 10 7 12 1 1 1 9 12 1 1 9 12 1 9 12 1 1 9 12 1 9 12 1 1 9 12 1 1 7 1 10 12 1 9 12 1 1 10 12 1 1 10 7 12 1 1 1 9 12 1 9 12 1 1 9 12 1 10 12 1 1 9 12 10 12 1 1 7 1 10 8 1 10 12 1 1 10 12 1 10 7 1 7 1 10 12 1 1 10 7 12 1 1 1 8 1 10 12 1 10 12 1 10 12 1 1 10 12 1 1 10 12 1 1 10 12 1 1 10 12 1 1 10 12 1 100 1 10 12 1 10 100 12 1 1 1 10 12 1 1 10 12 1 10 12 1 10 12 1 10 12 1 10 12 1 1 10 10 12 1 10 12 1 10 100 12 1 1 10 12 1 1 10 12 1 1 10 12 1 100 1 10 12 1 100 1 10 12 1 10 100 12 1 1 1 10 10 12 1 1 10 12 1 1 100 1 8 1 10 8 1 10 12 1 10 12 1 100 1 8 1 10 12 1 1 10 12 1 1 10 10 12 1 1 10 12 1 1 10 12 1 1 10 7 1 10 12 1 1 10 12 1 1 10 12 1 1 10 12 1 1 10 12 1 1 10 12 1 1 10 12 1 10 7 12 1 1 1 10 12 1 10 12 1 10 12 1 1 10 12 1 10 12 1 10 12 1 10 12 1 1 10 12 1 10 12 1 1 8 1 9 12 1 10 12 1 1 8 1 8 1 10 7 12 1 1 100 1 10 10 12 10 12 1 10 12 1 10 12 1 10 12 1 1 10 7 12 1 1 10 12 1 10 7 1 7 1 10 12 1 1 10 12 1 10 7 1 10 12 1 100 1 18 12 1 10 100 12 1 1 1 10 100 12 1 1 1 10 7 12 1 1 10 12 1 1 10 12 1 10 12 1 1 100 1 10 12 1 10 12 1 1 10 7 12 1 1 10 12 1 8 1 100 1 10 10 12 1 9 12 1 10 7 12 1 1 10 12 1 100 1 8 1 10 12 1 10 8 1 8 1 10 12 1 1 10 12 1 1 10 12 1 1 10 100 12 1 1 1 100 1 100 1 10 12 1 1 100 1 100 1 10 100 12 1 1 10 12 1 10 12 1 1 10 12 1 10 12 1 1 10 12 1 1 9 100 12 1 1 1 10 12 1 1 10 12 1 10 12 1 10 12 1 1 10 12 1 8 1 10 12 1 7 1 18 12 1 1 10 12 1 1 10 12 1 10 12 1 10 12 1 8 1 10 12 1 10 12 1 18 12 1 11 100 12 1 1 1 100 1 10 12 1 1 10 12 1 10 11 12 1 1 10 18 10 12 1 1 11 100 12 1 18 12 1 11 12 1 1 10 12 10 12 1 1 10 12 1 1 100 1 8 1 10 10 12 1 8 1 8 1 10 100 12 1 1 10 12 1 100 1 10 10 12 1 8 1 8 1 8 1 10 12 1 10 12 1 1 10 12 1 10 100 12 1 1 1 11 100 12 1 1 100 1 10 11 10 12 1 10 12 1 10 12 1 1 9 100 12 1 1 9 12 1 1 9 12 9 12 1 9 12 1 9 12 1 8 10 12 1 1 10 7 12 1 1 1 10 12 1 1 10 12 1 1 10 12 1 10 10 12 1 11 12 1 1 10 100 12 1 1 1 100 1 10 12 1 10 12 1 10 12 1 1 1 1 1 1 1 1 1 1 1 1 1 1 1 1 1 1 1 1 1 1 1 1 1 1 1 1 100 1 1 1 1 1 1 1 1 1 1 1 1 1 1 1 1 1 1 1 1 1 100 1 1 1 1 1 1 1 1 1 1 100 1 1 1 1 1 1 1 1 1 1 1 1 1 1 1 1 1 1 1 1 1 1 1 1 1 1 1 1 1 1 1 1 1 1 1 1 1 1 1 1 1 100 1 1 1 1 1 1 1 1 1 1 1 1 1 1 1 1 1 1 100 1 1 1 1 1 1 1 1 1 1 1 1 1 1 1 1 1 1 1 1 1 1 1 1 1 1 1 1 1 1 1 1 1 1 1 1 1 1 1 1 1 1 1 1 1 1 1 1 1 1 1 100 1 1 1 1 1 1 1 1 1 1 1 1 1 1 1 1 1 1 1 1 1 1 1 1 1 1 1 1 1 1 1 1 1 1 1 1 1 1 1 1 1 1 1 1 1 1 15 10 7 12 1 1 1 16 1 15 10 12 16 1 16 15 10 12 16 1 16 1 15 10 12 16 15 10 12 16 15 10 12 16 1 1 100 1 100 1 1
staticfield java/lang/ClassLoader nocerts [Ljava/security/cert/Certificate; 0 [Ljava/security/cert/Certificate;
staticfield java/lang/ClassLoader $assertionsDisabled Z 1
ciInstanceKlass jdk/internal/reflect/DelegatingClassLoader 1 1 18 10 7 12 1 1 1 100 1 1 1 1 1 1 1 1 1 1
instanceKlass jdk/internal/loader/BuiltinClassLoader
ciInstanceKlass java/security/SecureClassLoader 1 1 102 10 7 12 1 1 1 7 1 10 12 1 9 7 12 1 1 1 10 12 1 10 12 1 10 12 1 1 10 12 1 1 10 12 1 7 1 10 7 1 10 12 1 7 1 10 12 1 11 7 12 1 1 1 7 1 11 12 1 10 12 1 1 1 1 1 1 1 1 1 1 1 1 1 1 1 1 1 1 1 1 1 1 1 1 1 1 1 1 1 1 1 1 1 1 1 1 100 1 1 1 1
instanceKlass jdk/internal/loader/ClassLoaders$BootClassLoader
instanceKlass jdk/internal/loader/ClassLoaders$PlatformClassLoader
instanceKlass jdk/internal/loader/ClassLoaders$AppClassLoader
ciInstanceKlass jdk/internal/loader/BuiltinClassLoader 1 1 737 9 7 12 1 1 1 10 7 12 1 1 1 10 7 12 1 1 1 9 12 1 1 9 12 1 1 7 1 10 12 1 9 12 1 10 12 1 9 12 1 10 7 12 1 1 1 10 7 12 1 1 1 10 7 12 1 1 1 11 7 12 1 1 1 100 1 100 1 10 10 12 1 1 8 1 10 12 1 10 12 7 1 10 12 1 10 12 1 1 11 7 12 1 1 1 11 7 12 1 1 1 11 12 1 1 7 1 8 1 8 1 10 9 12 1 1 10 7 12 1 1 11 12 1 1 10 12 1 1 10 12 1 1 10 12 1 1 10 7 12 1 1 1 10 12 1 10 7 12 1 1 1 10 12 1 1 11 7 12 1 1 1 10 7 12 1 1 7 1 10 7 12 1 1 1 10 12 1 100 1 8 1 10 12 1 1 10 8 1 10 12 1 1 10 12 1 1 10 12 1 1 11 7 12 1 1 11 12 1 7 1 10 11 12 1 1 11 10 12 1 1 7 1 10 12 1 10 7 12 1 10 12 1 7 1 10 12 1 10 7 12 1 1 1 100 1 10 12 1 1 11 12 1 100 1 100 1 10 12 1 10 12 1 1 100 1 100 1 10 12 1 10 12 1 18 12 1 1 10 12 1 10 12 1 1 18 100 1 10 7 12 1 1 1 7 1 10 10 12 1 1 10 12 1 1 10 12 1 1 10 12 1 9 12 1 1 100 1 10 10 12 1 1 10 12 1 1 10 12 1 10 12 10 12 1 1 10 12 1 1 10 12 1 1 10 12 1 10 12 1 1 18 12 1 7 1 10 12 1 1 10 12 1 10 12 1 1 10 12 1 100 1 10 12 1 7 1 10 12 1 10 7 12 1 1 1 10 12 1 11 12 1 7 1 10 12 1 7 1 100 1 10 12 1 10 12 1 11 12 1 1 10 12 1 1 10 12 1 1 10 12 1 1 10 12 1 1 10 12 1 10 12 1 10 12 1 10 12 1 8 1 10 12 1 1 10 7 12 1 1 10 12 1 100 1 8 1 8 1 10 10 12 1 8 1 8 1 10 7 12 1 1 1 11 7 12 1 1 1 9 7 12 1 1 1 10 7 12 1 1 1 9 12 1 9 12 1 9 12 1 9 12 1 9 12 1 9 12 1 10 7 12 1 1 1 8 1 10 12 1 7 1 10 12 1 1 10 12 1 7 1 10 11 12 1 1 10 12 10 12 1 10 12 1 100 1 10 12 1 10 12 1 10 10 12 1 10 7 12 1 1 8 1 10 7 12 1 1 10 12 1 1 1 1 1 1 1 1 1 1 1 1 1 1 1 1 1 1 1 1 1 1 1 1 1 1 1 1 1 1 1 1 1 1 1 1 1 1 1 1 1 1 1 1 1 1 1 1 1 1 1 1 1 1 1 1 100 1 1 1 1 1 1 1 1 1 1 1 1 1 1 1 1 1 1 100 1 100 1 1 1 1 1 1 1 1 1 1 1 1 1 1 1 1 1 1 1 1 1 1 1 1 1 1 1 1 1 1 1 1 1 1 1 1 1 1 1 1 1 1 1 1 1 1 1 1 1 1 1 100 1 1 15 10 100 12 1 1 1 16 15 10 12 16 15 10 12 16 15 10 12 16 1 1 1 100 1 1 1 1 1 100 1 100 1 1
staticfield jdk/internal/loader/BuiltinClassLoader packageToModule Ljava/util/Map; java/util/concurrent/ConcurrentHashMap
staticfield jdk/internal/loader/BuiltinClassLoader $assertionsDisabled Z 1
ciInstanceKlass java/security/AccessController 1 1 295 10 100 12 1 1 1 10 7 12 1 1 1 10 7 12 1 1 1 10 12 1 1 10 12 1 1 10 7 12 1 1 1 10 12 1 1 10 12 1 10 12 1 1 10 12 1 100 1 8 1 10 12 1 10 12 1 10 12 1 1 10 12 1 7 1 7 1 10 12 1 1 10 12 1 10 12 1 10 12 1 1 10 7 12 1 1 1 10 12 1 1 9 100 12 1 1 1 10 100 12 1 1 1 10 12 1 10 12 1 9 100 12 1 1 1 10 12 1 10 12 1 1 9 12 1 1 10 100 1 10 11 7 12 1 1 1 10 7 12 1 1 11 7 1 100 1 10 12 1 10 12 1 10 12 1 8 1 10 12 1 1 8 1 10 100 12 1 1 1 8 1 100 1 10 10 12 1 1 10 12 1 10 7 12 1 1 1 10 12 1 8 1 10 100 12 1 1 8 1 8 1 10 12 1 8 1 10 12 1 10 12 1 1 10 12 1 1 1 1 1 1 1 1 1 1 1 1 1 1 1 1 1 1 1 1 1 1 1 1 1 1 1 1 100 1 1 1 1 1 1 1 1 1 1 1 1 1 1 1 1 1 1 1 1 1 1 1 1 1 1 1 1 1 1 1 1 1 1 100 1 100 1 1 1 1 1 1 1 1 1 3 1 1 1
staticfield java/security/AccessController $assertionsDisabled Z 1
instanceKlass jdk/internal/reflect/GeneratedConstructorAccessor17
instanceKlass jdk/internal/reflect/GeneratedConstructorAccessor16
instanceKlass jdk/internal/reflect/GeneratedConstructorAccessor15
instanceKlass jdk/internal/reflect/GeneratedConstructorAccessor14
instanceKlass jdk/internal/reflect/GeneratedConstructorAccessor13
instanceKlass jdk/internal/reflect/GeneratedConstructorAccessor12
instanceKlass jdk/internal/reflect/GeneratedConstructorAccessor11
instanceKlass jdk/internal/reflect/GeneratedConstructorAccessor10
instanceKlass jdk/internal/reflect/GeneratedConstructorAccessor9
instanceKlass jdk/internal/reflect/GeneratedConstructorAccessor8
instanceKlass jdk/internal/reflect/GeneratedConstructorAccessor7
instanceKlass jdk/internal/reflect/GeneratedConstructorAccessor6
instanceKlass jdk/internal/reflect/GeneratedConstructorAccessor5
instanceKlass jdk/internal/reflect/GeneratedConstructorAccessor4
instanceKlass jdk/internal/reflect/GeneratedConstructorAccessor3
instanceKlass jdk/internal/reflect/GeneratedConstructorAccessor2
instanceKlass jdk/internal/reflect/BootstrapConstructorAccessorImpl
instanceKlass jdk/internal/reflect/GeneratedConstructorAccessor1
instanceKlass jdk/internal/reflect/DelegatingConstructorAccessorImpl
instanceKlass jdk/internal/reflect/NativeConstructorAccessorImpl
ciInstanceKlass jdk/internal/reflect/ConstructorAccessorImpl 1 1 27 10 7 12 1 1 1 100 1 100 1 1 1 1 1 1 1 1 1 100 1 100 1 100 1 1 1
instanceKlass jdk/internal/reflect/FieldAccessorImpl
instanceKlass jdk/internal/reflect/ConstructorAccessorImpl
instanceKlass jdk/internal/reflect/MethodAccessorImpl
ciInstanceKlass jdk/internal/reflect/MagicAccessorImpl 1 1 16 10 7 12 1 1 1 100 1 1 1 1 1 1 1 1
instanceKlass jdk/internal/reflect/GeneratedMethodAccessor4
instanceKlass jdk/internal/reflect/GeneratedMethodAccessor3
instanceKlass jdk/internal/reflect/GeneratedMethodAccessor2
instanceKlass jdk/internal/reflect/GeneratedMethodAccessor1
instanceKlass jdk/internal/reflect/DelegatingMethodAccessorImpl
instanceKlass jdk/internal/reflect/NativeMethodAccessorImpl
ciInstanceKlass jdk/internal/reflect/MethodAccessorImpl 1 1 25 10 7 12 1 1 1 100 1 100 1 1 1 1 1 1 1 1 1 100 1 100 1 1 1
ciInstanceKlass java/lang/Module 1 1 959 10 7 12 1 1 1 9 7 12 1 1 1 10 7 12 1 1 1 9 12 1 9 12 1 1 9 12 1 1 10 12 1 1 10 12 1 10 12 1 1 10 7 12 1 1 1 7 1 10 7 12 1 1 1 10 12 1 1 11 7 12 1 1 1 10 12 1 1 10 7 12 1 1 1 10 12 1 1 10 7 12 1 1 1 9 100 12 1 1 1 10 100 12 1 1 1 10 12 1 8 1 10 7 12 1 1 1 10 7 12 1 1 1 9 12 1 1 9 12 1 1 10 12 1 9 12 1 1 11 12 1 9 7 12 1 1 10 7 12 1 1 1 10 7 12 1 1 1 10 12 1 1 100 1 100 1 10 10 12 1 1 8 1 10 12 1 10 12 10 12 1 10 12 1 1 10 12 1 1 10 12 1 1 9 7 12 1 1 1 10 12 1 1 10 12 1 1 9 12 1 10 12 1 10 12 1 9 12 1 1 11 7 12 1 1 10 12 1 1 9 12 1 9 12 1 10 12 1 10 12 1 100 1 8 1 10 10 12 1 1 10 12 1 8 1 10 12 1 1 8 1 8 1 10 12 1 1 10 12 1 10 12 1 1 18 12 1 1 10 12 1 1 11 12 1 9 12 1 11 12 10 100 12 1 1 100 1 8 1 10 7 1 11 12 1 1 10 12 1 10 12 1 10 12 1 1 11 12 1 1 11 7 12 1 1 11 12 1 1 9 12 1 11 12 1 10 12 1 1 10 12 1 1 9 12 1 10 12 10 7 12 1 1 10 7 12 1 1 10 7 1 18 12 1 1 11 100 12 1 1 1 18 12 1 11 12 1 1 10 100 12 1 1 1 11 12 1 1 10 7 12 1 1 4 7 1 11 12 1 7 1 7 1 10 10 7 12 1 1 1 10 11 7 12 1 8 1 10 10 12 1 1 10 7 12 1 1 10 12 1 10 12 1 7 1 10 12 1 10 11 12 1 1 10 12 10 12 1 1 9 12 1 100 1 10 10 12 1 1 11 100 1 10 12 1 1 11 12 1 10 10 12 1 11 10 12 1 1 10 12 1 1 10 12 1 1 10 7 12 1 1 10 12 1 10 12 1 1 10 10 12 1 1 10 12 1 18 12 1 11 12 1 18 12 1 10 12 1 10 12 1 10 12 7 1 10 12 1 10 12 1 10 12 1 9 12 1 7 1 10 10 10 10 12 1 10 12 1 10 12 1 10 12 1 1 10 12 1 1 10 12 1 9 12 1 18 12 1 1 10 100 12 1 1 1 100 1 8 1 10 12 1 1 10 12 1 1 10 100 12 1 1 100 1 10 12 1 1 100 1 8 1 100 1 10 100 1 100 1 3 10 12 1 100 1 10 12 1 10 12 1 1 10 12 1 1 100 1 10 12 1 10 12 1 1 100 1 100 1 10 12 8 1 10 12 1 1 10 12 1 1 10 7 12 1 1 10 12 1 1 10 12 1 10 12 10 12 1 1 100 1 10 10 12 1 1 10 100 12 1 1 1 100 1 8 1 10 12 1 1 10 100 12 1 1 8 1 10 12 1 8 1 10 12 1 10 12 10 12 1 8 1 10 10 100 12 1 1 7 1 10 10 12 1 10 7 12 1 1 9 12 1 9 12 1 9 12 1 9 12 1 10 12 11 12 1 10 12 1 100 1 1 1 1 1 1 1 1 1 1 1 1 1 1 1 1 100 1 1 1 1 1 1 1 1 1 1 1 1 1 1 1 1 1 1 1 1 1 1 1 1 1 1 1 1 1 1 1 1 1 1 1 1 1 1 1 1 1 1 1 1 1 1 1 1 1 1 1 1 1 1 1 1 1 1 1 1 1 1 1 1 1 1 1 1 1 1 1 1 1 1 1 1 1 1 1 1 1 1 1 100 100 1 1 1 1 1 1 1 1 1 1 1 1 1 1 1 1 1 1 1 1 1 1 1 1 1 1 1 1 1 1 1 1 1 1 100 1 100 1 100 1 1 1 1 1 1 1 1 1 1 1 1 1 1 1 1 1 1 1 1 1 1 1 1 1 1 1 1 15 10 7 12 1 1 1 16 15 10 12 16 16 15 10 12 16 16 15 10 16 1 15 10 12 16 1 15 10 12 16 1 16 15 10 12 16 1 1 1 1 1 1 1 100 1 100 1 1
staticfield java/lang/Module ALL_UNNAMED_MODULE Ljava/lang/Module; java/lang/Module
staticfield java/lang/Module ALL_UNNAMED_MODULE_SET Ljava/util/Set; java/util/ImmutableCollections$Set12
staticfield java/lang/Module EVERYONE_MODULE Ljava/lang/Module; java/lang/Module
staticfield java/lang/Module EVERYONE_SET Ljava/util/Set; java/util/ImmutableCollections$Set12
staticfield java/lang/Module $assertionsDisabled Z 1
ciInstanceKlass java/util/ArrayList 1 1 492 10 7 12 1 1 1 7 1 9 7 12 1 1 1 9 12 1 100 1 100 1 10 8 1 10 12 1 1 10 12 1 10 12 1 1 10 12 1 9 12 1 11 7 12 1 1 1 9 12 1 1 10 12 1 1 7 10 7 12 1 1 1 9 12 1 10 12 1 10 12 1 1 10 7 12 1 1 1 10 7 12 1 1 1 10 12 1 1 10 12 1 1 10 12 1 1 10 12 1 10 12 1 1 100 1 100 1 10 12 1 10 7 12 1 1 1 10 7 12 1 1 10 12 1 10 12 10 12 1 1 10 12 1 1 10 12 1 1 7 1 10 12 1 1 10 12 1 1 10 12 1 100 1 10 11 12 1 1 11 7 12 1 1 1 11 12 1 10 12 1 10 12 1 10 12 1 1 100 1 10 12 1 1 10 10 12 1 1 10 12 1 8 1 8 1 8 1 8 1 10 12 1 1 10 12 1 1 11 12 1 100 1 10 100 12 1 1 10 12 1 10 12 1 1 10 100 12 1 1 10 12 1 10 100 12 1 1 1 11 100 12 1 1 1 10 12 1 100 1 8 1 10 7 1 10 12 1 7 1 10 12 1 10 12 1 1 7 1 10 12 1 10 12 1 1 11 7 12 1 1 7 1 10 12 1 10 12 1 1 11 7 12 1 1 10 12 1 1 10 12 1 1 10 12 1 1 10 12 1 1 11 100 12 1 1 10 12 1 1 100 1 100 1 100 1 1 1 1 5 0 1 3 1 1 1 1 1 1 1 1 1 1 1 1 1 1 1 1 1 1 1 1 1 1 1 1 1 1 1 1 1 1 1 1 1 1 1 1 1 1 1 1 1 1 1 1 1 1 1 1 1 1 1 1 1 1 1 1 1 1 1 1 1 1 1 1 1 1 1 1 1 1 1 1 1 1 1 1 1 1 1 1 1 1 1 1 1 1 1 1 1 1 1 1 1 1 1 1 100 1 1 1 1 100 1 1 1 1 1 1 1 1 1 1 1 1 1 1 1 1 1 1 1 1 1 1 1 1 1 1 1 1 1 100 1 1 1 1 1 1 1 1 1 1 1 1 1 1 1 1 1 1 100 1 100 1 1 1 1 1 1
staticfield java/util/ArrayList EMPTY_ELEMENTDATA [Ljava/lang/Object; 0 [Ljava/lang/Object;
staticfield java/util/ArrayList DEFAULTCAPACITY_EMPTY_ELEMENTDATA [Ljava/lang/Object; 0 [Ljava/lang/Object;
ciInstanceKlass java/util/concurrent/ConcurrentHashMap 1 1 1210 7 1 7 1 3 10 12 1 1 3 100 1 10 7 12 1 1 1 100 1 10 100 12 1 1 1 100 1 11 12 1 1 11 12 1 11 12 1 1 9 12 1 1 9 12 1 1 9 12 1 10 7 12 1 1 1 7 1 10 12 1 1 10 12 1 1 10 7 12 1 1 1 4 10 12 1 9 12 1 10 12 1 1 100 1 10 5 0 10 12 1 10 12 1 1 5 0 10 12 1 1 10 12 1 9 12 1 1 10 12 1 1 9 12 1 9 12 1 1 10 12 1 1 9 12 1 10 12 1 1 9 12 1 1 10 12 1 1 100 1 10 100 1 10 12 1 10 12 1 1 10 12 1 1 10 12 1 1 10 12 1 10 12 1 1 10 12 1 1 100 1 10 12 1 1 7 1 100 1 8 1 10 12 1 10 12 1 1 10 12 1 1 11 7 12 1 1 10 12 1 1 11 12 1 1 11 7 12 1 1 1 11 7 12 1 1 1 11 12 1 7 1 11 12 1 11 12 1 10 12 1 1 10 12 1 1 9 12 1 1 10 100 12 1 1 1 9 10 12 1 1 9 12 1 10 12 1 1 5 0 9 12 1 1 7 1 10 12 1 9 12 1 1 7 1 10 12 1 9 12 1 7 1 10 100 1 10 10 12 1 1 8 1 10 12 1 10 12 1 1 11 100 1 10 12 1 10 100 12 1 1 1 8 1 10 100 12 1 1 1 8 1 10 12 1 8 1 10 12 1 10 12 1 1 10 100 12 1 1 10 12 1 10 12 1 10 12 1 9 12 1 9 10 12 1 9 12 1 1 11 100 12 1 1 1 11 7 12 1 1 1 100 1 10 12 11 100 12 1 1 10 11 7 12 1 10 12 1 100 1 10 12 1 100 1 10 10 9 7 12 1 1 1 10 12 3 10 100 12 1 1 9 12 1 10 12 1 1 9 12 1 1 9 12 1 10 12 1 1 10 100 12 1 1 9 12 1 9 7 12 1 1 10 12 1 1 10 12 1 3 9 12 1 9 12 1 10 12 1 1 7 1 9 3 9 12 1 100 1 10 12 1 9 12 1 10 12 1 9 12 1 10 12 1 9 12 1 10 100 12 1 1 1 100 10 12 1 100 1 5 0 10 100 12 1 1 100 1 10 12 1 1 10 12 1 10 12 1 100 1 10 12 1 10 100 1 100 1 10 10 12 1 10 100 1 10 12 1 10 100 1 10 12 1 10 100 1 10 12 1 1 100 1 10 12 1 10 10 12 1 100 1 10 12 1 10 10 12 1 100 1 10 12 1 10 100 1 10 12 1 10 100 1 10 12 1 10 100 1 10 12 1 10 100 1 10 12 1 10 100 1 10 12 1 10 100 1 10 12 1 10 100 1 10 12 1 10 100 1 10 10 100 1 10 10 100 1 10 10 100 1 10 12 1 10 100 1 10 12 1 10 100 1 10 12 1 10 100 1 10 12 1 10 100 1 10 12 1 10 100 1 10 10 100 1 10 10 100 1 10 10 100 1 10 12 1 10 100 1 10 12 1 10 100 1 10 12 1 10 100 1 10 12 1 10 100 1 10 12 1 10 10 12 1 10 7 12 1 1 1 10 12 1 7 1 7 1 10 12 1 9 12 1 1 9 12 1 1 10 12 1 1 8 10 12 1 1 8 8 8 8 7 10 12 1 1 10 12 1 100 1 8 1 10 7 1 100 1 100 1 1 1 5 0 1 1 3 1 3 1 1 1 1 3 1 3 1 3 1 1 1 1 1 3 1 3 1 3 1 1 1 1 1 1 1 1 1 1 1 1 1 1 1 1 1 1 1 1 1 1 1 1 1 100 1 1 1 1 1 1 1 1 1 1 1 1 1 1 1 1 1 1 1 1 1 1 1 1 1 1 1 1 1 1 1 1 1 1 1 1 1 1 1 1 1 1 1 1 1 1 1 1 1 1 1 1 1 1 1 1 1 1 1 1 1 1 1 1 1 1 1 1 1 1 1 1 1 1 1 1 1 1 1 1 1 1 1 1 100 1 1 1 1 1 1 1 1 1 1 1 100 1 1 1 1 1 1 1 1 1 1 1 1 1 1 1 1 1 1 1 1 1 1 1 1 1 1 1 1 1 1 1 1 1 1 1 1 1 1 1 1 1 1 1 1 1 1 1 1 1 1 1 1 1 1 1 1 1 1 1 1 1 1 1 1 1 1 1 1 1 1 1 1 1 1 1 1 1 1 1 1 1 1 1 1 1 1 1 1 1 1 1 1 1 1 1 1 1 1 1 1 1 1 1 1 1 1 1 1 1 1 1 1 1 1 1 1 1 1 1 1 1 1 1 1 1 1 1 1 1 1 1 1 1 1 1 1 1 1 1 1 1 1 1 1 1 1 1 1 1 1 1 1 1 1 1 1 1 1 1 1 1 1 1 1 1 1 1 1 1 1 1 1 1 1 1 1 1 1 1 1 1 1 1 1 1 1 1 1 1 1 1 1 1 1 1 1 1 1 1 1 1 1 1 1 1 1 1 1 1 1 1 1 1 1 1 1 1 1 1 1 1 1 1 100 1 100 1 100 1 100 1 100 1 100 1 100 1 100 1 100 1 1 1 1 1 1 1 1 1 1 1 1 1 1 1 1 1 1 1 1 1 1 1 1 1 1 1 1 1 1 1 1 1 1 1 1 1 1 1 1 1 1 1 1 1 1 1 1 1 1 1 1 1 1 1 1 1 1
staticfield java/util/concurrent/ConcurrentHashMap NCPU I 16
staticfield java/util/concurrent/ConcurrentHashMap serialPersistentFields [Ljava/io/ObjectStreamField; 3 [Ljava/io/ObjectStreamField;
staticfield java/util/concurrent/ConcurrentHashMap U Ljdk/internal/misc/Unsafe; jdk/internal/misc/Unsafe
staticfield java/util/concurrent/ConcurrentHashMap SIZECTL J 20
staticfield java/util/concurrent/ConcurrentHashMap TRANSFERINDEX J 32
staticfield java/util/concurrent/ConcurrentHashMap BASECOUNT J 24
staticfield java/util/concurrent/ConcurrentHashMap CELLSBUSY J 36
staticfield java/util/concurrent/ConcurrentHashMap CELLVALUE J 144
staticfield java/util/concurrent/ConcurrentHashMap ABASE I 16
staticfield java/util/concurrent/ConcurrentHashMap ASHIFT I 2
ciInstanceKlass java/lang/String 1 1 1396 10 7 12 1 1 1 8 1 9 7 12 1 1 1 9 12 1 1 9 12 1 1 10 12 1 10 12 1 1 10 12 1 1 9 12 1 1 10 7 12 1 1 1 10 7 1 10 7 12 1 1 1 10 12 1 1 10 12 1 1 10 12 1 10 12 1 1 10 12 1 10 7 12 1 1 1 9 7 12 1 1 1 10 7 12 1 1 1 10 12 1 1 10 12 1 1 10 12 1 1 10 12 1 1 10 12 1 1 9 7 12 1 1 10 12 9 7 12 1 1 3 10 7 12 1 1 1 7 1 11 12 1 1 11 12 1 11 12 1 1 10 7 12 1 1 1 10 12 1 1 9 100 12 1 1 1 10 12 1 1 10 12 1 11 12 1 1 10 12 1 1 10 12 10 12 1 1 10 100 12 1 1 1 10 7 12 1 1 1 10 12 1 1 100 1 100 1 10 12 1 10 12 1 10 12 1 1 100 1 10 12 1 1 100 1 10 12 1 1 10 12 1 1 10 10 12 1 100 1 100 1 100 1 10 12 1 10 12 1 1 10 12 1 1 10 12 1 10 12 1 1 10 12 1 1 10 7 12 1 1 7 1 11 11 12 1 11 12 1 10 12 1 1 10 12 1 10 12 10 12 1 1 10 10 100 12 1 1 1 10 100 12 1 1 10 12 1 1 10 100 12 1 1 10 12 1 10 12 1 1 10 12 1 1 10 12 1 10 12 1 10 12 1 1 100 1 10 12 1 1 10 12 10 12 1 10 12 1 1 10 100 12 1 1 1 10 12 1 10 12 1 1 10 12 1 10 12 1 3 3 10 12 1 10 12 1 1 10 12 1 1 10 12 1 1 10 12 1 10 12 1 1 10 12 1 1 10 12 1 10 12 1 10 12 1 10 12 1 1 10 12 1 10 12 1 10 12 1 10 12 1 10 12 1 10 12 1 10 100 1 10 8 1 10 12 1 1 10 12 1 8 1 10 12 1 1 10 12 10 12 1 8 1 10 10 12 1 1 10 12 1 1 10 12 1 10 12 1 1 10 12 10 100 1 10 10 12 1 10 12 1 10 12 1 10 10 12 1 10 12 1 1 10 12 1 100 1 10 10 12 1 100 1 10 10 12 1 10 12 1 1 10 12 1 10 12 1 1 10 10 12 1 1 10 100 1 10 10 12 1 10 12 1 1 10 12 1 1 10 100 1 10 12 1 10 12 1 10 12 1 10 12 1 1 10 12 1 11 7 1 11 12 10 12 1 10 12 1 1 10 12 1 1 10 10 12 1 10 12 1 9 12 1 1 11 7 12 1 1 1 10 10 12 1 10 12 1 1 10 10 12 1 10 12 1 10 12 1 1 9 12 1 10 12 1 1 10 10 12 1 1 10 12 10 10 12 1 10 12 10 10 12 10 10 12 1 10 12 1 10 12 10 10 12 10 12 1 10 12 10 12 10 10 12 1 10 12 1 1 10 12 1 10 10 12 1 10 7 12 1 1 1 10 12 1 1 10 10 7 12 1 1 1 11 10 12 1 10 12 1 1 10 12 1 1 10 7 12 1 1 1 10 12 1 10 10 12 1 10 12 1 10 12 1 10 100 12 1 1 10 12 1 100 1 100 1 8 1 10 10 10 12 1 8 1 10 12 1 3 3 7 1 10 10 12 1 10 12 1 10 12 1 1 10 12 1 1 11 7 12 1 1 1 7 1 10 12 1 1 10 12 1 10 12 1 1 10 12 1 1 8 1 10 12 1 1 10 12 1 11 7 12 1 1 1 11 7 12 1 1 11 12 1 1 10 12 1 10 12 1 1 10 10 7 12 1 1 1 10 12 1 10 12 1 10 10 12 10 12 1 1 10 10 12 1 10 10 12 1 10 10 12 1 10 10 12 1 10 12 1 1 10 10 12 1 8 1 10 12 1 1 18 12 1 1 11 100 12 1 1 1 100 1 3 18 12 1 18 12 1 8 1 10 100 12 1 1 1 11 12 1 1 10 12 10 10 12 1 10 11 12 1 1 10 12 1 1 11 12 1 18 3 11 10 12 1 11 11 10 12 1 10 12 1 1 8 1 10 12 1 10 12 1 10 12 1 1 10 10 12 1 11 100 12 1 7 1 100 1 10 12 1 7 1 10 10 7 12 1 1 1 100 1 10 7 1 10 10 12 1 10 10 12 1 8 1 10 10 12 1 8 1 8 1 10 12 1 10 12 1 10 10 12 10 100 12 1 1 10 100 12 1 1 10 100 12 1 1 8 1 10 12 1 10 12 1 1 10 10 12 8 1 8 1 10 8 1 8 1 8 1 8 1 10 12 1 10 12 1 8 1 10 100 12 1 1 1 10 12 10 12 1 1 10 12 10 10 12 10 12 7 1 9 12 1 1 7 1 10 100 1 100 1 100 1 100 1 1 1 1 1 1 5 0 1 1 1 1 1 3 1 3 1 1 1 1 1 1 1 1 1 1 1 1 1 1 1 100 1 1 1 100 1 1 1 1 1 1 1 1 1 1 1 1 1 1 1 1 1 1 1 1 1 1 1 1 1 1 1 100 1 1 1 1 1 1 1 1 1 100 1 1 1 1 1 1 1 1 1 1 1 1 1 1 1 1 1 1 1 1 1 1 1 1 1 1 1 1 1 1 1 1 1 1 1 1 1 1 1 1 1 1 1 1 1 1 1 1 1 1 1 1 1 1 1 1 1 1 1 1 1 1 1 1 1 1 1 1 1 1 1 1 1 1 1 1 1 1 1 1 1 1 1 1 1 1 1 1 1 1 1 1 1 1 1 1 1 1 1 1 1 1 1 1 1 1 1 1 1 1 1 1 1 1 1 1 1 1 1 1 1 1 1 1 1 1 1 1 1 1 1 1 1 1 1 1 1 1 1 1 1 1 1 1 1 1 1 1 1 1 1 1 1 1 1 1 1 1 1 1 1 1 1 1 1 1 1 1 1 100 1 1 1 1 1 1 1 1 1 1 1 1 1 1 1 1 1 1 1 1 1 1 1 1 100 1 1 1 1 1 1 1 1 1 1 1 1 1 100 1 1 1 1 1 1 1 1 1 1 1 1 1 1 1 15 10 100 12 1 1 1 16 15 10 12 16 15 10 12 15 10 12 15 10 12 1 1 1 1 100 1 100 1 1 1
staticfield java/lang/String COMPACT_STRINGS Z 1
staticfield java/lang/String serialPersistentFields [Ljava/io/ObjectStreamField; 0 [Ljava/io/ObjectStreamField;
staticfield java/lang/String CASE_INSENSITIVE_ORDER Ljava/util/Comparator; java/lang/String$CaseInsensitiveComparator
ciInstanceKlass java/security/ProtectionDomain 1 1 324 10 7 12 1 1 1 9 7 12 1 1 1 7 1 10 9 12 1 1 9 12 1 1 9 12 1 1 10 7 12 1 1 7 1 9 12 1 9 12 1 1 7 1 9 12 1 1 9 12 1 10 100 12 1 1 10 100 12 1 1 1 10 12 1 1 10 12 1 9 12 1 9 100 12 1 1 10 12 1 1 10 100 1 10 12 1 1 8 1 100 1 8 1 10 12 1 10 10 100 12 1 1 1 10 12 1 1 8 1 11 8 1 10 12 1 8 1 8 1 10 12 1 1 10 12 1 10 12 1 1 10 12 1 8 1 10 12 1 8 1 8 1 10 100 12 1 1 1 9 100 12 1 1 1 10 12 1 1 9 100 12 1 1 1 10 100 12 1 1 1 100 1 100 1 10 12 1 10 100 12 1 1 1 10 100 1 10 12 1 10 12 1 1 11 100 12 1 1 11 12 1 100 1 11 100 12 1 1 1 10 12 1 10 11 12 1 1 11 12 1 1 10 12 1 10 7 12 1 1 10 100 12 1 1 11 12 1 10 12 8 1 8 1 10 7 12 1 1 1 7 1 10 10 7 12 1 1 1 1 1 1 1 1 1 1 100 1 1 100 1 1 1 1 1 1 1 1 1 1 1 1 1 1 1 1 1 1 1 1 1 1 1 1 1 1 1 1 1 1 1 1 1 1 1 1 1 1 1 1 1 1 100 1 1 1 1 1 100 1 1 1 1 1
staticfield java/security/ProtectionDomain filePermCompatInPD Z 0
ciInstanceKlass java/security/CodeSource 1 1 395 10 7 12 1 1 1 9 7 12 1 1 1 9 12 1 1 9 12 1 1 9 12 1 1 10 7 12 1 1 1 9 12 1 1 10 7 12 1 1 10 7 10 100 12 1 1 1 10 100 12 1 1 1 10 12 1 1 7 1 10 10 7 12 1 1 1 10 7 12 1 1 1 10 12 1 1 10 12 1 7 1 10 12 1 1 10 12 1 1 10 12 1 1 10 12 1 10 10 10 12 1 1 10 100 12 1 1 1 10 12 1 10 12 1 10 12 1 8 1 10 12 1 10 12 1 10 12 1 1 10 12 1 8 1 10 12 1 1 10 100 1 10 10 12 1 1 8 1 10 12 1 10 12 1 10 12 1 8 1 8 1 9 12 1 1 100 1 8 1 10 12 1 10 12 1 1 8 1 10 12 1 8 1 8 1 8 1 10 100 12 1 1 10 12 1 1 10 12 1 10 12 1 1 10 12 1 1 10 12 1 1 100 1 100 1 10 12 1 10 12 10 12 1 1 10 100 12 1 1 10 12 1 100 1 10 12 10 8 1 10 12 1 10 12 1 10 12 1 1 100 1 10 12 1 1 100 1 100 1 8 1 8 1 10 10 12 1 1 10 100 12 1 1 1 100 1 10 12 10 12 1 1 11 100 12 1 1 10 10 12 1 11 10 12 1 8 1 100 1 10 12 1 10 12 1 1 10 12 1 11 12 1 1 11 100 1 1 1 1 5 0 1 1 1 1 1 1 1 1 1 1 1 1 1 1 1 1 1 1 1 1 1 1 1 1 1 1 1 1 1 1 1 1 1 1 1 1 1 1 1 1 1 1 1 1 1 1 1 1 1 1 1 1 1 1 1 1 1 1 1 1 1 1 1 1 1 100 1 1 1 1 1 1 1
ciInstanceKlass java/lang/StringBuilder 1 1 409 10 7 12 1 1 1 10 12 1 10 12 1 10 12 1 1 10 7 12 1 1 1 10 7 12 1 1 1 10 12 1 10 12 1 10 12 1 10 12 1 10 12 1 10 12 1 10 12 1 10 12 1 10 12 1 10 12 1 10 12 1 10 12 1 10 12 1 10 12 1 1 10 12 1 10 12 1 1 10 12 1 1 10 12 1 10 12 1 10 12 1 10 12 1 10 12 1 10 12 1 10 12 1 10 12 10 12 1 10 12 1 10 12 1 10 12 1 1 10 12 1 10 12 1 10 12 10 12 1 1 10 12 1 1 9 12 1 1 9 12 1 1 10 7 12 1 1 1 10 7 1 10 100 12 1 1 1 10 12 1 10 12 1 1 10 12 1 1 10 10 12 1 1 10 100 12 1 1 10 12 1 10 12 1 1 100 1 100 1 8 1 10 10 12 1 1 10 12 1 1 10 12 1 10 12 1 10 12 1 10 12 1 10 12 1 10 12 1 10 12 1 10 12 1 10 12 1 10 12 1 10 12 1 10 12 1 10 12 1 10 12 1 10 12 1 1 10 12 1 1 10 12 1 10 12 1 10 12 1 10 12 10 12 10 12 1 10 12 1 10 12 1 10 12 10 12 1 10 12 1 10 12 1 10 12 1 10 12 1 10 12 1 10 12 1 10 12 1 10 12 1 1 10 12 1 10 12 1 1 10 12 1 10 12 1 1 10 12 1 10 12 1 1 10 12 1 10 12 1 10 12 1 10 10 12 1 10 12 1 100 1 100 1 100 1 1 1 1 5 0 1 1 1 1 1 1 1 1 1 1 1 1 1 1 1 1 1 1 1 1 1 1 1 1 1 1 1 1 1 1 1 1 1 1 1 1 1 1 1 1 1 1 1 100 1 1 1 100 1 1 1 1 1 1 1 1 1 1
ciInstanceKlass jdk/internal/loader/ClassLoaders 1 1 183 10 100 12 1 1 1 10 7 12 1 1 1 10 12 1 1 10 100 12 1 1 1 9 7 12 1 1 1 9 12 1 1 9 12 1 1 7 1 11 100 12 1 1 1 100 1 11 12 1 1 11 12 1 1 10 100 12 1 1 1 10 100 12 1 1 1 100 1 100 1 10 7 12 1 1 1 9 12 1 1 10 12 1 1 7 1 10 12 1 1 10 12 1 7 1 8 1 10 7 12 1 1 1 10 12 1 1 7 1 10 12 1 10 12 1 10 12 1 8 1 10 7 12 1 1 8 1 8 1 10 12 1 7 1 10 12 1 10 12 1 10 12 1 1 1 1 1 1 1 1 1 1 1 1 1 1 1 1 1 1 1 1 100 1 1 1 1 1 1 1 1 1 1 1 1 1 1 1 1 1 1 1
staticfield jdk/internal/loader/ClassLoaders JLA Ljdk/internal/access/JavaLangAccess; java/lang/System$2
staticfield jdk/internal/loader/ClassLoaders BOOT_LOADER Ljdk/internal/loader/ClassLoaders$BootClassLoader; jdk/internal/loader/ClassLoaders$BootClassLoader
staticfield jdk/internal/loader/ClassLoaders PLATFORM_LOADER Ljdk/internal/loader/ClassLoaders$PlatformClassLoader; jdk/internal/loader/ClassLoaders$PlatformClassLoader
staticfield jdk/internal/loader/ClassLoaders APP_LOADER Ljdk/internal/loader/ClassLoaders$AppClassLoader; jdk/internal/loader/ClassLoaders$AppClassLoader
ciInstanceKlass jdk/internal/misc/Unsafe 1 1 1285 10 7 12 1 1 1 9 7 12 1 1 1 9 12 1 1 10 12 1 1 10 7 12 1 1 1 10 12 1 1 10 12 1 1 10 12 1 1 10 12 1 1 10 12 1 1 10 12 1 1 10 12 1 1 10 12 1 1 10 12 1 1 10 12 1 1 10 12 1 1 10 12 1 1 10 12 1 1 10 12 1 10 12 1 100 1 10 10 12 1 1 10 12 1 1 5 0 10 12 1 1 10 12 1 1 10 7 12 1 1 1 10 12 1 1 10 12 1 10 12 1 10 12 1 1 10 12 1 1 10 12 1 10 12 1 100 1 100 1 10 8 1 10 12 1 1 10 12 1 8 1 10 12 1 1 10 12 1 10 12 1 10 12 1 1 10 12 1 10 12 1 1 10 12 1 1 10 12 1 10 12 1 10 12 1 10 12 1 1 10 12 1 10 12 1 10 12 1 1 10 12 1 5 0 5 0 5 0 10 12 1 10 12 1 10 12 1 10 12 1 10 12 1 10 12 1 10 12 1 10 12 1 10 12 1 1 10 12 1 10 12 1 100 1 8 1 10 100 1 10 10 12 1 1 10 12 1 1 10 12 1 10 12 1 1 10 12 1 1 10 12 1 10 12 1 1 10 12 1 9 7 12 1 1 9 12 1 100 1 10 10 12 1 1 8 1 10 8 1 8 1 10 12 1 1 9 7 12 1 1 1 9 100 1 9 7 1 9 7 1 9 9 100 1 9 100 1 9 100 1 10 12 1 1 10 12 1 1 10 12 1 1 10 12 1 1 5 0 5 0 9 12 1 1 10 12 1 10 12 1 10 12 1 1 10 12 1 1 10 12 1 8 1 3 10 12 1 1 10 12 1 1 10 12 1 10 12 1 1 10 12 1 1 10 12 1 10 12 1 10 12 1 10 12 1 10 12 1 10 12 1 1 10 12 1 1 10 12 1 10 12 1 10 12 1 10 12 1 10 12 1 10 12 1 1 10 12 1 1 10 12 1 10 12 1 10 12 1 10 12 1 10 12 1 10 12 1 1 10 12 1 1 10 12 1 1 10 12 1 1 10 12 1 10 12 1 10 12 1 10 12 1 10 12 1 10 12 1 10 12 1 1 10 12 1 1 10 12 1 10 12 1 10 12 1 10 12 1 10 12 1 10 12 1 10 12 1 1 10 12 1 1 10 12 1 10 12 1 10 12 1 10 12 1 10 12 1 10 12 1 10 12 1 10 12 1 1 10 12 1 10 12 1 10 12 1 10 12 1 10 12 1 1 10 12 1 10 12 1 10 12 1 10 12 1 10 12 1 10 12 1 10 12 1 10 12 1 1 10 12 1 10 12 1 10 12 1 10 12 1 10 12 1 10 12 1 1 10 12 1 10 12 1 10 12 1 1 10 12 1 10 12 1 10 12 1 10 12 1 10 12 1 10 12 1 10 12 1 10 12 1 10 12 1 10 12 1 10 12 1 10 12 1 10 12 1 10 12 1 10 12 1 10 12 1 10 12 1 10 12 1 10 12 1 10 12 1 10 12 1 10 12 1 100 1 10 100 1 10 9 12 1 5 0 10 12 1 1 5 0 10 12 1 5 0 10 12 1 10 12 1 10 12 1 1 10 12 1 1 10 12 1 10 12 1 10 12 1 10 12 1 1 10 12 1 10 12 1 10 12 1 10 12 1 10 12 1 1 10 12 1 10 12 1 10 12 1 10 12 1 1 10 12 1 10 12 1 10 12 1 1 10 12 1 10 12 1 10 12 1 10 12 1 1 10 12 1 10 10 12 1 1 10 12 1 10 12 1 1 10 12 1 10 12 5 0 5 0 5 0 10 12 1 1 10 12 1 10 12 1 10 12 10 100 12 1 1 8 1 100 1 11 12 1 1 8 1 11 12 1 1 10 100 12 1 1 10 12 1 10 12 1 10 12 1 10 12 1 10 12 1 1 10 12 1 10 12 1 10 12 1 10 12 1 10 12 1 10 12 1 10 7 1 10 12 1 9 12 1 7 1 9 12 1 7 1 9 12 1 7 1 9 12 1 7 1 9 12 1 7 1 9 12 1 7 1 9 12 1 7 1 9 12 1 7 1 9 12 1 10 12 1 9 12 1 9 12 1 9 12 1 9 12 1 9 12 1 9 12 1 9 12 1 9 12 1 9 12 1 9 12 1 1 1 3 1 1 1 1 1 1 1 1 1 1 1 1 1 1 1 1 1 1 1 1 1 1 1 1 1 1 1 1 1 1 1 1 1 1 1 1 1 1 1 1 1 1 1 1 1 1 1 1 1 1 1 1 1 1 1 1 1 1 1 1 1 1 1 1 1 1 1 1 1 1 1 1 1 1 1 1 1 1 1 1 1 1 1 1 1 1 1 1 1 100 1 1 1 1 1 1 1 1 1 1 1 1 1 1 1 1 1 1 1 1 1 1 1 1 1 1 1 1 1 1 1 1 1 1 1 1 1 1 1 1 1 1 1 1 1 1 1 1 1 1 1 1 1 1 1 1 1 1 1 1 1 1 1 1 1 1 1 1 1 1 1 1 1 1 1 1 1 1 1 1 1 1 1 1 1 1 1 1 1 1 1 1 1 1 1 1 1 1 1 1 1 1 1 1 1 1 1 1 1 1 1 1 1 1 1 1 1 1 1 1 1 1 1 1 1 1 1 1 1 1 1 1 1 1 1 1 1 1 1 1 1 1 1 1 1 1 1 1 1 1 1 1 1 1 1 1 1 1 1 1 1 1 1 1 1 1 1 1 1 1 1 1 1 1 1 1 1 1 1 1 1 1 1 1 1 1 1 1 1 1 1 1 1 1 1 1 1 1 1 1 1 1 1 1 1 1 1 3 1 1 1 1 1 1 1 1 1 1 1 1 1 1 1 1 1 1 1 1 1
staticfield jdk/internal/misc/Unsafe theUnsafe Ljdk/internal/misc/Unsafe; jdk/internal/misc/Unsafe
staticfield jdk/internal/misc/Unsafe ARRAY_BOOLEAN_BASE_OFFSET I 16
staticfield jdk/internal/misc/Unsafe ARRAY_BYTE_BASE_OFFSET I 16
staticfield jdk/internal/misc/Unsafe ARRAY_SHORT_BASE_OFFSET I 16
staticfield jdk/internal/misc/Unsafe ARRAY_CHAR_BASE_OFFSET I 16
staticfield jdk/internal/misc/Unsafe ARRAY_INT_BASE_OFFSET I 16
staticfield jdk/internal/misc/Unsafe ARRAY_LONG_BASE_OFFSET I 16
staticfield jdk/internal/misc/Unsafe ARRAY_FLOAT_BASE_OFFSET I 16
staticfield jdk/internal/misc/Unsafe ARRAY_DOUBLE_BASE_OFFSET I 16
staticfield jdk/internal/misc/Unsafe ARRAY_OBJECT_BASE_OFFSET I 16
staticfield jdk/internal/misc/Unsafe ARRAY_BOOLEAN_INDEX_SCALE I 1
staticfield jdk/internal/misc/Unsafe ARRAY_BYTE_INDEX_SCALE I 1
staticfield jdk/internal/misc/Unsafe ARRAY_SHORT_INDEX_SCALE I 2
staticfield jdk/internal/misc/Unsafe ARRAY_CHAR_INDEX_SCALE I 2
staticfield jdk/internal/misc/Unsafe ARRAY_INT_INDEX_SCALE I 4
staticfield jdk/internal/misc/Unsafe ARRAY_LONG_INDEX_SCALE I 8
staticfield jdk/internal/misc/Unsafe ARRAY_FLOAT_INDEX_SCALE I 4
staticfield jdk/internal/misc/Unsafe ARRAY_DOUBLE_INDEX_SCALE I 8
staticfield jdk/internal/misc/Unsafe ARRAY_OBJECT_INDEX_SCALE I 4
staticfield jdk/internal/misc/Unsafe ADDRESS_SIZE I 8
ciInstanceKlass java/util/Map 1 1 259 11 7 12 1 1 1 11 12 1 1 10 7 12 1 1 11 12 1 1 11 7 12 1 1 1 11 100 12 1 1 1 11 12 1 1 7 1 11 12 1 11 12 1 100 1 100 1 10 12 1 1 11 100 12 1 1 1 11 100 12 1 1 1 11 12 1 11 12 1 10 12 1 1 11 12 1 11 7 12 1 9 7 12 1 1 1 100 1 10 12 7 1 7 1 10 12 1 7 1 10 7 1 11 12 1 1 7 1 11 12 1 1 1 1 1 1 1 1 1 1 1 1 1 1 1 1 1 1 1 1 1 1 1 1 1 1 1 1 1 1 1 1 1 1 1 1 1 1 1 1 1 1 1 1 1 1 1 1 1 1 1 1 1 1 1 1 1 1 1 1 1 1 1 1 1 1 1 1 1 1 1 1 1 1 1 1 1 1 1 1 1 1 1 1 1 1 1 1 1 1 1 1 1 1 1 1 1 1 1 1 1 1 1 1 1 1 1 1 1 1 1 1 1 1 1 1 1 1 1 1 1 1 1 1 1 1 1 1 1 100 1 1 1 1 1 1 1 1 1 1 1 1 1 1 1 1 1 1
ciInstanceKlass java/lang/ThreadGroup 1 1 293 10 7 12 1 1 1 9 7 12 1 1 1 8 1 9 12 1 1 7 1 9 12 1 9 12 1 1 10 12 1 1 10 12 1 1 10 12 1 10 12 1 1 10 12 1 9 12 1 1 10 12 1 1 10 12 1 9 12 1 10 100 12 1 1 1 9 12 1 9 12 1 1 10 7 12 1 1 1 100 10 12 1 1 10 7 12 1 1 1 10 100 12 1 9 12 1 10 12 1 1 10 12 1 1 9 12 1 1 10 12 1 1 10 12 1 10 12 1 10 12 1 1 10 12 1 1 10 12 1 10 12 1 10 10 12 1 10 12 1 10 100 1 10 10 12 1 10 12 1 10 12 1 7 10 12 1 9 12 1 1 10 12 1 1 8 1 10 100 12 1 1 1 10 12 1 1 10 12 1 1 10 12 1 1 11 100 1 100 1 9 12 1 100 1 10 8 1 10 12 1 1 10 12 1 1 8 1 10 12 1 10 100 12 1 1 1 10 12 1 1 10 100 1 8 1 10 8 1 10 12 1 8 1 1 1 1 1 1 1 1 1 1 1 1 1 1 1 1 1 3 1 1 1 1 1 1 1 1 1 1 1 1 1 1 1 1 1 1 1 1 1 1 1 1 1 1 1 1 1 1 1 1 1 1 1 1 1 1 1 1 1 1
instanceKlass java/security/Provider
ciInstanceKlass java/util/Properties 1 1 651 10 7 12 1 1 1 100 1 10 7 12 1 1 7 1 10 12 1 9 12 1 1 9 12 1 1 9 12 1 1 10 7 12 1 1 1 10 12 1 1 8 1 10 7 12 1 1 1 7 1 10 12 1 10 12 1 1 8 1 10 12 1 7 1 10 12 10 12 1 1 9 12 1 1 10 12 1 1 7 1 10 12 1 10 12 1 10 12 1 1 100 1 8 1 10 12 1 10 12 1 10 12 1 1 10 12 1 100 1 3 10 10 100 12 1 1 1 10 12 1 10 12 1 1 8 1 10 12 1 10 12 1 1 8 1 10 100 12 1 1 10 12 1 1 10 12 1 10 12 1 1 100 1 10 12 1 10 12 1 1 100 1 9 100 12 1 1 1 10 12 1 10 12 1 1 100 1 10 10 10 12 1 1 11 7 12 1 1 1 11 7 12 1 1 1 11 12 1 1 7 1 11 12 1 11 12 1 10 12 1 1 8 1 10 12 1 10 12 1 100 1 10 10 12 1 1 10 100 12 1 1 9 100 12 1 1 10 12 1 1 10 100 12 1 1 1 100 1 100 1 100 1 10 8 1 8 1 10 12 1 10 12 1 10 12 1 1 10 10 12 1 1 10 12 1 1 100 1 10 10 12 1 11 7 12 1 1 10 7 12 1 1 1 8 1 10 100 12 1 1 11 8 1 10 100 1 11 10 12 1 10 12 1 10 12 1 10 12 1 1 10 12 1 1 10 12 1 1 10 12 1 10 12 1 10 10 12 1 10 12 1 10 12 1 10 10 12 1 1 10 12 1 1 7 1 10 10 12 1 10 12 1 10 12 1 10 12 1 10 12 1 1 10 12 1 1 10 12 1 10 12 1 10 12 1 1 10 12 10 12 1 1 10 12 1 1 10 12 1 10 12 1 1 10 12 1 1 10 12 100 1 10 11 100 12 1 1 4 11 10 12 1 1 10 100 12 1 1 11 12 1 10 12 1 1 10 100 12 1 1 10 12 1 100 1 8 1 10 12 1 10 10 100 12 1 1 1 100 1 6 0 10 12 1 1 11 100 12 1 1 1 10 12 1 10 12 1 1 1 1 1 5 0 1 1 1 1 1 1 1 1 1 1 1 1 1 1 1 1 1 1 1 1 1 1 1 1 1 1 1 1 1 1 1 1 1 1 1 1 1 1 1 1 100 1 1 1 1 1 1 1 1 1 1 1 1 1 1 1 1 1 1 1 1 100 1 1 1 1 1 1 1 100 1 100 1 1 1 1 100 1 1 1 1 1 1 1 1 1 1 1 1 1 1 1 1 1 1 1 1 1 1 1 1 1 1 1 1 1 1 1 1 1 1 1 1 1 1 1 1 1 1 1 1 1 1 1 1 1 1 1 1 1 1 1 1 1 1 1 1 1 1 1 1 1 1 1 1 1 1 1 1 1 1 1 1 100 1 1 1 1 1 1 1 1 1 100 1 1 1
staticfield java/util/Properties UNSAFE Ljdk/internal/misc/Unsafe; jdk/internal/misc/Unsafe
instanceKlass java/util/Hashtable
ciInstanceKlass java/util/Dictionary 1 1 36 10 7 12 1 1 1 100 1 1 1 1 1 1 1 1 1 1 1 1 1 1 1 1 1 1 1 1 1 1 1 1 1 1 1 1
instanceKlass java/util/Properties
ciInstanceKlass java/util/Hashtable 1 1 512 100 1 10 7 12 1 1 1 9 7 12 1 1 1 100 1 100 1 10 8 1 10 12 1 1 10 12 1 10 12 1 1 10 12 1 10 7 12 1 1 1 8 1 10 12 1 9 12 1 1 7 1 9 12 1 1 4 10 7 12 1 1 1 9 12 1 4 10 12 1 11 100 12 1 1 1 10 12 1 1 10 12 1 1 9 12 1 10 12 1 1 100 1 10 9 12 1 1 10 7 12 1 1 1 9 12 1 1 10 12 1 10 12 1 3 9 12 1 9 12 1 3 10 12 1 10 12 1 10 12 1 1 11 12 1 1 11 100 12 1 1 1 11 100 12 1 1 1 11 12 1 100 1 11 12 1 11 12 1 10 12 1 1 10 12 1 1 10 12 1 9 12 1 1 9 12 9 12 1 1 10 100 1 100 1 10 12 1 10 8 1 10 10 12 1 8 1 10 8 1 10 100 12 1 1 1 7 1 10 12 1 10 12 1 100 1 10 12 1 10 12 1 1 100 1 10 100 1 10 10 12 1 1 11 12 1 1 11 12 1 100 1 10 10 10 100 12 1 1 11 100 12 1 1 1 100 1 10 11 100 12 1 1 11 100 12 1 10 12 1 10 12 1 1 10 100 12 1 1 10 12 1 1 10 12 1 1 10 12 1 1 10 100 12 1 1 1 8 10 100 12 1 1 100 1 8 1 10 4 10 12 4 10 12 1 8 1 10 12 10 100 12 1 1 1 100 1 11 100 12 1 1 1 10 100 12 1 1 1 10 12 1 10 12 1 1 10 100 1 100 1 1 1 1 1 1 5 0 1 1 1 1 1 3 1 3 1 3 1 1 1 1 1 1 1 1 1 1 1 1 1 1 1 1 1 1 1 1 1 1 1 1 1 100 1 1 1 1 1 1 1 1 1 1 1 1 1 1 1 1 1 1 1 1 1 1 1 1 1 1 1 1 1 100 1 1 1 1 1 1 1 1 1 1 1 1 1 1 1 1 1 1 1 1 1 1 1 1 1 1 1 1 1 1 1 1 1 1 1 1 1 1 1 1 1 1 1 1 1 1 1 1 1 1 1 1 1 1 1 1 1 1 100 1 1 1 100 1 1 1 1 1 100 1 1 1 1 1 1 1 1 1 1 1 1 1 1 1 1 1 1
instanceKlass sun/nio/ch/ChannelInputStream
instanceKlass jdk/nio/zipfs/ZipFileSystem$EntryInputStream
instanceKlass com/sun/org/apache/xerces/internal/impl/XMLEntityManager$RewindableInputStream
instanceKlass java/util/jar/JarVerifier$VerifierStream
instanceKlass java/util/zip/ZipFile$ZipFileInputStream
instanceKlass java/io/FilterInputStream
instanceKlass java/io/FileInputStream
instanceKlass java/io/ByteArrayInputStream
ciInstanceKlass java/io/InputStream 1 1 184 100 1 10 7 12 1 1 1 100 1 10 10 7 12 1 1 1 10 7 12 1 1 1 10 12 1 100 1 3 10 12 1 1 100 1 8 1 10 12 1 10 7 12 1 1 1 3 100 1 8 1 10 10 7 12 1 1 1 7 1 10 11 7 12 1 1 1 10 12 1 1 11 12 1 1 11 7 12 1 1 1 11 12 1 1 7 1 10 7 12 1 1 1 5 0 10 12 1 10 12 1 1 100 1 10 8 1 10 8 1 8 1 10 12 1 1 10 100 12 1 1 1 100 1 1 1 1 3 1 3 1 1 1 1 1 1 1 1 1 1 1 1 1 1 1 1 1 1 1 1 1 1 1 1 1 1 1 1 1 1 1 1 1 1 1 1 1 1 1 1 1 1 1 1 1 1 1 1 1 1 1 1 1
ciInstanceKlass java/io/ByteArrayInputStream 1 1 117 10 7 12 1 1 1 9 7 12 1 1 1 9 12 1 1 9 12 1 9 12 1 10 100 12 1 1 1 10 7 12 1 1 1 10 7 12 1 1 1 10 100 12 1 1 1 10 12 1 1 3 10 100 1 10 100 12 1 1 1 9 12 1 1 100 1 10 10 7 12 1 1 1 1 1 1 1 1 1 1 1 1 1 1 1 1 1 1 1 1 1 1 1 1 1 1 1 1 1 1 1 100 1 1 1 1 1 1 1 1 1 1 1 1 1 1
staticfield java/io/ByteArrayInputStream $assertionsDisabled Z 1
instanceKlass java/util/concurrent/ForkJoinWorkerThread
instanceKlass java/util/logging/LogManager$Cleaner
instanceKlass jdk/internal/misc/InnocuousThread
instanceKlass java/lang/ref/Finalizer$FinalizerThread
instanceKlass java/lang/ref/Reference$ReferenceHandler
ciInstanceKlass java/lang/Thread 1 1 612 9 7 12 1 1 1 9 12 1 1 10 12 1 1 9 12 1 1 9 12 1 1 100 1 8 1 10 12 1 1 3 8 1 100 1 5 0 10 12 1 1 10 7 12 1 1 9 12 1 1 9 12 1 9 12 1 1 9 12 1 100 1 8 1 10 9 12 1 1 10 7 12 1 1 1 10 100 12 1 1 1 10 10 7 12 1 1 10 12 1 1 10 12 1 1 9 100 12 1 1 1 10 12 1 1 10 12 1 9 12 1 1 10 12 1 1 10 12 1 1 9 12 1 10 12 1 1 9 12 1 1 10 7 12 1 1 1 9 12 1 1 9 12 1 1 10 12 1 1 10 100 12 1 1 1 9 12 1 10 12 1 1 9 12 1 100 1 10 100 1 10 8 1 10 12 1 1 10 12 1 10 12 1 10 12 1 1 10 12 1 10 12 1 9 12 1 100 1 10 10 12 1 1 10 12 1 10 12 1 100 1 11 7 12 1 1 9 100 12 1 1 1 10 12 1 10 12 1 10 12 9 12 1 1 10 9 12 1 10 12 1 100 1 10 10 12 1 1 9 12 1 10 12 1 11 100 12 1 1 10 12 1 9 12 1 10 12 1 10 12 1 10 10 12 1 10 12 1 10 12 1 10 12 1 10 12 1 1 100 1 10 10 12 1 10 12 1 10 12 1 9 100 12 1 1 1 10 12 1 1 10 12 1 100 1 8 1 10 10 12 1 10 12 8 1 10 12 1 8 1 10 8 1 8 1 10 100 12 1 1 10 100 12 1 1 1 100 1 8 1 10 9 12 1 9 12 1 1 10 12 1 1 10 10 12 1 1 9 12 1 10 12 1 1 100 1 10 12 11 100 12 1 1 1 9 100 12 1 1 1 9 12 1 1 10 12 1 1 100 1 10 12 1 11 100 12 1 1 1 100 1 10 12 1 10 12 1 1 11 12 1 10 12 1 100 1 10 12 1 10 12 1 1 10 7 12 1 1 1 8 1 9 12 1 10 12 1 1 11 100 12 1 1 1 10 100 12 1 1 1 11 12 1 10 12 1 7 1 1 1 1 3 1 3 1 3 1 1 1 1 1 1 1 1 1 1 1 1 1 1 1 1 1 1 1 100 1 1 1 1 1 1 1 1 1 1 1 1 100 1 100 1 1 1 1 1 1 1 1 1 1 1 1 1 1 1 1 1 1 1 1 1 1 1 1 1 1 1 1 1 1 1 1 1 1 1 1 1 1 1 1 1 1 1 100 100 1 1 1 1 1 1 1 1 1 100 1 1 1 1 1 1 1 1 1 1 1 1 1 1 1 1 1 1 1 1 1 1 1 1 1 1 1 1 100 1 1 1 1 1 1 100 1 1 100 1 1 1 1 1 1
staticfield java/lang/Thread EMPTY_STACK_TRACE [Ljava/lang/StackTraceElement; 0 [Ljava/lang/StackTraceElement;
instanceKlass com/google/common/util/concurrent/ServiceManager$FailedService
instanceKlass com/google/common/util/concurrent/ServiceManager$EmptyServiceManagerWarning
instanceKlass apex/jorje/lsp/impl/document/BadLocationException
instanceKlass java/lang/Exception
instanceKlass java/lang/Error
ciInstanceKlass java/lang/Throwable 1 1 393 10 7 12 1 1 1 9 7 12 1 1 1 9 12 1 1 9 12 1 9 12 1 1 9 12 1 10 12 1 1 9 12 1 1 10 12 1 1 10 12 1 100 1 7 1 10 8 1 10 12 1 1 8 1 10 100 12 1 1 10 10 12 1 100 1 8 1 10 10 12 1 1 10 7 12 1 1 10 12 1 8 1 9 100 12 1 1 1 10 12 1 1 100 1 10 12 10 12 1 7 1 10 10 7 12 1 1 1 11 7 12 1 1 1 10 7 12 1 1 1 10 12 1 1 10 12 1 1 8 1 10 12 1 10 12 1 1 8 1 8 1 10 12 1 1 10 12 1 8 1 8 1 9 12 1 1 10 100 12 1 1 100 1 10 11 12 1 8 1 8 1 10 7 12 1 1 8 1 10 12 1 8 1 7 1 10 12 1 9 12 1 1 10 12 1 10 7 12 1 9 12 1 1 10 12 1 1 100 1 8 1 10 12 1 10 100 12 1 1 10 12 1 1 100 1 10 100 12 1 1 1 10 12 1 11 100 12 1 1 1 11 100 12 1 1 1 11 12 1 8 1 10 12 1 1 8 1 10 10 9 100 12 1 1 1 8 1 10 12 1 1 10 100 1 8 1 10 11 12 1 1 8 1 9 12 1 10 100 12 1 1 11 9 12 1 1 11 12 1 1 100 10 12 1 10 12 1 1 100 1 1 1 1 5 0 1 1 1 1 1 1 1 1 1 1 1 1 1 100 1 1 1 1 1 1 1 1 1 1 1 1 1 1 1 1 1 1 1 1 1 1 1 1 1 1 1 1 1 1 1 1 1 1 1 1 1 1 1 1 1 1 100 1 100 1 1 1 1 1 1 1 1 1 1 1 1 1 1 1 1 1 1
staticfield java/lang/Throwable UNASSIGNED_STACK [Ljava/lang/StackTraceElement; 0 [Ljava/lang/StackTraceElement;
staticfield java/lang/Throwable SUPPRESSED_SENTINEL Ljava/util/List; java/util/Collections$EmptyList
staticfield java/lang/Throwable EMPTY_THROWABLE_ARRAY [Ljava/lang/Throwable; 0 [Ljava/lang/Throwable;
staticfield java/lang/Throwable $assertionsDisabled Z 1
instanceKlass org/antlr/runtime/RecognitionException
instanceKlass sun/nio/fs/WindowsException
instanceKlass org/eclipse/jdt/internal/core/nd/db/BTree$BTreeKeyNotFoundException
instanceKlass java/net/URISyntaxException
instanceKlass java/text/ParseException
instanceKlass java/lang/CloneNotSupportedException
instanceKlass java/security/PrivilegedActionException
instanceKlass java/util/concurrent/TimeoutException
instanceKlass java/util/concurrent/ExecutionException
instanceKlass com/google/inject/internal/ErrorsException
instanceKlass com/google/inject/internal/InternalProvisionException
instanceKlass ch/qos/logback/core/boolex/EvaluationException
instanceKlass ch/qos/logback/core/util/PropertySetterException
instanceKlass java/lang/InterruptedException
instanceKlass javax/naming/NamingException
instanceKlass ch/qos/logback/core/model/processor/ModelHandlerException
instanceKlass ch/qos/logback/core/spi/ScanException
instanceKlass ch/qos/logback/core/joran/spi/ActionException
instanceKlass javax/xml/parsers/ParserConfigurationException
instanceKlass org/xml/sax/SAXException
instanceKlass java/security/GeneralSecurityException
instanceKlass ch/qos/logback/core/util/DynamicClassLoadingException
instanceKlass ch/qos/logback/core/util/IncompatibleClassException
instanceKlass ch/qos/logback/core/joran/spi/JoranException
instanceKlass java/io/IOException
instanceKlass java/lang/ReflectiveOperationException
instanceKlass java/lang/RuntimeException
ciInstanceKlass java/lang/Exception 1 1 40 10 7 12 1 1 1 10 12 1 10 12 1 10 12 1 10 12 1 100 1 1 1 1 5 0 1 1 1 1 1 1 1 1 1 1 1 1 1 1
instanceKlass java/lang/reflect/InvocationTargetException
instanceKlass java/lang/IllegalAccessException
instanceKlass java/lang/InstantiationException
instanceKlass java/lang/NoSuchFieldException
instanceKlass java/lang/NoSuchMethodException
instanceKlass java/lang/ClassNotFoundException
ciInstanceKlass java/lang/ReflectiveOperationException 1 1 34 10 7 12 1 1 1 10 12 1 10 12 1 10 12 1 100 1 1 1 1 5 0 1 1 1 1 1 1 1 1 1 1 1
instanceKlass com/google/common/util/concurrent/ExecutionError
instanceKlass java/lang/AssertionError
instanceKlass java/util/ServiceConfigurationError
instanceKlass java/lang/VirtualMachineError
instanceKlass java/lang/LinkageError
instanceKlass java/lang/ThreadDeath
ciInstanceKlass java/lang/Error 1 1 40 10 7 12 1 1 1 10 12 1 10 12 1 10 12 1 10 12 1 100 1 1 1 1 5 0 1 1 1 1 1 1 1 1 1 1 1 1 1 1
ciInstanceKlass java/lang/ThreadDeath 0 0 21 10 100 12 1 1 1 100 1 1 1 1 5 0 1 1 1 1 1 1 1
ciInstanceKlass java/lang/ClassNotFoundException 1 1 96 7 1 10 7 12 1 1 1 10 12 1 10 12 1 1 10 100 12 1 1 1 8 1 10 100 12 1 1 1 10 7 12 1 1 10 100 12 1 1 1 10 100 12 1 1 1 10 12 1 1 7 1 10 12 1 9 12 1 1 1 1 1 5 0 1 1 1 1 1 1 1 1 1 1 1 1 1 1 1 1 1 1 100 1 1 1 1 1 1 1 1 1 1 1 1
staticfield java/lang/ClassNotFoundException serialPersistentFields [Ljava/io/ObjectStreamField; 1 [Ljava/io/ObjectStreamField;
instanceKlass java/lang/ExceptionInInitializerError
instanceKlass java/lang/IncompatibleClassChangeError
instanceKlass java/lang/BootstrapMethodError
instanceKlass java/lang/NoClassDefFoundError
ciInstanceKlass java/lang/LinkageError 1 1 31 10 7 12 1 1 1 10 12 1 10 12 1 100 1 1 1 1 5 0 1 1 1 1 1 1 1 1 1 1 1
instanceKlass jdk/internal/misc/ThreadTracker$ThreadRef
instanceKlass sun/security/pkcs/SignerInfo$AlgorithmInfo
ciInstanceKlass java/lang/Record 1 1 22 10 7 12 1 1 1 100 1 1 1 1 1 1 1 1 1 1 1 1 1 1
ciInstanceKlass java/lang/Math 1 1 395 10 100 12 1 1 1 10 100 12 1 1 1 10 12 1 10 12 1 10 12 1 10 12 1 10 12 1 7 1 6 0 6 0 10 12 1 10 12 1 10 12 1 10 12 1 10 12 1 10 12 1 1 10 12 1 10 12 1 10 12 1 10 12 1 10 12 1 10 7 12 1 1 1 100 1 3 3 3 10 7 12 1 1 1 100 1 5 0 5 0 5 0 5 0 5 0 9 100 12 1 1 1 10 100 12 1 1 1 100 1 8 1 10 12 1 8 1 10 12 1 1 10 12 1 1 100 1 5 0 5 0 100 1 3 5 0 3 5 0 10 12 1 10 12 1 8 1 10 12 1 8 1 9 12 1 1 9 12 1 10 12 1 1 6 0 10 12 1 9 12 1 1 100 1 10 10 12 1 100 1 10 12 1 10 12 1 1 10 12 1 10 12 1 10 12 1 10 12 1 1 10 12 1 1 10 12 1 1 10 12 6 0 10 12 1 1 10 12 1 1 10 12 10 12 1 4 10 12 1 1 10 12 1 10 12 1 10 12 10 12 1 10 12 1 10 12 1 10 12 1 10 12 1 10 12 1 10 12 1 5 0 6 0 4 6 0 4 6 0 4 10 12 1 1 9 12 1 1 10 12 1 9 12 1 10 7 12 1 1 1 4 6 0 1 1 6 0 1 6 0 1 1 1 1 1 1 1 1 1 1 1 1 1 1 1 1 1 1 1 1 1 1 1 1 1 1 1 1 1 1 1 1 1 1 1 1 1 1 1 1 1 1 1 1 1 1 1 1 1 1 1 1 1 1 1 1 1 1 1 1 1 1 1 1 1 1 1 1 1 1 1 1 1 1 1 1 1 1 1 1 1 1 1 1 1 1 1 1 1 1 1 1 1 1
staticfield java/lang/Math negativeZeroFloatBits J -2147483648
staticfield java/lang/Math negativeZeroDoubleBits J -9223372036854775808
staticfield java/lang/Math $assertionsDisabled Z 1
ciInstanceKlass java/util/Arrays 1 1 988 10 7 12 1 1 1 10 100 12 1 1 1 10 7 12 1 1 1 10 12 1 10 12 1 10 12 1 10 12 1 10 12 1 10 12 1 10 100 12 1 1 1 100 1 7 1 10 8 1 10 12 1 1 10 12 1 8 1 8 1 10 12 1 1 10 12 1 100 1 10 12 1 9 100 12 1 1 1 10 7 12 1 1 100 1 10 12 1 1 10 7 12 1 1 10 7 12 1 1 1 100 1 10 12 1 10 12 1 1 7 1 9 7 12 1 1 1 10 12 1 1 10 100 12 1 1 10 12 1 10 12 1 1 10 12 1 10 12 1 1 7 1 11 12 1 1 10 12 1 10 7 12 1 1 1 10 12 10 12 1 10 12 1 10 12 10 12 1 11 100 12 1 1 1 10 7 12 1 1 1 100 1 10 12 1 10 100 1 10 12 1 10 100 1 10 12 1 10 100 1 10 12 1 10 10 12 1 1 10 12 1 10 12 1 10 12 1 10 12 1 10 12 1 10 100 12 1 1 1 10 12 1 10 100 12 1 1 1 10 12 1 10 12 1 10 7 12 1 1 1 10 12 1 10 12 1 10 12 1 10 12 1 10 12 1 10 12 1 10 12 1 10 12 1 10 12 1 10 12 1 10 12 1 10 12 1 10 12 1 10 12 1 10 12 1 10 12 1 1 10 12 1 1 10 7 12 1 1 1 10 12 1 8 1 7 1 10 12 10 12 1 10 12 1 1 10 12 1 1 9 100 12 1 1 1 100 1 10 12 1 9 100 1 100 1 10 12 1 9 100 1 100 1 10 12 1 9 100 1 100 1 10 12 1 9 100 1 100 1 10 12 1 9 100 1 100 1 10 12 1 9 100 1 10 12 1 100 1 10 12 1 10 12 1 9 12 1 100 1 10 10 12 1 1 10 12 1 10 12 1 10 12 1 10 12 1 10 12 1 10 12 1 10 12 1 10 12 1 10 12 1 8 1 8 1 10 12 1 10 12 1 8 1 10 12 1 10 12 1 10 12 1 10 100 12 1 1 1 3 10 7 1 10 10 12 1 1 11 100 12 1 1 10 12 1 1 10 12 1 10 12 1 10 12 1 10 12 1 10 12 1 10 12 1 10 12 1 10 12 1 11 12 1 8 1 10 11 12 1 11 7 12 1 1 1 11 100 12 1 1 1 11 12 1 1 18 12 1 1 11 12 1 1 11 100 12 1 1 1 18 12 1 11 100 12 1 1 1 18 12 1 11 100 12 1 1 1 18 12 1 100 1 10 7 12 1 1 1 10 12 1 10 12 1 10 12 1 10 12 1 10 12 1 10 12 1 10 12 1 10 12 1 1 10 12 1 10 7 12 1 1 10 12 1 10 12 1 10 12 1 1 10 12 1 10 12 1 10 12 1 1 10 12 1 10 12 1 10 12 1 1 10 12 1 10 12 1 10 12 1 10 12 1 10 12 10 12 1 10 12 10 12 10 12 1 10 12 10 12 1 10 12 1 10 12 1 1 1 1 3 1 3 1 1 1 1 1 1 1 1 1 1 1 1 1 1 1 1 1 1 1 1 1 1 1 1 1 1 1 1 1 1 1 1 1 1 1 1 1 1 1 1 1 1 1 1 1 1 1 1 1 1 1 1 1 1 1 1 1 1 1 1 1 1 1 1 1 1 1 1 1 1 1 1 1 1 1 1 1 1 1 1 1 1 1 1 1 1 1 1 1 1 1 1 1 1 1 1 1 1 1 1 1 1 1 1 1 1 1 1 1 1 1 1 1 1 1 1 1 1 1 1 1 1 1 1 1 1 1 1 1 1 1 1 1 1 1 1 1 1 1 1 1 1 1 1 1 1 1 1 1 1 1 1 1 1 1 1 1 1 1 1 1 1 1 1 1 1 1 1 1 1 1 1 1 1 1 1 1 1 1 1 1 1 1 1 1 1 1 1 1 1 1 1 1 1 1 1 1 1 1 1 1 1 1 1 1 1 1 1 1 1 1 1 1 1 1 1 1 1 1 1 1 1 1 1 1 1 1 1 1 1 1 1 1 1 1 1 1 1 1 1 1 1 1 1 1 1 1 1 1 1 1 1 1 1 1 1 1 1 1 1 1 100 1 1 15 10 100 12 1 1 1 16 15 10 12 15 10 12 15 10 12 15 10 12 1 1 100 1 100 1 1 1 1 100 1 1 1 1 1 1 100 1 1 100 1 1 100 1 1 1 100 1 100 1 1
staticfield java/util/Arrays $assertionsDisabled Z 1
ciInstanceKlass java/lang/Boolean 1 1 151 10 7 12 1 1 1 9 7 12 1 1 1 10 12 1 1 10 12 1 8 1 10 7 12 1 1 9 12 1 1 9 12 1 8 1 10 12 1 1 10 12 1 1 10 7 12 1 1 1 100 1 100 1 10 12 1 1 9 100 12 1 1 9 12 10 100 12 1 1 1 10 12 1 1 8 1 10 7 12 1 1 1 9 12 1 1 100 1 100 1 100 1 1 1 1 1 1 5 0 1 1 1 1 1 1 1 1 1 1 3 1 1 1 1 1 1 1 1 1 1 1 1 1 1 1 1 1 1 1 1 100 1 1 1 1 1 1 1 1 1 1 100 1 1 1 1 1 1 1 1
staticfield java/lang/Boolean TRUE Ljava/lang/Boolean; java/lang/Boolean
staticfield java/lang/Boolean FALSE Ljava/lang/Boolean; java/lang/Boolean
staticfield java/lang/Boolean TYPE Ljava/lang/Class; java/lang/Class
instanceKlass java/util/concurrent/locks/AbstractQueuedSynchronizer
ciInstanceKlass java/util/concurrent/locks/AbstractOwnableSynchronizer 1 1 32 10 7 12 1 1 1 9 7 12 1 1 1 100 1 1 1 1 5 0 1 1 1 1 1 1 1 1 1 1 1 1
instanceKlass com/google/gson/internal/LazilyParsedNumber
instanceKlass java/math/BigDecimal
instanceKlass java/math/BigInteger
instanceKlass java/util/concurrent/atomic/AtomicLong
instanceKlass java/util/concurrent/atomic/AtomicInteger
instanceKlass java/lang/Long
instanceKlass java/lang/Integer
instanceKlass java/lang/Short
instanceKlass java/lang/Byte
instanceKlass java/lang/Double
instanceKlass java/lang/Float
ciInstanceKlass java/lang/Number 1 1 37 10 7 12 1 1 1 10 100 12 1 1 1 100 1 1 1 1 5 0 1 1 1 1 1 1 1 1 1 1 1 1 1 1 1 1 1
instanceKlass java/lang/LiveStackFrameInfo
ciInstanceKlass java/lang/StackFrameInfo 1 1 132 10 7 12 1 1 1 9 7 12 1 1 1 9 7 1 9 12 1 1 11 7 12 1 1 1 9 12 1 1 11 12 1 1 10 12 1 1 10 7 12 1 1 1 10 12 1 11 12 1 11 12 1 1 11 12 1 10 12 1 1 9 12 1 1 10 12 1 1 10 100 12 1 1 10 12 1 1 11 12 1 1 10 12 1 9 12 1 1 10 12 1 1 100 1 8 1 10 12 1 10 7 12 1 1 1 100 1 1 1 1 1 1 1 1 1 1 1 1 1 1 1 1 1 1 100 1 1 1 1 1 1
staticfield java/lang/StackFrameInfo JLIA Ljdk/internal/access/JavaLangInvokeAccess; java/lang/invoke/MethodHandleImpl$1
ciInstanceKlass java/lang/LiveStackFrameInfo 0 0 97 10 100 12 1 1 1 9 100 12 1 1 1 9 12 1 9 12 1 9 12 1 9 12 1 1 100 1 10 12 1 1 10 12 1 8 1 10 12 1 1 8 1 8 1 8 1 10 100 1 10 12 1 100 1 10 12 1 100 1 100 1 1 1 3 1 3 1 1 1 1 1 1 1 1 1 1 1 1 1 1 1 1 1 1 1 1 1 1 1 1 1 1 1 100 1 1
ciInstanceKlass java/lang/Character 1 1 576 7 1 100 1 100 1 9 12 1 1 8 1 9 12 1 1 100 1 9 12 1 1 10 100 12 1 1 1 10 100 12 1 1 1 10 100 12 1 1 1 10 7 12 1 1 1 9 7 12 1 1 1 10 12 1 10 12 1 1 10 12 1 1 10 100 12 1 1 10 12 1 1 3 3 3 3 3 10 12 1 1 10 12 1 3 11 7 12 1 1 1 11 12 1 1 10 12 1 1 10 12 1 1 100 1 10 10 12 1 3 10 12 1 1 10 12 1 10 12 1 1 100 1 8 1 10 12 1 1 10 12 1 10 12 1 10 12 1 10 12 1 10 12 1 1 10 12 1 10 7 12 1 1 10 10 12 1 10 10 12 1 10 12 1 1 10 12 1 10 10 12 1 10 12 1 10 12 1 10 12 1 10 12 1 10 12 1 10 12 1 10 12 10 10 12 10 10 12 1 10 10 12 1 10 10 12 1 10 10 12 1 10 10 12 1 10 10 12 1 10 10 12 1 1 10 10 12 1 10 5 0 10 12 1 10 12 1 10 10 12 1 10 10 12 1 1 10 10 12 1 10 10 12 1 9 12 1 1 100 1 10 10 12 1 10 12 1 1 3 10 100 12 1 1 1 10 12 1 10 100 12 1 1 100 1 10 10 12 1 1 10 12 1 1 10 12 1 1 8 1 10 12 1 9 100 12 1 1 1 10 12 1 10 10 12 1 10 12 1 1 10 12 1 10 10 12 1 1 10 10 12 1 1 100 1 8 1 10 12 1 1 10 7 12 1 1 1 8 1 10 12 1 1 9 12 1 1 100 1 100 1 100 1 1 1 1 3 1 3 1 3 1 3 1 1 1 1 1 3 1 1 3 1 3 1 3 1 3 1 3 1 3 1 3 1 3 1 3 1 3 1 3 1 3 1 3 1 3 1 3 1 3 1 3 1 3 1 3 1 3 1 3 1 3 1 3 1 3 1 3 1 3 1 3 1 3 1 1 1 1 1 1 1 1 1 1 1 1 1 1 1 1 1 1 1 3 1 1 1 1 1 1 1 3 1 1 3 1 1 1 1 1 3 1 1 5 0 1 1 1 1 1 1 1 1 1 1 1 1 1 1 1 1 1 1 1 1 1 1 1 1 1 1 1 1 1 1 1 1 1 1 1 1 1 1 1 1 1 1 1 1 1 1 1 1 1 1 1 1 1 1 1 1 1 1 1 1 1 1 1 1 1 1 1 1 1 1 1 1 1 1 1 1 1 1 1 1 1 1 1 1 1 1 1 1 1 100 1 100 1 1 1 1 1 1
staticfield java/lang/Character TYPE Ljava/lang/Class; java/lang/Class
staticfield java/lang/Character $assertionsDisabled Z 1
ciInstanceKlass java/lang/Float 1 1 223 7 1 100 1 10 100 12 1 1 1 10 100 12 1 1 1 4 100 1 10 12 1 1 10 12 1 1 8 1 8 1 10 100 12 1 1 1 10 12 1 1 10 12 1 1 10 4 4 4 10 7 12 1 1 9 12 1 1 10 12 1 1 10 12 1 10 12 1 10 12 1 1 10 12 1 10 12 1 3 10 12 1 1 10 12 1 1 10 12 1 10 100 12 1 1 1 10 12 1 1 10 12 1 1 8 1 10 7 12 1 1 1 9 12 1 1 100 1 100 1 100 1 1 1 1 1 4 1 1 1 4 1 1 3 1 3 1 3 1 3 1 1 1 1 5 0 1 1 1 1 1 1 1 1 1 1 7 1 1 1 1 1 1 1 1 1 1 1 1 1 3 1 1 1 1 1 1 1 1 1 1 1 1 1 1 1 1 1 1 1 1 1 1 1 1 1 1 1 1 1 1 1 1 1 1 1 1 1 1 7 1 1 1 1 1 1 1 100 1 100 1 1
staticfield java/lang/Float TYPE Ljava/lang/Class; java/lang/Class
ciInstanceKlass java/lang/Double 1 1 285 7 1 100 1 10 7 12 1 1 1 10 12 1 1 10 12 1 100 1 10 12 1 1 10 100 12 1 1 1 6 0 8 1 10 12 1 1 8 1 10 12 1 1 8 1 6 0 10 12 1 1 100 1 5 0 5 0 8 1 8 1 10 100 12 1 1 1 10 100 12 1 1 1 8 1 10 12 1 1 8 1 8 1 8 1 10 12 1 1 10 12 1 10 12 1 1 10 12 1 10 12 1 10 12 1 1 10 12 1 10 6 0 6 0 6 0 10 7 12 1 1 9 12 1 1 10 12 1 10 12 1 10 12 1 10 12 1 5 0 10 12 1 1 10 12 1 10 12 1 10 100 12 1 1 1 10 12 1 1 10 12 1 1 8 1 10 7 12 1 1 1 9 12 1 1 100 1 100 1 100 1 1 1 1 1 6 0 1 1 1 6 0 1 1 3 1 3 1 3 1 3 1 1 1 1 5 0 1 1 1 1 1 1 1 1 1 1 1 1 1 1 1 1 7 1 1 1 1 1 1 1 1 1 1 1 1 3 1 1 1 1 1 1 1 1 1 1 1 1 1 1 1 1 1 1 1 1 1 1 1 1 1 1 1 1 1 1 1 1 1 1 7 1 1 1 1 1 1 1 100 1 100 1 1
staticfield java/lang/Double TYPE Ljava/lang/Class; java/lang/Class
ciInstanceKlass java/lang/Byte 1 1 215 7 1 100 1 10 100 12 1 1 1 9 12 1 1 8 1 9 12 1 1 100 1 10 12 1 1 10 12 1 1 10 100 12 1 1 1 10 100 12 1 1 1 9 7 12 1 1 1 10 12 1 1 7 1 100 1 10 12 1 1 8 1 10 12 1 1 8 1 10 12 1 10 12 1 10 12 1 10 12 1 1 10 12 1 10 12 1 10 12 1 1 10 8 1 8 1 10 7 1 9 12 1 1 10 12 1 10 12 1 1 10 12 1 1 10 12 1 1 10 12 1 5 0 10 12 1 1 8 1 10 7 12 1 1 1 9 12 1 1 100 1 100 1 1 1 3 1 3 1 1 1 1 3 1 3 1 1 5 0 1 1 1 1 1 1 1 1 1 1 1 1 1 1 1 1 1 1 1 1 1 1 1 1 1 1 1 1 1 1 1 1 1 1 1 1 1 1 1 1 1 1 1 1 1 1 1 1 1 1 1 1 1 1 1
staticfield java/lang/Byte TYPE Ljava/lang/Class; java/lang/Class
ciInstanceKlass java/lang/Short 1 1 224 7 1 100 1 100 1 10 100 12 1 1 1 10 12 1 1 7 1 100 1 10 12 1 1 8 1 10 12 1 1 8 1 10 12 1 10 12 1 10 12 1 10 12 1 1 10 12 1 1 10 12 1 9 12 1 1 8 1 9 12 1 1 100 1 10 12 1 1 10 12 1 10 100 12 1 1 1 10 100 12 1 1 1 9 7 12 1 1 1 10 12 1 10 12 1 1 10 8 1 8 1 10 7 1 9 12 1 1 10 12 1 10 12 1 1 10 12 1 1 10 12 1 1 10 12 1 3 3 5 0 10 12 1 1 8 1 10 7 12 1 1 1 9 12 1 1 100 1 100 1 1 1 3 1 3 1 1 1 1 3 1 3 1 1 5 0 1 1 1 1 1 1 1 1 1 1 1 1 1 1 1 1 1 1 1 1 1 1 1 1 1 1 1 3 1 1 1 1 1 1 1 1 1 1 1 1 1 1 1 1 1 1 1 1 1 1 1 1 1 1 1 1 1
staticfield java/lang/Short TYPE Ljava/lang/Class; java/lang/Class
ciInstanceKlass java/lang/Integer 1 1 445 7 1 100 1 7 1 7 1 10 12 1 1 9 12 1 1 9 12 1 1 10 100 12 1 1 1 10 12 1 1 10 100 12 1 1 1 10 10 12 1 1 10 100 12 1 1 1 10 12 1 10 12 1 1 10 7 12 1 1 1 10 12 1 1 10 12 1 1 10 12 1 10 12 1 10 12 1 1 10 10 12 1 9 12 1 1 9 12 1 7 1 8 1 10 12 1 100 1 10 12 1 8 1 10 12 1 1 10 12 1 8 1 10 12 1 8 1 10 12 1 1 3 10 12 1 1 3 10 12 1 1 10 12 1 1 10 7 12 1 1 1 11 7 1 100 1 10 11 10 12 1 1 8 1 10 12 1 1 8 1 100 1 10 12 1 1 10 12 1 1 5 0 8 1 10 12 1 10 12 1 10 12 1 10 12 1 1 7 1 9 12 1 1 9 12 1 1 10 12 1 10 7 1 9 12 1 10 12 1 10 12 1 10 12 1 1 10 7 12 1 1 1 100 1 100 1 10 12 1 1 10 12 1 1 8 1 8 1 10 12 1 1 8 1 8 1 8 1 8 1 8 1 8 1 10 12 1 10 12 1 10 12 1 5 0 3 3 3 3 10 12 1 3 10 12 1 10 100 12 1 1 1 10 12 1 1 10 12 1 1 8 1 10 7 12 1 1 1 9 12 1 1 3 3 3 3 3 3 9 12 1 1 100 1 100 1 100 1 1 1 1 1 1 1 3 1 3 1 1 5 0 1 1 1 1 1 1 1 1 1 100 1 1 1 1 1 1 1 1 1 1 1 1 1 1 1 1 1 1 1 1 1 1 1 1 1 1 1 1 1 1 1 1 1 1 1 1 1 1 1 3 1 1 1 1 1 1 1 1 1 1 1 1 1 1 1 1 100 1 1 1 1 1 1 1 1 1 1 1 1 1 1 1 1 1 1 1 1 1 1 1 1 1 1 1 1 1 1 1 7 1 1 1 1 1 1 1 1 1 100 1 100 1 1
staticfield java/lang/Integer TYPE Ljava/lang/Class; java/lang/Class
staticfield java/lang/Integer digits [C 36
staticfield java/lang/Integer DigitTens [B 100
staticfield java/lang/Integer DigitOnes [B 100
staticfield java/lang/Integer sizeTable [I 10
ciMethod java/lang/Integer numberOfLeadingZeros (I)I 34 0 17503 0 -1
ciMethod java/lang/Integer highestOneBit (I)I 282 0 186 0 0
ciMethod java/lang/Integer rotateLeft (II)I 516 0 9126 0 0
ciInstanceKlass java/lang/Long 1 1 506 7 1 100 1 7 1 100 1 10 12 1 1 9 12 1 1 9 7 12 1 1 1 10 100 12 1 1 1 10 12 1 1 10 100 12 1 1 1 10 10 12 10 12 1 10 12 1 10 12 1 5 0 5 0 100 1 10 12 1 1 10 12 1 1 10 12 1 10 12 1 10 12 1 10 12 1 1 10 100 12 1 1 10 12 1 10 12 1 1 10 12 1 1 10 12 1 1 10 12 1 1 10 7 12 1 1 1 10 12 1 1 10 12 1 10 12 1 10 12 1 10 12 1 1 10 10 12 1 5 0 5 0 9 12 1 1 9 12 1 5 0 7 1 8 1 10 12 1 8 1 10 12 1 8 1 8 1 10 12 1 1 5 0 10 12 1 1 5 0 10 12 1 1 10 12 1 1 10 100 12 1 1 1 11 100 1 100 1 10 11 10 12 1 1 8 1 10 12 1 1 8 1 100 1 10 12 1 1 10 12 1 8 1 8 1 11 12 1 1 10 12 1 10 12 1 10 12 1 5 0 5 0 9 7 12 1 1 1 10 12 1 10 12 1 1 8 1 8 1 10 12 1 1 8 1 8 1 8 1 8 1 8 1 8 1 10 12 1 10 12 1 10 12 1 1 10 7 1 9 12 1 1 10 12 1 10 12 1 1 10 100 12 1 1 1 100 1 100 1 10 12 1 1 10 12 1 1 5 0 10 12 1 10 12 1 5 0 5 0 5 0 10 12 1 1 5 0 5 0 10 12 1 10 12 1 10 100 12 1 1 1 10 12 1 1 10 12 1 1 8 1 10 7 12 1 1 1 9 12 1 1 100 1 100 1 100 1 1 1 1 5 0 1 1 1 1 3 1 3 1 5 0 1 1 1 1 1 1 1 1 1 100 1 1 1 1 1 1 1 1 1 1 1 1 1 1 1 1 1 1 1 1 1 1 1 1 1 1 1 1 1 1 1 1 1 1 1 1 1 1 1 1 1 1 1 1 1 1 1 1 1 1 1 1 1 1 3 1 1 1 1 1 1 1 1 1 1 1 1 1 1 1 100 1 1 1 1 1 1 1 1 1 1 1 1 1 1 1 1 1 1 1 1 1 1 1 1 1 1 1 7 1 1 1 1 1 1 1 1 1 100 1 100 1 1
staticfield java/lang/Long TYPE Ljava/lang/Class; java/lang/Class
instanceKlass java/lang/ref/PhantomReference
instanceKlass java/lang/ref/FinalReference
instanceKlass java/lang/ref/WeakReference
instanceKlass java/lang/ref/SoftReference
ciInstanceKlass java/lang/ref/Reference 1 1 195 9 7 12 1 1 1 9 7 12 1 1 10 12 1 1 10 12 1 1 9 12 1 1 10 12 1 1 9 12 1 1 9 12 1 1 7 1 10 12 1 10 7 12 1 1 10 12 1 10 12 1 1 10 12 1 9 12 1 10 12 1 1 10 12 1 10 12 1 9 12 1 100 1 100 1 10 12 1 9 12 1 9 12 1 100 1 10 10 12 1 10 10 7 12 1 1 10 7 12 1 1 1 10 12 1 1 10 7 12 1 1 7 1 8 1 10 12 1 10 12 1 1 10 12 1 1 10 12 1 7 1 10 10 7 12 1 1 1 1 1 1 1 1 1 1 1 1 1 1 1 1 1 1 1 100 1 1 1 100 1 1 1 1 1 1 1 1 1 1 1 1 1 1 1 1 1 1 1 1 1 1 1 1 1 1 1 1 1 1 1 1 1 1 1
staticfield java/lang/ref/Reference processPendingLock Ljava/lang/Object; java/lang/Object
staticfield java/lang/ref/Reference $assertionsDisabled Z 1
instanceKlass sun/util/locale/provider/LocaleResources$ResourceReference
instanceKlass sun/util/resources/Bundles$BundleReference
instanceKlass java/util/ResourceBundle$BundleReference
instanceKlass sun/security/util/MemoryCache$SoftCacheEntry
instanceKlass java/lang/invoke/LambdaFormEditor$Transform
instanceKlass sun/util/locale/LocaleObjectCache$CacheEntry
ciInstanceKlass java/lang/ref/SoftReference 1 1 47 10 7 12 1 1 1 9 7 12 1 1 1 9 12 1 10 12 1 10 12 1 1 1 1 1 1 1 1 1 1 1 1 1 1 1 1 1 1 1 1 100 1 1 1 1 1
instanceKlass com/google/common/cache/LocalCache$WeakValueReference
instanceKlass java/util/ResourceBundle$KeyElementReference
instanceKlass com/google/common/collect/MapMakerInternalMap$AbstractWeakKeyEntry
instanceKlass com/google/common/cache/LocalCache$WeakEntry
instanceKlass java/util/logging/LogManager$LoggerWeakRef
instanceKlass java/util/logging/Level$KnownLevel
instanceKlass java/lang/WeakPairMap$WeakRefPeer
instanceKlass java/lang/ClassValue$Entry
instanceKlass java/lang/invoke/MethodType$ConcurrentWeakInternSet$WeakEntry
instanceKlass java/lang/ThreadLocal$ThreadLocalMap$Entry
instanceKlass java/util/WeakHashMap$Entry
ciInstanceKlass java/lang/ref/WeakReference 1 1 31 10 7 12 1 1 1 10 12 1 100 1 1 1 1 1 1 1 1 1 1 1 1 1 1 1 1 1 1 1 1
instanceKlass java/lang/ref/Finalizer
ciInstanceKlass java/lang/ref/FinalReference 1 1 47 10 7 12 1 1 1 10 7 12 1 1 1 10 12 1 1 100 1 8 1 10 12 1 1 1 1 1 1 1 1 1 1 1 1 1 1 1 1 1 1 1 1 1 1 1 1
ciInstanceKlass java/lang/ref/Finalizer 1 1 152 9 7 12 1 1 1 10 7 12 1 1 1 9 12 1 1 9 12 1 1 9 12 1 9 12 1 10 12 1 10 12 1 1 9 12 1 1 100 1 10 12 1 7 1 11 7 12 1 1 100 1 10 12 1 100 1 10 12 1 10 100 12 1 1 1 10 100 12 1 1 1 100 1 10 10 12 1 10 7 12 1 1 1 7 1 10 7 1 10 10 7 12 1 1 1 10 12 1 1 10 7 12 1 1 7 1 10 12 1 10 12 1 1 10 12 1 1 10 12 1 1 1 1 1 1 1 1 1 1 1 1 1 1 1 1 1 1 1 1 1 1 1 1 1 1 1 1 1 1 1 1
staticfield java/lang/ref/Finalizer lock Ljava/lang/Object; java/lang/Object
staticfield java/lang/ref/Finalizer $assertionsDisabled Z 1
instanceKlass jdk/internal/ref/PhantomCleanable
instanceKlass jdk/internal/ref/Cleaner
ciInstanceKlass java/lang/ref/PhantomReference 1 1 39 10 100 12 1 1 1 10 7 12 1 1 1 1 1 1 1 1 1 1 1 1 1 1 1 1 1 1 1 1 1 1 1 1 1 1 1 1 1
instanceKlass java/lang/reflect/Executable
instanceKlass java/lang/reflect/Field
ciInstanceKlass java/lang/reflect/AccessibleObject 1 1 398 10 7 12 1 1 1 9 100 12 1 1 1 10 100 12 1 1 1 10 7 12 1 1 10 7 12 1 1 1 10 7 12 1 1 1 10 12 1 1 10 12 1 1 9 12 1 1 100 1 10 7 12 1 1 1 11 12 1 100 1 10 12 1 7 1 100 1 10 12 1 10 12 1 1 7 1 10 7 12 1 1 1 10 12 1 1 7 1 10 12 1 1 7 1 10 10 10 7 12 1 1 1 10 12 1 1 10 12 1 10 12 1 10 12 1 1 10 12 1 8 1 100 1 10 10 12 1 1 8 1 10 12 1 10 12 1 8 1 8 1 8 1 8 1 8 1 8 1 100 1 10 12 1 10 12 1 9 12 1 1 10 12 1 1 10 12 1 10 11 100 1 100 1 8 1 10 10 12 1 10 12 1 1 8 1 10 12 1 8 1 10 12 1 1 10 100 1 8 1 10 11 7 12 1 1 10 12 1 1 10 12 1 1 10 12 1 1 9 12 1 1 100 1 10 12 1 7 1 10 12 1 10 12 1 1 10 100 1 10 12 1 10 12 10 12 1 10 12 1 1 10 12 1 10 12 1 1 10 12 1 9 12 1 10 100 12 1 1 8 1 10 100 12 1 1 1 8 1 10 100 12 1 1 1 9 12 1 100 1 10 7 1 10 10 7 12 1 1 1 7 1 10 10 7 12 1 1 1 7 1 9 12 1 1 1 1 1 1 1 1 1 1 1 1 1 1 1 1 1 1 1 1 1 1 1 1 1 1 1 1 1 1 1 1 1 1 1 1 1 1 1 1 1 1 1 1 1 1 1 1 1 1 1 1 1 1 1 1 1 1 1 1 1 1 1 1 1 1 1 1 1 1 1 1 1 1 1 1 1 1 1 1 1 1 1 1 1
staticfield java/lang/reflect/AccessibleObject reflectionFactory Ljdk/internal/reflect/ReflectionFactory; jdk/internal/reflect/ReflectionFactory
instanceKlass java/lang/reflect/Constructor
instanceKlass java/lang/reflect/Method
ciInstanceKlass java/lang/reflect/Executable 1 1 548 10 7 12 1 1 1 10 7 12 1 1 1 10 7 12 1 1 1 11 7 12 1 1 1 10 7 12 1 1 1 10 12 1 1 10 7 12 1 1 1 10 7 12 1 1 1 10 12 1 8 1 10 10 12 1 1 10 12 1 1 10 7 12 1 1 1 18 12 1 1 11 7 12 1 1 1 8 1 8 1 8 1 10 7 12 1 1 1 11 12 1 1 7 1 8 1 8 1 10 12 1 100 1 8 1 10 12 1 8 1 11 100 12 1 1 1 100 1 10 12 1 1 11 12 1 8 1 18 8 1 10 12 1 10 12 1 1 18 8 1 10 12 1 100 1 10 12 1 10 12 1 11 7 12 1 1 10 12 1 1 8 1 8 1 10 12 1 1 10 12 1 1 10 10 12 1 100 1 10 10 12 1 10 12 1 1 10 7 12 1 1 10 12 1 10 12 1 10 12 1 1 10 7 12 1 1 10 12 1 10 12 1 10 7 12 1 1 1 10 12 1 8 1 10 12 1 10 12 1 3 100 1 8 1 10 12 1 10 12 1 10 10 12 1 10 12 1 1 8 1 8 1 8 1 9 12 1 10 12 1 100 1 8 1 9 12 1 10 12 1 10 12 1 1 10 12 1 1 10 12 1 10 12 10 12 1 7 1 10 12 1 10 12 1 1 100 1 10 100 12 1 1 1 7 1 10 7 12 1 1 1 10 12 1 1 11 7 12 1 1 10 7 12 1 1 10 100 12 1 1 1 10 12 1 1 9 12 1 10 12 1 1 10 12 1 10 12 1 1 9 7 12 1 1 1 10 7 12 1 1 1 10 12 1 10 12 1 1 9 12 1 10 10 10 10 100 12 1 1 1 10 12 1 9 12 1 10 12 1 1 9 12 1 100 1 100 1 1 1 1 1 1 1 1 1 1 1 1 1 1 1 1 1 1 1 1 1 1 1 1 1 1 1 1 1 1 1 1 1 1 100 1 1 1 1 1 1 1 1 100 1 1 1 1 1 1 1 1 1 1 1 1 100 1 1 1 1 1 1 1 1 1 1 1 1 1 1 1 1 1 1 1 1 1 1 1 1 1 1 1 1 1 1 1 1 1 1 1 1 1 1 1 1 1 100 1 1 1 1 1 1 1 1 1 1 1 1 1 1 1 1 1 1 1 1 1 100 1 100 1 1 15 10 7 12 1 1 1 16 15 16 1 16 1 15 10 12 16 1 100 1 1 100 1 100 1 1
ciInstanceKlass java/lang/reflect/Constructor 1 1 433 10 7 12 1 1 1 10 7 12 1 1 9 7 12 1 1 1 10 12 1 1 10 12 1 1 10 7 12 1 1 9 12 1 1 10 7 12 1 1 1 9 12 1 1 9 12 1 1 9 12 1 9 12 1 1 9 12 1 9 12 1 1 9 12 1 1 9 12 1 100 1 8 1 10 12 1 10 12 1 9 12 1 1 10 7 12 1 1 10 7 12 1 1 1 10 12 1 1 10 12 1 1 10 12 1 7 1 100 1 8 1 10 10 12 1 10 12 1 10 12 1 1 10 12 1 1 9 100 12 1 1 1 10 7 12 1 1 10 12 1 1 10 12 1 10 12 1 1 10 7 12 1 1 1 10 100 12 1 1 10 12 1 1 10 12 1 10 100 12 1 1 1 8 1 10 10 12 1 100 1 8 1 10 12 1 10 12 1 1 10 12 1 1 10 12 1 10 12 1 10 12 1 1 10 12 1 1 9 12 1 1 10 12 1 1 10 12 1 1 10 12 1 8 1 10 12 1 1 11 7 12 1 1 1 10 12 1 1 10 12 1 10 12 1 9 12 1 1 10 7 12 1 1 1 10 12 1 1 10 12 1 1 10 12 1 1 10 12 1 1 10 12 1 9 100 12 1 1 10 12 1 10 12 1 10 12 1 100 1 8 1 10 10 12 1 1 10 12 1 10 10 12 1 1 10 12 1 1 10 100 12 1 1 1 11 100 12 1 1 1 10 12 1 1 9 100 12 1 1 1 10 100 12 1 1 1 10 12 1 1 1 1 1 1 1 1 1 1 1 1 1 1 1 1 1 1 1 1 1 1 1 1 1 1 1 1 1 1 1 1 1 1 1 1 1 1 1 1 1 1 1 1 1 1 1 1 1 1 1 100 1 100 1 100 1 100 1 1 1 1 1 1 1 1 1 1 1 1 1 1 1 1 1 1 1 1 1 1 1 1 1 1 1 1 1 1 1 1 1 100 1 1
ciInstanceKlass java/lang/reflect/Method 1 1 450 9 7 12 1 1 1 10 7 12 1 1 1 10 7 12 1 1 9 12 1 1 10 12 1 1 10 12 1 1 10 7 12 1 1 10 7 12 1 1 1 9 12 1 1 9 12 1 9 12 1 1 9 12 1 9 12 1 9 12 1 1 9 12 1 9 12 1 1 9 12 1 9 12 1 9 12 1 1 100 1 8 1 10 12 1 10 12 1 9 12 1 1 8 1 10 7 12 1 1 10 7 12 1 1 1 10 12 1 1 10 12 1 1 10 12 1 10 12 1 1 10 12 1 1 9 100 12 1 1 1 10 12 1 1 10 12 10 7 12 1 1 10 12 1 1 10 12 1 10 12 1 10 12 1 10 7 12 1 1 1 10 12 1 1 10 7 1 10 7 12 1 1 1 10 7 12 1 1 10 12 1 1 10 12 1 1 10 12 1 10 7 12 1 1 1 10 12 1 10 8 1 10 12 1 10 12 1 7 1 8 1 8 1 8 1 10 12 1 10 12 1 1 10 12 1 1 10 10 12 1 1 10 12 1 11 100 1 9 12 1 1 10 12 1 1 10 12 1 10 12 1 1 10 12 1 1 11 7 12 1 1 1 10 12 1 10 12 1 10 12 1 10 12 1 10 12 1 9 12 1 1 10 7 12 1 1 1 10 12 1 1 10 7 12 1 1 1 10 7 12 1 1 1 10 7 12 1 1 1 11 7 12 1 1 1 10 7 12 1 1 1 7 1 100 1 100 1 10 12 1 10 12 1 1 10 12 1 100 1 8 1 10 12 1 10 10 12 1 1 10 12 1 1 10 12 1 1 10 12 1 1 8 1 10 12 1 1 1 1 1 1 1 1 1 1 1 1 1 1 1 1 1 1 1 1 1 1 1 1 1 1 1 1 1 1 1 1 1 1 1 1 1 1 1 1 1 1 1 1 1 1 1 1 1 1 1 1 1 100 1 100 1 100 1 1 1 1 1 1 1 1 1 1 1 1 1 1 1 1 1 1 1 1 1 1 1 1 1 1
ciInstanceKlass java/lang/reflect/Field 1 1 437 9 7 12 1 1 1 10 12 1 1 10 7 12 1 1 1 10 7 12 1 1 9 12 1 1 10 12 1 1 10 12 1 1 10 7 12 1 1 10 7 12 1 1 1 9 12 1 1 9 12 1 9 12 1 9 12 1 1 9 12 1 1 9 12 1 9 12 1 1 9 12 1 1 100 1 8 1 10 12 1 10 12 1 9 12 1 1 9 12 1 10 12 1 10 7 12 1 1 10 12 1 1 10 12 1 1 10 12 1 10 12 1 1 7 1 10 12 1 1 10 12 1 1 10 12 1 1 10 12 1 10 12 1 10 7 1 10 7 12 1 1 100 1 10 8 1 10 12 1 1 10 12 1 1 8 1 10 12 10 12 1 8 1 8 1 10 11 100 1 9 12 1 10 12 1 1 10 12 1 1 11 7 12 1 1 1 11 12 1 1 11 12 1 1 11 12 1 1 11 12 1 1 11 12 1 1 11 12 1 1 11 12 1 1 11 12 1 1 11 12 1 1 11 12 1 1 11 12 1 1 11 12 1 1 11 12 1 1 11 12 1 1 11 12 1 1 11 12 1 1 11 12 1 1 10 12 1 10 100 12 1 1 10 12 1 10 12 1 1 10 12 9 12 1 1 10 7 12 1 1 1 10 12 1 1 10 7 12 1 1 10 12 1 1 11 7 1 10 12 1 100 1 10 100 12 1 1 1 10 7 12 1 1 1 9 12 1 10 7 12 1 1 1 11 7 12 1 1 1 10 12 1 1 10 12 1 1 9 100 12 1 1 1 10 100 12 1 1 1 10 12 1 1 100 1 1 1 1 1 1 1 1 1 1 1 1 1 1 1 1 1 1 1 1 1 1 1 1 1 1 1 1 1 1 1 1 1 1 1 100 1 1 1 1 1 1 1 1 1 1 1 1 1 1 1 1 1 1 1 1 1 1 1 1 1 1 1 1 1 1 1 1 1 1 100 1 1 1 1 1 1 1 1 100 1 1
ciInstanceKlass java/lang/reflect/Parameter 1 1 226 10 7 12 1 1 1 9 7 12 1 1 1 9 12 1 1 9 12 1 1 9 12 1 10 12 1 1 10 12 1 1 10 7 12 1 1 1 100 1 10 10 12 1 1 11 100 12 1 1 1 10 12 1 10 100 12 1 1 1 10 12 1 1 10 12 1 10 12 1 8 1 8 1 10 100 12 1 1 1 10 12 1 10 12 10 12 1 8 1 10 12 1 9 12 1 1 10 12 1 1 9 12 1 1 10 12 1 1 10 12 1 1 10 12 1 1 10 12 1 10 10 12 1 10 100 12 1 1 1 10 12 1 1 11 100 12 1 1 10 100 12 1 1 100 1 10 100 12 1 1 1 10 12 1 1 10 12 1 1 10 12 1 1 10 12 1 1 9 12 1 100 1 10 11 12 1 1 11 12 1 1 100 1 1 1 1 1 1 1 1 1 1 1 1 1 1 1 1 1 1 1 1 1 1 1 1 1 1 1 1 1 1 1 1 1 1 1 1 1 1 100 1 1 1 1
ciInstanceKlass java/util/function/Function 1 1 77 10 7 12 1 1 1 18 12 1 1 18 18 12 1 11 7 12 1 100 1 1 1 1 1 1 1 1 1 1 1 1 1 1 1 1 1 1 1 1 1 1 1 1 1 1 1 1 1 1 1 1 1 1 15 10 7 12 1 1 1 16 15 11 12 15 11 12 15 11 12 1 100 1 100 1 1
ciInstanceKlass java/lang/StringBuffer 1 1 470 10 7 12 1 1 1 10 12 1 10 12 1 10 12 1 1 9 7 12 1 1 1 10 12 1 1 10 12 1 10 12 1 1 9 12 1 1 10 12 1 10 12 1 1 10 12 1 1 10 12 1 10 12 1 1 10 12 1 10 12 1 1 10 12 1 1 10 100 12 1 1 1 10 12 1 1 10 12 1 10 12 1 10 12 1 10 12 1 10 12 1 10 12 1 10 12 1 10 12 1 10 12 1 10 12 1 10 12 1 10 12 1 10 12 1 10 12 1 1 10 12 1 10 12 1 1 10 12 1 1 10 10 12 1 1 10 12 1 10 12 1 10 12 1 10 12 1 10 12 1 10 12 1 10 12 10 12 1 10 12 1 10 12 1 10 12 1 1 10 12 1 10 12 1 10 10 12 1 1 10 12 1 1 9 12 1 1 10 7 12 1 1 1 10 100 1 10 10 100 12 1 1 1 10 10 12 1 10 8 10 100 12 1 1 1 8 10 12 1 8 1 10 12 1 10 12 1 10 100 12 1 1 1 10 100 12 1 1 1 7 1 10 12 100 1 8 1 10 10 12 1 1 10 12 1 1 10 12 1 1 10 12 1 10 12 1 10 12 1 10 12 1 10 12 1 10 12 1 10 12 1 10 12 1 10 12 1 10 12 1 10 12 1 10 12 1 10 12 1 10 12 1 10 12 1 10 12 1 10 12 10 12 10 12 1 10 12 1 10 12 1 10 12 10 12 1 10 12 1 10 12 1 10 12 1 10 12 1 10 12 1 10 12 1 10 12 1 10 12 1 10 12 1 10 12 1 7 1 10 12 1 9 7 12 1 1 1 9 7 1 9 12 1 1 100 1 100 1 100 1 1 1 1 5 0 1 1 1 1 1 1 1 1 1 1 1 1 1 1 1 1 1 1 1 1 1 1 1 1 1 1 1 1 1 1 1 1 1 1 1 1 1 1 1 1 1 1 1 1 1 1 1 1 1 1 1 1 1 1 1 1 1 1 1 1 100 1 1 1 1 1 100 1 1 1 1 1 1 1 1 1 1 1 1 1 1 1 1 1
staticfield java/lang/StringBuffer serialPersistentFields [Ljava/io/ObjectStreamField; 3 [Ljava/io/ObjectStreamField;
instanceKlass java/lang/StringBuilder
instanceKlass java/lang/StringBuffer
ciInstanceKlass java/lang/AbstractStringBuilder 1 1 547 7 1 7 1 10 7 12 1 1 1 9 7 12 1 1 1 9 12 1 9 12 1 1 9 12 1 1 10 7 12 1 1 1 10 12 1 1 3 3 10 12 1 10 12 1 1 11 7 1 100 1 100 1 10 8 1 10 12 1 10 12 1 10 12 1 1 10 12 1 10 12 1 10 12 1 9 12 1 1 10 12 1 1 10 7 12 1 1 1 10 10 12 1 10 12 1 10 12 1 1 10 12 1 1 10 7 12 1 1 1 10 7 12 1 1 1 100 1 8 1 10 10 12 1 1 100 1 10 12 10 12 1 1 10 10 12 1 1 10 12 1 1 10 12 1 1 10 12 1 1 100 1 10 10 12 1 10 100 12 1 1 1 10 12 1 1 10 12 1 10 12 1 1 10 10 12 1 1 10 12 10 12 1 10 12 1 1 10 12 1 1 10 12 1 1 10 12 1 10 10 12 1 1 10 12 1 10 12 1 1 8 1 10 12 1 1 10 12 1 10 12 1 10 12 1 10 12 1 10 12 1 10 12 1 10 7 12 1 1 10 12 1 10 12 1 10 100 12 1 1 1 10 12 1 10 12 1 10 12 1 10 12 1 10 12 1 1 10 12 1 10 12 1 1 10 12 1 1 10 10 7 12 1 1 1 10 12 1 10 12 1 10 12 1 1 10 12 1 10 12 1 10 12 1 10 12 1 10 12 1 10 12 1 10 12 1 10 12 1 10 12 1 1 10 12 1 10 12 1 10 12 10 12 1 1 18 12 1 1 100 1 10 100 12 1 1 1 18 10 12 1 1 10 12 1 10 12 1 1 11 12 1 10 12 1 10 12 1 10 10 12 1 10 8 1 8 1 8 1 10 10 100 1 10 12 1 100 1 10 100 1 10 100 1 1 1 3 1 1 1 1 1 1 1 1 1 1 100 1 1 1 1 1 1 1 1 1 1 1 1 1 1 1 1 1 1 1 1 1 1 1 1 1 1 1 1 1 1 1 1 1 1 1 1 1 1 1 1 1 1 1 1 1 1 1 1 1 1 1 1 1 1 1 1 1 1 1 1 1 1 1 1 1 1 1 1 1 1 1 1 1 1 1 1 1 1 1 1 1 1 1 1 1 1 1 1 1 1 1 1 1 1 1 1 1 100 1 1 100 1 1 1 1 1 100 1 1 1 1 1 1 15 10 100 12 1 1 1 16 1 15 10 12 16 15 10 12 1 1 1 1 100 1 100 1 1
staticfield java/lang/AbstractStringBuilder EMPTYVALUE [B 0
ciInstanceKlass java/lang/SecurityManager 0 0 576 10 100 12 1 1 1 9 100 12 1 1 1 10 100 12 1 1 1 100 1 8 1 10 12 1 10 12 1 1 10 100 12 1 1 1 10 100 1 10 100 1 10 9 100 12 1 1 1 10 100 12 1 1 1 10 12 1 1 10 100 12 1 1 100 1 8 1 10 9 12 1 1 9 12 1 8 1 9 12 1 100 1 10 8 1 10 12 1 1 10 12 1 10 12 1 1 100 1 10 10 12 1 1 100 1 8 1 10 12 1 8 1 8 1 8 1 8 1 8 1 8 1 10 12 1 8 1 8 1 8 1 8 1 8 1 10 100 12 1 1 1 10 12 1 1 8 1 100 1 8 1 10 8 1 8 1 8 1 8 1 8 1 10 100 12 1 1 8 1 100 1 8 1 8 1 10 8 1 10 12 1 100 1 8 1 10 10 12 1 1 10 12 1 10 12 1 10 12 1 10 100 12 1 1 1 10 12 1 10 100 12 1 1 11 100 12 1 1 1 18 12 1 1 11 100 12 1 1 1 18 12 1 1 11 12 1 1 18 18 11 12 1 18 12 1 11 12 1 1 9 12 1 1 9 12 1 9 12 1 9 12 1 100 1 10 100 12 1 1 10 12 1 10 12 1 18 12 1 18 10 100 12 1 1 1 18 12 1 10 12 1 18 18 8 1 10 12 1 9 12 1 1 11 100 12 1 1 1 8 1 100 1 10 12 1 10 12 1 1 10 12 1 1 9 12 1 1 10 12 1 10 12 1 1 8 1 100 1 10 9 12 1 8 1 10 12 1 8 1 100 1 10 10 100 12 1 1 10 100 1 9 100 12 1 1 1 11 12 1 1 10 12 1 11 12 1 10 12 1 100 1 10 10 12 1 1 10 12 1 1 1 1 1 1 1 1 1 1 1 100 1 1 1 1 1 1 1 1 1 1 1 1 1 1 1 1 1 1 1 1 1 1 1 1 1 1 1 1 1 1 1 1 1 1 1 1 1 1 1 1 1 1 1 1 1 1 1 1 1 1 1 1 1 1 1 1 3 1 1 1 1 1 1 1 1 1 1 100 1 1 1 1 1 1 1 1 1 1 1 1 1 1 1 1 1 1 1 1 1 1 1 1 1 1 1 1 1 1 1 1 1 1 1 1 1 1 15 10 100 12 1 1 1 16 15 10 100 12 1 1 1 16 1 16 15 10 12 16 1 15 10 12 16 15 11 100 1 16 1 16 1 15 10 12 16 15 10 12 16 15 10 12 1 16 1 15 11 12 1 15 10 12 16 15 10 16 1 1 1 1 100 1 100 1 1
instanceKlass java/time/DateTimeException
instanceKlass java/nio/file/FileSystemAlreadyExistsException
instanceKlass java/nio/file/FileSystemNotFoundException
instanceKlass org/eclipse/jdt/internal/core/nd/db/IndexException
instanceKlass org/eclipse/jdt/internal/core/nd/db/OperationCanceledException
instanceKlass org/eclipse/lsp4j/jsonrpc/ResponseErrorException
instanceKlass java/util/MissingResourceException
instanceKlass apex/jorje/services/exception/UnhandledException
instanceKlass apex/jorje/services/exception/CompilationException
instanceKlass java/util/ConcurrentModificationException
instanceKlass apex/jorje/lsp/impl/apexoas/OASServiceException
instanceKlass org/eclipse/lsp4j/jsonrpc/JsonRpcException
instanceKlass org/eclipse/lsp4j/jsonrpc/MessageIssueException
instanceKlass apex/jorje/semantic/exception/UnexpectedCodePathException
instanceKlass java/lang/TypeNotPresentException
instanceKlass com/google/inject/internal/aop/GlueException
instanceKlass com/google/gson/JsonParseException
instanceKlass com/google/common/cache/CacheLoader$InvalidCacheLoadException
instanceKlass com/google/common/util/concurrent/UncheckedExecutionException
instanceKlass java/util/NoSuchElementException
instanceKlass com/google/inject/ConfigurationException
instanceKlass com/google/inject/ProvisionException
instanceKlass com/google/inject/CreationException
instanceKlass java/lang/reflect/UndeclaredThrowableException
instanceKlass ch/qos/logback/core/LogbackException
instanceKlass java/lang/SecurityException
instanceKlass java/lang/UnsupportedOperationException
instanceKlass java/lang/IllegalStateException
instanceKlass java/lang/IndexOutOfBoundsException
instanceKlass java/lang/IllegalArgumentException
instanceKlass java/lang/ArithmeticException
instanceKlass java/lang/NullPointerException
instanceKlass java/lang/IllegalMonitorStateException
instanceKlass java/lang/ArrayStoreException
instanceKlass java/lang/ClassCastException
ciInstanceKlass java/lang/RuntimeException 1 1 40 10 7 12 1 1 1 10 12 1 10 12 1 10 12 1 10 12 1 100 1 1 1 1 5 0 1 1 1 1 1 1 1 1 1 1 1 1 1 1
instanceKlass java/util/regex/PatternSyntaxException
instanceKlass java/nio/file/InvalidPathException
instanceKlass java/nio/file/ProviderMismatchException
instanceKlass java/lang/NumberFormatException
instanceKlass java/nio/charset/UnsupportedCharsetException
ciInstanceKlass java/lang/IllegalArgumentException 1 1 35 10 100 12 1 1 1 10 12 1 10 12 1 10 12 1 100 1 1 1 1 5 0 1 1 1 1 1 1 1 1 1 1 1 1
ciInstanceKlass java/lang/ArithmeticException 1 1 26 10 100 12 1 1 1 10 12 1 100 1 1 1 1 5 0 1 1 1 1 1 1 1 1 1
ciInstanceKlass java/lang/NullPointerException 1 1 52 10 7 12 1 1 1 10 12 1 9 7 12 1 1 1 10 12 1 1 9 12 1 1 10 12 1 1 10 12 1 1 1 1 5 0 1 1 1 1 1 1 1 1 100 1 100 1 100 1 1 1
instanceKlass com/google/gson/internal/LinkedTreeMap
instanceKlass apex/common/collect/AbstractHashedMap
instanceKlass com/google/common/collect/Maps$ViewCachingAbstractMap
instanceKlass com/google/common/collect/MapMakerInternalMap
instanceKlass com/google/common/cache/LocalCache
instanceKlass java/util/Collections$SingletonMap
instanceKlass java/util/EnumMap
instanceKlass java/util/TreeMap
instanceKlass java/util/IdentityHashMap
instanceKlass java/util/WeakHashMap
instanceKlass java/util/Collections$EmptyMap
instanceKlass sun/util/PreHashedMap
instanceKlass java/util/HashMap
instanceKlass java/util/ImmutableCollections$AbstractImmutableMap
instanceKlass java/util/concurrent/ConcurrentHashMap
ciInstanceKlass java/util/AbstractMap 1 1 192 10 7 12 1 1 1 10 7 12 1 1 1 11 7 12 1 1 1 10 11 12 1 1 11 7 12 1 1 1 11 12 1 1 7 1 11 12 1 10 12 1 1 11 12 1 100 1 10 11 12 1 11 7 1 10 12 1 1 11 12 1 9 12 1 1 7 1 10 12 1 9 12 1 1 100 1 10 11 11 12 1 1 11 12 1 100 1 100 1 11 12 1 8 1 7 1 10 10 12 1 1 8 1 10 12 1 10 12 1 1 10 12 1 1 1 1 1 1 1 1 1 1 1 1 1 1 1 1 1 1 1 1 1 1 1 1 1 1 1 1 1 1 1 1 1 1 1 1 1 1 1 1 100 1 1 1 1 1 1 1 1 1 1 1 1 1 1 1 1 100 1 1 1 1 1 1 1 1 1 100 1 100 1 100 1 100 1 1 1 1 1
ciInstanceKlass java/security/AccessControlContext 1 1 373 9 7 12 1 1 1 9 12 1 1 10 100 12 1 1 1 8 1 10 100 12 1 1 1 10 7 12 1 1 1 9 12 1 9 12 1 1 9 12 1 1 10 7 12 1 1 100 1 10 12 1 11 100 12 1 1 1 11 12 1 11 12 1 11 12 1 1 100 1 11 12 1 1 10 12 1 10 100 12 1 1 1 9 100 12 1 1 1 10 100 12 1 1 1 11 100 12 1 1 1 10 7 1 100 1 8 1 10 12 1 10 12 1 1 7 1 10 7 12 1 1 1 9 12 1 9 12 1 9 12 1 9 12 1 1 9 12 1 1 9 12 1 9 12 1 10 7 12 1 1 1 9 12 1 10 12 1 1 10 12 1 1 8 1 10 12 1 1 10 12 1 1 10 100 12 1 1 1 100 1 10 10 12 1 1 10 100 12 1 1 1 10 8 1 10 100 12 1 1 8 1 10 100 12 1 1 8 1 8 1 10 12 1 8 1 10 12 1 8 1 10 12 1 10 12 1 10 12 1 1 8 1 8 1 100 1 10 12 1 10 12 1 1 100 1 10 12 1 8 1 10 12 1 10 12 1 10 8 1 10 12 1 1 10 12 1 1 10 12 1 1 10 12 1 1 10 12 1 10 12 1 10 12 1 10 12 1 1 10 10 10 12 1 1 1 1 1 1 1 1 1 1 1 1 1 1 1 1 1 1 1 1 1 1 1 1 100 1 1 1 1 1 1 1 1 1 1 1 1 1 1 1 1 1 1 1 1 1 1 1 1 1 1 1 1 1 1 1 1 1 1 1 1 1 1 1 1 1 1 1 1 1 1 1 1 1 1 1 1 3 1 1
ciInstanceKlass java/net/URL 1 1 743 10 7 12 1 1 1 10 12 1 10 7 12 1 1 9 12 1 1 9 12 1 10 7 12 1 1 1 10 12 1 1 10 12 1 1 9 12 1 1 10 7 12 1 1 1 8 1 10 12 1 1 100 1 10 10 12 1 1 8 1 10 12 1 1 9 12 1 100 1 8 1 10 12 1 10 12 1 8 1 9 12 1 10 12 1 1 9 12 1 10 12 1 10 12 1 9 12 1 9 12 1 8 1 9 12 1 10 12 1 1 8 1 9 12 1 1 10 12 1 1 10 7 12 1 1 1 8 1 10 12 1 7 1 10 12 1 10 12 1 10 12 1 10 12 1 1 10 12 1 1 8 1 10 12 1 1 10 12 1 8 1 9 12 1 8 1 10 12 1 10 7 12 1 1 1 100 1 10 12 1 10 12 1 1 10 7 12 1 1 1 100 1 8 1 10 10 12 1 8 1 10 12 1 1 10 12 1 10 12 1 10 12 1 10 12 1 10 12 1 8 1 10 12 1 10 10 7 12 1 1 1 10 12 1 9 100 12 1 1 1 10 100 12 1 1 1 9 12 1 1 10 12 1 10 100 12 1 1 1 100 1 100 1 10 12 1 10 12 1 10 12 1 10 12 1 10 12 1 10 12 10 10 10 12 1 100 1 10 12 1 10 12 1 1 8 1 9 100 12 1 1 1 10 100 12 1 1 1 10 12 1 1 9 100 12 1 1 1 10 12 1 1 100 1 10 12 1 10 12 1 10 10 12 1 1 10 12 1 1 10 12 1 10 12 1 10 12 1 10 100 12 1 1 1 10 12 1 1 10 12 1 9 12 1 1 9 12 1 1 100 1 8 1 10 10 12 1 9 12 1 1 10 7 12 1 1 8 1 10 100 12 1 1 8 1 10 12 1 1 10 12 1 8 1 8 1 10 7 12 1 1 1 100 1 10 100 12 1 1 1 10 12 1 10 12 1 100 1 10 9 12 1 1 10 7 12 1 1 8 1 10 12 1 1 100 1 10 10 100 12 1 1 1 8 9 100 12 1 1 1 10 12 1 10 12 1 10 12 1 10 12 1 10 100 12 1 1 11 7 12 1 1 10 12 1 10 12 1 9 12 1 10 12 1 1 10 100 12 1 1 10 100 12 1 1 1 8 10 100 12 1 1 100 1 10 8 8 10 12 1 8 8 8 100 1 10 12 1 9 12 1 1 10 12 1 10 12 1 1 10 12 1 10 12 10 12 1 1 10 12 1 1 10 10 10 12 1 10 12 1 10 12 1 10 12 1 10 12 1 10 10 12 1 100 1 8 1 10 10 10 12 1 1 10 12 1 10 12 1 1 8 1 7 1 10 10 10 7 1 10 12 1 9 7 12 1 1 1 9 12 1 1 7 1 10 10 7 12 1 1 1 100 1 1 1 1 1 5 0 1 1 1 1 1 1 1 1 1 1 1 1 1 1 1 1 1 1 1 1 1 1 1 1 1 1 1 1 1 1 1 1 1 1 1 1 1 1 1 100 1 1 1 1 1 1 1 1 1 1 1 1 1 1 1 1 1 1 1 1 1 1 1 1 1 1 1 1 1 1 1 1 1 1 1 1 1 100 1 1 1 1 1 1 1 1 1 1 1 1 1 1 1 1 100 1 1 1 1 1 1 1 1 1 1 1 1 1 1 1 1 1 1
staticfield java/net/URL defaultFactory Ljava/net/URLStreamHandlerFactory; java/net/URL$DefaultFactory
staticfield java/net/URL streamHandlerLock Ljava/lang/Object; java/lang/Object
staticfield java/net/URL serialPersistentFields [Ljava/io/ObjectStreamField; 7 [Ljava/io/ObjectStreamField;
ciInstanceKlass java/util/jar/Manifest 1 1 336 10 7 12 1 1 1 7 1 10 9 7 12 1 1 1 7 1 10 9 12 1 1 9 12 1 1 10 12 1 10 12 1 1 10 12 1 1 10 12 1 1 10 12 1 1 11 7 1 11 12 1 1 10 12 1 1 10 100 12 1 1 1 100 1 100 1 10 8 1 10 12 1 1 10 12 1 1 10 12 1 10 12 1 11 100 1 10 12 1 10 12 1 1 11 12 1 1 10 12 1 11 12 1 1 11 100 12 1 1 1 11 100 12 1 1 11 12 1 1 100 1 10 12 1 8 1 11 12 1 7 1 10 12 1 1 11 12 1 10 12 1 10 12 1 10 100 12 1 1 1 8 1 10 12 1 1 10 9 7 12 1 1 1 10 12 1 1 10 100 12 1 10 12 1 10 12 1 9 100 12 1 1 1 8 1 10 12 1 8 1 8 1 7 1 10 12 1 10 12 1 10 12 1 1 100 1 8 1 10 12 1 1 8 1 10 10 12 1 1 8 1 10 12 1 1 10 7 12 1 1 1 10 12 1 10 11 12 1 1 10 12 1 10 7 12 1 1 1 10 12 1 1 10 12 1 1 11 10 12 1 11 10 12 1 100 1 1 1 1 1 1 1 1 1 1 1 1 1 1 1 1 1 1 1 1 1 1 1 1 1 1 1 1 1 1 1 1 1 1 1 1 1 1 1 1 1 1 1 100 1 1 1 1 1 1 1 1 1 1 1 1 1 1 100 1 1 1 1 1 1 1 1 1 1 1
ciInstanceKlass java/util/Objects 1 1 151 10 7 12 1 1 1 100 1 8 1 10 12 1 10 12 1 1 10 7 12 1 1 1 10 12 1 1 10 12 1 10 100 12 1 1 1 10 12 1 1 11 100 12 1 1 1 100 1 10 10 12 1 8 1 10 7 12 1 1 1 8 1 100 1 11 12 1 1 8 1 10 7 12 1 1 1 10 12 1 1 10 12 1 10 12 1 10 12 1 10 12 1 1 1 1 1 1 1 1 1 1 1 1 1 1 1 1 1 1 1 1 1 1 1 1 1 1 1 1 1 1 1 1 1 1 1 1 1 1 1 1 1 1 1 1 1 1 1 1 1 1 1 1 1 1 1 1 1 1 1
ciInstanceKlass java/util/Collection 1 1 115 11 100 12 1 1 1 100 1 11 7 12 1 1 1 10 100 12 1 1 1 11 12 1 1 11 100 12 1 1 1 11 12 1 1 11 100 12 1 1 1 11 12 1 1 10 7 12 1 1 1 11 12 1 10 7 12 1 1 1 100 1 100 1 1 1 1 1 1 1 1 1 1 1 1 1 1 1 1 1 1 1 1 1 1 1 1 1 1 1 1 1 1 1 1 1 1 1 1 1 1 1 1 1 1 1 1 1 1 1 1 1 1 1 1
instanceKlass com/google/common/collect/Collections2$TransformedCollection
instanceKlass apex/common/collect/AbstractHashedMap$Values
instanceKlass com/google/common/collect/Collections2$FilteredCollection
instanceKlass com/google/common/collect/AbstractMultiset
instanceKlass com/google/common/collect/Maps$Values
instanceKlass com/google/common/collect/AbstractMultimap$Values
instanceKlass com/google/common/collect/AbstractMapBasedMultimap$WrappedCollection
instanceKlass java/util/TreeMap$Values
instanceKlass com/google/common/collect/Multimaps$Entries
instanceKlass com/google/common/collect/ImmutableCollection
instanceKlass java/util/IdentityHashMap$Values
instanceKlass java/util/HashMap$Values
instanceKlass java/util/AbstractQueue
instanceKlass java/util/LinkedHashMap$LinkedValues
instanceKlass java/util/ArrayDeque
instanceKlass java/util/AbstractSet
instanceKlass java/util/ImmutableCollections$AbstractImmutableCollection
instanceKlass java/util/AbstractList
ciInstanceKlass java/util/AbstractCollection 1 1 160 10 7 12 1 1 1 10 7 12 1 1 1 10 12 1 1 11 7 12 1 1 1 11 12 1 1 10 12 1 1 10 100 12 1 1 1 10 12 1 1 10 12 1 1 10 7 12 1 1 10 7 12 1 1 1 7 1 10 100 12 1 1 1 10 100 12 1 1 1 100 1 10 11 12 1 11 7 1 10 12 1 10 12 1 10 100 12 1 1 1 11 8 1 7 1 10 10 12 1 1 8 1 10 12 1 10 12 1 1 1 1 1 1 1 1 1 1 1 1 1 1 1 1 1 1 1 1 1 1 1 1 1 1 1 1 1 1 1 1 1 1 1 1 1 1 1 1 1 1 1 1 1 1 1 1 1 1 1 1
ciInstanceKlass java/util/List 1 1 217 10 100 12 1 1 1 11 100 12 1 1 1 11 100 12 1 1 1 11 12 1 1 11 100 12 1 1 11 12 1 1 11 12 1 1 10 100 12 1 1 1 100 1 100 1 10 12 1 1 100 1 10 100 12 1 1 1 9 7 12 1 1 1 7 1 10 12 10 12 1 7 1 10 12 1 1 10 12 1 10 12 1 1 100 1 1 1 1 1 1 1 1 1 1 1 1 1 1 1 1 1 1 1 1 1 1 1 1 1 1 1 1 1 1 1 1 1 1 1 1 1 1 1 1 1 1 1 1 1 1 1 1 1 1 100 1 100 1 1 1 1 1 1 1 1 1 1 1 1 1 1 1 1 1 1 1 1 1 1 1 1 1 1 1 1 1 1 1 1 1 1 1 1 1 1 1 1 1 1 1 1 1 1 1 1 1 1 1 1 1 1 1 1 1 1 1 1 1 1 1 1 1 1 1 1 1 1 1 1 100 1 1 100 1 1 1
ciMethod java/util/AbstractCollection <init> ()V 700 0 317879 0 64
instanceKlass com/google/common/collect/Lists$TransformingRandomAccessList
instanceKlass java/util/Collections$SingletonList
instanceKlass java/util/ArrayList$SubList
instanceKlass java/util/Vector
instanceKlass sun/security/jca/ProviderList$ServiceList
instanceKlass sun/security/jca/ProviderList$3
instanceKlass java/util/AbstractSequentialList
instanceKlass java/util/Arrays$ArrayList
instanceKlass java/util/Collections$EmptyList
instanceKlass java/util/ArrayList
ciInstanceKlass java/util/AbstractList 1 1 218 10 7 12 1 1 1 9 7 12 1 1 1 10 12 1 1 10 12 1 1 100 1 10 10 12 1 1 11 100 12 1 1 1 11 12 1 1 11 12 1 10 7 12 1 1 1 10 12 1 11 12 1 11 12 1 11 12 1 10 12 1 1 10 12 1 1 11 100 12 1 1 1 11 7 1 11 100 1 10 12 1 100 1 10 12 1 10 12 1 1 100 1 100 1 10 12 1 100 1 10 100 1 100 1 10 8 1 10 12 1 1 10 12 1 10 12 1 1 10 12 1 8 1 100 1 8 1 8 1 8 1 10 100 1 11 10 10 12 1 11 12 1 10 12 1 1 8 1 8 1 1 1 1 1 1 1 1 1 1 1 1 1 1 1 1 1 1 1 1 1 1 1 1 1 1 1 1 1 1 1 1 1 1 1 1 1 1 1 1 1 1 1 1 1 1 1 1 1 1 1 1 1 1 1 1 1 1 100 1 100 1 1 1 1 1 1 1
ciMethod java/util/Objects requireNonNull (Ljava/lang/Object;)Ljava/lang/Object; 652 0 458251 0 -1
ciInstanceKlass java/lang/AssertionStatusDirectives 0 0 24 10 100 12 1 1 1 100 1 1 1 1 1 1 1 1 1 1 1 1 1 1 1 1
ciInstanceKlass java/lang/invoke/MethodHandleNatives$CallSiteContext 1 1 49 10 7 12 1 1 1 7 1 10 10 7 12 1 1 1 10 7 12 1 1 1 10 7 12 1 1 1 100 1 1 1 1 1 1 1 1 1 1 1 1 1 1 1 1 1 100 1 1
ciInstanceKlass jdk/internal/invoke/NativeEntryPoint 0 0 92 10 100 12 1 1 1 9 100 12 1 1 1 10 100 12 1 1 1 100 1 9 12 1 9 12 1 9 12 1 1 9 12 1 1 9 12 1 1 100 1 8 1 10 12 1 11 100 12 1 1 1 10 12 1 1 10 12 1 11 100 12 1 1 11 12 1 10 12 1 1 10 12 1 1 1 1 1 1 1 1 1 1 1 1 1 1 1 1 1 1 1
instanceKlass java/lang/invoke/VolatileCallSite
instanceKlass java/lang/invoke/MutableCallSite
instanceKlass java/lang/invoke/ConstantCallSite
ciInstanceKlass java/lang/invoke/CallSite 1 1 302 10 7 12 1 1 1 10 7 12 1 1 1 9 7 12 1 1 1 10 12 1 1 9 12 1 1 10 7 12 1 1 1 10 12 1 100 1 10 12 1 1 10 12 1 1 9 100 12 1 1 1 10 100 12 1 1 10 12 1 1 100 1 100 1 10 10 100 12 1 1 1 10 12 1 1 8 1 10 12 1 10 12 1 1 10 12 1 10 12 1 1 10 12 1 1 10 10 100 12 1 1 10 12 1 1 9 12 1 9 100 12 1 1 1 8 1 10 7 12 1 1 1 10 12 1 1 100 1 10 12 1 1 9 12 1 8 1 100 1 10 12 1 10 12 1 100 1 8 1 10 10 12 1 10 12 1 1 100 1 10 12 1 1 10 12 1 10 12 1 10 12 1 1 10 12 1 1 9 12 1 1 8 10 12 1 1 9 12 1 1 100 1 10 10 12 1 10 100 12 1 1 1 10 12 1 1 10 12 1 1 10 12 1 10 7 12 1 1 1 100 1 8 1 10 10 12 10 12 1 1 100 1 100 1 100 1 8 1 10 12 1 10 7 12 1 1 1 1 1 1 1 1 1 1 1 1 1 1 1 1 1 1 1 1 1 1 1 1 1 1 1 1 1 1 1 1 1 1 1 1 1 1 1 1 1 1 1 1 1 1 1 1 1 1 1 1 1 1 1 1 1
staticfield java/lang/invoke/CallSite $assertionsDisabled Z 1
ciInstanceKlass java/lang/invoke/VolatileCallSite 0 0 37 10 100 12 1 1 1 10 12 1 10 100 12 1 1 1 10 12 1 10 12 1 1 1 1 1 1 1 1 1 1 1 1 1 1 1 1
ciInstanceKlass java/lang/invoke/MethodType 1 1 771 7 1 10 7 12 1 1 1 9 12 1 1 9 12 1 1 9 12 1 1 10 7 12 1 1 1 9 7 12 1 1 8 1 10 100 12 1 1 1 9 7 1 9 7 1 10 12 1 1 100 1 10 8 1 10 12 1 1 10 12 1 10 12 1 1 100 1 8 1 10 12 1 100 1 10 10 12 1 10 12 1 1 10 12 1 1 11 7 12 1 1 1 9 12 1 11 12 1 1 7 7 1 10 7 12 1 1 1 10 12 1 9 12 1 1 10 7 12 1 1 10 12 1 1 10 7 12 1 1 1 10 7 12 1 1 1 10 12 1 9 12 1 1 10 12 1 1 100 1 10 12 1 1 10 12 1 1 10 12 1 1 10 12 1 1 10 12 1 1 10 12 1 10 12 1 10 12 1 1 10 12 1 8 1 8 1 10 12 1 1 9 12 1 1 100 1 10 10 12 1 1 10 12 1 10 12 1 1 10 12 1 1 10 12 1 10 12 1 1 10 12 1 8 1 10 12 1 1 10 100 12 1 1 1 10 12 1 10 12 1 1 10 12 1 10 12 1 10 12 1 1 10 12 1 10 12 1 9 12 1 10 12 1 10 10 12 1 1 10 12 1 9 12 1 1 10 12 1 1 10 12 1 1 10 12 1 1 10 12 1 1 7 1 10 12 10 12 1 10 12 1 100 1 8 1 8 1 8 1 10 12 1 10 12 1 10 12 1 10 11 12 1 1 11 12 1 10 100 12 1 1 1 9 12 1 10 12 1 10 12 1 1 10 12 1 1 10 12 1 10 12 1 10 100 12 1 1 1 10 12 1 1 10 12 1 10 12 1 10 12 1 10 9 12 1 1 7 1 10 12 1 10 12 1 1 9 100 12 1 1 1 10 100 12 1 1 1 10 100 12 1 1 1 10 12 1 1 10 100 12 1 1 1 10 12 1 1 8 1 10 7 12 1 1 1 11 12 1 1 9 12 1 1 10 12 1 1 10 12 1 10 12 1 1 10 12 1 1 10 100 12 1 1 100 1 10 12 1 1 11 100 12 1 1 1 18 12 1 1 11 12 1 1 18 12 1 11 12 1 100 1 11 100 12 1 1 10 12 1 100 1 10 12 1 10 100 12 1 1 10 12 1 1 9 12 1 1 9 100 12 1 1 1 10 100 12 1 1 1 9 12 1 10 100 12 1 1 10 12 1 100 10 12 1 1 10 12 1 10 7 1 7 1 9 12 1 1 100 1 100 1 100 1 1 1 5 0 1 1 1 1 1 1 1 3 1 3 1 3 1 1 1 1 1 1 1 1 1 1 1 1 1 1 1 1 1 1 1 1 1 1 1 1 1 1 1 1 1 1 1 1 1 1 1 1 1 1 1 1 1 1 1 1 1 1 1 1 1 1 1 1 1 1 1 1 1 1 1 1 1 1 1 1 1 1 1 1 1 1 1 1 1 1 1 1 1 1 1 1 1 1 1 1 1 1 1 1 1 1 1 1 1 1 1 1 1 1 1 1 1 1 1 1 1 1 1 1 1 1 1 1 1 1 1 1 1 1 1 1 1 1 1 1 1 1 1 100 1 100 1 1 1 1 1 1 1 1 1 1 1 1 1 100 1 1 1 100 1 1 1 1 1 1 1 1 1 1 1 1 1 1 1 1 1 1 1 1 1 15 10 100 12 1 1 1 16 15 10 12 16 16 15 10 12 16 1 1 1 1 100 1 1 100 1 1 100 1 100 1 1
staticfield java/lang/invoke/MethodType internTable Ljava/lang/invoke/MethodType$ConcurrentWeakInternSet; java/lang/invoke/MethodType$ConcurrentWeakInternSet
staticfield java/lang/invoke/MethodType NO_PTYPES [Ljava/lang/Class; 0 [Ljava/lang/Class;
staticfield java/lang/invoke/MethodType objectOnlyTypes [Ljava/lang/invoke/MethodType; 20 [Ljava/lang/invoke/MethodType;
staticfield java/lang/invoke/MethodType METHOD_HANDLE_ARRAY [Ljava/lang/Class; 1 [Ljava/lang/Class;
staticfield java/lang/invoke/MethodType serialPersistentFields [Ljava/io/ObjectStreamField; 0 [Ljava/io/ObjectStreamField;
staticfield java/lang/invoke/MethodType $assertionsDisabled Z 1
ciInstanceKlass java/lang/BootstrapMethodError 0 0 45 10 100 12 1 1 1 10 12 1 10 12 1 10 100 12 1 1 1 10 100 12 1 1 1 1 1 1 5 0 1 1 1 1 1 1 1 1 1 1 1 100 1 1 1
ciInstanceKlass jdk/internal/loader/ClassLoaders$AppClassLoader 1 1 119 8 1 10 7 12 1 1 1 10 7 12 1 1 1 10 100 12 1 1 1 10 12 1 1 10 100 12 1 1 1 10 12 1 1 10 12 1 1 7 1 8 1 10 12 10 7 12 1 1 1 10 100 12 1 1 10 12 1 1 10 12 1 1 10 7 12 1 1 1 100 1 10 12 1 1 1 1 1 1 1 1 1 1 1 1 1 1 1 1 1 1 1 1 1 100 1 1 1 1 1 1 1 1 1 1 1 1 1 1 1 1 1 1 1 100 1 1 1
ciInstanceKlass jdk/internal/loader/ClassLoaders$PlatformClassLoader 1 1 42 8 1 10 7 12 1 1 1 10 7 12 1 1 1 100 1 10 12 1 100 1 1 1 1 1 1 1 1 1 1 1 1 1 1 100 1 1 1 100 1 1
ciInstanceKlass java/lang/ArrayStoreException 1 1 26 10 100 12 1 1 1 10 12 1 100 1 1 1 1 5 0 1 1 1 1 1 1 1 1 1
ciInstanceKlass java/lang/ClassCastException 1 1 26 10 100 12 1 1 1 10 12 1 100 1 1 1 1 5 0 1 1 1 1 1 1 1 1 1
ciInstanceKlass java/lang/NoClassDefFoundError 0 0 26 10 100 12 1 1 1 10 12 1 100 1 1 1 1 5 0 1 1 1 1 1 1 1 1 1
ciInstanceKlass java/lang/IllegalMonitorStateException 1 1 26 10 100 12 1 1 1 10 12 1 100 1 1 1 1 5 0 1 1 1 1 1 1 1 1 1
ciInstanceKlass java/lang/StackOverflowError 1 1 26 10 100 12 1 1 1 10 12 1 100 1 1 1 1 5 0 1 1 1 1 1 1 1 1 1
instanceKlass java/lang/StackOverflowError
instanceKlass java/lang/OutOfMemoryError
instanceKlass java/lang/InternalError
ciInstanceKlass java/lang/VirtualMachineError 1 1 34 10 100 12 1 1 1 10 12 1 10 12 1 10 12 1 100 1 1 1 1 5 0 1 1 1 1 1 1 1 1 1 1 1
ciInstanceKlass java/lang/OutOfMemoryError 1 1 26 10 100 12 1 1 1 10 12 1 100 1 1 1 1 5 0 1 1 1 1 1 1 1 1 1
ciInstanceKlass java/lang/InternalError 0 0 34 10 100 12 1 1 1 10 12 1 10 12 1 10 12 1 100 1 1 1 1 5 0 1 1 1 1 1 1 1 1 1 1 1
ciInstanceKlass java/lang/StackTraceElement 1 1 224 10 7 12 1 1 1 10 7 12 1 1 9 12 1 1 9 12 1 1 9 12 1 9 12 1 8 1 10 100 12 1 1 1 7 1 9 12 1 8 1 9 12 1 9 12 1 9 12 1 1 8 1 10 12 1 1 10 12 1 7 1 10 10 12 1 1 8 1 10 12 1 1 10 12 1 8 1 8 1 8 1 10 12 1 8 1 8 1 10 12 1 8 1 8 1 10 12 1 1 10 12 1 10 12 1 1 10 12 1 9 12 1 1 10 7 12 1 1 1 10 12 1 1 7 1 10 12 1 1 10 7 12 1 1 10 7 12 1 1 1 10 7 12 1 1 10 7 12 1 1 10 10 12 1 1 10 12 1 10 12 1 1 100 1 1 1 1 1 3 1 3 1 1 5 0 1 1 1 1 1 1 1 1 1 1 1 1 1 1 1 1 1 1 1 1 1 1 1 1 1 1 100 1 100 1 1 1 1 1 1 1 1 1 1 100 1 1 1 1 1 1 1 1
instanceKlass java/nio/CharBuffer
instanceKlass java/nio/IntBuffer
instanceKlass java/nio/LongBuffer
instanceKlass java/nio/ByteBuffer
ciInstanceKlass java/nio/Buffer 1 1 224 100 1 10 7 12 1 1 1 9 7 12 1 1 1 9 12 1 9 12 1 1 9 12 1 9 12 1 1 10 12 1 1 10 12 1 1 10 12 100 1 100 1 10 8 1 10 12 1 1 10 12 1 8 1 8 1 10 12 1 1 10 12 1 8 1 9 12 1 1 100 1 8 1 10 12 1 8 1 8 1 9 12 10 12 1 8 1 8 1 8 1 10 12 1 8 1 8 1 8 1 100 1 10 100 1 10 100 1 10 100 1 10 10 100 12 1 1 1 10 11 100 12 1 1 10 7 12 1 1 1 10 7 12 1 1 1 9 12 1 1 10 7 12 1 1 1 9 12 1 1 7 1 10 10 7 12 1 1 1 1 1 3 1 1 1 1 1 1 1 1 1 1 1 1 1 1 1 1 1 1 100 1 1 1 1 1 1 1 1 1 1 1 1 1 1 1 1 1 1 1 1 1 1 1 1 1 1 1 1 1 1 1 1 1 1 1 1 1 1 1 1 1 1
staticfield java/nio/Buffer UNSAFE Ljdk/internal/misc/Unsafe; jdk/internal/misc/Unsafe
staticfield java/nio/Buffer SCOPED_MEMORY_ACCESS Ljdk/internal/misc/ScopedMemoryAccess; jdk/internal/misc/ScopedMemoryAccess
staticfield java/nio/Buffer $assertionsDisabled Z 1
ciInstanceKlass jdk/internal/util/ArraysSupport 1 1 271 7 1 100 1 8 1 10 12 1 1 10 12 1 1 10 100 12 1 1 9 7 12 1 1 1 9 12 1 1 10 7 12 1 1 1 9 12 1 1 10 7 12 1 1 1 9 12 1 10 12 9 12 1 10 12 1 1 10 12 9 12 1 9 12 1 10 12 1 1 9 12 1 9 12 1 9 12 1 9 12 1 9 12 1 9 12 1 9 12 1 10 12 1 1 10 100 12 1 1 1 9 12 1 9 12 1 10 12 1 1 10 12 1 9 12 1 10 12 1 10 100 12 1 1 1 9 12 1 9 12 1 10 12 1 10 12 1 10 7 12 1 1 1 3 10 12 1 100 1 100 1 10 8 1 10 12 1 1 10 12 1 8 1 8 1 10 12 1 1 10 10 12 1 1 10 12 1 1 9 12 1 10 12 1 9 12 1 9 12 1 9 12 1 9 12 1 9 12 1 9 12 1 9 12 1 100 1 1 1 1 1 1 1 1 1 1 1 1 1 1 1 1 1 1 1 1 1 1 1 1 1 1 1 1 1 1 1 1 1 1 1 1 1 1 1 1 1 1 1 1 1 1 1 1 1 1 1 1 1 1 1 1 1 1 1 1 1 1 1 1
staticfield jdk/internal/util/ArraysSupport U Ljdk/internal/misc/Unsafe; jdk/internal/misc/Unsafe
staticfield jdk/internal/util/ArraysSupport BIG_ENDIAN Z 0
staticfield jdk/internal/util/ArraysSupport LOG2_ARRAY_BOOLEAN_INDEX_SCALE I 0
staticfield jdk/internal/util/ArraysSupport LOG2_ARRAY_BYTE_INDEX_SCALE I 0
staticfield jdk/internal/util/ArraysSupport LOG2_ARRAY_CHAR_INDEX_SCALE I 1
staticfield jdk/internal/util/ArraysSupport LOG2_ARRAY_SHORT_INDEX_SCALE I 1
staticfield jdk/internal/util/ArraysSupport LOG2_ARRAY_INT_INDEX_SCALE I 2
staticfield jdk/internal/util/ArraysSupport LOG2_ARRAY_LONG_INDEX_SCALE I 3
staticfield jdk/internal/util/ArraysSupport LOG2_ARRAY_FLOAT_INDEX_SCALE I 2
staticfield jdk/internal/util/ArraysSupport LOG2_ARRAY_DOUBLE_INDEX_SCALE I 3
staticfield jdk/internal/util/ArraysSupport LOG2_BYTE_BIT_SIZE I 3
ciMethod jdk/internal/util/ArraysSupport newLength (III)I 522 0 10197 0 0
ciMethod jdk/internal/util/ArraysSupport hugeLength (II)I 0 0 1 0 -1
ciInstanceKlass jdk/internal/misc/UnsafeConstants 1 1 34 10 100 12 1 1 1 9 7 12 1 1 1 9 12 1 9 12 1 1 9 12 1 9 12 1 1 1 1 1 1 1 1 1
staticfield jdk/internal/misc/UnsafeConstants ADDRESS_SIZE0 I 8
staticfield jdk/internal/misc/UnsafeConstants PAGE_SIZE I 4096
staticfield jdk/internal/misc/UnsafeConstants BIG_ENDIAN Z 0
staticfield jdk/internal/misc/UnsafeConstants UNALIGNED_ACCESS Z 1
staticfield jdk/internal/misc/UnsafeConstants DATA_CACHE_LINE_FLUSH_SIZE I 0
instanceKlass java/lang/invoke/DelegatingMethodHandle
instanceKlass java/lang/invoke/BoundMethodHandle
instanceKlass java/lang/invoke/DirectMethodHandle
ciInstanceKlass java/lang/invoke/MethodHandle 1 1 641 100 1 9 7 12 1 1 1 10 7 12 1 1 1 10 7 12 1 1 1 7 1 7 1 10 12 1 1 9 12 1 1 10 12 1 10 12 1 1 10 12 1 1 10 100 12 1 1 1 10 12 1 1 10 12 1 1 11 100 12 1 1 1 10 12 1 1 10 12 1 10 12 1 9 12 1 1 10 12 1 1 100 1 100 1 10 8 1 10 12 1 1 10 12 1 8 1 10 12 1 1 10 12 1 10 7 12 1 1 1 10 12 1 10 12 1 1 10 12 1 1 10 12 1 1 10 12 1 1 10 7 12 1 1 1 10 100 12 1 1 1 7 1 10 12 1 1 10 12 1 1 10 12 1 1 8 1 10 7 12 1 1 1 8 1 10 12 1 1 10 12 1 1 10 12 1 1 10 12 1 8 1 10 12 1 1 8 1 10 12 1 8 1 10 100 12 1 1 1 9 12 1 1 100 1 10 9 100 12 1 1 1 9 100 1 8 1 10 12 1 1 10 12 1 10 12 1 1 10 12 1 10 12 1 1 10 12 1 10 12 1 1 10 12 1 10 12 1 1 10 12 1 1 8 1 10 12 1 1 8 1 10 12 1 10 12 1 1 10 12 1 10 12 1 10 12 1 1 9 100 12 1 1 1 10 12 1 1 11 12 1 10 12 1 10 12 1 1 10 100 12 1 1 1 100 1 11 12 1 10 100 1 11 12 1 100 1 10 12 1 11 12 1 9 100 12 1 1 1 11 12 1 1 11 100 12 1 1 1 10 12 1 1 9 12 1 11 12 1 9 12 1 9 12 1 9 12 1 11 12 1 1 9 12 1 9 12 1 9 12 1 9 12 1 9 12 1 9 12 1 9 12 1 8 1 10 12 1 10 12 1 8 1 10 12 1 10 12 1 10 10 7 12 1 1 10 12 1 1 100 1 8 1 10 12 1 1 10 12 1 1 10 12 1 10 12 1 100 1 10 100 12 1 1 1 10 12 1 9 7 12 1 1 1 10 12 1 1 10 12 1 1 8 1 9 12 1 9 12 1 1 9 12 1 1 10 12 1 7 1 10 12 1 10 12 1 1 9 12 1 1 9 12 1 1 10 7 12 1 1 1 11 7 12 1 1 9 12 1 10 12 1 1 9 12 1 10 12 1 8 10 12 1 1 8 1 1 1 1 1 1 100 1 1 1 1 1 1 1 1 1 1 1 1 1 1 1 1 1 1 1 1 1 1 1 1 1 1 1 1 1 1 1 1 1 1 1 1 1 1 1 1 1 1 1 1 1 1 1 1 1 1 1 1 1 1 1 1 1 1 1 1 1 1 1 1 1 1 1 1 1 100 1 1 1 1 1 1 1 1 1 100 1 1 1 1 1 1 1 1 1 1 1 1 1 1 1 1 1 1 1 1 1 1 1 1 1 1 1 100 1 1 100 1 1 100 1 1 1 1
staticfield java/lang/invoke/MethodHandle FORM_OFFSET J 20
staticfield java/lang/invoke/MethodHandle UPDATE_OFFSET J 13
staticfield java/lang/invoke/MethodHandle $assertionsDisabled Z 1
instanceKlass java/lang/invoke/DirectMethodHandle$Interface
instanceKlass java/lang/invoke/DirectMethodHandle$Special
instanceKlass java/lang/invoke/DirectMethodHandle$Constructor
instanceKlass java/lang/invoke/DirectMethodHandle$Accessor
ciInstanceKlass java/lang/invoke/DirectMethodHandle 1 1 940 7 1 7 1 100 1 7 1 7 1 10 7 12 1 1 1 10 7 12 1 1 1 100 1 10 12 1 10 12 1 1 10 7 12 1 1 10 12 1 1 10 12 1 10 12 1 7 1 10 12 1 1 10 12 1 1 10 12 1 10 12 1 1 10 7 12 1 1 1 10 12 1 9 12 1 1 100 1 10 9 12 1 1 9 12 1 10 12 1 10 12 1 10 12 1 1 10 12 1 10 12 1 10 12 1 10 7 12 1 1 1 10 12 1 10 12 1 1 8 1 10 12 1 1 7 1 10 12 1 7 1 10 10 12 1 10 12 1 10 12 1 10 7 12 1 1 1 10 12 1 1 100 1 10 12 1 10 12 1 7 1 10 12 1 10 12 1 1 10 12 1 1 10 12 1 8 10 100 12 1 1 1 10 12 1 10 12 1 10 12 1 1 10 12 1 9 7 12 1 1 1 7 1 10 12 1 10 7 12 1 1 1 10 12 1 10 12 1 1 9 12 1 1 100 1 10 8 1 10 12 1 1 10 12 1 10 12 1 10 10 12 1 10 12 1 10 12 1 10 12 1 10 12 1 1 10 12 1 10 12 1 1 10 12 1 10 12 1 1 10 10 7 12 1 1 1 10 12 1 10 12 1 1 10 12 1 10 12 1 1 8 1 9 7 12 1 1 1 8 1 9 12 1 9 12 1 8 1 9 12 1 9 12 1 8 1 9 12 1 9 12 1 8 1 10 12 1 10 12 1 1 9 12 1 1 7 1 10 12 1 1 100 1 10 7 12 1 1 1 10 12 1 1 10 12 1 10 12 1 1 7 1 10 12 1 1 10 12 1 10 12 1 1 7 1 10 12 1 1 10 7 12 1 1 1 10 12 1 10 12 1 10 12 1 9 12 1 1 10 7 1 9 12 9 12 1 10 7 12 1 1 1 10 12 1 7 1 7 1 7 1 9 12 1 1 10 7 12 1 10 12 1 1 10 12 1 100 1 10 12 1 10 12 1 1 9 100 12 1 1 1 10 12 1 1 100 1 10 100 12 1 1 1 10 12 1 10 12 1 8 1 9 12 1 9 12 1 10 12 1 9 12 1 1 10 100 12 1 1 1 9 12 1 1 9 12 1 1 10 12 1 10 12 1 10 12 1 10 12 1 10 12 1 1 10 12 1 10 7 12 1 1 9 12 1 10 12 1 10 12 1 10 12 1 10 12 1 1 10 12 1 1 9 12 1 1 10 12 1 1 9 7 12 1 1 1 9 12 1 9 12 1 9 12 1 9 12 1 9 12 1 9 12 1 9 12 1 9 12 1 9 12 1 9 12 1 9 12 1 9 12 1 9 12 1 9 12 1 9 12 1 9 12 1 9 12 1 9 12 1 9 12 1 9 12 1 9 12 1 9 12 1 9 12 1 9 12 1 9 12 1 9 12 1 9 12 1 9 12 1 9 12 1 9 12 1 9 12 1 9 12 1 9 12 1 9 12 1 9 12 1 9 12 1 8 1 9 12 1 1 9 12 1 1 10 12 1 10 12 1 1 9 7 1 10 12 1 9 12 1 1 10 12 10 12 1 10 12 1 10 12 1 10 8 1 8 1 8 1 8 1 10 12 1 1 9 12 1 1 10 12 1 10 100 12 1 1 1 8 9 12 1 1 10 12 1 1 8 1 8 8 9 12 1 8 1 8 8 8 8 8 1 8 10 12 1 10 12 1 8 1 8 1 10 12 1 10 12 1 10 12 1 10 12 1 1 7 1 1 1 1 3 1 3 1 3 1 3 1 3 1 3 1 3 1 3 1 3 1 3 1 1 1 1 1 1 1 1 1 1 3 1 3 1 1 1 1 3 1 1 1 1 1 1 1 1 1 1 1 1 1 1 1 1 1 1 1 1 1 1 1 1 1 1 1 1 1 1 1 1 1 1 1 1 1 1 1 1 1 1 1 1 1 1 1 1 1 1 1 1 1 1 1 1 100 1 1 1 1 1 1 1 1 1 1 1 1 100 1 1 1 1 1 1 1 1 1 1 1 1 1 1 1 1 1 1 1 1 1 1 1 1 1 1 1 1 1 1 1 1 1 1 1 1 1 1 1 1 1 1 1 1 1 1 1 1 1 1 1
staticfield java/lang/invoke/DirectMethodHandle IMPL_NAMES Ljava/lang/invoke/MemberName$Factory; java/lang/invoke/MemberName$Factory
staticfield java/lang/invoke/DirectMethodHandle FT_UNCHECKED_REF I 8
staticfield java/lang/invoke/DirectMethodHandle ACCESSOR_FORMS [Ljava/lang/invoke/LambdaForm; 132 [Ljava/lang/invoke/LambdaForm;
staticfield java/lang/invoke/DirectMethodHandle ALL_WRAPPERS [Lsun/invoke/util/Wrapper; 10 [Lsun/invoke/util/Wrapper;
staticfield java/lang/invoke/DirectMethodHandle NFS [Ljava/lang/invoke/LambdaForm$NamedFunction; 12 [Ljava/lang/invoke/LambdaForm$NamedFunction;
staticfield java/lang/invoke/DirectMethodHandle OBJ_OBJ_TYPE Ljava/lang/invoke/MethodType; java/lang/invoke/MethodType
staticfield java/lang/invoke/DirectMethodHandle LONG_OBJ_TYPE Ljava/lang/invoke/MethodType; java/lang/invoke/MethodType
staticfield java/lang/invoke/DirectMethodHandle $assertionsDisabled Z 1
ciInstanceKlass java/lang/invoke/LambdaForm 1 1 1052 100 1 9 7 12 1 1 1 10 7 12 1 1 1 10 7 12 1 1 9 12 1 1 9 12 1 1 10 12 1 1 100 1 10 9 12 1 10 12 1 1 9 12 1 10 7 12 1 1 1 9 12 1 9 12 1 9 12 1 1 9 12 1 10 12 1 1 7 1 10 12 1 10 100 12 1 1 1 10 100 12 1 1 1 10 12 1 10 12 1 1 9 100 12 1 1 1 10 12 1 1 9 12 1 10 12 1 1 10 12 1 10 12 1 1 10 12 1 1 10 100 12 1 1 1 7 1 10 10 12 1 1 8 1 10 12 1 10 12 1 10 12 1 1 7 1 10 7 12 1 1 1 10 12 1 1 10 12 1 10 12 1 1 9 12 1 1 9 12 1 9 12 1 1 10 12 1 9 12 1 10 100 12 1 1 1 10 12 1 1 10 12 1 9 12 1 1 10 100 12 1 1 1 10 12 1 10 12 1 10 12 1 10 12 1 10 12 1 10 12 1 1 10 12 1 10 12 1 1 8 1 10 12 1 10 12 1 8 1 8 1 9 12 1 9 12 1 9 12 1 1 10 12 1 1 10 12 1 9 12 1 10 12 1 1 10 7 12 1 1 1 10 12 1 1 10 12 1 10 12 1 10 12 1 1 9 12 1 10 12 1 8 1 8 1 8 1 8 1 8 1 8 1 8 1 8 1 10 12 1 9 12 1 7 1 10 12 1 1 9 12 1 10 12 1 10 12 1 1 10 12 10 12 1 10 12 1 1 10 12 1 1 10 10 12 1 1 10 12 1 1 7 1 8 1 10 12 1 1 10 12 1 10 12 1 1 10 8 1 10 12 1 1 8 1 8 1 8 1 10 12 1 9 12 1 1 10 12 1 1 10 12 1 1 100 1 10 12 1 1 10 12 1 10 7 12 1 1 1 10 12 1 1 9 12 1 1 8 1 10 100 12 1 1 1 10 7 12 1 1 10 12 10 10 12 1 1 9 12 1 8 10 12 1 1 100 1 10 12 1 1 10 12 1 9 7 12 1 1 9 12 1 1 8 1 10 100 12 1 1 10 12 1 1 100 1 100 1 10 10 12 1 1 10 12 1 1 8 1 8 1 100 1 8 1 10 12 10 12 1 10 12 1 10 12 1 1 8 1 8 1 9 100 12 1 1 1 10 12 1 10 12 1 1 8 1 8 1 8 1 100 1 8 1 100 1 8 1 100 1 8 1 10 12 1 8 1 9 10 7 12 1 1 1 10 12 1 9 12 1 1 10 12 1 10 10 12 1 10 12 1 10 12 1 10 12 1 1 10 12 1 10 12 1 1 10 12 1 1 10 12 1 1 8 1 100 10 12 1 10 12 1 9 12 1 1 10 7 12 1 1 8 1 8 1 100 1 8 1 8 1 8 1 8 1 8 1 8 1 8 1 8 1 10 12 1 1 10 12 1 1 10 12 1 10 12 1 8 1 8 1 8 1 10 12 1 8 1 10 12 1 8 1 8 1 8 1 8 1 8 1 10 12 1 10 12 1 10 12 1 1 10 7 12 1 1 1 10 12 1 10 12 1 10 12 1 10 12 1 10 12 1 10 12 1 10 12 1 9 12 1 1 8 1 10 12 1 1 9 12 1 1 10 12 1 1 9 12 1 9 12 1 1 9 12 1 9 12 1 1 7 1 10 7 12 1 1 1 9 12 1 10 12 1 10 12 1 8 1 10 12 1 9 12 1 1 7 1 10 7 12 1 1 1 8 1 100 1 10 12 1 9 12 1 9 12 1 10 12 1 10 12 1 10 7 12 1 1 1 10 12 1 9 7 12 1 1 10 12 1 1 10 12 1 10 12 1 9 12 10 12 1 10 10 12 1 9 9 12 1 7 9 12 1 1 10 12 1 1 9 12 1 10 12 1 10 7 1 9 1 1 1 1 3 1 3 1 3 1 1 1 1 1 1 1 1 1 1 1 1 1 1 1 1 1 1 1 1 1 1 1 1 1 1 1 1 1 1 1 1 1 1 1 1 1 1 1 1 1 1 1 1 1 1 1 1 1 1 1 1 1 1 1 1 100 1 1 1 1 1 1 1 1 1 1 1 1 1 1 1 1 1 1 1 1 1 1 1 1 1 1 1 1 1 1 1 1 1 1 1 1 1 1 1 1 1 1 1 1 1 1 1 1 1 1 1 1 1 1 1 1 1 1 1 100 1 1 1 1 1 1 1 1 1 1 1 1 1 1 1 1 1 1 1 1 1 1 1 1 1 1 1 1 1 1 1 1 1 1 100 1 1 1 1 1 1 1 1 1 1 1 1 1 1 1 1 1 1 1 1 1 1 100 1 1 1 100 1 1 100 1 1 1 1 1 1 1 1 1 1 1
staticfield java/lang/invoke/LambdaForm COMPILE_THRESHOLD I 0
staticfield java/lang/invoke/LambdaForm INTERNED_ARGUMENTS [[Ljava/lang/invoke/LambdaForm$Name; 5 [[Ljava/lang/invoke/LambdaForm$Name;
staticfield java/lang/invoke/LambdaForm IMPL_NAMES Ljava/lang/invoke/MemberName$Factory; java/lang/invoke/MemberName$Factory
staticfield java/lang/invoke/LambdaForm LF_identity [Ljava/lang/invoke/LambdaForm; 6 [Ljava/lang/invoke/LambdaForm;
staticfield java/lang/invoke/LambdaForm LF_zero [Ljava/lang/invoke/LambdaForm; 6 [Ljava/lang/invoke/LambdaForm;
staticfield java/lang/invoke/LambdaForm NF_identity [Ljava/lang/invoke/LambdaForm$NamedFunction; 6 [Ljava/lang/invoke/LambdaForm$NamedFunction;
staticfield java/lang/invoke/LambdaForm NF_zero [Ljava/lang/invoke/LambdaForm$NamedFunction; 6 [Ljava/lang/invoke/LambdaForm$NamedFunction;
staticfield java/lang/invoke/LambdaForm createFormsLock Ljava/lang/Object; java/lang/Object
staticfield java/lang/invoke/LambdaForm DEBUG_NAME_COUNTERS Ljava/util/HashMap; null
staticfield java/lang/invoke/LambdaForm DEBUG_NAMES Ljava/util/HashMap; null
staticfield java/lang/invoke/LambdaForm TRACE_INTERPRETER Z 0
staticfield java/lang/invoke/LambdaForm $assertionsDisabled Z 1
ciInstanceKlass java/lang/invoke/MethodHandleNatives 1 1 684 100 1 10 7 12 1 1 1 9 7 12 1 1 1 10 12 1 1 100 1 10 10 12 1 1 10 12 1 10 12 1 8 1 8 1 8 1 8 1 8 1 8 1 8 1 8 1 8 1 8 1 10 12 1 1 7 1 10 7 12 1 1 1 10 100 12 1 1 1 7 1 10 10 12 1 1 8 1 10 12 1 8 1 10 12 1 1 8 1 10 12 1 1 9 100 12 1 1 1 8 1 10 100 12 1 1 1 100 1 10 12 100 1 100 1 8 1 7 1 10 10 12 1 7 1 9 7 12 1 1 10 12 1 1 10 12 1 10 7 12 1 1 1 7 1 10 12 1 1 10 7 12 1 1 1 10 12 1 10 12 1 1 10 12 1 1 9 12 1 8 1 10 12 1 8 1 10 12 1 8 1 8 1 8 1 100 1 10 12 1 8 1 10 12 1 1 10 12 1 10 100 12 1 1 1 100 1 8 1 10 100 12 1 1 1 7 1 8 1 10 12 1 8 1 8 1 8 1 8 1 8 1 10 12 1 1 10 12 1 1 10 12 1 10 12 1 1 10 12 1 1 7 1 10 12 1 100 1 100 1 10 12 1 10 12 1 8 1 8 1 10 10 12 1 1 10 12 1 1 8 1 10 100 12 1 1 1 8 1 8 1 10 12 1 1 10 7 12 1 1 1 100 1 10 12 1 1 7 1 9 12 1 1 10 7 12 1 1 1 10 10 12 1 9 12 1 10 12 1 1 9 12 1 9 12 1 10 12 1 1 10 12 1 10 12 1 1 7 1 7 1 10 12 1 1 10 12 1 10 12 1 1 10 7 12 1 1 1 10 12 1 8 1 10 12 1 10 12 1 10 12 1 1 10 12 1 10 7 12 1 1 1 10 12 1 1 100 1 8 1 10 9 7 12 1 1 1 10 12 1 1 10 12 1 1 100 1 10 12 1 1 10 12 1 1 100 1 100 1 10 10 100 1 100 1 10 100 1 10 10 12 1 1 10 100 1 10 12 1 10 12 1 10 12 1 1 10 12 1 1 10 12 1 1 10 12 1 10 12 1 1 10 8 1 100 1 10 12 1 10 12 1 10 12 1 10 12 1 10 12 1 1 10 12 1 9 12 1 1 10 7 12 1 1 1 9 12 1 1 11 7 12 1 1 1 10 12 1 10 12 1 10 10 12 1 10 7 12 1 1 1 1 1 1 1 1 1 1 1 1 1 1 1 100 1 1 1 1 1 1 1 1 1 1 1 1 1 1 1 1 1 1 1 1 1 1 1 1 1 1 1 1 1 1 1 1 1 1 1 1 1 1 1 1 1 1 1 1 1 1 1 1 1 1 1 1 1 1 1 1 1 1 1 1 1 1 1 1 1 1 1 1 1 1 1 1 1 1 1 1 1 1 1 1 1 1 1 1 1 1 1 1 1 1 1 1 1 1 1 1 1 1 100 1 1 1 1 1 1 1 1 1 1 1 1 1 1 1 1 1 1 1 1 1 1 1 1 1 1 1 1 100 1 1 1 1 1 1 1 100 1 1 1
staticfield java/lang/invoke/MethodHandleNatives JLA Ljdk/internal/access/JavaLangAccess; java/lang/System$2
staticfield java/lang/invoke/MethodHandleNatives $assertionsDisabled Z 1
ciInstanceKlass jdk/internal/reflect/CallerSensitive 0 0 17 100 1 100 1 100 1 1 1 1 1 1 1 1 1 1 1
ciInstanceKlass jdk/internal/reflect/ConstantPool 1 1 142 10 100 12 1 1 1 9 7 12 1 1 1 10 12 1 1 10 12 1 1 10 12 1 10 12 1 1 10 12 1 1 10 12 1 10 12 1 1 10 12 1 10 12 1 1 10 12 1 10 12 1 10 12 1 10 12 1 1 10 12 1 1 10 12 1 1 10 12 1 1 10 12 1 10 12 1 1 10 100 12 1 1 1 8 11 7 12 1 1 1 10 7 12 1 1 1 1 1 1 1 1 1 1 1 1 1 1 1 1 1 1 1 1 1 1 1 1 1 1 1 1 1 1 1 1 1 1 1 1 1 1 1 1 1 1 1 1 1 1 1 1
instanceKlass jdk/internal/reflect/UnsafeQualifiedStaticFieldAccessorImpl
ciInstanceKlass jdk/internal/reflect/UnsafeStaticFieldAccessorImpl 1 1 47 10 7 12 1 1 1 9 7 12 1 1 1 10 7 12 1 1 1 9 12 1 1 8 11 7 12 1 1 1 10 7 12 1 1 1 1 1 1 1 1 1 1 1 1 1 1
instanceKlass jdk/internal/reflect/UnsafeFieldAccessorImpl
ciInstanceKlass jdk/internal/reflect/FieldAccessorImpl 1 1 59 10 7 12 1 1 1 100 1 100 1 1 1 1 1 1 1 1 1 100 1 1 1 1 1 1 1 1 1 1 1 1 1 1 1 1 1 1 1 100 1 1 1 1 1 1 1 1 1 1 1 1 1 1 1 1 1 1 1
instanceKlass jdk/internal/reflect/UnsafeBooleanFieldAccessorImpl
instanceKlass jdk/internal/reflect/UnsafeQualifiedFieldAccessorImpl
instanceKlass jdk/internal/reflect/UnsafeObjectFieldAccessorImpl
instanceKlass jdk/internal/reflect/UnsafeStaticFieldAccessorImpl
ciInstanceKlass jdk/internal/reflect/UnsafeFieldAccessorImpl 1 1 254 10 7 12 1 1 1 9 7 12 1 1 1 10 7 12 1 1 1 10 7 12 1 1 1 9 12 1 1 10 7 12 1 1 1 9 12 1 1 10 12 1 10 12 1 9 12 1 10 12 1 1 10 7 12 1 1 10 7 12 1 1 1 10 12 1 1 100 1 10 10 12 1 1 10 12 1 1 8 1 10 10 12 1 100 1 8 1 10 12 1 8 1 10 12 1 8 1 10 12 1 100 1 10 12 1 1 10 8 1 10 12 1 1 8 1 10 100 12 1 1 8 1 10 100 12 1 1 8 1 10 100 12 1 1 8 1 10 100 12 1 1 8 1 10 100 12 1 1 8 1 10 100 12 1 1 8 1 10 100 12 1 1 8 1 10 100 12 1 1 10 12 1 1 8 1 8 1 8 1 8 1 8 1 8 1 10 100 12 1 1 1 8 1 8 1 8 1 10 12 10 12 1 1 1 1 1 1 1 1 1 1 1 1 1 1 1 1 1 1 1 1 1 1 1 1 1 1 1 1 1 1 1 1 1 1 1 1 1 1 1 1 1 1 1 1 1 1 1 1 1 1 1 1
staticfield jdk/internal/reflect/UnsafeFieldAccessorImpl unsafe Ljdk/internal/misc/Unsafe; jdk/internal/misc/Unsafe
ciInstanceKlass jdk/internal/reflect/NativeConstructorAccessorImpl 1 1 126 10 7 12 1 1 1 9 7 12 1 1 1 9 12 1 1 10 7 12 1 1 1 10 7 12 1 1 1 10 7 12 1 1 1 9 12 1 9 12 1 1 9 12 1 1 10 7 12 1 1 1 7 1 10 10 12 1 1 10 12 1 10 12 1 10 12 1 1 9 12 1 1 10 7 12 1 1 1 100 1 10 12 1 1 10 12 1 1 8 10 12 1 1 1 1 1 1 1 1 1 1 1 1 1 1 1 1 1 1 1 1 1 1 100 1 100 1 100 1 1 1 1 1 1 1
staticfield jdk/internal/reflect/NativeConstructorAccessorImpl U Ljdk/internal/misc/Unsafe; jdk/internal/misc/Unsafe
staticfield jdk/internal/reflect/NativeConstructorAccessorImpl GENERATED_OFFSET J 16
ciInstanceKlass java/lang/invoke/ConstantCallSite 1 1 65 10 7 12 1 1 1 9 7 12 1 1 1 9 12 1 1 10 7 12 1 1 1 10 12 1 100 1 10 12 9 12 1 1 100 1 10 10 12 1 1 10 12 1 1 1 1 1 1 1 1 1 1 1 1 1 100 1 1 1 1 1 1 1 1
staticfield java/lang/invoke/ConstantCallSite UNSAFE Ljdk/internal/misc/Unsafe; jdk/internal/misc/Unsafe
ciInstanceKlass java/lang/invoke/MutableCallSite 0 0 63 10 100 12 1 1 1 10 12 1 9 100 12 1 1 1 10 12 1 10 12 1 1 9 12 1 1 10 100 12 1 1 1 10 100 12 1 1 1 10 12 1 1 1 1 1 1 1 1 1 1 1 1 1 1 1 1 1 1 100 1 1 1
instanceKlass java/lang/invoke/VarHandleInts$FieldStaticReadOnly
instanceKlass java/lang/invoke/VarHandleLongs$FieldInstanceReadOnly
instanceKlass java/lang/invoke/VarHandleReferences$Array
instanceKlass java/lang/invoke/VarHandleReferences$FieldInstanceReadOnly
instanceKlass java/lang/invoke/VarHandleInts$FieldInstanceReadOnly
instanceKlass java/lang/invoke/VarHandleByteArrayAsLongs$ByteArrayViewVarHandle
instanceKlass java/lang/invoke/VarHandleByteArrayAsInts$ByteArrayViewVarHandle
instanceKlass java/lang/invoke/VarHandleReferences$FieldStaticReadOnly
ciInstanceKlass java/lang/invoke/VarHandle 1 1 390 10 7 12 1 1 1 10 7 12 1 1 9 12 1 1 9 12 1 1 100 1 10 8 1 10 12 1 1 10 7 12 1 1 1 10 12 1 1 10 100 12 1 1 1 9 100 12 1 1 1 10 12 1 1 10 100 12 1 1 1 10 12 1 1 9 12 1 10 12 1 9 12 1 1 10 7 12 1 1 10 12 1 9 7 12 1 1 1 9 12 1 1 10 12 1 1 100 1 100 1 10 8 1 10 12 1 1 10 12 1 8 1 10 12 1 10 12 1 10 12 1 1 9 7 12 1 1 1 10 12 1 10 12 1 1 10 12 1 10 10 100 12 1 1 1 10 12 1 1 10 12 1 1 10 100 12 1 1 1 10 100 12 1 1 1 10 100 12 1 1 1 9 12 1 1 10 9 12 1 1 10 12 1 10 12 1 10 12 1 1 10 12 1 10 100 12 1 1 1 9 12 1 1 10 12 1 1 9 12 1 10 12 1 10 12 1 10 100 12 1 1 100 1 10 9 7 12 1 1 1 9 12 1 1 10 7 12 1 1 1 10 12 1 10 12 1 10 12 1 10 12 1 10 12 1 10 12 1 1 7 1 10 10 7 12 1 1 1 9 12 1 1 8 10 12 1 1 7 1 10 12 1 1 100 1 1 1 1 1 1 1 1 1 1 1 1 1 1 1 1 1 1 1 1 1 1 1 1 1 1 1 1 1 1 1 1 1 1 1 1 1 1 1 1 1 1 1 1 1 1 1 1 1 1 1 1 1 1 1 1 1 1 1 1 1 1 1 1 1 1 1 1 1 1 1 1 1 1 1 1 1 1 1 1 1 1 1 1 1 1 1 1 1 100 1 100 1 100 1 1 1 1 1 1 1 100 1 1 1
staticfield java/lang/invoke/VarHandle AIOOBE_SUPPLIER Ljava/util/function/BiFunction; jdk/internal/util/Preconditions$1
staticfield java/lang/invoke/VarHandle VFORM_OFFSET J 16
staticfield java/lang/invoke/VarHandle $assertionsDisabled Z 1
ciInstanceKlass java/lang/invoke/MemberName 1 1 757 7 1 7 1 100 1 9 12 1 1 10 7 12 1 1 1 9 12 1 1 10 12 1 1 10 12 1 1 10 12 1 1 10 12 1 10 12 1 1 10 7 12 1 1 1 10 12 1 9 100 12 1 1 10 12 1 100 1 100 1 10 12 1 8 1 10 12 1 1 10 12 1 10 12 1 1 10 12 1 9 12 1 1 8 1 10 100 12 1 1 1 7 1 10 10 12 1 1 100 1 100 1 10 12 1 1 9 12 1 1 100 1 8 1 10 12 1 10 12 1 10 12 1 10 12 1 10 12 1 1 10 12 1 10 12 1 10 12 1 1 10 12 1 1 10 12 1 8 1 8 1 8 1 10 100 12 1 1 1 10 12 1 9 12 1 1 3 10 12 1 10 12 1 10 12 1 10 10 7 12 1 1 1 10 12 1 10 12 1 10 12 1 10 12 1 7 1 8 10 12 1 1 10 12 1 1 8 1 9 100 1 8 9 100 1 10 12 1 1 10 12 1 10 12 1 8 1 10 12 1 1 10 12 1 10 12 1 10 12 1 10 12 1 1 100 1 10 12 1 1 10 12 1 8 1 10 12 1 10 12 1 8 1 10 12 1 1 10 12 1 1 100 1 10 12 1 1 10 12 8 1 8 1 100 1 10 12 1 10 100 12 1 1 1 100 1 10 12 10 12 1 10 12 1 10 12 1 10 12 1 10 10 12 1 10 12 1 10 12 1 3 10 12 1 3 10 12 1 3 3 3 3 3 3 3 100 1 10 12 1 10 7 12 1 1 1 10 12 1 3 9 12 1 10 12 1 1 3 10 12 1 10 10 7 12 1 1 1 10 12 1 1 10 100 1 10 10 12 1 10 12 1 10 12 1 10 10 12 1 1 10 12 1 10 12 1 10 12 1 100 1 10 10 10 12 100 1 10 10 10 12 1 1 10 12 1 1 10 10 12 1 8 10 100 1 10 12 1 10 100 1 10 12 1 10 12 1 10 12 1 10 10 12 1 10 12 1 1 10 12 1 1 10 12 1 10 12 1 10 12 1 100 1 10 12 1 1 100 1 8 1 10 7 1 10 12 1 10 12 10 12 1 1 10 12 1 10 12 1 8 1 8 1 8 1 8 1 10 12 1 10 12 1 10 12 1 1 8 1 8 1 10 12 1 8 1 10 10 12 1 10 12 1 8 1 8 1 10 10 12 1 8 1 10 100 12 1 1 1 8 1 10 12 1 10 12 1 1 10 12 1 8 1 8 1 8 1 8 1 100 1 10 8 1 8 1 8 1 8 1 10 12 1 100 1 100 1 100 1 10 100 1 10 100 1 10 100 12 1 1 1 9 7 12 1 1 1 100 1 100 1 1 1 1 1 1 1 3 1 3 1 3 1 3 1 3 1 3 1 1 1 1 1 1 1 1 3 1 3 1 1 1 1 3 1 1 1 1 1 1 1 1 1 1 1 1 1 1 1 1 1 1 1 1 1 1 1 1 1 1 1 1 1 1 1 1 1 1 1 1 1 1 1 1 1 1 1 1 1 1 1 1 1 1 1 1 1 1 1 1 1 1 1 1 1 1 1 1 1 1 1 1 1 1 1 1 1 1 1 1 1 1 1 1 1 1 1 1 1 1 1 1 1 1 1 1 1 1 1 1 1 1 1 1 1 1 1 1 1 1 100 1 1 1 1 1 1 1 1 1 1 1 1 1 1 1
staticfield java/lang/invoke/MemberName $assertionsDisabled Z 1
ciInstanceKlass java/lang/invoke/ResolvedMethodName 1 1 16 10 100 12 1 1 1 100 1 1 1 1 1 1 1 1
ciInstanceKlass java/lang/StackWalker 1 1 235 9 7 12 1 1 1 10 7 12 1 1 1 7 1 10 7 12 1 1 1 10 12 1 1 11 7 12 1 1 1 10 12 1 1 10 12 1 1 10 12 1 1 100 1 8 1 10 12 1 10 12 1 10 12 1 10 7 12 1 1 9 12 1 1 9 12 1 1 9 12 1 1 9 12 1 1 10 12 1 1 9 12 1 1 10 7 12 1 1 1 11 12 1 1 100 1 8 1 10 10 100 12 1 1 9 12 1 1 10 12 1 1 10 7 12 1 1 1 10 7 12 1 1 1 18 12 1 1 100 1 8 1 10 10 12 1 1 10 100 12 1 1 1 9 7 12 1 1 11 100 12 1 1 1 10 12 1 1 1 1 1 1 1 1 1 1 1 1 1 1 1 1 1 1 1 1 1 1 1 1 1 1 1 1 1 1 1 1 1 1 1 1 1 1 1 1 1 1 1 1 1 1 1 1 1 1 1 100 1 1 15 10 100 12 1 1 1 16 15 10 12 16 1 1 1 1 1 1 1 100 1 100 1 1
staticfield java/lang/StackWalker DEFAULT_EMPTY_OPTION Ljava/util/EnumSet; java/util/RegularEnumSet
staticfield java/lang/StackWalker DEFAULT_WALKER Ljava/lang/StackWalker; java/lang/StackWalker
instanceKlass java/lang/StackStreamFactory$StackFrameTraverser
ciInstanceKlass java/lang/StackStreamFactory$AbstractStackWalker 1 1 306 7 1 100 1 3 10 7 12 1 1 1 10 7 12 1 1 10 7 12 1 1 1 9 12 1 1 10 12 1 1 9 12 1 1 9 12 1 1 9 12 1 1 9 12 1 9 7 12 1 1 1 10 7 12 1 1 1 10 12 1 1 9 12 1 1 10 7 12 1 1 1 10 12 1 1 9 12 1 1 9 100 12 1 1 1 100 1 10 8 1 10 12 1 1 10 12 1 8 1 10 12 1 1 10 100 12 1 1 1 100 1 8 1 10 12 1 8 1 10 12 9 7 12 1 1 1 10 7 12 1 1 9 12 1 8 1 5 0 8 1 8 1 9 12 1 1 10 12 1 1 10 12 1 1 10 12 1 9 12 1 10 12 1 10 12 1 10 12 1 10 12 1 1 10 12 1 10 12 1 1 8 1 10 12 1 10 12 1 10 12 1 10 12 1 1 8 1 10 12 1 1 10 12 1 1 10 12 1 1 10 12 1 10 12 1 10 7 12 1 1 1 9 12 1 8 1 10 12 1 10 12 1 10 12 1 10 12 1 10 12 1 10 12 1 10 12 1 1 10 12 1 1 10 12 1 1 10 12 1 8 1 1 1 1 1 1 1 1 1 1 1 1 1 1 1 1 1 1 100 1 1 1 1 100 1 1 1 1 1 1 1 1 1 1 1 1 1 1 1 1 1 1 1 1 1
ciInstanceKlass jdk/internal/module/Modules 1 1 504 10 100 12 1 1 1 9 7 12 1 1 1 11 7 12 1 1 1 11 12 1 1 11 12 1 1 11 12 1 1 11 12 1 11 12 1 11 12 1 11 12 1 11 12 1 1 10 100 12 1 1 1 10 100 12 1 1 1 18 12 1 1 10 100 12 1 1 1 100 1 10 100 12 1 1 1 10 100 12 1 1 1 10 100 12 1 1 10 12 1 1 11 12 1 9 12 1 1 11 100 12 1 1 1 10 12 1 1 10 10 12 1 10 9 12 1 1 10 7 12 1 1 10 12 1 1 10 100 12 1 1 100 1 11 100 12 1 1 1 10 100 12 1 1 1 11 100 12 1 1 10 12 1 1 10 100 12 1 1 10 100 12 1 1 1 10 12 1 1 10 12 1 1 11 12 1 1 18 12 1 1 11 100 12 1 1 10 100 12 1 1 1 11 100 12 1 1 1 100 1 11 12 1 1 11 100 12 1 1 1 11 12 1 1 10 12 1 1 10 100 12 1 1 18 12 1 1 11 12 1 1 18 12 1 1 11 12 1 1 10 12 1 18 18 10 12 1 1 9 12 1 1 11 100 12 1 1 1 100 1 10 11 12 1 11 12 1 1 11 12 1 1 10 100 1 10 12 1 1 10 100 12 1 1 10 12 1 1 11 12 10 12 1 1 100 1 10 18 12 1 10 12 1 1 100 1 8 1 10 12 1 10 100 12 1 1 18 12 1 11 11 12 10 12 1 10 10 100 1 18 12 1 10 10 10 7 12 1 1 10 7 12 1 1 1 10 12 1 1 1 1 1 1 1 1 1 1 1 1 1 1 1 1 1 1 1 1 1 1 1 1 1 1 1 1 1 1 1 1 1 100 1 1 1 1 1 1 1 1 1 1 1 1 1 1 1 1 1 1 1 1 1 1 1 1 1 1 1 1 1 1 1 1 1 1 1 100 1 1 1 1 1 1 1 1 1 1 1 1 1 1 1 1 1 1 1 1 1 1 1 15 10 100 12 1 1 1 16 15 10 12 1 16 16 15 10 12 1 16 1 16 1 15 10 12 1 16 1 16 1 15 10 12 16 1 15 10 16 1 15 10 12 16 1 15 10 12 16 15 10 12 16 15 10 12 1 1 1 100 1 100 1 1
staticfield jdk/internal/module/Modules JLA Ljdk/internal/access/JavaLangAccess; java/lang/System$2
staticfield jdk/internal/module/Modules JLMA Ljdk/internal/access/JavaLangModuleAccess; java/lang/module/ModuleDescriptor$1
staticfield jdk/internal/module/Modules $assertionsDisabled Z 1
ciInstanceKlass java/lang/invoke/Invokers$Holder 1 1 99 1 100 1 100 1 1 1 1 1 1 1 7 1 7 1 7 1 1 12 10 1 1 12 10 1 1 12 10 1 1 100 1 1 12 9 1 1 1 12 10 1 1 1 12 10 1 1 12 10 1 1 1 12 10 1 1 100 1 1 12 10 1 1 12 10 1 1 12 10 1 12 10 1 1 12 10 1 1 12 10 1 12 10 1 12 10 12 10 1 1 12 10 1 12 10 1 1 1
ciMethod java/lang/invoke/Invokers$Holder linkToTargetMethod (Ljava/lang/Object;)Ljava/lang/Object; 768 0 264265 0 -1
ciInstanceKlass java/lang/invoke/BoundMethodHandle$Species_L 1 1 125 10 7 12 1 1 1 9 7 12 1 1 1 9 12 1 1 10 12 1 9 7 12 1 1 1 10 7 12 1 1 1 10 12 1 1 10 7 12 1 1 1 100 1 10 100 12 1 1 1 9 12 1 10 12 1 9 12 1 10 12 1 9 12 1 10 12 1 9 12 1 10 12 1 10 12 1 1 10 12 1 1 1 1 1 1 1 1 1 1 1 1 1 1 1 1 1 1 1 1 1 1 1 1 1 1 1 1 1 1 1 1 1 1 1 1 1 1 1 1 1 1 100 1 1
ciMethod java/util/AbstractList <init> ()V 520 0 196836 0 64
ciMethod java/util/List add (Ljava/lang/Object;)Z 0 0 1 0 -1
ciMethod java/util/List size ()I 0 0 1 0 -1
ciMethod java/util/Collection iterator ()Ljava/util/Iterator; 0 0 1 0 -1
ciMethod java/util/Collection isEmpty ()Z 0 0 1 0 -1
ciMethod java/util/function/Function apply (Ljava/lang/Object;)Ljava/lang/Object; 0 0 1 0 -1
ciMethod java/util/Arrays copyOf ([Ljava/lang/Object;I)[Ljava/lang/Object; 78 0 8309 0 672
ciMethod java/util/Arrays copyOf ([Ljava/lang/Object;ILjava/lang/Class;)[Ljava/lang/Object; 188 0 7929 0 -1
ciMethod java/lang/Math max (II)I 134 0 460091 0 -1
ciMethod java/util/Map get (Ljava/lang/Object;)Ljava/lang/Object; 0 0 1 0 -1
ciMethod java/util/ArrayList add (Ljava/lang/Object;)Z 514 0 186976 0 1376
ciMethod java/util/ArrayList <init> ()V 612 0 143470 0 256
ciMethod java/util/ArrayList add (Ljava/lang/Object;[Ljava/lang/Object;I)V 514 0 186976 0 0
ciMethod java/util/ArrayList grow (I)[Ljava/lang/Object; 32 0 9467 0 928
ciMethod java/util/ArrayList grow ()[Ljava/lang/Object; 32 0 59239 0 0
ciMethod java/lang/Enum ordinal ()I 258 0 129 0 -1
ciMethod java/util/Iterator hasNext ()Z 0 0 1 0 -1
ciMethod java/util/Iterator next ()Ljava/lang/Object; 0 0 1 0 -1
ciMethod java/lang/Object getClass ()Ljava/lang/Class; 256 0 128 0 -1
ciMethod java/lang/Object <init> ()V 1024 0 3183231 0 128
ciInstanceKlass java/lang/invoke/LambdaForm$MH+0x0000024967000400 1 1 41 1 7 1 100 1 1 1 1 1 1 1 7 1 1 12 9 1 1 1 1 1 7 1 1 12 10 1 7 1 1 12 11 1 7 12 9 1 1 1 1
staticfield java/lang/invoke/LambdaForm$MH+0x0000024967000400 _D_0 Ljava/lang/invoke/LambdaForm; java/lang/invoke/LambdaForm
instanceKlass com/google/inject/internal/asm/$MethodTooLargeException
instanceKlass com/google/inject/internal/asm/$ClassTooLargeException
instanceKlass java/lang/ArrayIndexOutOfBoundsException
ciInstanceKlass java/lang/IndexOutOfBoundsException 1 1 49 10 7 12 1 1 1 10 12 1 100 1 10 8 1 10 12 1 1 10 12 1 10 12 1 1 10 12 1 100 1 1 1 1 5 0 1 1 1 1 1 1 1 1 1 1 1 1 1
ciInstanceKlass java/lang/AssertionError 0 0 79 10 100 12 1 1 1 10 12 1 10 100 12 1 1 1 10 100 1 100 1 10 12 1 1 10 12 1 10 12 1 10 12 1 10 12 1 10 12 1 10 12 1 10 12 1 1 1 1 5 0 1 1 1 1 1 1 1 1 1 1 100 1 1 1 1 1 1 1 1 1 1 1 1 1 1 1 1 1
ciInstanceKlass java/util/NoSuchElementException 0 0 34 10 100 12 1 1 1 10 12 1 10 12 1 10 12 1 100 1 1 1 1 5 0 1 1 1 1 1 1 1 1 1 1 1
ciInstanceKlass com/google/common/base/Preconditions 1 1 226 10 100 10 10 10 10 100 10 10 10 100 10 10 100 10 10 8 10 100 10 10 8 100 10 8 10 10 10 8 10 10 8 10 8 8 8 7 1 1 1 1 1 1 1 1 1 1 1 1 1 1 1 1 1 1 1 1 1 1 1 1 1 1 1 1 1 1 1 1 1 1 1 1 1 1 1 1 1 1 1 1 1 1 1 1 1 1 1 1 1 1 1 1 1 1 1 1 1 1 1 1 1 1 1 1 1 1 1 1 1 1 1 1 1 1 1 1 1 1 1 1 1 1 1 1 1 1 1 1 1 1 1 1 1 1 1 1 1 1 1 1 1 1 1 1 1 1 1 1 1 1 1 1 1 1 1 1 1 1 1 1 1 1 1 1 1 1 1 1 1 1 12 1 100 12 12 100 12 1 100 12 100 12 100 12 1 1 12 1 12 1 1 12 1 12 12 12 1 12 12 1 12 1 1 1 1 1 1 1 1 1 1 1 1 1 1 1 1 1 1 1 1 1 1 1
instanceKlass com/google/common/collect/ImmutableMapValues
instanceKlass com/google/common/collect/ImmutableMultimap$EntryCollection
instanceKlass com/google/common/collect/ImmutableMultisetGwtSerializationDependencies
instanceKlass com/google/common/collect/ImmutableMultimap$Values
instanceKlass com/google/common/collect/ImmutableList
instanceKlass com/google/common/collect/ImmutableSet
ciInstanceKlass com/google/common/collect/ImmutableCollection 1 1 189 100 10 7 10 9 10 10 10 10 10 10 10 10 10 100 10 10 10 10 10 100 10 10 11 11 100 10 7 7 100 100 1 1 1 1 1 3 1 1 1 1 1 1 1 1 1 1 1 1 1 1 1 1 1 1 1 1 1 1 1 1 1 1 100 1 1 1 1 1 1 1 1 1 1 1 1 1 1 1 1 1 1 1 1 1 1 1 1 1 1 1 1 1 1 1 1 1 1 1 1 1 1 1 1 1 1 1 1 1 1 1 1 1 1 1 1 1 1 100 1 1 1 1 1 1 1 1 1 1 1 1 3 1 12 1 100 12 12 12 7 12 12 12 12 12 7 12 7 12 12 1 100 12 12 100 12 12 1 12 12 12 1 1 12 1 1 1 1 1 1 1 1 1 1 1 1 1 1 1 1 1 1 1 1 1 1 1 1
staticfield com/google/common/collect/ImmutableCollection EMPTY_ARRAY [Ljava/lang/Object; 0 [Ljava/lang/Object;
instanceKlass com/google/common/collect/SinglePrependList
instanceKlass com/google/common/collect/SingleAppendList
instanceKlass com/google/common/collect/PairList
instanceKlass com/google/common/collect/ImmutableList$SubList
instanceKlass com/google/common/collect/RegularImmutableList
instanceKlass com/google/common/collect/ImmutableList$ReverseImmutableList
instanceKlass com/google/common/collect/SingletonImmutableList
instanceKlass com/google/common/collect/RegularImmutableMap$Values
instanceKlass com/google/common/collect/Lists$StringAsImmutableList
instanceKlass com/google/common/collect/ImmutableAsList
ciInstanceKlass com/google/common/collect/ImmutableList 1 1 462 10 9 7 10 7 10 100 3 8 10 10 10 7 10 11 10 7 10 10 10 10 11 11 10 11 10 7 10 10 10 10 10 7 100 10 100 10 10 10 10 10 10 10 7 10 10 10 10 7 10 10 10 11 10 10 10 10 10 7 10 100 10 18 10 100 10 10 10 100 8 10 100 10 8 10 10 10 10 7 7 100 1 1 1 1 1 1 1 1 1 1 1 1 1 1 1 1 1 1 1 1 1 1 1 1 1 1 1 1 1 1 1 1 1 1 1 1 1 1 1 1 1 1 1 1 1 1 1 1 1 1 1 1 1 1 1 1 1 1 1 1 1 1 1 1 1 1 1 1 1 1 1 1 1 1 1 1 1 1 1 1 1 1 1 1 1 1 1 1 1 1 1 1 1 1 1 1 1 1 1 1 1 1 1 1 1 1 1 1 1 1 1 1 1 1 1 1 1 1 1 1 1 1 1 1 1 1 1 1 1 1 1 1 1 1 1 1 1 1 1 1 1 1 1 1 1 1 1 1 1 1 1 1 1 1 1 1 1 1 1 1 1 1 1 1 1 1 1 1 1 1 1 1 1 1 1 1 1 1 1 1 1 1 1 1 1 1 1 1 1 1 1 1 1 1 1 1 1 1 1 1 1 1 1 1 1 1 1 1 3 1 100 12 12 1 12 1 12 1 1 7 12 7 12 12 1 12 7 12 12 1 12 12 12 12 7 12 12 12 12 1 12 12 12 12 7 12 1 100 12 7 12 7 12 12 12 12 7 12 12 1 12 12 12 1 12 12 12 100 12 7 12 12 12 12 12 1 1 1 15 16 15 12 7 12 1 12 12 12 1 1 12 1 100 12 12 12 12 1 1 1 1 1 1 1 1 1 1 1 1 1 1 1 1 1 1 1 1 1 1 1 1 1 1 1 1 1 1 1 1 1 1 1 1 1 1 1 1 1 1 1 1 1 1 1 1 10 11 1 1 1 1 1 1 1 1 1 1 1 1 1 7 12 1 1 100 1 1 100 1 1 1 100 1 8 1 1 12 10 1 1
ciInstanceKlass com/google/common/collect/Hashing 1 1 71 100 10 7 5 0 5 0 10 10 10 10 10 3 7 1 1 1 1 1 1 1 1 1 1 1 1 1 1 1 1 1 1 1 1 1 1 1 1 1 1 1 1 1 1 1 1 1 1 1 1 1 1 1 12 1 7 12 12 12 7 12 12 1 1 1 1 1 1 1 1
instanceKlass com/google/common/collect/ImmutableList$Builder
instanceKlass com/google/common/collect/ImmutableSet$Builder
ciInstanceKlass com/google/common/collect/ImmutableCollection$Builder 1 1 94 100 8 10 10 7 3 10 10 11 11 11 7 7 1 1 1 3 1 1 1 1 1 1 1 1 1 1 1 1 1 1 1 1 1 1 1 1 1 1 1 1 1 1 1 1 1 1 100 1 1 1 1 1 7 1 1 1 1 1 1 1 1 1 1 1 1 1 1 1 12 12 1 12 12 7 12 12 12 100 1 1 1 1 1 1 1 1 1 1 1 1 1 1
ciInstanceKlass com/google/common/collect/Iterators 1 1 541 10 10 9 9 10 100 100 10 11 11 10 10 11 11 11 10 100 10 10 8 10 10 10 8 8 100 10 10 10 10 11 10 100 10 10 10 100 10 7 10 10 10 100 10 100 10 10 10 100 10 7 10 10 10 10 100 10 10 10 8 10 7 10 10 10 100 10 8 10 8 8 10 10 8 10 8 10 8 100 10 100 10 10 10 10 7 10 7 10 100 10 100 10 100 10 100 8 8 100 10 100 7 100 1 1 1 1 1 7 1 1 1 1 1 1 1 1 1 1 1 1 1 1 1 1 1 1 1 1 1 1 1 1 1 1 1 1 1 1 1 1 1 1 1 1 1 1 1 1 1 1 1 1 1 1 1 1 1 1 1 1 1 1 1 1 1 1 1 1 1 1 1 1 1 1 1 1 1 1 1 1 1 1 1 1 1 1 1 1 1 1 1 1 1 1 1 1 1 1 1 1 1 1 1 1 1 1 1 1 1 1 1 1 1 1 1 1 1 1 1 1 1 1 1 1 1 1 1 1 1 1 1 1 1 1 1 1 1 1 1 1 1 1 1 1 1 1 1 1 1 1 1 1 1 1 1 1 1 1 1 1 1 1 1 1 1 1 1 1 1 1 1 1 1 1 1 1 1 1 1 1 1 1 1 1 1 1 1 1 1 1 1 1 1 1 1 1 1 1 1 1 1 1 1 1 1 1 1 1 1 1 1 1 1 1 1 1 1 1 1 1 1 1 1 1 1 1 1 1 1 1 1 1 1 1 1 1 1 1 1 1 1 1 1 1 1 1 1 1 1 1 1 1 1 1 1 1 1 1 1 1 1 1 1 1 1 1 1 1 1 3 12 12 12 12 7 12 1 1 12 12 12 100 12 12 7 12 12 7 12 100 12 1 12 1 12 12 12 1 1 1 12 12 100 12 100 12 12 12 1 12 12 12 1 12 1 12 12 100 12 12 1 12 12 1 12 1 12 100 12 12 12 1 100 12 12 12 1 12 12 12 1 12 1 12 1 1 12 1 12 1 12 1 1 12 1 12 12 12 1 12 1 12 1 12 1 1 1 1 12 1 1 1 1 1 1 1 1 1 1 1 1 1 1 1 1 1 1 1 1 1 1 1 1 1 1 1 1 1 1 1 1 1 1 1 1 1 1 1 1 1 1 1 1 1 1 1 1 1 1 1 1 1 1 1 1 1 1 1 1 1 1 1 1 1 1 1 1 1 1
instanceKlass com/google/common/collect/AbstractSequentialIterator
instanceKlass com/google/common/collect/ImmutableMultimap$1
instanceKlass com/google/common/collect/ImmutableMultimap$2
instanceKlass com/google/common/collect/ImmutableMap$1
instanceKlass com/google/common/collect/Maps$8
instanceKlass com/google/common/collect/Iterators$10
instanceKlass com/google/common/collect/Iterators$MergingIterator
instanceKlass com/google/common/collect/Iterators$4
instanceKlass com/google/common/collect/Iterators$9
instanceKlass com/google/common/collect/UnmodifiableListIterator
instanceKlass com/google/common/collect/AbstractIterator
instanceKlass com/google/common/collect/Iterators$1
ciInstanceKlass com/google/common/collect/UnmodifiableIterator 1 1 51 10 100 10 100 7 100 1 1 1 1 1 1 1 1 1 1 1 1 1 1 1 1 1 1 1 1 1 1 1 1 1 12 1 1 1 1 1 100 1 8 1 1 12 10 1 1 1 8 1 1
instanceKlass com/google/common/collect/Iterators$5
ciInstanceKlass com/google/common/collect/AbstractIterator 1 1 95 10 9 9 9 9 10 9 10 10 10 9 9 10 100 10 10 7 7 7 1 7 1 1 1 1 1 1 1 1 1 1 1 1 1 1 1 1 1 1 1 1 1 1 1 1 1 1 1 1 1 1 1 1 1 1 1 1 1 1 12 12 12 12 12 7 12 12 12 12 12 12 12 12 1 7 12 1 1 1 1 1 1 1 1 1 1 1 1 1 1 1 1 1 1
ciInstanceKlass com/google/common/collect/Iterators$5 1 1 62 9 9 10 11 11 11 10 7 7 1 1 1 1 1 1 1 1 1 1 1 1 1 1 1 1 1 1 1 1 1 1 1 1 1 1 1 100 12 12 12 12 7 12 12 7 12 12 1 1 1 1 1 1 1 1 1 1 1 1 1 1
instanceKlass com/google/common/collect/AbstractIndexedListIterator
ciInstanceKlass com/google/common/collect/UnmodifiableListIterator 1 1 72 10 100 10 100 7 100 1 1 1 1 1 1 1 1 1 1 1 1 1 1 1 1 1 1 1 1 1 1 1 1 1 1 1 1 1 1 1 1 1 12 1 1 1 1 1 100 1 8 1 1 12 10 1 1 1 8 1 1 8 1 1 1 8 1 1 1 8 1 1 8 1
instanceKlass com/google/common/collect/ImmutableList$1
instanceKlass com/google/common/collect/Iterators$ArrayItr
ciInstanceKlass com/google/common/collect/AbstractIndexedListIterator 1 1 67 10 10 10 9 9 10 100 10 10 10 7 7 1 1 1 1 1 1 1 1 1 1 1 1 1 1 1 1 1 1 1 1 1 1 1 1 1 1 1 1 1 1 1 1 1 1 1 1 1 1 12 12 7 12 12 12 12 1 12 12 1 1 1 1 1 1
ciInstanceKlass com/google/common/collect/Iterators$ArrayItr 1 1 55 10 9 9 7 7 10 9 7 1 1 1 1 1 1 1 1 1 1 1 1 1 1 1 1 1 1 1 1 1 1 1 1 1 1 1 1 1 1 1 1 1 1 1 12 12 12 100 1 1 12 12 1 1 1
staticfield com/google/common/collect/Iterators$ArrayItr EMPTY Lcom/google/common/collect/UnmodifiableListIterator; com/google/common/collect/Iterators$ArrayItr
instanceKlass com/google/common/collect/RegularImmutableMap
instanceKlass com/google/common/collect/ImmutableBiMapFauxverideShim
instanceKlass com/google/common/collect/ImmutableMap$IteratorBasedImmutableMap
ciInstanceKlass com/google/common/collect/ImmutableMap 1 1 520 10 10 9 10 7 10 10 10 7 10 7 10 8 10 10 10 100 10 10 100 10 8 10 8 8 10 10 7 100 10 100 10 11 10 9 10 100 10 10 11 11 10 10 10 11 11 11 10 10 100 10 10 10 10 10 9 10 9 10 10 10 100 10 10 18 10 9 10 10 10 9 100 100 10 10 10 10 10 100 10 10 7 100 100 1 1 1 100 1 1 1 1 1 1 1 1 1 1 1 1 1 1 1 1 1 1 1 1 1 1 1 1 1 1 1 1 1 1 1 1 1 1 1 1 1 1 1 1 1 1 1 1 1 1 1 1 1 1 1 1 1 1 1 1 1 1 1 1 1 1 1 1 1 1 1 1 1 1 1 1 1 1 1 1 1 1 1 1 1 1 1 1 1 1 1 1 1 1 1 1 1 1 1 1 1 1 1 1 1 1 1 1 1 1 1 1 1 1 1 1 1 1 1 1 1 1 1 1 1 1 1 1 1 1 1 1 1 1 1 1 1 1 1 1 1 1 1 1 1 1 1 1 1 1 1 1 100 1 1 1 1 1 1 1 1 1 1 1 1 1 1 1 1 1 1 1 1 1 1 1 1 1 1 1 1 1 1 1 1 1 1 1 1 1 1 1 1 1 1 1 1 1 1 1 1 1 1 1 1 1 1 1 1 1 1 1 1 1 100 1 1 1 1 1 1 1 1 1 1 1 1 1 1 100 1 1 1 1 1 1 1 1 1 1 1 1 1 1 1 1 1 1 1 1 1 1 1 1 1 1 3 1 100 12 12 7 12 7 12 1 12 12 7 12 100 1 1 12 1 12 12 12 12 1 100 12 12 1 1 12 1 1 12 12 1 1 12 1 12 12 12 12 100 12 12 100 12 12 12 12 12 100 12 12 12 100 12 1 12 12 12 12 12 12 12 12 12 12 1 12 12 1 15 16 15 16 12 100 12 12 12 12 12 12 1 1 12 12 100 12 100 12 12 1 12 12 1 1 1 1 1 1 1 1 1 1 1 1 1 1 1 1 1 1 1 1 1 1 1 1 1 1 1 1 1 1 1 1 1 1 1 1 1 1 1 1 1 1 1 1 1 1 10 1 1 1 1 1 1 1 1 1 1 1 1 1 1 1 1 100 12 1 1 100 1 1 100 1 1 1 100 1 8 1 1 12 10 1 1
staticfield com/google/common/collect/ImmutableMap EMPTY_ENTRY_ARRAY [Ljava/util/Map$Entry; 0 [Ljava/util/Map$Entry;
instanceKlass com/google/common/collect/ImmutableEntry
ciInstanceKlass com/google/common/collect/AbstractMapEntry 1 1 99 10 100 10 100 10 11 10 10 11 10 10 10 100 10 10 8 10 100 7 1 1 1 1 1 1 1 1 1 1 1 1 1 1 1 1 1 1 1 1 1 1 1 1 1 1 1 1 1 1 1 1 1 1 1 1 1 1 1 1 1 1 1 1 1 1 1 1 1 12 1 100 1 12 100 12 12 12 100 12 12 1 12 12 1 12 1 1 1 1 1 1 1 1 1 1 1 1 1
instanceKlass com/google/common/collect/ImmutableMapEntry
instanceKlass com/google/common/collect/LinkedHashMultimap$ValueEntry
ciInstanceKlass com/google/common/collect/ImmutableEntry 1 1 59 10 9 9 100 10 7 7 100 1 1 1 1 1 1 1 1 1 1 1 5 0 1 1 1 1 1 1 1 1 1 1 1 1 1 1 1 1 1 1 1 1 1 1 1 1 1 1 3 1 1 12 12 12 1 1 1 1 1
ciInstanceKlass com/google/common/base/Predicate 1 1 39 11 100 100 100 1 1 1 1 1 1 1 1 1 1 1 1 1 1 1 1 1 1 1 1 1 1 1 1 1 1 1 1 1 1 12 1 1 1
ciInstanceKlass com/google/inject/TypeLiteral 1 1 299 1 7 1 1 7 1 1 1 1 1 1 1 1 1 1 12 10 1 1 12 10 1 1 12 10 12 9 1 7 1 1 12 10 12 9 1 12 10 12 9 1 1 1 1 8 1 7 1 1 12 10 1 7 1 1 12 10 1 1 7 1 1 12 10 1 100 1 8 1 12 10 1 7 1 1 12 11 1 1 1 1 1 1 12 10 1 1 1 12 10 1 7 1 1 12 10 1 1 12 10 1 1 1 1 12 10 1 1 1 1 1 12 10 1 1 1 1 1 100 1 12 10 1 7 1 1 12 10 1 1 1 1 1 1 12 10 1 7 1 1 12 10 1 7 1 12 11 1 1 12 10 1 12 11 7 1 1 12 10 12 11 1 1 12 10 1 7 1 12 11 1 12 11 1 1 12 10 1 12 10 1 1 1 1 1 1 1 1 1 1 1 1 1 1 1 1 1 1 1 1 1 1 12 10 1 8 1 1 12 10 1 1 12 10 1 1 1 1 100 1 12 10 1 8 1 12 10 1 1 1 1 1 7 10 1 12 10 1 7 10 1 8 10 1 100 1 100 10 1 8 1 1 12 10 1 12 10 12 10 10 12 10 1 1 1 1 1 1 1 1 1 12 10 10 1 1 1 1 12 10 1 1 1 1 1 1 1 1 1 1 1 1 1 1 1 1 1 1
ciInstanceKlass com/google/common/collect/RegularImmutableMap 1 1 258 10 10 9 7 10 6 0 10 10 7 11 11 10 10 10 10 7 10 10 10 10 7 10 10 10 9 9 9 10 10 8 10 10 10 10 10 11 7 10 100 10 7 10 9 7 1 1 1 1 1 1 1 1 1 1 1 1 1 6 0 1 1 3 1 1 1 1 1 1 1 1 1 1 1 1 1 1 5 0 1 1 1 1 1 1 1 1 1 1 1 1 1 1 1 1 1 1 1 1 1 1 1 1 1 1 1 1 100 100 7 1 1 1 1 1 1 1 1 1 1 1 1 1 1 1 1 1 1 1 1 1 1 1 1 1 1 1 1 1 1 1 1 1 1 1 1 1 1 1 1 1 1 1 1 1 1 1 1 1 1 1 1 1 1 1 1 1 1 3 1 12 7 12 12 1 12 7 12 7 12 100 1 12 12 7 12 12 12 12 1 1 12 12 100 12 12 1 12 12 12 12 12 12 12 12 12 12 12 100 12 100 1 1 12 1 12 1 12 1 1 1 1 1 1 1 1 1 1 1 1 1 1 1 1 1 1 1 1 1 1 1 1 1 1 1 1 1 1 1 1 1 1 1 1 1 1 1
staticfield com/google/common/collect/RegularImmutableMap EMPTY Lcom/google/common/collect/ImmutableMap; com/google/common/collect/RegularImmutableMap
instanceKlass com/google/common/collect/ImmutableMapEntry$NonTerminalImmutableMapEntry
ciInstanceKlass com/google/common/collect/ImmutableMapEntry 1 1 64 7 10 10 10 10 7 100 1 1 100 1 1 1 1 1 1 1 1 1 1 1 1 1 1 1 1 1 1 1 1 1 1 1 1 1 1 1 1 1 1 1 1 1 1 1 1 1 1 1 1 12 7 12 12 12 1 1 1 1 1 1 1 1
ciInstanceKlass com/google/common/collect/ImmutableMapEntry$NonTerminalImmutableMapEntry 1 1 42 10 9 7 7 1 1 1 1 1 1 1 1 1 1 1 1 1 1 1 1 1 1 1 1 1 1 1 1 1 1 1 1 1 1 1 1 12 12 1 1 1
ciInstanceKlass com/google/common/collect/SingletonImmutableList 1 1 123 10 10 9 10 10 10 11 10 10 10 10 10 100 10 10 10 10 10 10 7 7 1 1 1 1 1 1 1 1 1 1 1 1 1 1 1 1 1 1 1 1 1 1 1 1 1 1 1 1 1 1 1 1 1 1 1 1 1 1 1 1 1 1 1 1 1 1 1 3 1 12 7 12 12 12 7 12 7 12 7 12 12 12 100 12 100 12 12 1 12 12 12 12 12 1 1 1 1 1 1 1 1 1 1 1 1 1 1 1 1 1 1 1 1 1 1 1 1 1 1 1 1
ciInstanceKlass com/google/common/collect/RegularImmutableList 1 1 90 10 9 10 10 100 10 10 7 7 10 9 7 1 1 1 1 1 1 1 1 1 1 1 1 1 1 1 1 1 1 1 1 1 1 1 1 1 1 1 1 1 1 1 1 1 1 1 1 1 1 1 1 1 1 1 1 1 1 1 1 1 1 1 1 3 1 12 12 7 12 7 12 1 7 12 12 1 1 12 12 1 1 1 1 1 1 1 1 1
staticfield com/google/common/collect/RegularImmutableList EMPTY Lcom/google/common/collect/ImmutableList; com/google/common/collect/RegularImmutableList
ciInstanceKlass com/google/common/collect/ImmutableList$Builder 1 1 150 7 10 10 7 9 9 10 10 9 10 10 10 10 10 7 11 7 10 10 10 10 10 10 10 10 10 7 1 1 1 1 1 1 1 1 1 1 1 1 1 1 1 1 1 1 1 1 1 1 1 1 1 1 1 1 1 1 1 1 1 1 1 1 1 1 1 1 1 1 1 1 1 1 1 1 1 1 1 1 1 1 1 1 1 1 1 1 1 1 1 1 1 1 1 1 1 1 1 12 12 1 12 12 12 7 12 12 7 12 12 7 12 12 7 12 1 12 1 12 12 12 7 12 12 12 12 12 12 1 1 1 1 1 1 1 1 1 1 1 1 1 1 1 1 1 1 1 1 1
ciInstanceKlass apex/jorje/semantic/symbol/type/TypeInfo 1 1 90 18 12 1 1 9 7 12 1 1 1 18 9 12 1 100 1 7 1 1 1 1 1 1 1 1 1 1 1 1 1 1 1 1 1 1 1 1 1 1 1 1 1 1 1 1 1 1 1 1 1 1 1 1 1 1 1 1 1 1 15 10 7 12 1 1 1 16 1 15 11 12 1 16 1 15 11 12 1 1 100 1 100 1 1 100 1 100 1 1
staticfield apex/jorje/semantic/symbol/type/TypeInfo TO_APEX_NAME Ljava/util/function/Function; apex/jorje/semantic/symbol/type/TypeInfo$$Lambda$292+0x00000249671ea798
staticfield apex/jorje/semantic/symbol/type/TypeInfo TO_BYTECODE_NAME Ljava/util/function/Function; apex/jorje/semantic/symbol/type/TypeInfo$$Lambda$293+0x00000249671ea9d0
ciInstanceKlass apex/jorje/data/Locatable 1 1 20 9 7 12 1 1 1 100 1 100 1 1 1 1 1 1 1 1 1 1
ciInstanceKlass apex/jorje/semantic/ast/AstNode 1 0 19 100 1 100 1 100 1 1 1 1 1 1 1 1 1 1 1 1 1
instanceKlass apex/jorje/semantic/ast/compilation/Compilation$1
instanceKlass apex/jorje/semantic/ast/compilation/InvalidDependentCompilation
instanceKlass apex/jorje/semantic/ast/compilation/AnonymousClass
instanceKlass apex/jorje/semantic/ast/compilation/UserTrigger
instanceKlass apex/jorje/semantic/ast/compilation/UserInterface
instanceKlass apex/jorje/semantic/ast/compilation/UserEnum
instanceKlass apex/jorje/semantic/ast/compilation/UserClass
ciInstanceKlass apex/jorje/semantic/ast/compilation/Compilation 1 1 75 10 7 12 1 1 1 9 7 12 1 1 1 9 12 1 1 100 1 8 1 10 12 1 10 7 12 1 1 1 7 1 10 9 12 1 1 100 1 1 1 1 1 1 1 1 1 1 1 1 1 1 1 1 100 1 8 1 1 12 10 1 1 1 8 1 1 1 8 1 1 1 8 1 1
staticfield apex/jorje/semantic/ast/compilation/Compilation INVALID Lapex/jorje/semantic/ast/compilation/Compilation; apex/jorje/semantic/ast/compilation/Compilation$1
staticfield apex/jorje/semantic/ast/compilation/Compilation $assertionsDisabled Z 1
ciInstanceKlass apex/jorje/semantic/ast/compilation/UserClass 1 1 577 10 7 12 1 1 1 9 7 12 1 1 1 9 7 12 1 1 1 9 7 1 10 7 12 1 1 1 9 12 1 1 10 12 1 1 11 7 12 1 1 1 10 7 12 1 1 1 10 100 12 1 1 10 100 12 1 1 1 10 7 12 1 1 1 10 7 12 1 1 1 10 12 1 1 9 12 1 1 10 7 12 1 1 1 9 12 1 1 7 1 10 12 1 1 10 12 1 9 12 1 1 11 7 12 1 1 1 10 7 12 1 1 1 7 1 9 12 1 1 10 12 1 7 1 11 7 12 1 1 1 10 9 12 1 7 1 10 12 1 9 12 1 10 7 12 1 1 10 7 12 1 1 1 10 12 1 10 12 1 1 10 12 1 10 12 1 10 12 1 9 12 1 1 7 1 11 12 1 1 10 12 1 9 12 1 1 9 12 1 7 1 10 9 12 1 1 10 7 12 1 1 1 10 7 12 1 1 1 10 12 1 1 11 12 1 1 11 7 12 1 1 11 12 1 1 10 10 12 1 7 1 11 10 12 1 7 1 10 10 10 12 1 1 10 12 1 10 7 1 10 12 1 1 10 7 12 1 1 1 10 7 12 1 1 1 10 7 12 1 1 11 12 1 9 7 12 1 1 1 10 7 12 1 1 1 10 12 1 1 10 12 1 10 12 1 1 10 12 1 1 9 7 12 1 1 1 10 11 7 12 1 1 1 10 7 12 1 1 1 11 12 1 1 11 100 12 1 1 1 10 12 1 1 10 12 1 1 10 12 1 11 10 10 10 10 100 12 1 1 10 100 12 1 1 10 100 12 1 1 1 10 12 1 10 100 12 1 1 1 10 100 12 1 1 10 12 1 1 10 12 1 1 10 100 12 1 1 1 10 12 1 1 10 12 1 10 12 1 11 11 12 1 1 10 100 12 1 1 11 100 12 1 1 1 18 12 1 1 11 12 1 1 10 10 100 12 1 1 1 10 10 12 1 1 10 100 1 10 12 1 1 10 12 10 12 1 1 10 12 1 1 10 12 1 1 10 12 1 10 12 1 1 10 100 12 1 1 1 8 10 100 12 1 1 1 8 10 12 1 10 1 1 1 1 1 1 1 1 1 1 1 1 1 1 1 1 1 1 1 1 1 100 1 1 1 1 1 1 1 1 1 1 1 1 1 1 100 1 1 1 1 1 1 1 1 1 1 1 1 1 1 1 1 1 1 1 1 1 1 1 1 1 15 10 100 12 1 1 1 16 1 15 10 12 16 1 1 100 1 1 100 1 1 100 1 1 100 1 1 1 1 100 1 100 1 1
instanceKlass apex/jorje/semantic/ast/statement/MultiStatement
instanceKlass apex/jorje/semantic/ast/compilation/ConstructorPreamble
instanceKlass apex/jorje/semantic/ast/statement/ConstructorPreambleStatement
instanceKlass apex/jorje/semantic/ast/statement/Statement$2
instanceKlass apex/jorje/semantic/ast/statement/Statement$1
instanceKlass apex/jorje/semantic/ast/statement/SimpleStatement
instanceKlass apex/jorje/semantic/ast/compilation/UserClassMembers$2
instanceKlass apex/jorje/semantic/ast/member/AccessorFactory$3
instanceKlass apex/jorje/semantic/ast/member/AccessorFactory$2
instanceKlass apex/jorje/semantic/ast/statement/MethodBlockStatement
instanceKlass apex/jorje/semantic/ast/statement/SwitchStatement
instanceKlass apex/jorje/semantic/ast/statement/TryCatchFinallyBlockStatement
instanceKlass apex/jorje/semantic/ast/statement/ExpressionStatement
instanceKlass apex/jorje/semantic/ast/statement/ForEachStatement
instanceKlass apex/jorje/semantic/ast/statement/CatchBlockStatement
instanceKlass apex/jorje/semantic/ast/statement/ForLoopStatement
instanceKlass apex/jorje/semantic/ast/statement/FieldDeclaration
instanceKlass apex/jorje/semantic/ast/statement/DmlUndeleteStatement
instanceKlass apex/jorje/semantic/ast/statement/DmlUpdateStatement
instanceKlass apex/jorje/semantic/ast/statement/DmlUpsertStatement
instanceKlass apex/jorje/semantic/ast/statement/DoLoopStatement
instanceKlass apex/jorje/semantic/ast/statement/RunAsBlockStatement
instanceKlass apex/jorje/semantic/ast/statement/ThrowStatement
instanceKlass apex/jorje/semantic/ast/statement/VariableDeclaration
instanceKlass apex/jorje/semantic/ast/statement/VariableDeclarationStatements
instanceKlass apex/jorje/semantic/ast/statement/WhileLoopStatement
instanceKlass apex/jorje/semantic/ast/statement/FieldDeclarationStatements
instanceKlass apex/jorje/semantic/ast/statement/IfBlockStatement
instanceKlass apex/jorje/semantic/ast/statement/ReturnStatement
instanceKlass apex/jorje/semantic/ast/statement/IfElseBlockStatement
instanceKlass apex/jorje/semantic/ast/statement/ContinueStatement
instanceKlass apex/jorje/semantic/ast/statement/DmlDeleteStatement
instanceKlass apex/jorje/semantic/ast/statement/DmlInsertStatement
instanceKlass apex/jorje/semantic/ast/statement/DmlMergeStatement
instanceKlass apex/jorje/semantic/ast/statement/BreakStatement
instanceKlass apex/jorje/semantic/ast/statement/BlockStatement
ciInstanceKlass apex/jorje/semantic/ast/statement/Statement 1 1 94 10 7 12 1 1 1 10 7 12 1 1 11 7 12 1 1 1 9 12 1 1 9 12 1 1 10 12 1 1 10 100 12 1 1 1 10 100 12 1 1 1 100 1 7 1 10 9 12 1 1 7 1 10 9 12 1 1 1 1 1 1 1 1 100 1 1 1 1 1 1 1 1 1 1 1 1 100 1 8 1 1 12 10 1 1 1 8 1 1 1 8 1 1
staticfield apex/jorje/semantic/ast/statement/Statement NOOP Lapex/jorje/semantic/ast/statement/Statement; apex/jorje/semantic/ast/statement/Statement$1
staticfield apex/jorje/semantic/ast/statement/Statement INVALID Lapex/jorje/semantic/ast/statement/Statement; apex/jorje/semantic/ast/statement/Statement$2
ciInstanceKlass apex/jorje/semantic/ast/member/Method 1 1 588 10 7 12 1 1 1 11 7 12 1 1 1 9 7 12 1 1 1 9 12 1 1 7 1 10 7 12 1 1 1 10 12 1 9 12 1 1 9 12 1 1 7 1 10 9 12 1 1 7 1 10 12 1 9 12 1 1 10 12 1 1 10 7 12 1 1 1 10 7 12 1 1 1 10 12 1 1 10 12 1 1 11 7 12 1 1 1 11 7 12 1 1 1 11 12 1 1 7 1 10 10 10 12 1 1 10 12 1 10 7 1 9 12 1 1 11 7 12 1 1 1 10 7 12 1 1 11 12 1 10 12 1 1 11 10 7 12 1 1 1 10 10 7 12 1 1 1 9 7 12 1 1 1 10 12 1 1 10 7 12 1 1 1 11 7 12 1 1 1 11 12 1 9 7 12 1 1 1 9 7 12 1 1 1 10 7 12 1 1 1 8 1 10 7 12 1 1 1 10 12 1 1 11 10 12 1 11 12 1 1 8 1 10 100 12 1 1 1 10 10 10 12 1 1 8 1 10 12 1 1 11 7 12 1 1 1 9 7 12 1 1 1 10 7 12 1 1 1 10 10 12 1 8 1 10 12 1 10 12 1 10 12 1 1 10 7 12 1 1 9 7 12 1 1 1 10 12 1 1 8 1 8 1 9 12 1 1 10 12 1 100 1 8 1 10 12 1 18 12 1 1 100 1 10 12 1 10 12 1 10 10 100 12 1 1 18 12 1 10 12 1 11 7 12 1 1 1 10 12 1 10 12 1 1 11 12 1 1 10 100 12 1 1 1 18 12 1 1 10 12 1 1 10 12 1 10 12 1 1 10 100 12 1 1 1 10 100 12 1 1 1 10 12 1 1 11 100 1 100 1 10 12 1 1 10 12 1 10 12 1 10 100 12 1 1 11 100 12 1 1 10 12 1 1 10 100 12 1 1 1 10 12 1 9 100 12 1 1 1 10 12 1 9 100 12 1 1 1 10 12 1 1 9 100 12 1 1 1 10 12 1 11 10 12 1 1 9 100 12 1 1 1 10 100 12 1 1 1 10 11 100 12 1 1 10 12 1 1 10 12 1 1 10 12 1 1 10 10 10 12 1 10 12 1 100 1 10 12 1 10 12 1 10 12 1 10 7 12 1 1 1 1 1 3 1 1 1 1 1 1 1 1 1 1 1 1 1 1 1 1 1 1 1 1 1 1 1 100 1 1 1 1 1 1 1 1 1 1 1 1 1 1 1 1 1 1 1 1 1 1 1 1 1 1 15 10 100 12 1 1 1 16 15 10 12 15 10 100 12 1 1 8 1 16 15 10 16 1 1 1 1 1 100 1 100 1 1
staticfield apex/jorje/semantic/ast/member/Method $assertionsDisabled Z 1
instanceKlass apex/jorje/semantic/ast/modifier/ModifierInfo
ciInstanceKlass apex/jorje/semantic/ast/modifier/ModifierGroup 1 1 311 10 7 12 1 1 1 10 7 12 1 1 1 9 7 12 1 1 1 10 12 1 1 9 12 1 1 10 12 1 1 9 12 1 1 9 12 1 1 10 12 1 11 7 12 1 1 1 7 1 9 12 1 7 1 10 9 12 1 1 10 7 12 1 1 1 9 12 1 1 7 1 10 12 1 10 7 12 1 1 1 9 12 1 1 10 12 1 1 11 12 1 1 9 12 1 1 10 11 12 1 1 11 7 12 1 1 11 12 1 1 7 1 9 12 1 10 12 1 1 100 1 10 11 7 12 1 1 1 11 7 12 1 1 1 11 100 1 100 1 10 11 12 1 11 12 1 1 10 12 1 1 8 1 10 12 1 10 12 1 10 12 1 9 7 12 1 1 1 9 7 12 1 1 1 10 12 1 1 9 12 1 10 12 1 1 10 12 1 1 10 12 1 10 100 12 1 1 1 8 10 100 12 1 1 8 10 12 1 8 1 10 12 1 1 8 1 11 7 12 1 1 11 12 100 1 10 12 1 11 12 1 1 100 1 10 12 1 11 12 1 1 10 7 12 1 1 10 7 12 1 1 1 9 12 1 100 1 1 1 1 1 1 1 1 1 1 1 1 1 1 1 1 1 1 1 1 1 1 1 1 1 1 1 1 1 1 1 1 1 1 1 1 1 1 1 1 1 1 1 1 1 1 1 1 100 1 100 1 1 1
staticfield apex/jorje/semantic/ast/modifier/ModifierGroup MODIFIERS_INTERNER Lcom/google/common/collect/Interner; com/google/common/collect/Interners$InternerImpl
staticfield apex/jorje/semantic/ast/modifier/ModifierGroup MODIFIER_TYPES_INTERNER Lcom/google/common/collect/Interner; com/google/common/collect/Interners$InternerImpl
staticfield apex/jorje/semantic/ast/modifier/ModifierGroup $assertionsDisabled Z 1
ciInstanceKlass apex/jorje/semantic/ast/statement/FieldDeclarationStatements 1 1 361 10 7 12 1 1 1 9 7 12 1 1 1 9 7 12 1 1 1 9 7 12 1 1 10 7 12 1 1 1 9 12 1 1 9 12 1 1 11 7 12 1 1 1 9 7 12 1 1 1 11 7 12 1 1 1 18 12 1 1 11 12 1 1 11 12 1 1 10 7 12 1 1 1 11 12 1 1 9 12 1 10 7 12 1 1 1 9 7 12 1 1 1 10 7 12 1 1 1 9 12 1 10 12 1 1 10 12 1 1 9 12 1 1 7 1 10 12 1 9 12 1 10 7 12 1 1 1 10 12 1 1 11 12 1 1 11 7 12 1 1 1 11 12 1 1 7 1 10 10 12 1 1 10 7 12 1 1 1 10 7 12 1 1 10 12 1 1 11 7 12 1 1 1 9 12 1 11 7 12 1 1 10 7 12 1 1 10 12 1 9 7 12 1 1 1 10 7 12 1 1 1 9 100 12 1 1 1 10 100 12 1 1 1 10 12 1 1 8 1 10 100 12 1 1 1 10 12 1 10 7 12 1 1 1 11 12 1 1 9 7 12 1 1 1 9 7 12 1 1 1 10 7 12 1 1 1 8 1 100 1 10 12 1 10 12 1 1 10 10 12 1 1 9 12 1 1 100 1 10 12 1 10 12 1 10 7 12 1 1 1 1 1 1 1 1 1 1 1 1 1 1 1 1 1 1 1 1 1 1 1 1 1 1 1 1 1 1 1 1 1 1 1 1 1 1 1 1 1 1 1 1 1 1 1 1 1 15 10 7 12 1 1 1 16 1 15 10 12 16 1 100 1 1 1 1 100 1 100 1 1
staticfield apex/jorje/semantic/ast/statement/FieldDeclarationStatements $assertionsDisabled Z 1
ciInstanceKlass apex/jorje/semantic/ast/modifier/ModifierNode 1 1 352 11 7 12 1 1 1 10 7 12 1 1 1 10 7 12 1 1 9 12 1 1 9 12 1 1 10 7 12 1 1 1 11 7 12 1 1 1 11 7 12 1 1 1 11 12 1 1 7 1 10 12 1 1 10 7 12 1 1 1 10 12 1 1 10 12 1 1 10 12 1 1 11 7 1 7 1 10 12 1 1 10 7 12 1 1 1 10 7 12 1 1 1 10 12 1 1 10 100 12 1 1 1 10 100 12 1 1 1 10 12 1 1 100 1 11 12 1 1 10 12 1 11 12 1 9 12 1 1 11 12 1 1 10 12 1 1 11 100 12 1 1 10 12 1 1 10 100 12 1 1 1 8 1 11 100 12 1 1 10 100 12 1 1 1 10 100 12 1 1 8 1 11 12 1 11 12 1 1 8 1 10 12 1 18 12 1 1 10 100 12 1 1 1 11 7 12 1 1 1 11 7 12 1 1 1 10 12 1 1 10 12 1 7 1 10 12 10 12 1 7 1 11 12 1 1 10 7 12 1 1 10 10 12 1 9 7 12 1 1 1 10 7 1 10 12 1 1 9 7 12 1 1 1 10 12 1 1 9 12 1 9 12 1 8 1 10 100 12 1 1 1 10 12 1 1 1 1 1 1 1 1 1 1 1 1 1 1 1 1 1 1 1 1 1 1 1 1 1 1 1 1 1 1 1 1 1 1 1 1 1 1 1 1 1 1 1 1 1 1 1 1 1 1 1 1 1 1 1 1 1 15 10 100 12 1 1 1 16 1 15 11 12 1 16 1 1 100 1 100 1 1
ciInstanceKlass apex/jorje/semantic/ast/statement/MethodBlockStatement 1 1 193 10 7 12 1 1 1 9 7 12 1 1 1 9 12 1 1 11 7 12 1 1 1 11 12 1 100 1 8 1 10 12 1 11 12 1 1 11 7 12 1 1 1 9 7 12 1 1 1 7 1 10 12 1 11 12 1 1 10 7 12 1 1 7 1 11 12 1 1 10 12 1 9 12 1 10 12 1 1 10 7 12 1 1 1 10 12 1 1 9 12 1 10 12 1 1 10 12 1 1 10 12 1 1 10 7 12 1 1 1 10 12 1 10 12 1 10 100 12 1 1 1 10 10 12 1 1 9 100 12 1 1 1 10 11 12 1 1 11 100 12 1 1 1 10 12 1 1 10 100 12 1 1 100 1 10 12 10 7 12 1 1 1 1 1 1 1 1 1 1 1 1 1 1 1 1 1 1 1 1 1 1 1 1 1 1 1 1 1 1 1 1 1
staticfield apex/jorje/semantic/ast/statement/MethodBlockStatement $assertionsDisabled Z 1
ciInstanceKlass apex/jorje/semantic/symbol/member/method/signature/Signature 1 1 197 10 7 12 1 1 1 9 7 12 1 1 1 10 100 12 1 1 1 10 12 1 100 1 10 10 7 12 1 1 1 10 12 1 1 9 12 1 1 9 12 1 1 9 12 1 10 7 12 1 1 1 9 12 1 1 9 12 1 1 10 7 12 1 1 1 9 12 1 9 12 1 9 12 1 10 7 12 1 1 11 7 12 1 1 7 1 10 100 12 1 1 1 10 100 12 1 1 1 10 100 12 1 1 1 10 12 1 1 10 100 12 1 1 1 10 12 1 1 10 12 1 10 12 1 1 10 7 12 1 1 1 18 12 1 18 1 1 1 1 1 1 1 1 1 1 1 100 1 100 1 1 1 1 1 1 1 1 1 1 1 1 1 1 1 1 1 1 1 1 1 1 1 15 10 7 12 1 1 1 16 15 10 12 16 15 10 7 12 1 1 1 100 1 100 1 1
staticfield apex/jorje/semantic/symbol/member/method/signature/Signature CREATE_APEX_NAME Lapex/common/base/Initializer; apex/jorje/semantic/symbol/member/method/signature/Signature$$Lambda$287+0x00000249671e7638
staticfield apex/jorje/semantic/symbol/member/method/signature/Signature CREATE_TYPE_DESCRIPTOR Lapex/common/base/Initializer; apex/jorje/semantic/symbol/member/method/signature/Signature$$Lambda$288+0x00000249671e7a50
staticfield apex/jorje/semantic/symbol/member/method/signature/Signature $assertionsDisabled Z 1
ciInstanceKlass apex/jorje/data/Location 1 0 14 100 1 100 1 100 1 1 1 1 1 1 1 1
ciInstanceKlass com/google/common/collect/MapMakerInternalMap 1 1 577 100 10 10 10 7 3 10 9 10 9 9 10 3 9 9 10 9 7 10 10 9 10 10 10 9 10 10 10 100 10 10 10 100 8 10 9 11 10 10 10 10 11 11 10 10 10 11 11 7 11 11 10 9 9 10 10 10 10 10 5 0 9 10 10 7 10 10 10 11 10 10 11 11 11 11 100 11 11 10 10 10 10 10 10 9 100 10 9 100 10 9 100 10 100 11 10 11 10 100 10 7 10 7 100 100 1 1 100 1 100 1 1 1 1 100 1 100 1 100 1 100 1 100 1 100 1 100 1 100 1 100 1 100 1 100 1 100 1 1 100 1 100 1 100 1 100 1 100 1 100 1 100 1 100 1 100 1 100 1 100 1 100 1 100 1 1 7 1 7 1 1 1 1 1 1 3 1 3 1 3 1 1 5 0 1 1 1 1 1 1 1 1 1 1 1 1 1 1 1 1 1 1 1 1 1 1 1 1 1 1 1 1 5 0 1 1 1 1 1 1 1 1 1 1 1 1 1 1 1 1 1 1 1 1 1 1 100 1 1 1 1 1 1 1 1 1 1 1 1 1 1 1 1 1 1 1 1 1 1 1 1 1 1 1 1 1 1 1 1 1 1 1 1 1 1 1 1 1 1 1 1 1 1 1 1 1 1 1 1 1 1 1 1 1 100 1 1 1 1 1 1 1 1 1 1 1 1 1 1 1 1 1 1 1 1 1 1 1 1 100 100 1 1 1 1 1 1 1 1 1 1 1 1 1 100 1 1 1 1 1 1 1 1 1 1 1 1 100 1 1 1 100 1 1 1 1 1 1 1 1 1 1 1 1 1 1 1 1 1 1 1 1 1 12 12 12 1 7 12 12 12 12 12 12 12 12 12 12 1 12 12 12 12 100 12 12 12 100 12 7 12 100 12 1 100 12 7 12 1 1 12 12 12 12 12 7 12 12 12 12 12 12 12 12 12 1 12 12 12 12 12 12 12 12 12 12 12 12 1 12 12 12 12 7 12 12 100 12 12 12 12 1 12 12 12 12 12 12 12 1 12 12 1 12 1 1 12 12 100 12 1 12 1 1 1 1 1 1 1 1 1 1 1 1 1 1 1 1 1 1 1 1 1 1 1 1 1 1 1 1 1 1 1 1 1 1 1 1 1 1 1 1 1 1 1 1 1 1 1 1 1 1 1 1 1 1 1 1 1 1 1 1 1 1 1 1 1 1 1 1 1 1 1 1 1 1 1 1 1 1 1 1 1 1 1 1 1 1 1 1 1 1 1 1 1 1 1 1 1 1 1 1 1 1 1 1
staticfield com/google/common/collect/MapMakerInternalMap UNSET_WEAK_VALUE_REFERENCE Lcom/google/common/collect/MapMakerInternalMap$WeakValueReference; com/google/common/collect/MapMakerInternalMap$1
ciInstanceKlass com/google/common/collect/MapMakerInternalMap$InternalEntry 1 0 23 100 100 1 1 1 1 1 1 1 1 1 1 1 1 1 1 1 1 100 1 1 1
ciInstanceKlass apex/jorje/semantic/compiler/SourceFile 1 1 154 10 7 12 1 1 1 9 7 12 1 1 1 9 7 1 9 12 1 1 9 9 12 1 1 9 9 12 1 1 9 9 12 1 9 9 12 1 1 9 9 12 1 9 9 12 1 9 9 12 1 9 9 12 1 1 10 7 12 1 1 1 10 7 12 1 1 1 10 7 12 1 1 1 10 12 1 9 12 1 9 12 1 9 9 12 1 1 9 9 12 1 9 9 12 1 9 9 12 1 1 9 10 10 12 1 1 100 1 1 1 1 1 1 1 1 1 1 1 1 1 1 1 1 1 1 1 1 1 1 1 1 1 1 1 1 1 1 1 1 1 1 1 1 1 1 1 1 1 1 1 100 1 1
ciInstanceKlass apex/jorje/semantic/exception/UnexpectedCodePathException 0 0 26 8 1 10 100 12 1 1 1 100 1 1 1 1 5 0 1 1 1 1 1 1 1 1 1 1
ciInstanceKlass apex/jorje/semantic/symbol/type/TypeInfos 1 1 381 100 1 10 7 12 1 1 1 10 7 12 1 1 1 10 7 12 1 1 1 9 7 12 1 1 1 10 12 1 1 9 7 12 1 1 1 10 12 1 1 9 7 12 1 1 1 10 12 1 1 10 12 1 1 9 7 12 1 1 8 1 10 12 1 1 7 1 8 1 10 12 1 8 1 10 12 1 9 12 1 9 9 12 8 1 7 1 8 1 8 1 9 12 9 9 12 1 9 12 8 1 7 1 8 1 8 1 9 12 1 9 9 12 8 1 8 1 10 12 1 9 12 1 9 12 7 1 7 1 8 1 8 1 9 12 1 9 9 12 7 1 7 1 8 1 9 12 1 9 9 12 7 1 7 1 8 1 9 12 1 9 9 12 7 1 7 1 8 1 9 12 1 9 9 12 7 1 7 1 8 1 9 12 1 9 9 12 7 1 9 12 1 9 7 1 8 1 9 12 8 1 7 1 8 1 8 1 9 12 1 9 9 12 7 1 8 1 9 12 1 9 7 1 8 1 9 12 8 1 7 1 8 1 8 1 9 12 1 9 9 12 10 7 12 1 1 8 1 10 7 1 8 1 10 7 1 9 7 12 1 1 1 10 12 1 1 9 7 12 1 1 1 10 12 1 1 9 7 1 10 9 12 1 10 10 12 1 9 12 1 8 1 8 1 9 7 1 9 12 1 9 12 8 1 8 1 9 12 1 9 12 9 7 1 9 12 1 9 12 10 7 12 1 1 7 1 10 7 1 10 7 12 1 1 1 10 10 10 7 1 9 12 1 1 8 1 7 1 8 1 8 1 9 12 1 10 7 12 1 1 10 12 1 10 9 12 1 1 1 1 1 1 1 1 1 1 100 1 100 1
staticfield apex/jorje/semantic/symbol/type/TypeInfos OBJECT Lapex/jorje/semantic/symbol/type/ScalarTypeInfo; apex/jorje/semantic/symbol/type/ScalarTypeInfo
staticfield apex/jorje/semantic/symbol/type/TypeInfos BLOB Lapex/jorje/semantic/symbol/type/ScalarTypeInfo; apex/jorje/semantic/symbol/type/ScalarTypeInfo
staticfield apex/jorje/semantic/symbol/type/TypeInfos CURRENCY Lapex/jorje/semantic/symbol/type/ScalarTypeInfo; apex/jorje/semantic/symbol/type/ScalarTypeInfo
staticfield apex/jorje/semantic/symbol/type/TypeInfos ID Lapex/jorje/semantic/symbol/type/ScalarTypeInfo; apex/jorje/semantic/symbol/type/ScalarTypeInfo
staticfield apex/jorje/semantic/symbol/type/TypeInfos VOID Lapex/jorje/semantic/symbol/type/ScalarTypeInfo; apex/jorje/semantic/symbol/type/ScalarTypeInfo
staticfield apex/jorje/semantic/symbol/type/TypeInfos DECIMAL Lapex/jorje/semantic/symbol/type/ScalarTypeInfo; apex/jorje/semantic/symbol/type/ScalarTypeInfo
staticfield apex/jorje/semantic/symbol/type/TypeInfos DOUBLE Lapex/jorje/semantic/symbol/type/ScalarTypeInfo; apex/jorje/semantic/symbol/type/ScalarTypeInfo
staticfield apex/jorje/semantic/symbol/type/TypeInfos LONG Lapex/jorje/semantic/symbol/type/ScalarTypeInfo; apex/jorje/semantic/symbol/type/ScalarTypeInfo
staticfield apex/jorje/semantic/symbol/type/TypeInfos INTEGER Lapex/jorje/semantic/symbol/type/ScalarTypeInfo; apex/jorje/semantic/symbol/type/ScalarTypeInfo
staticfield apex/jorje/semantic/symbol/type/TypeInfos BOOLEAN Lapex/jorje/semantic/symbol/type/ScalarTypeInfo; apex/jorje/semantic/symbol/type/ScalarTypeInfo
staticfield apex/jorje/semantic/symbol/type/TypeInfos STRING Lapex/jorje/semantic/symbol/type/ScalarTypeInfo; apex/jorje/semantic/symbol/type/ScalarTypeInfo
staticfield apex/jorje/semantic/symbol/type/TypeInfos TIME Lapex/jorje/semantic/symbol/type/ScalarTypeInfo; apex/jorje/semantic/symbol/type/ScalarTypeInfo
staticfield apex/jorje/semantic/symbol/type/TypeInfos DATE_TIME Lapex/jorje/semantic/symbol/type/ScalarTypeInfo; apex/jorje/semantic/symbol/type/ScalarTypeInfo
staticfield apex/jorje/semantic/symbol/type/TypeInfos DATE Lapex/jorje/semantic/symbol/type/ScalarTypeInfo; apex/jorje/semantic/symbol/type/ScalarTypeInfo
staticfield apex/jorje/semantic/symbol/type/TypeInfos LIST Lapex/jorje/semantic/symbol/type/GenericTypeInfo; apex/jorje/semantic/symbol/type/GenericTypeInfo
staticfield apex/jorje/semantic/symbol/type/TypeInfos SET Lapex/jorje/semantic/symbol/type/GenericTypeInfo; apex/jorje/semantic/symbol/type/GenericTypeInfo
staticfield apex/jorje/semantic/symbol/type/TypeInfos MAP Lapex/jorje/semantic/symbol/type/GenericTypeInfo; apex/jorje/semantic/symbol/type/GenericTypeInfo
staticfield apex/jorje/semantic/symbol/type/TypeInfos EXCEPTION Lapex/jorje/semantic/symbol/type/StandardTypeInfo; apex/jorje/semantic/symbol/type/StandardTypeInfoImpl
staticfield apex/jorje/semantic/symbol/type/TypeInfos SOBJECT Lapex/jorje/semantic/symbol/type/ScalarTypeInfo; apex/jorje/semantic/symbol/type/ScalarTypeInfo
instanceKlass apex/jorje/lsp/impl/index/symbol/VirtualStandardTypeInfo
instanceKlass apex/jorje/semantic/symbol/type/VfComponentTypeInfo
instanceKlass apex/jorje/semantic/symbol/type/SObjectTypeInfo
instanceKlass apex/jorje/semantic/symbol/type/FlowInterviewTypeInfo
instanceKlass apex/jorje/semantic/symbol/type/StandardAnnotationTypeInfo
instanceKlass apex/jorje/semantic/symbol/type/StandardTypeInfoImpl
instanceKlass apex/jorje/semantic/symbol/type/ArgumentTypeInfo
instanceKlass apex/jorje/semantic/symbol/type/InternalTypeInfo
instanceKlass apex/jorje/semantic/symbol/type/ModifierTypeInfo
instanceKlass apex/jorje/semantic/symbol/type/GenericTypeInfo
instanceKlass apex/jorje/semantic/symbol/type/ScalarTypeInfo
ciInstanceKlass apex/jorje/semantic/symbol/type/AbstractTypeInfo 1 1 226 10 7 12 1 1 1 10 7 12 1 1 1 9 7 12 1 1 1 10 12 1 1 9 7 1 9 12 1 9 9 12 1 10 7 12 1 1 1 7 1 9 10 12 1 1 9 12 1 9 12 1 1 9 9 12 1 1 9 9 12 1 1 9 9 12 1 1 9 9 12 1 1 9 9 12 1 9 9 12 1 7 1 9 9 12 1 9 9 12 1 1 9 9 12 1 1 9 9 12 1 9 9 12 1 1 10 7 12 1 1 1 9 12 1 1 9 12 1 100 1 8 1 10 12 1 8 1 8 1 8 1 8 1 8 1 8 1 8 1 11 12 1 7 1 7 1 7 1 10 7 12 1 1 1 7 1 10 12 1 10 7 12 1 1 1 7 1 10 100 1 1 1 1 1 1 1 1 1 1 1 1 1 1 1 1 1 1 1 1 1 1 1 1 1 1 1 1 1 1 1 1 1 1 1 1 1 1 1 1 1 1 1 1 1 1 1 1 1 100 1 1 1 100 1 1
staticfield apex/jorje/semantic/symbol/type/AbstractTypeInfo TYPE_INFO_WRAPPER Lcom/google/common/base/Equivalence; apex/jorje/semantic/symbol/type/TypeInfoEquivalence
staticfield apex/jorje/semantic/symbol/type/AbstractTypeInfo $assertionsDisabled Z 1
ciInstanceKlass apex/jorje/semantic/symbol/type/ScalarTypeInfo 1 1 44 10 7 12 1 1 1 7 1 10 12 1 11 7 12 1 1 1 100 1 1 1 1 1 1 1 1 1 1 1 1 1 1 1 1 1 1 1 1 1 1 100 1 1
ciInstanceKlass com/google/common/collect/Interner 1 0 20 100 100 1 1 1 1 1 1 1 1 1 1 1 1 1 1 1 1 1
ciInstanceKlass com/google/common/collect/Interners$InternerImpl 1 1 96 10 10 10 10 10 9 10 11 9 10 7 7 7 100 1 1 1 1 1 1 1 1 1 1 1 1 1 1 1 1 1 1 1 1 1 1 1 1 1 1 7 1 1 1 1 1 1 1 1 100 1 1 1 1 1 1 1 12 12 7 12 7 12 7 12 12 12 12 12 12 1 100 1 1 1 1 1 1 1 1 1 1 1 1 1 1 1 1 1 1 1 1 1 1 1
ciInstanceKlass apex/jorje/semantic/ast/modifier/ModifierGroupBuilder 1 1 326 10 7 12 1 1 1 9 7 12 1 1 1 9 7 12 1 1 7 1 10 9 12 1 1 10 7 12 1 1 1 9 12 1 11 7 12 1 1 1 11 12 1 1 9 12 1 1 11 7 12 1 1 1 7 1 11 12 1 1 11 7 12 1 1 1 10 7 12 1 1 18 12 1 1 11 12 1 1 10 12 1 1 10 7 12 1 1 1 10 7 12 1 1 10 12 1 10 12 1 1 11 12 1 1 11 12 1 1 10 12 1 1 10 12 1 1 11 12 1 11 7 12 1 1 9 7 12 1 1 1 10 12 1 1 11 12 1 1 10 12 1 1 7 1 10 12 1 10 7 12 1 1 1 10 12 1 10 12 1 10 12 1 10 7 12 1 1 1 11 7 12 1 1 1 11 7 12 1 1 11 12 1 1 7 1 7 1 10 12 1 10 12 1 1 10 11 10 7 12 1 1 100 1 10 7 12 1 1 11 7 12 1 1 1 18 12 1 1 1 1 1 1 1 1 1 1 1 1 1 1 1 1 1 1 1 1 1 1 1 1 1 1 1 1 1 1 1 1 1 1 1 100 1 1 1 1 1 1 1 1 1 1 1 1 1 1 1 1 1 1 1 100 1 1 1 1 1 1 1 1 1 1 1 1 1 1 1 1 1 1 1 1 1 1 1 15 10 7 12 1 1 1 16 1 15 16 16 15 10 12 16 1 1 100 1 1 100 1 1 1 100 1 100 1 1
staticfield apex/jorje/semantic/ast/modifier/ModifierGroupBuilder TO_AST Ljava/util/function/Function; apex/jorje/semantic/ast/modifier/ModifierGroupBuilder$$Lambda$244+0x00000249671ccdc0
ciInstanceKlass apex/jorje/semantic/symbol/type/ModifierTypeInfo 1 1 104 10 7 12 1 1 1 9 7 12 1 1 1 9 7 1 9 12 1 1 9 9 12 1 1 9 10 12 1 11 100 12 1 1 1 10 100 12 1 1 1 11 7 12 1 1 1 7 1 11 7 12 1 1 100 1 10 10 12 1 1 100 1 1 1 1 1 1 1 1 1 1 1 1 1 1 1 1 1 1 1 1 1 1 1 1 1 1 1 1 1 1 1 1 1 1 1 1 1 1 1 100 1 1
ciInstanceKlass apex/jorje/semantic/ast/modifier/Modifier 1 1 142 10 7 12 1 1 1 9 7 12 1 1 1 9 12 1 1 10 12 1 1 10 7 12 1 1 1 10 100 12 1 1 1 10 100 12 1 1 1 11 100 12 1 1 10 12 1 1 11 100 12 1 1 1 10 100 12 1 1 1 10 100 12 1 1 1 9 100 12 1 1 8 1 8 1 8 1 100 1 10 10 12 1 10 7 12 1 1 1 10 100 12 1 1 1 1 1 1 1 1 1 1 1 1 1 1 1 1 1 1 1 1 1 1 1 1 1 1 1 1 1 1 1 1 1 1 1 1 1 1 1 1 1 1 1 1 1 1 1 1 1 1
ciInstanceKlass apex/jorje/semantic/ast/modifier/ModifierGroupBuilder$$Lambda$244+0x00000249671ccdc0 1 1 23 1 7 1 7 1 100 1 1 12 10 1 1 1 7 1 7 1 1 12 10 1 1
ciInstanceKlass apex/jorje/data/Locations 1 1 285 10 100 12 1 1 1 10 7 12 1 1 1 9 7 12 1 1 1 10 12 1 1 9 12 1 1 11 7 12 1 1 1 11 12 1 11 12 1 11 12 1 11 7 1 9 7 12 1 1 1 10 7 12 1 1 1 9 7 12 1 9 12 1 1 10 7 12 1 1 9 12 1 1 11 7 12 1 1 1 9 12 1 1 10 7 12 1 1 11 7 12 1 1 1 10 7 12 1 1 1 10 12 1 1 10 7 12 1 1 1 10 12 1 9 12 1 1 10 100 12 1 1 9 12 1 1 10 100 12 1 1 9 12 1 1 10 100 12 1 1 9 100 12 1 1 1 9 12 1 1 10 100 12 1 1 9 12 1 1 10 7 12 1 1 1 9 12 1 1 10 100 12 1 1 7 1 10 12 1 9 12 1 10 7 12 1 1 1 1 1 1 1 1 1 1 1 1 1 1 1 1 1 1 1 1 1 1 1 1 1 1 1 1 1 1 1 1 1 1 1 1 1 1 1 1 1 1 1 1 1 1 1 1 1 1 1 1 1 1 1 1 1 1 1 1 1 1 1 1 1 1 1 1 1 1 1 1 1 1 1 1 1 1 100 1 1 100 1 100 1 1 100 1 100 1 100 1 100 1 100 1 100 1 1
staticfield apex/jorje/data/Locations NONE Lapex/jorje/data/Location; apex/jorje/data/PositionLocation
staticfield apex/jorje/data/Locations ANONYMOUS_BLOCK Lapex/jorje/data/Location; apex/jorje/data/PositionLocation
staticfield apex/jorje/data/Locations EXTERNAL Lapex/common/tuple/IntPair; apex/common/tuple/IntPair
ciInstanceKlass apex/jorje/data/PositionLocation 1 1 72 10 7 12 1 1 1 9 7 12 1 1 1 9 12 1 10 7 12 1 1 1 100 1 11 12 1 1 11 12 1 18 12 1 1 1 1 1 1 1 1 1 1 1 1 1 1 1 1 1 1 1 1 1 1 1 1 1 15 10 100 12 1 1 8 1 1 100 1 100 1 1
ciInstanceKlass com/google/common/collect/MapMaker$Dummy 1 1 51 7 9 9 10 100 10 10 8 10 10 7 1 1 1 1 1 1 1 1 1 1 1 1 1 1 1 1 1 1 1 1 1 1 1 1 1 100 1 12 12 100 12 12 12 12 1 1 1 1 1
staticfield com/google/common/collect/MapMaker$Dummy VALUE Lcom/google/common/collect/MapMaker$Dummy; com/google/common/collect/MapMaker$Dummy
staticfield com/google/common/collect/MapMaker$Dummy $VALUES [Lcom/google/common/collect/MapMaker$Dummy; 1 [Lcom/google/common/collect/MapMaker$Dummy;
ciInstanceKlass apex/jorje/semantic/symbol/type/ModifierTypeInfos 1 1 223 10 100 12 1 1 1 10 7 12 1 1 1 8 1 10 7 12 1 1 1 7 1 10 10 12 1 1 10 12 1 1 9 7 12 1 1 1 8 1 7 1 10 9 12 1 8 1 7 1 10 9 12 1 8 1 10 12 1 1 7 1 10 9 12 1 8 1 7 1 10 9 12 1 8 1 9 7 12 1 1 1 10 12 1 9 12 1 8 1 100 1 10 12 1 1 7 1 10 9 12 1 8 1 7 1 10 9 12 1 8 1 9 12 1 8 1 9 12 1 8 1 7 1 10 9 12 1 8 1 7 1 10 9 12 1 8 1 7 1 10 9 12 1 8 1 7 1 10 9 12 1 8 1 7 1 10 9 12 1 8 1 7 1 10 9 12 1 8 1 7 1 10 9 12 1 8 1 7 1 10 9 12 1 8 1 7 1 10 9 12 1 8 1 7 1 10 9 12 1 8 1 7 1 10 9 12 1 1 1 1 1 1 1 1 1 1 1 1 100 1 100 1
staticfield apex/jorje/semantic/symbol/type/ModifierTypeInfos INHERITED_SHARING Lapex/jorje/semantic/symbol/type/ModifierTypeInfo; apex/jorje/semantic/symbol/type/ModifierTypeInfo
staticfield apex/jorje/semantic/symbol/type/ModifierTypeInfos WITHOUT_SHARING Lapex/jorje/semantic/symbol/type/ModifierTypeInfo; apex/jorje/semantic/symbol/type/ModifierTypeInfo
staticfield apex/jorje/semantic/symbol/type/ModifierTypeInfos WITH_SHARING Lapex/jorje/semantic/symbol/type/ModifierTypeInfo; apex/jorje/semantic/symbol/type/ModifierTypeInfo
staticfield apex/jorje/semantic/symbol/type/ModifierTypeInfos OVERRIDE Lapex/jorje/semantic/symbol/type/ModifierTypeInfo; apex/jorje/semantic/symbol/type/ModifierTypeInfo
staticfield apex/jorje/semantic/symbol/type/ModifierTypeInfos GLOBAL Lapex/jorje/semantic/symbol/type/ModifierTypeInfo; apex/jorje/semantic/symbol/type/ModifierTypeInfo
staticfield apex/jorje/semantic/symbol/type/ModifierTypeInfos EXPLICIT_STATEMENT_EXECUTED Lapex/jorje/semantic/symbol/type/ModifierTypeInfo; apex/jorje/semantic/symbol/type/ModifierTypeInfo
staticfield apex/jorje/semantic/symbol/type/ModifierTypeInfos PUBLIC Lapex/jorje/semantic/symbol/type/ModifierTypeInfo; apex/jorje/semantic/symbol/type/ModifierTypeInfo
staticfield apex/jorje/semantic/symbol/type/ModifierTypeInfos PRIVATE Lapex/jorje/semantic/symbol/type/ModifierTypeInfo; apex/jorje/semantic/symbol/type/ModifierTypeInfo
staticfield apex/jorje/semantic/symbol/type/ModifierTypeInfos LEGACY_DEFAULT_GETTER Lapex/jorje/semantic/symbol/type/ModifierTypeInfo; apex/jorje/semantic/symbol/type/ModifierTypeInfo
staticfield apex/jorje/semantic/symbol/type/ModifierTypeInfos LEGACY_DEFAULT_SETTER Lapex/jorje/semantic/symbol/type/ModifierTypeInfo; apex/jorje/semantic/symbol/type/ModifierTypeInfo
staticfield apex/jorje/semantic/symbol/type/ModifierTypeInfos HIDDEN Lapex/jorje/semantic/symbol/type/ModifierTypeInfo; apex/jorje/semantic/symbol/type/ModifierTypeInfo
staticfield apex/jorje/semantic/symbol/type/ModifierTypeInfos PROTECTED Lapex/jorje/semantic/symbol/type/ModifierTypeInfo; apex/jorje/semantic/symbol/type/ModifierTypeInfo
staticfield apex/jorje/semantic/symbol/type/ModifierTypeInfos VIRTUAL Lapex/jorje/semantic/symbol/type/ModifierTypeInfo; apex/jorje/semantic/symbol/type/ModifierTypeInfo
staticfield apex/jorje/semantic/symbol/type/ModifierTypeInfos ABSTRACT Lapex/jorje/semantic/symbol/type/ModifierTypeInfo; apex/jorje/semantic/symbol/type/ModifierTypeInfo
staticfield apex/jorje/semantic/symbol/type/ModifierTypeInfos STATIC Lapex/jorje/semantic/symbol/type/ModifierTypeInfo; apex/jorje/semantic/symbol/type/ModifierTypeInfo
staticfield apex/jorje/semantic/symbol/type/ModifierTypeInfos TEST_METHOD Lapex/jorje/semantic/symbol/type/ModifierTypeInfo; apex/jorje/semantic/symbol/type/ModifierTypeInfo
staticfield apex/jorje/semantic/symbol/type/ModifierTypeInfos WEB_SERVICE Lapex/jorje/semantic/symbol/type/ModifierTypeInfo; apex/jorje/semantic/symbol/type/ModifierTypeInfo
staticfield apex/jorje/semantic/symbol/type/ModifierTypeInfos FINAL Lapex/jorje/semantic/symbol/type/ModifierTypeInfo; apex/jorje/semantic/symbol/type/ModifierTypeInfo
staticfield apex/jorje/semantic/symbol/type/ModifierTypeInfos TRANSIENT Lapex/jorje/semantic/symbol/type/ModifierTypeInfo; apex/jorje/semantic/symbol/type/ModifierTypeInfo
staticfield apex/jorje/semantic/symbol/type/ModifierTypeInfos BRIDGE Lapex/jorje/semantic/symbol/type/ModifierTypeInfo; apex/jorje/semantic/symbol/type/ModifierTypeInfo
staticfield apex/jorje/semantic/symbol/type/ModifierTypeInfos ACC_INTERFACE Lapex/jorje/semantic/symbol/type/ModifierTypeInfo; apex/jorje/semantic/symbol/type/ModifierTypeInfo
ciInstanceKlass com/google/common/collect/MoreLists 1 1 257 10 7 10 10 8 10 8 7 10 11 10 7 10 7 10 10 100 10 10 7 10 10 9 9 10 10 10 8 10 11 11 10 18 10 18 18 18 18 7 11 10 7 10 7 7 1 1 1 1 1 1 1 1 1 1 1 1 1 1 1 1 1 1 1 1 1 1 1 1 1 1 1 1 1 1 1 1 1 1 1 1 1 1 1 1 1 1 1 1 1 1 1 1 1 1 1 1 1 1 7 1 1 1 1 1 1 1 1 1 1 1 1 1 1 1 1 1 1 1 1 1 12 1 7 12 1 7 12 1 1 12 12 12 1 12 1 12 12 1 12 12 1 12 12 12 12 12 12 12 1 7 12 12 12 7 12 1 15 16 15 16 12 12 16 15 16 12 16 15 16 12 16 15 16 12 16 7 1 1 1 12 12 1 12 1 1 1 1 1 1 1 1 1 1 1 1 1 1 1 1 1 1 1 1 1 1 1 1 1 1 1 1 1 1 1 1 10 1 10 1 1 1 1 1 10 1 1 1 10 1 1 1 1 10 1 1 1 1 1 1 7 12 12 12 12 12 1 1 100 1 1 1 1 100 1 1
staticfield com/google/common/collect/MoreLists UNMODIFIABLE_RANDOM_ACCESS_LIST Ljava/lang/Class; java/lang/Class
staticfield com/google/common/collect/MoreLists UNMODIFIABLE_LIST Ljava/lang/Class; java/lang/Class
ciInstanceKlass apex/common/base/WeakStringInterner 1 1 50 10 10 9 9 11 7 10 7 10 7 7 1 1 1 1 1 1 1 1 1 1 1 1 1 1 1 1 1 1 1 1 1 1 1 1 12 7 12 12 12 12 1 12 1 1 1 1 1 1
staticfield apex/common/base/WeakStringInterner INSTANCE Lapex/common/base/WeakStringInterner; apex/common/base/WeakStringInterner
ciInstanceKlass apex/jorje/semantic/ast/modifier/Modifiers 1 1 36 10 100 12 1 1 1 9 7 12 1 1 1 10 7 12 1 1 1 1 1 1 1 1 1 1 1 1 100 1 100 1 1 1 1 1
staticfield apex/jorje/semantic/ast/modifier/Modifiers FACTORY Lapex/jorje/semantic/ast/modifier/Modifiers$Factory; apex/jorje/semantic/ast/modifier/Modifiers$NoLocFactory
ciInstanceKlass apex/jorje/semantic/ast/modifier/Modifiers$Factory 1 0 14 100 1 100 1 1 1 1 1 1 100 1 1 1
ciInstanceKlass apex/jorje/semantic/ast/modifier/Modifiers$NoLocFactory 1 1 175 10 7 12 1 1 1 9 7 12 1 1 1 9 12 1 1 11 7 12 1 1 1 7 1 100 1 10 100 12 1 1 1 18 12 1 1 10 12 1 10 10 7 12 1 1 1 9 7 12 1 1 1 9 7 12 1 1 1 10 12 1 10 7 12 1 1 1 9 12 1 9 12 1 9 12 1 9 12 1 9 12 1 9 12 1 9 12 1 9 12 1 9 12 1 9 12 1 9 12 1 9 12 1 9 12 1 9 12 1 9 12 1 9 12 1 9 12 1 9 12 1 9 12 1 9 12 1 10 12 1 1 100 1 1 1 1 1 1 1 1 1 1 1 1 1 1 1 1 1 1 1 1 1 1 100 1 1 15 10 100 12 1 1 8 1 1 1 1 1 100 1 100 1 1
staticfield apex/jorje/semantic/ast/modifier/Modifiers$NoLocFactory INSTANCE Lapex/jorje/semantic/ast/modifier/Modifiers$Factory; apex/jorje/semantic/ast/modifier/Modifiers$NoLocFactory
staticfield apex/jorje/semantic/ast/modifier/Modifiers$NoLocFactory TYPE_TO_MODIFIER Ljava/util/Map; com/google/common/collect/RegularImmutableMap
ciInstanceKlass apex/jorje/semantic/symbol/member/method/signature/SignatureFactory 1 1 55 10 100 12 1 1 1 10 7 12 1 1 1 10 7 12 1 1 1 10 7 12 1 1 1 10 12 1 7 1 10 12 1 1 1 1 1 1 1 1 1 1 1 1 1 1 1 1 1 1 1 1 1 1 1
ciInstanceKlass apex/jorje/semantic/symbol/member/method/StandardMethodInfo 1 1 300 10 7 12 1 1 1 10 7 12 1 1 1 9 7 12 1 1 1 10 12 1 1 9 12 1 1 10 12 1 1 9 12 1 1 10 12 1 1 9 12 1 1 10 12 1 1 9 12 1 1 10 12 1 1 11 7 12 1 1 9 12 1 10 12 1 1 9 12 1 1 10 12 1 1 9 12 1 100 1 8 11 7 12 1 1 1 10 7 12 1 1 1 10 7 12 1 1 1 9 12 1 1 10 12 1 1 10 7 12 1 1 1 7 1 9 12 1 8 1 10 7 12 1 1 1 9 12 1 9 12 1 1 10 12 1 1 9 12 1 1 10 12 1 1 9 12 1 1 10 12 1 9 12 10 12 1 9 12 1 10 12 1 9 12 10 7 12 1 1 1 9 12 1 1 10 12 1 1 9 12 1 1 10 10 12 1 9 12 1 10 12 10 100 12 1 1 1 100 1 10 10 12 1 1 10 100 12 1 1 1 10 10 12 1 1 10 100 12 1 1 1 10 12 1 1 10 12 1 1 10 12 1 10 12 1 1 9 7 12 1 1 1 11 12 1 1 10 12 1 10 12 1 10 7 12 1 1 100 1 1 1 1 1 1 1 1 1 1 1 1 1 1 100 1 1 1 1 1 1 1 1 1 1 1 1 1 1 1 1 1 1 1 1 1 1 1 100 1 1
staticfield apex/jorje/semantic/symbol/member/method/StandardMethodInfo $assertionsDisabled Z 1
ciInstanceKlass apex/jorje/semantic/symbol/member/method/StandardMethodInfoBuilder 1 1 387 10 7 12 1 1 1 10 7 12 1 1 1 9 7 12 1 1 1 9 7 12 1 1 1 9 12 1 9 12 1 1 9 12 1 1 9 7 12 1 1 1 9 12 1 9 12 1 9 12 1 1 9 7 12 1 1 9 12 1 10 100 12 1 1 1 8 1 9 12 1 10 100 12 1 1 1 8 1 9 12 1 8 1 9 12 1 8 1 9 12 1 8 8 8 8 1 9 12 1 8 8 10 12 1 8 1 9 12 8 8 1 9 12 8 10 12 1 1 9 12 1 100 1 8 1 10 12 1 8 1 8 1 10 7 12 1 1 1 9 7 12 1 1 10 12 1 1 9 7 12 1 1 1 10 7 12 1 1 1 9 7 12 1 9 12 1 9 12 1 7 1 10 12 1 10 11 7 12 1 1 1 10 7 12 1 1 1 10 12 1 1 10 7 12 1 1 1 10 12 1 1 11 100 12 1 1 1 10 7 12 1 1 1 8 1 10 7 12 1 1 1 10 7 12 1 1 1 10 12 1 1 10 12 1 100 1 8 10 12 1 10 12 1 18 12 1 1 10 12 1 1 7 1 10 12 1 1 10 12 1 1 10 12 1 1 10 12 1 10 12 1 1 10 7 12 1 1 1 1 1 1 1 1 1 1 1 1 1 1 1 1 1 1 1 1 1 1 1 1 1 1 1 1 1 1 1 1 1 1 1 1 1 1 1 1 1 1 1 1 1 1 1 1 1 1 1 1 1 1 1 1 1 1 1 1 1 1 1 1 1 1 1 1 1 1 1 1 1 1 1 1 1 1 1 1 1 1 1 1 1 1 1 1 1 1 15 10 7 12 1 1 1 16 15 10 12 1 1 16 1 1 100 1 100 1 1
staticfield apex/jorje/semantic/symbol/member/method/StandardMethodInfoBuilder $assertionsDisabled Z 1
ciInstanceKlass apex/jorje/semantic/symbol/type/reference/TypeReferences 1 1 70 10 100 12 1 1 1 7 1 10 12 1 7 1 10 12 1 10 7 12 1 1 1 10 7 12 1 1 1 9 7 12 1 1 1 9 7 12 1 1 1 10 12 1 1 9 12 1 9 12 1 9 12 1 1 1 1 1 1 1 1 1 1 1 1 1 1 1 1 1
staticfield apex/jorje/semantic/symbol/type/reference/TypeReferences GENERATED_TYPE_REF Lapex/jorje/data/ast/TypeRef; apex/jorje/data/ast/TypeRefs$ClassTypeRef
staticfield apex/jorje/semantic/symbol/type/reference/TypeReferences VOID Lapex/jorje/semantic/symbol/type/reference/TypeReference; apex/jorje/semantic/symbol/type/reference/TypeReferences$ResolvedTypeRef
staticfield apex/jorje/semantic/symbol/type/reference/TypeReferences SOBJECT Lapex/jorje/semantic/symbol/type/reference/TypeReference; apex/jorje/semantic/symbol/type/reference/TypeReferences$ResolvedTypeRef
ciInstanceKlass apex/jorje/semantic/symbol/type/reference/TypeReference 1 0 13 100 1 100 1 1 1 1 1 1 1 1 1
ciInstanceKlass apex/jorje/data/Identifiers 1 1 104 10 100 12 1 1 1 9 7 12 1 1 1 10 7 12 1 1 1 7 1 10 12 1 7 1 10 12 1 10 7 12 1 1 1 10 100 12 1 1 1 18 12 1 1 11 100 12 1 1 1 10 100 12 1 1 1 11 12 1 1 100 1 1 1 1 1 1 1 1 1 1 1 1 1 1 1 1 1 1 1 1 1 1 1 15 10 100 12 1 1 1 16 1 15 16 1 1 1 100 1 100 1 1
ciInstanceKlass apex/jorje/data/Identifier 1 0 11 100 1 100 1 100 1 1 1 1 1
ciInstanceKlass apex/jorje/data/Identifiers$SyntheticIdentifier 1 1 55 10 7 12 1 1 1 9 7 12 1 1 1 100 1 10 12 1 1 11 10 100 12 1 1 1 11 12 1 1 10 12 1 1 1 1 1 1 1 1 1 1 1 1 1 1 1 1 1 1 1 7 1 1 1
ciInstanceKlass apex/jorje/semantic/symbol/type/reference/TypeReferences$ResolvedTypeRef 1 1 45 10 7 12 1 1 1 9 7 12 1 1 1 10 12 1 1 9 7 12 1 1 1 100 1 1 1 1 1 1 1 1 1 1 1 1 1 1 1 1 1 1 1 1 1
ciInstanceKlass apex/jorje/semantic/ast/ProfilingType 1 1 205 7 1 9 12 1 1 9 12 1 9 12 1 9 12 1 9 12 1 9 12 1 1 10 100 12 1 1 10 7 12 1 1 1 10 12 1 1 10 100 12 1 1 1 10 100 12 1 1 100 1 11 12 1 1 11 100 12 1 1 1 10 100 12 1 1 1 11 12 1 10 12 1 1 18 12 1 1 100 1 8 1 8 1 8 1 10 12 1 10 100 12 1 1 1 18 12 1 1 10 12 1 1 10 12 1 1 10 12 1 1 10 100 12 1 1 1 10 12 1 9 100 12 1 1 1 10 12 1 10 100 12 1 1 11 12 1 8 10 8 8 8 8 10 12 1 1 1 1 1 1 1 1 1 1 1 1 1 1 1 1 1 1 1 1 1 1 1 1 1 1 1 1 1 1 1 1 1 15 10 100 12 1 1 1 16 1 15 10 12 16 15 10 100 12 1 1 8 1 1 100 1 100 1 1
staticfield apex/jorje/semantic/ast/ProfilingType METHOD Lapex/jorje/semantic/ast/ProfilingType; apex/jorje/semantic/ast/ProfilingType
staticfield apex/jorje/semantic/ast/ProfilingType SOQL Lapex/jorje/semantic/ast/ProfilingType; apex/jorje/semantic/ast/ProfilingType
staticfield apex/jorje/semantic/ast/ProfilingType SOSL Lapex/jorje/semantic/ast/ProfilingType; apex/jorje/semantic/ast/ProfilingType
staticfield apex/jorje/semantic/ast/ProfilingType DML Lapex/jorje/semantic/ast/ProfilingType; apex/jorje/semantic/ast/ProfilingType
staticfield apex/jorje/semantic/ast/ProfilingType NONE Lapex/jorje/semantic/ast/ProfilingType; apex/jorje/semantic/ast/ProfilingType
staticfield apex/jorje/semantic/ast/ProfilingType $VALUES [Lapex/jorje/semantic/ast/ProfilingType; 5 [Lapex/jorje/semantic/ast/ProfilingType;
ciInstanceKlass apex/jorje/semantic/bcl/DmlOperation 1 1 205 7 1 9 12 1 1 9 12 1 9 12 1 9 12 1 9 12 1 9 12 1 9 12 1 9 12 1 9 12 1 9 12 1 1 10 7 12 1 1 10 7 12 1 1 1 10 12 1 1 9 12 1 1 9 12 1 9 12 1 1 9 12 1 9 7 12 1 1 1 9 12 1 10 12 1 1 10 12 1 1 10 7 12 1 1 1 11 100 12 1 1 18 12 1 1 8 8 1 9 7 12 1 1 1 10 12 1 8 8 1 9 12 1 8 8 1 9 12 1 8 8 1 9 12 1 8 8 1 8 8 1 9 12 1 8 10 8 8 10 12 1 1 10 7 12 1 1 1 10 12 1 1 10 7 12 1 1 1 9 12 1 1 10 12 1 1 9 12 1 1 1 1 1 1 1 1 1 1 1 1 1 1 1 1 1 1 1 1 1 1 15 10 100 12 1 1 8 1 1 100 1 100 1 1
staticfield apex/jorje/semantic/bcl/DmlOperation DELETE Lapex/jorje/semantic/bcl/DmlOperation; apex/jorje/semantic/bcl/DmlOperation
staticfield apex/jorje/semantic/bcl/DmlOperation INSERT Lapex/jorje/semantic/bcl/DmlOperation; apex/jorje/semantic/bcl/DmlOperation
staticfield apex/jorje/semantic/bcl/DmlOperation MERGE Lapex/jorje/semantic/bcl/DmlOperation; apex/jorje/semantic/bcl/DmlOperation
staticfield apex/jorje/semantic/bcl/DmlOperation UNDELETE Lapex/jorje/semantic/bcl/DmlOperation; apex/jorje/semantic/bcl/DmlOperation
staticfield apex/jorje/semantic/bcl/DmlOperation UPDATE Lapex/jorje/semantic/bcl/DmlOperation; apex/jorje/semantic/bcl/DmlOperation
staticfield apex/jorje/semantic/bcl/DmlOperation UPSERT Lapex/jorje/semantic/bcl/DmlOperation; apex/jorje/semantic/bcl/DmlOperation
staticfield apex/jorje/semantic/bcl/DmlOperation EDIT Lapex/jorje/semantic/bcl/DmlOperation; apex/jorje/semantic/bcl/DmlOperation
staticfield apex/jorje/semantic/bcl/DmlOperation LEAD_CONVERT Lapex/jorje/semantic/bcl/DmlOperation; apex/jorje/semantic/bcl/DmlOperation
staticfield apex/jorje/semantic/bcl/DmlOperation NONE Lapex/jorje/semantic/bcl/DmlOperation; apex/jorje/semantic/bcl/DmlOperation
staticfield apex/jorje/semantic/bcl/DmlOperation ALL Ljava/util/Set; com/google/common/collect/ImmutableEnumSet
staticfield apex/jorje/semantic/bcl/DmlOperation EMPTY Ljava/util/Set; com/google/common/collect/RegularImmutableSet
staticfield apex/jorje/semantic/bcl/DmlOperation $VALUES [Lapex/jorje/semantic/bcl/DmlOperation; 9 [Lapex/jorje/semantic/bcl/DmlOperation;
ciInstanceKlass apex/jorje/semantic/symbol/member/method/Generated 1 1 127 7 1 9 12 1 1 9 12 1 9 12 1 9 12 1 9 12 1 9 12 1 9 12 1 9 12 1 9 12 1 1 10 100 12 1 1 10 7 12 1 1 1 10 12 1 1 9 7 12 1 1 1 9 9 12 1 9 9 12 1 9 9 12 1 9 9 12 1 9 10 12 1 8 10 12 1 1 10 12 1 8 10 12 1 8 10 12 1 8 10 12 1 8 10 12 1 10 12 1 8 8 8 10 12 1 1 1 1 1 1 1 1 1 1 1 1 1 1 1 1 1 1 1 1 1 1
staticfield apex/jorje/semantic/symbol/member/method/Generated ANONYMOUS Lapex/jorje/semantic/symbol/member/method/Generated; apex/jorje/semantic/symbol/member/method/Generated
staticfield apex/jorje/semantic/symbol/member/method/Generated BUILT_IN Lapex/jorje/semantic/symbol/member/method/Generated; apex/jorje/semantic/symbol/member/method/Generated
staticfield apex/jorje/semantic/symbol/member/method/Generated INTERNAL Lapex/jorje/semantic/symbol/member/method/Generated; apex/jorje/semantic/symbol/member/method/Generated
staticfield apex/jorje/semantic/symbol/member/method/Generated BRIDGE Lapex/jorje/semantic/symbol/member/method/Generated; apex/jorje/semantic/symbol/member/method/Generated
staticfield apex/jorje/semantic/symbol/member/method/Generated USER Lapex/jorje/semantic/symbol/member/method/Generated; apex/jorje/semantic/symbol/member/method/Generated
staticfield apex/jorje/semantic/symbol/member/method/Generated SYSTEM Lapex/jorje/semantic/symbol/member/method/Generated; apex/jorje/semantic/symbol/member/method/Generated
staticfield apex/jorje/semantic/symbol/member/method/Generated ANONYMOUS_PROXIED Lapex/jorje/semantic/symbol/member/method/Generated; apex/jorje/semantic/symbol/member/method/Generated
staticfield apex/jorje/semantic/symbol/member/method/Generated INTERNAL_PROXIED Lapex/jorje/semantic/symbol/member/method/Generated; apex/jorje/semantic/symbol/member/method/Generated
staticfield apex/jorje/semantic/symbol/member/method/Generated $VALUES [Lapex/jorje/semantic/symbol/member/method/Generated; 8 [Lapex/jorje/semantic/symbol/member/method/Generated;
ciInstanceKlass apex/jorje/semantic/symbol/member/method/InvocationType 1 1 58 7 1 9 12 1 1 9 12 1 9 12 1 9 12 1 9 12 1 1 10 100 12 1 1 10 7 12 1 1 1 10 12 1 1 8 10 8 8 8 10 12 1 1 1 1 1 1 1 1 1 1 1 1 1 1 1 1
staticfield apex/jorje/semantic/symbol/member/method/InvocationType STATIC Lapex/jorje/semantic/symbol/member/method/InvocationType; apex/jorje/semantic/symbol/member/method/InvocationType
staticfield apex/jorje/semantic/symbol/member/method/InvocationType VIRTUAL Lapex/jorje/semantic/symbol/member/method/InvocationType; apex/jorje/semantic/symbol/member/method/InvocationType
staticfield apex/jorje/semantic/symbol/member/method/InvocationType SPECIAL Lapex/jorje/semantic/symbol/member/method/InvocationType; apex/jorje/semantic/symbol/member/method/InvocationType
staticfield apex/jorje/semantic/symbol/member/method/InvocationType BOOTSTRAP Lapex/jorje/semantic/symbol/member/method/InvocationType; apex/jorje/semantic/symbol/member/method/InvocationType
staticfield apex/jorje/semantic/symbol/member/method/InvocationType $VALUES [Lapex/jorje/semantic/symbol/member/method/InvocationType; 4 [Lapex/jorje/semantic/symbol/member/method/InvocationType;
ciInstanceKlass apex/jorje/semantic/ast/AstNodes 1 1 330 10 7 12 1 1 1 9 7 12 1 1 1 11 7 12 1 1 1 10 7 12 1 1 1 10 7 12 1 1 1 18 12 1 1 10 7 12 1 1 1 11 7 12 1 1 1 7 1 10 11 12 1 1 11 7 12 1 1 11 12 1 1 11 7 12 1 1 10 12 1 1 10 12 1 9 7 12 1 1 1 7 1 10 12 1 10 7 12 1 1 1 9 7 12 1 1 7 1 10 10 7 12 1 1 11 7 1 10 12 1 1 10 12 1 9 7 12 1 1 7 1 10 12 1 10 7 12 1 1 7 1 10 12 1 7 1 7 1 10 12 1 10 12 1 9 100 12 1 1 1 9 100 12 1 1 1 9 12 1 1 9 12 1 1 10 100 12 1 1 1 10 7 12 1 1 1 10 12 1 10 100 12 1 1 1 10 12 1 7 1 10 7 1 10 12 1 9 18 12 1 1 9 12 1 1 10 1 1 1 1 1 1 1 1 1 1 1 1 100 1 1 1 1 1 1 1 1 1 1 1 1 1 1 1 1 1 1 1 1 1 1 1 1 1 1 1 1 1 1 1 1 1 1 1 1 1 1 1 1 1 1 1 1 1 1 1 1 1 1 1 1 1 1 1 1 1 1 1 1 1 1 1 100 1 100 1 1 15 10 7 12 1 1 1 16 1 15 10 7 12 1 1 15 10 12 16 1 1 100 1 1 100 1 100 1 1 100 1 1 100 1 100 1 1 100 1 100 1 1
staticfield apex/jorje/semantic/ast/AstNodes VARIABLE_DECLS_FILTER Ljava/util/function/Predicate; apex/jorje/semantic/ast/AstNodes$$Lambda$315+0x0000024967205228
staticfield apex/jorje/semantic/ast/AstNodes INSTANCE Lapex/jorje/semantic/ast/AstNodes; apex/jorje/semantic/ast/AstNodes
ciInstanceKlass apex/common/collect/MoreCollections 1 1 71 10 8 10 8 11 10 100 10 10 100 10 100 100 1 1 1 1 1 1 1 1 1 1 1 1 1 1 1 1 1 1 1 1 1 1 1 1 1 1 1 1 1 12 1 7 12 1 7 12 7 12 1 12 12 1 12 1 1 1 1 1 1 1 1 1 1 1 1 1 1
ciInstanceKlass apex/jorje/data/ast/AnnotationParameter$AnnotationKeyValue 1 1 104 10 7 12 1 1 1 9 7 12 1 1 1 9 12 1 1 9 12 1 1 11 7 12 1 1 1 11 100 12 1 1 10 100 12 1 1 1 10 12 1 1 10 12 1 1 10 100 12 1 1 1 18 12 1 1 1 1 1 1 1 1 1 1 1 1 1 1 1 1 1 1 1 1 1 1 1 1 1 1 1 1 1 1 1 1 1 15 10 100 12 1 1 8 1 1 1 1 1 100 1 100 1 1
ciInstanceKlass apex/jorje/semantic/ast/AstNodes$$Lambda$316+0x0000024967206708 1 1 20 1 7 1 7 1 100 1 1 12 10 1 1 1 7 1 12 10 1 1
ciInstanceKlass com/google/common/collect/Collections2 1 1 248 10 10 7 10 10 7 7 10 11 100 100 11 7 10 11 11 11 11 10 10 8 10 8 10 10 8 10 100 5 0 100 5 0 10 10 10 10 100 10 100 10 10 11 10 11 100 100 100 1 1 1 100 1 1 1 1 1 1 1 1 1 1 1 1 1 1 1 1 1 1 1 1 1 1 1 1 1 1 1 1 1 1 1 1 1 100 1 1 1 1 1 1 1 1 1 1 1 1 1 1 1 1 1 100 1 1 1 1 1 1 1 1 1 1 1 1 1 1 1 1 1 1 1 1 1 1 1 1 1 1 1 1 1 1 1 1 1 1 1 1 1 1 1 1 1 1 1 1 1 1 12 12 1 12 7 12 1 1 12 12 1 1 12 1 12 12 12 12 12 12 12 1 12 1 12 12 100 12 1 1 100 12 12 100 12 12 1 12 1 100 12 12 100 100 12 100 12 1 1 1 1 1 1 1 1 1 1 1 1 1 1 1 1 1 1 1 1 1 1 1 1 1 1 1 1 1 1 1 1 1 1 1 1 1 1 1 1 1 1 1 1 1 1 1 1 1 1
ciInstanceKlass com/google/common/collect/Collections2$FilteredCollection 1 1 244 10 9 9 7 10 10 11 10 11 11 11 11 11 10 10 10 10 10 11 10 10 18 11 10 11 10 18 10 18 18 11 10 10 10 10 11 11 11 11 7 1 1 1 1 1 1 1 1 1 1 1 1 1 1 1 1 1 1 1 1 1 1 1 1 1 1 1 1 1 1 1 1 1 1 1 1 100 1 1 1 1 1 1 1 1 1 1 1 1 1 1 1 1 1 1 1 1 1 1 1 1 1 1 1 1 1 1 1 1 1 1 1 1 1 1 1 1 1 1 1 1 1 1 1 1 1 1 1 1 1 12 12 12 100 1 100 12 12 100 12 100 12 7 12 12 12 12 12 7 12 12 12 12 7 12 12 100 12 12 1 15 16 15 12 12 12 12 100 12 16 15 12 12 15 15 12 7 12 7 12 12 100 12 100 12 1 1 1 1 1 1 1 1 1 1 1 1 1 1 1 1 1 1 1 1 1 1 1 1 1 1 1 10 1 10 1 1 1 1 1 1 10 10 1 1 1 1 1 1 1 100 12 12 12 12 1 1 100 1 1 100 1 1
ciInstanceKlass com/google/common/collect/AbstractIterator$State 1 1 63 7 9 9 9 9 9 10 7 10 10 8 10 8 8 8 10 7 1 1 1 1 1 1 1 1 1 1 1 1 1 1 1 1 1 1 1 1 1 1 1 1 1 1 1 1 100 1 12 12 12 12 12 7 12 12 12 12 1 1 1 1 1
staticfield com/google/common/collect/AbstractIterator$State READY Lcom/google/common/collect/AbstractIterator$State; com/google/common/collect/AbstractIterator$State
staticfield com/google/common/collect/AbstractIterator$State NOT_READY Lcom/google/common/collect/AbstractIterator$State; com/google/common/collect/AbstractIterator$State
staticfield com/google/common/collect/AbstractIterator$State DONE Lcom/google/common/collect/AbstractIterator$State; com/google/common/collect/AbstractIterator$State
staticfield com/google/common/collect/AbstractIterator$State FAILED Lcom/google/common/collect/AbstractIterator$State; com/google/common/collect/AbstractIterator$State
staticfield com/google/common/collect/AbstractIterator$State $VALUES [Lcom/google/common/collect/AbstractIterator$State; 4 [Lcom/google/common/collect/AbstractIterator$State;
ciInstanceKlass com/google/common/collect/AbstractIterator$1 1 1 41 10 9 9 10 100 9 7 100 1 1 1 1 1 1 1 1 1 1 1 100 7 12 12 12 12 1 12 1 1 1 1 1 1 1 1 1 1 1 1 1
staticfield com/google/common/collect/AbstractIterator$1 $SwitchMap$com$google$common$collect$AbstractIterator$State [I 4
ciInstanceKlass com/google/common/collect/NullnessCasts 1 1 36 10 100 100 1 1 1 1 1 1 1 1 1 1 1 1 1 1 1 1 1 1 1 1 1 1 1 1 1 1 1 1 1 12 1 1
ciInstanceKlass com/google/common/collect/PairList 1 1 48 10 9 9 10 7 7 1 1 1 1 1 1 1 1 1 1 1 1 1 1 1 1 1 1 1 1 100 1 1 1 1 1 1 1 1 12 12 12 7 12 1 1 1 1 1 1 1
ciInstanceKlass apex/jorje/semantic/exception/Errors 1 1 268 10 7 12 1 1 1 7 1 10 9 7 12 1 1 1 7 1 10 9 12 1 1 10 11 7 12 1 1 11 7 1 11 12 1 1 11 12 1 1 100 1 11 12 1 1 11 12 1 1 9 100 12 1 1 1 10 12 1 1 7 1 10 12 11 11 7 12 1 1 1 10 12 1 10 12 1 10 12 1 11 12 1 1 18 12 1 1 11 7 12 1 1 1 11 12 1 1 10 7 12 1 1 1 11 12 1 1 10 12 1 11 7 1 10 12 1 1 10 7 12 1 1 10 12 1 1 10 12 1 10 12 1 11 7 12 1 1 7 1 11 12 1 10 12 1 1 10 12 1 10 12 1 11 12 1 1 11 7 12 1 1 11 12 1 8 1 18 12 1 9 100 12 1 1 1 1 1 1 1 1 1 1 1 1 1 1 1 1 1 1 1 1 1 1 1 1 1 1 1 1 1 1 1 1 1 1 1 1 1 1 1 1 1 1 1 1 1 1 1 1 1 1 1 1 1 1 1 1 1 1 1 1 1 1 1 1 1 1 1 1 1 1 1 15 10 7 12 1 1 1 16 1 15 10 12 16 1 15 10 16 1 1 100 1 100 1 1
ciInstanceKlass apex/jorje/data/ast/ClassDecl 1 1 109 7 1 10 12 1 1 10 7 12 1 1 9 12 1 1 9 12 1 1 9 12 1 1 9 12 1 1 9 12 1 9 12 1 9 12 1 10 12 1 1 11 100 1 10 100 1 10 12 1 1 10 12 1 1 11 10 10 100 12 1 1 1 18 12 1 1 1 1 1 1 1 1 1 1 1 1 1 1 1 1 1 1 1 1 1 1 1 1 1 1 1 1 1 1 15 10 100 12 1 1 8 1 1 100 1 100 1 1
ciInstanceKlass apex/jorje/data/Identifiers$LocationIdentifier 1 1 62 10 7 12 1 1 1 9 7 12 1 1 1 9 12 1 1 10 12 1 1 10 100 12 1 1 1 100 1 11 10 100 12 1 1 1 11 12 1 1 1 1 1 1 1 1 1 1 1 1 1 1 1 1 1 1 1 1 7 1 1 1
instanceKlass apex/jorje/data/ast/BlockMember$MethodMember
instanceKlass apex/jorje/data/ast/BlockMember$InnerEnumMember
instanceKlass apex/jorje/data/ast/BlockMember$FieldMember
instanceKlass apex/jorje/data/ast/BlockMember$InnerClassMember
instanceKlass apex/jorje/data/ast/BlockMember$PropertyMember
instanceKlass apex/jorje/data/ast/BlockMember$StmntBlockMember
instanceKlass apex/jorje/data/ast/BlockMember$InnerInterfaceMember
instanceKlass apex/jorje/data/ast/BlockMember$StaticStmntBlockMember
ciInstanceKlass apex/jorje/data/ast/BlockMember 1 1 114 10 7 12 1 1 1 7 1 10 12 1 100 1 10 12 1 7 1 10 12 1 7 1 10 12 1 7 1 10 12 1 7 1 10 12 1 100 1 10 12 1 7 1 10 12 1 100 1 1 1 1 1 1 1 1 1 1 1 1 1 1 1 1 1 1 1 1 1 1 1 1 1 1 1 1 1 1 1 1 1 1 1 1 1 1 1 1 1 1 1 1 1 100 1 100 1 100 1 100 1 1 1 1 1 1 1 1 1 1 1 1 1 1
ciInstanceKlass apex/jorje/data/ast/BlockMember$FieldMember 1 1 98 10 7 12 1 1 1 9 7 12 1 1 1 11 100 12 1 1 1 11 7 12 1 1 10 100 12 1 1 1 10 100 12 1 1 1 10 12 1 1 10 100 12 1 1 1 18 12 1 1 1 1 1 1 1 1 1 1 1 1 1 1 1 1 1 1 1 1 1 1 1 1 1 1 1 1 1 1 1 1 1 15 10 100 12 1 1 8 1 1 1 1 1 100 1 100 1 1
ciInstanceKlass apex/jorje/data/ast/BlockMember$MethodMember 1 1 98 10 7 12 1 1 1 9 7 12 1 1 1 11 100 12 1 1 1 11 7 12 1 1 10 100 12 1 1 1 10 100 12 1 1 1 10 12 1 1 10 100 12 1 1 1 18 12 1 1 1 1 1 1 1 1 1 1 1 1 1 1 1 1 1 1 1 1 1 1 1 1 1 1 1 1 1 1 1 1 1 15 10 100 12 1 1 8 1 1 1 1 1 100 1 100 1 1
ciInstanceKlass apex/jorje/semantic/ast/compilation/UserClassMembers 1 1 303 100 1 10 7 12 1 1 1 9 7 12 1 1 1 10 7 12 1 1 1 9 7 12 1 1 1 9 12 1 9 12 1 9 12 1 9 12 1 9 12 1 9 12 1 9 12 1 9 12 1 7 1 10 12 1 10 7 12 1 1 1 10 7 12 1 1 1 10 12 1 8 1 9 7 12 1 1 1 7 1 10 12 1 1 10 12 1 1 10 12 1 9 12 1 1 10 12 1 1 9 7 12 1 1 1 10 12 1 1 10 7 12 1 1 1 7 1 10 12 1 10 7 12 1 1 10 7 12 1 1 1 9 7 12 1 1 1 9 12 1 10 12 1 1 10 12 1 9 12 1 100 1 8 1 9 12 1 10 12 1 9 7 12 1 1 10 7 12 1 1 1 11 7 12 1 1 1 11 7 12 1 1 1 11 12 1 1 7 1 10 12 1 1 9 12 1 1 11 7 12 1 1 1 9 12 1 10 12 1 1 10 12 1 1 10 12 1 1 10 12 1 10 100 12 1 1 1 8 1 10 100 12 1 1 8 8 8 10 12 1 1 9 12 1 1 1 1 1 1 1 1 1 1 1 1 1 1 1 1 1 1 1 1 1 1 1 1 1 1 1 1 1 1 1 1 1 1 1 1 1 1 1 1 1 1 1 1 1 1 1 1 1 1 1 1 1 100 1 100 1 1 1
staticfield apex/jorje/semantic/ast/compilation/UserClassMembers CLONE_MODIFIERS Lapex/jorje/semantic/ast/modifier/ModifierGroup; apex/jorje/semantic/ast/modifier/ModifierGroup
ciInstanceKlass apex/jorje/data/ast/BlockMember$SwitchBlock 1 0 45 100 1 100 1 1 1 1 1 1 1 1 1 1 1 1 1 100 1 1 1 100 1 1 100 1 1 100 1 1 100 1 1 100 1 1 100 1 1 100 1 1 100 1 1
ciInstanceKlass apex/jorje/semantic/ast/compilation/UserClassMembers$2 1 1 145 9 7 12 1 1 1 9 12 1 1 10 7 12 1 1 1 11 7 12 1 1 1 11 7 12 1 1 1 11 12 1 1 7 1 11 12 1 1 11 12 1 1 18 12 1 1 10 100 12 1 1 1 10 100 12 1 1 1 11 100 12 1 1 10 12 1 1 10 12 1 1 10 12 1 10 9 100 12 1 1 1 100 1 10 12 1 1 1 1 1 1 1 1 1 1 1 1 1 1 1 1 1 1 1 1 1 1 1 1 1 1 1 1 1 1 1 1 1 1 1 100 1 12 1 1 1 1 15 10 100 12 1 1 1 16 15 10 12 1 100 1 100 1 1
instanceKlass apex/jorje/semantic/ast/compilation/UserExceptionMethods$4
instanceKlass apex/jorje/semantic/ast/compilation/UserExceptionMethods$2
instanceKlass apex/jorje/semantic/ast/compilation/UserExceptionMethods$3
instanceKlass apex/jorje/semantic/ast/compilation/UserEnum$1
instanceKlass apex/jorje/semantic/ast/compilation/UserEnum$6
instanceKlass apex/jorje/semantic/ast/compilation/UserEnum$4
instanceKlass apex/jorje/semantic/ast/compilation/UserEnum$7
instanceKlass apex/jorje/semantic/ast/compilation/UserEnum$2
instanceKlass apex/jorje/semantic/ast/compilation/UserEnum$5
instanceKlass apex/jorje/semantic/ast/compilation/UserEnum$3
instanceKlass apex/jorje/semantic/ast/compilation/UserTriggerMembers$1
instanceKlass apex/jorje/semantic/ast/statement/StatementExecuted
instanceKlass apex/jorje/semantic/ast/member/bridge/InheritanceBridge$1
instanceKlass apex/jorje/semantic/ast/member/bridge/EqualsBridge$1
instanceKlass apex/jorje/semantic/ast/member/bridge/HashCodeBridge$1
instanceKlass apex/jorje/semantic/ast/statement/MethodBlockStatement$1
instanceKlass apex/jorje/semantic/ast/compilation/UserClassMembers$1
ciInstanceKlass apex/jorje/semantic/ast/statement/SimpleStatement 1 1 64 9 7 12 1 1 1 10 7 12 1 1 1 10 7 12 1 1 10 12 1 1 1 1 1 1 1 1 1 1 1 100 1 1 1 1 1 1 1 1 1 1 1 1 1 1 1 1 1 1 1 1 1 1 1 100 1 8 1 1 12 10 1 1
ciInstanceKlass apex/jorje/semantic/ast/compilation/UserClassMembers$1 1 1 56 10 7 12 1 1 1 9 100 12 1 1 1 100 1 10 100 12 1 1 1 9 100 12 1 1 1 10 12 1 1 10 12 1 100 1 1 1 1 1 1 1 1 1 1 1 1 1 1 100 1 12 1 1 1 1
ciInstanceKlass apex/jorje/semantic/ast/compilation/UserClassMembers$Builder 1 1 283 10 7 12 1 1 1 9 7 12 1 1 1 9 12 1 1 9 12 1 1 9 12 1 1 10 7 12 1 1 1 9 12 1 1 9 12 1 9 12 1 9 12 1 9 12 1 9 12 1 10 7 12 1 1 1 9 7 12 1 1 1 10 12 1 1 10 7 12 1 1 1 9 100 1 10 100 12 1 1 1 8 1 10 100 12 1 1 1 10 100 12 1 1 1 9 7 12 1 1 1 10 12 1 10 7 12 1 1 1 9 7 12 1 1 1 10 7 12 1 1 1 10 7 12 1 1 1 10 12 1 1 9 7 12 1 1 1 10 7 12 1 1 1 9 7 12 1 1 1 10 12 1 10 7 1 9 7 12 1 1 1 11 7 12 1 1 1 10 7 12 1 1 1 9 7 12 1 1 1 9 7 1 10 7 12 1 1 1 10 12 1 9 12 1 1 8 1 9 100 12 1 1 10 12 1 1 9 100 1 9 7 12 1 1 10 12 1 1 9 100 1 100 1 1 1 1 1 1 1 1 1 1 1 1 1 1 1 1 1 1 1 1 1 1 1 1 1 1 1 1 1 1 1 1 1 1 1 1 1 1 1 1 1 1 1 1 1 7 1 1 1 100 1 1 1 1 1 1 1 1 1 1
ciInstanceKlass apex/jorje/semantic/ast/member/MethodFactory 1 1 245 10 100 12 1 1 1 10 7 12 1 1 1 9 7 12 1 1 1 11 7 12 1 1 1 10 7 12 1 1 1 9 7 12 1 1 1 10 12 1 1 9 12 1 1 10 12 1 1 10 12 1 1 10 7 12 1 1 1 11 7 12 1 1 1 9 12 1 1 18 12 1 1 10 7 12 1 1 1 9 7 12 1 1 1 10 12 1 1 10 12 1 11 7 12 1 1 1 9 7 12 1 1 1 9 12 1 9 12 1 10 12 1 1 9 12 1 10 12 1 9 12 1 9 7 12 1 1 1 10 7 12 1 1 1 9 12 1 9 7 12 1 1 1 9 12 1 7 1 10 7 12 1 1 10 7 12 1 1 1 10 12 1 1 9 12 1 10 12 1 1 9 12 1 10 12 1 1 10 12 1 1 10 12 1 1 10 12 1 10 7 12 1 1 1 10 12 1 1 1 1 1 1 1 1 1 1 1 1 1 1 1 1 1 1 1 1 1 1 1 1 1 1 1 1 1 15 10 7 12 1 1 1 16 15 10 12 16 1 1 100 1 100 1 1
ciInstanceKlass apex/jorje/semantic/symbol/member/variable/LocalVariableScope 1 1 145 10 7 12 1 1 1 9 7 12 1 1 1 9 12 1 9 12 1 1 11 7 12 1 1 1 10 12 1 10 7 12 1 1 1 10 100 12 1 1 1 11 12 1 1 18 12 1 1 10 12 1 1 11 12 1 1 10 7 12 1 1 1 11 12 1 10 12 1 1 10 12 1 10 12 1 1 10 7 12 1 1 1 10 12 1 1 10 7 12 1 1 1 10 7 12 1 1 1 1 1 1 1 1 1 1 1 1 1 1 1 1 1 1 1 1 1 1 1 1 1 1 1 1 1 1 1 1 1 1 1 15 10 7 12 1 1 8 1 1 100 1 100 1 1
staticfield apex/jorje/semantic/symbol/member/variable/LocalVariableScope EMPTY_MAP Ljava/util/Map; com/google/common/collect/RegularImmutableMap
ciInstanceKlass apex/jorje/semantic/ast/statement/SimpleStatement$Returnable 1 1 55 7 1 9 12 1 1 9 12 1 9 12 1 1 10 100 12 1 1 10 7 12 1 1 1 10 12 1 1 8 10 8 10 12 1 1 1 1 1 1 1 1 1 1 1 1 1 1 1 1 1 100 1 1 1
staticfield apex/jorje/semantic/ast/statement/SimpleStatement$Returnable NO Lapex/jorje/semantic/ast/statement/SimpleStatement$Returnable; apex/jorje/semantic/ast/statement/SimpleStatement$Returnable
staticfield apex/jorje/semantic/ast/statement/SimpleStatement$Returnable YES Lapex/jorje/semantic/ast/statement/SimpleStatement$Returnable; apex/jorje/semantic/ast/statement/SimpleStatement$Returnable
staticfield apex/jorje/semantic/ast/statement/SimpleStatement$Returnable $VALUES [Lapex/jorje/semantic/ast/statement/SimpleStatement$Returnable; 2 [Lapex/jorje/semantic/ast/statement/SimpleStatement$Returnable;
ciInstanceKlass apex/jorje/semantic/symbol/member/method/MemoizingMethodTable$$Lambda$534+0x0000024967353958 1 1 27 1 7 1 7 1 100 1 1 1 1 1 12 10 12 9 1 1 1 7 1 7 1 12 11 1 1
ciInstanceKlass apex/jorje/semantic/bcl/validators/JavaSfdcOnlyAnnotation 1 1 73 10 7 12 1 1 1 9 7 12 1 1 1 9 7 1 9 12 1 9 9 12 1 9 9 12 1 9 9 12 1 9 9 12 1 9 9 12 1 9 10 10 12 1 1 10 12 1 1 9 12 1 1 1 1 1 1 1 1 1 1 1 1 1 1 1 1 1 1 1 1 1 1
staticfield apex/jorje/semantic/bcl/validators/JavaSfdcOnlyAnnotation DEFAULT_ALLOW_TESTING Lapex/jorje/semantic/bcl/validators/JavaSfdcOnlyAnnotation; apex/jorje/semantic/bcl/validators/JavaSfdcOnlyAnnotation
ciMethodData java/lang/Object <init> ()V 2 3183245 orig 80 1 0 0 0 0 0 0 0 0 0 0 0 0 0 0 0 0 0 0 0 0 0 0 0 0 0 0 0 0 0 0 0 0 0 0 0 0 0 0 0 0 0 0 0 0 0 0 0 0 0 0 0 0 0 0 0 0 0 0 0 0 0 0 0 0 0 0 0 0 0 0 0 0 0 0 0 0 0 0 0 data 4 0x0 0x9 0x1 0x0 oops 0 methods 0
ciMethodData java/util/Objects requireNonNull (Ljava/lang/Object;)Ljava/lang/Object; 2 458255 orig 80 0 0 0 0 0 0 0 0 0 0 0 0 0 0 0 0 0 0 0 0 0 0 0 0 0 0 0 0 0 0 0 0 0 0 0 0 0 0 0 0 0 0 0 0 0 0 0 0 0 0 0 0 0 0 0 0 0 0 0 0 0 0 0 0 0 0 0 0 0 0 0 0 0 0 0 0 0 0 0 0 data 15 0x10007 0x6fcc9 0x30 0x0 0x80002 0x0 0x0 0x0 0x0 0x0 0x0 0x0 0x9 0x1 0x0 oops 0 methods 0
ciMethodData java/util/AbstractCollection <init> ()V 2 317883 orig 80 0 0 0 0 0 0 0 0 0 0 0 0 0 0 0 0 0 0 0 0 0 0 0 0 0 0 0 0 0 0 0 0 0 0 0 0 0 0 0 0 0 0 0 0 0 0 0 0 0 0 0 0 0 0 0 0 0 0 0 0 0 0 0 0 0 0 0 0 0 0 0 0 0 0 0 0 0 0 0 0 data 7 0x10002 0x4d85d 0x0 0x0 0x9 0x1 0x0 oops 0 methods 0
ciMethodData java/util/ArrayList add (Ljava/lang/Object;)Z 2 186976 orig 80 0 0 0 0 0 0 0 0 0 0 0 0 0 0 0 0 0 0 0 0 0 0 0 0 0 0 0 0 0 0 0 0 0 0 0 0 0 0 0 0 0 0 0 0 0 0 0 0 0 0 0 0 0 0 0 0 0 0 0 0 0 0 0 0 0 0 0 0 0 0 0 0 0 0 0 0 0 0 0 0 data 17 0x140005 0x2d95f 0x0 0x0 0x0 0x0 0x0 0x0 0x0 0x0 0x0 0x0 0x0 0x9 0x2 0xe 0x0 oops 0 methods 0
ciMethodData java/util/ArrayList add (Ljava/lang/Object;[Ljava/lang/Object;I)V 2 186976 orig 80 0 0 0 0 0 0 0 0 0 0 0 0 0 0 0 0 0 0 0 0 0 0 0 0 0 0 0 0 0 0 0 0 0 0 0 0 0 0 0 0 0 0 0 0 0 0 0 0 0 0 0 0 0 0 0 0 0 0 0 0 0 0 0 0 0 0 0 0 0 0 0 0 0 0 0 0 0 0 0 0 data 30 0x30007 0x1f21e 0x58 0xe741 0x70005 0xe741 0x0 0x0 0x0 0x0 0x0 0xe0104 0x0 0x0 0x24965279c80 0xcab 0x2496524dbd0 0x4120 0x0 0x0 0x0 0x0 0x0 0x0 0x9 0x4 0xc 0x0 0xffffffffffffffff 0x0 oops 2 14 [B 16 java/lang/String methods 0
ciMethodData java/util/ArrayList grow ()[Ljava/lang/Object; 2 59239 orig 80 0 0 0 0 0 0 0 0 0 0 0 0 0 0 0 0 0 0 0 0 0 0 0 0 0 0 0 0 0 0 0 0 0 0 0 0 0 0 0 0 0 0 0 0 0 0 0 0 0 0 0 0 0 0 0 0 0 0 0 0 0 0 0 0 0 0 0 0 0 0 0 0 0 0 0 0 0 0 0 0 data 16 0x70005 0xe757 0x0 0x0 0x0 0x0 0x0 0x0 0x0 0x0 0x0 0x0 0x0 0x9 0x1 0xc oops 0 methods 0
ciMethodData java/util/ArrayList grow (I)[Ljava/lang/Object; 2 9467 orig 80 0 0 0 0 0 0 0 0 0 0 0 0 0 0 0 0 0 0 0 0 0 0 0 0 0 0 0 0 0 0 0 0 0 0 0 0 0 0 0 0 0 0 0 0 0 0 0 0 0 0 0 0 0 0 0 0 0 0 0 0 0 0 0 0 0 0 0 0 0 0 0 0 0 0 0 0 0 0 0 0 data 24 0x70007 0xc 0x40 0x24df 0x110007 0x24df 0x40 0x0 0x1b0002 0xc 0x250002 0xc 0x310002 0x24df 0x0 0x0 0x0 0x0 0x0 0x0 0x9 0x2 0xc 0x0 oops 0 methods 0
ciMethod java/lang/invoke/MethodHandle invokeBasic ()Ljava/lang/Object; 0 0 1 0 -1
ciMethodData jdk/internal/util/ArraysSupport newLength (III)I 2 10197 orig 80 0 0 0 0 0 0 0 0 0 0 0 0 0 0 0 0 0 0 0 0 0 0 0 0 0 0 0 0 0 0 0 0 0 0 0 0 0 0 0 0 0 0 0 0 0 0 0 0 0 0 0 0 0 0 0 0 0 0 0 0 0 0 0 0 0 0 0 0 0 0 0 0 0 0 0 0 0 0 0 0 data 23 0x30002 0x26d0 0xa0007 0x0 0x40 0x26d0 0x100007 0x0 0x20 0x26d0 0x170002 0x0 0x0 0x0 0x0 0x0 0x0 0x0 0x9 0x3 0x0 0x0 0x0 oops 0 methods 0
ciMethodData java/util/AbstractList <init> ()V 2 196836 orig 80 0 0 0 0 0 0 0 0 0 0 0 0 0 0 0 0 0 0 0 0 0 0 0 0 0 0 0 0 0 0 0 0 0 0 0 0 0 0 0 0 0 0 0 0 0 0 0 0 0 0 0 0 0 0 0 0 0 0 0 0 0 0 0 0 0 0 0 0 0 0 0 0 0 0 0 0 0 0 0 0 data 9 0x10002 0x2ffe0 0x0 0x0 0x0 0x0 0x9 0x1 0x6 oops 0 methods 0
ciMethodData java/util/ArrayList <init> ()V 2 143471 orig 80 0 0 0 0 0 0 0 0 0 0 0 0 0 0 0 0 0 0 0 0 0 0 0 0 0 0 0 0 0 0 0 0 0 0 0 0 0 0 0 0 0 0 0 0 0 0 0 0 0 0 0 0 0 0 0 0 0 0 0 0 0 0 0 0 0 0 0 0 0 0 0 0 0 0 0 0 0 0 0 0 data 9 0x10002 0x22f3d 0x0 0x0 0x0 0x0 0x9 0x1 0x0 oops 0 methods 0
ciMethodData java/util/Arrays copyOf ([Ljava/lang/Object;I)[Ljava/lang/Object; 2 8309 orig 80 0 0 0 0 0 0 0 0 0 0 0 0 0 0 0 0 0 0 0 0 0 0 0 0 0 0 0 0 0 0 0 0 0 0 0 0 0 0 0 0 0 0 0 0 0 0 0 0 0 0 0 0 0 0 0 0 0 0 0 0 0 0 0 0 0 0 0 0 0 0 0 0 0 0 0 0 0 0 0 0 data 19 0x30005 0x204e 0x0 0x0 0x0 0x0 0x0 0x60002 0x204e 0x0 0x0 0x0 0x0 0x0 0x0 0x9 0x2 0xffffffffffffffff 0x0 oops 0 methods 0
ciMethodData java/lang/invoke/Invokers$Holder linkToTargetMethod (Ljava/lang/Object;)Ljava/lang/Object; 2 264267 orig 80 0 0 0 0 0 0 0 0 0 0 0 0 0 0 0 0 0 0 0 0 0 0 0 0 0 0 0 0 0 0 0 0 0 0 0 0 0 0 0 0 0 0 0 0 0 0 0 0 0 0 0 0 0 0 0 0 0 0 0 0 0 0 0 0 0 0 0 0 0 0 0 0 0 0 0 0 0 0 0 0 data 29 0x10004 0x0 0x0 0x249adb774f0 0x1b1c 0x0 0x0 0x4000b 0x406cb 0x0 0x0 0x0 0x0 0x0 0x1 0x2 0x0 0x0 0x0 0x0 0x0 0x0 0x9 0x1 0x0 0xc 0x2 0x0 0x249adb774f0 oops 2 3 java/lang/invoke/BoundMethodHandle$Species_L 28 java/lang/invoke/BoundMethodHandle$Species_L methods 0
ciMethodData java/lang/Object equals (Ljava/lang/Object;)Z 2 19550 orig 80 0 0 0 0 0 0 0 0 0 0 0 0 0 0 0 0 0 0 0 0 0 0 0 0 0 0 0 0 0 0 0 0 0 0 0 0 0 0 0 0 0 0 0 0 0 0 0 0 0 0 0 0 0 0 0 0 0 0 0 0 0 0 0 0 0 0 0 0 0 0 0 0 0 0 0 0 0 0 0 0 data 17 0x20007 0x2911 0x38 0x2248 0x60003 0x2248 0x18 0x0 0x0 0x0 0x0 0x0 0x0 0x9 0x2 0x0 0x0 oops 0 methods 0
ciMethod java/lang/invoke/LambdaForm$MH+0x0000024967000400 invoke (Ljava/lang/Object;)Ljava/lang/Object; 768 0 266161 0 -1
ciMethodData java/lang/invoke/LambdaForm$MH+0x0000024967000400 invoke (Ljava/lang/Object;)Ljava/lang/Object; 2 266161 orig 80 0 0 0 0 0 0 0 0 0 0 0 0 0 0 0 0 0 0 0 0 0 0 0 0 0 0 0 0 0 0 0 0 0 0 0 0 0 0 0 0 0 0 0 0 0 0 0 0 0 0 0 0 0 0 0 0 0 0 0 0 0 0 0 0 0 0 0 0 0 0 0 0 0 0 0 0 0 0 0 0 data 20 0x10004 0x0 0x0 0x249adb774f0 0x2282 0x0 0x0 0x0 0x0 0x0 0x0 0x0 0x0 0x9 0x1 0x0 0xc 0x2 0x0 0x249adb774f0 oops 2 3 java/lang/invoke/BoundMethodHandle$Species_L 19 java/lang/invoke/BoundMethodHandle$Species_L methods 0
ciMethod com/google/common/base/Preconditions checkArgument (Z)V 514 0 20631 0 0
ciMethod com/google/common/base/Preconditions checkState (Z)V 538 0 30224 0 -1
ciMethod com/google/common/base/Preconditions checkNotNull (Ljava/lang/Object;)Ljava/lang/Object; 524 0 157599 0 96
ciMethod com/google/common/base/Preconditions checkPositionIndex (II)I 542 0 9597 0 0
ciMethod com/google/common/base/Preconditions checkPositionIndex (IILjava/lang/String;)I 542 0 7772 0 128
ciMethod com/google/common/base/Preconditions checkPositionIndexes (III)V 536 0 5392 0 160
ciMethod com/google/common/collect/ImmutableCollection <init> ()V 512 0 20151 0 0
ciMethod com/google/common/collect/ImmutableList of ()Lcom/google/common/collect/ImmutableList; 96 0 138505 0 64
ciMethod com/google/common/collect/ImmutableList of (Ljava/lang/Object;)Lcom/google/common/collect/ImmutableList; 152 0 19002 0 320
ciMethod com/google/common/collect/ImmutableList asImmutableList ([Ljava/lang/Object;)Lcom/google/common/collect/ImmutableList; 512 0 6476 0 0
ciMethod com/google/common/collect/ImmutableList asImmutableList ([Ljava/lang/Object;I)Lcom/google/common/collect/ImmutableList; 650 0 5517 0 960
ciMethod com/google/common/collect/ImmutableList <init> ()V 444 0 19989 0 0
ciMethod com/google/common/collect/ImmutableList iterator ()Lcom/google/common/collect/UnmodifiableIterator; 512 0 5484 0 0
ciMethod com/google/common/collect/ImmutableList listIterator ()Lcom/google/common/collect/UnmodifiableListIterator; 512 0 6171 0 0
ciMethod com/google/common/collect/ImmutableList listIterator (I)Lcom/google/common/collect/UnmodifiableListIterator; 524 0 776 0 -1
ciMethod com/google/common/collect/ImmutableList builder ()Lcom/google/common/collect/ImmutableList$Builder; 872 0 43086 0 416
ciMethod com/google/common/collect/ImmutableList iterator ()Ljava/util/Iterator; 512 0 5521 0 384
ciMethod com/google/common/collect/Hashing smear (I)I 516 0 9126 0 96
ciMethod com/google/common/collect/ImmutableCollection$Builder expandedCapacity (II)I 34 0 317 0 0
ciMethod com/google/common/collect/ImmutableCollection$Builder <init> ()V 512 0 58394 0 0
ciMethod com/google/common/collect/Iterators emptyListIterator ()Lcom/google/common/collect/UnmodifiableListIterator; 82 0 4149 0 0
ciMethod com/google/common/collect/Iterators filter (Ljava/util/Iterator;Lcom/google/common/base/Predicate;)Lcom/google/common/collect/UnmodifiableIterator; 1024 0 5788 0 0
ciMethod com/google/common/collect/Iterators forArray ([Ljava/lang/Object;III)Lcom/google/common/collect/UnmodifiableListIterator; 536 0 5515 0 544
ciMethod com/google/common/collect/UnmodifiableIterator <init> ()V 478 0 22858 0 0
ciMethod com/google/common/collect/UnmodifiableIterator next ()Ljava/lang/Object; 0 0 1 0 -1
ciMethod com/google/common/collect/Iterators$5 <init> (Ljava/util/Iterator;Lcom/google/common/base/Predicate;)V 1024 0 5788 0 0
ciMethod com/google/common/collect/AbstractIterator <init> ()V 1024 0 5788 0 0
ciMethod com/google/common/collect/AbstractIterator hasNext ()Z 546 0 18193 0 3712
ciMethod com/google/common/collect/AbstractIterator tryToComputeNext ()Z 360 0 13213 0 -1
ciMethod com/google/common/collect/AbstractIterator next ()Ljava/lang/Object; 890 0 5710 0 2336
ciMethod com/google/common/collect/UnmodifiableListIterator <init> ()V 456 0 2143 0 0
ciMethod com/google/common/collect/Iterators$ArrayItr <init> ([Ljava/lang/Object;III)V 456 0 1367 0 0
ciMethod com/google/common/collect/AbstractIndexedListIterator <init> (II)V 456 0 2143 0 0
ciMethod com/google/common/collect/AbstractIndexedListIterator hasNext ()Z 520 0 15454 0 96
ciMethod com/google/common/collect/ImmutableEntry getKey ()Ljava/lang/Object; 256 0 128 0 0
ciMethod com/google/common/collect/ImmutableEntry getValue ()Ljava/lang/Object; 264 0 132 0 0
ciMethod com/google/common/collect/RegularImmutableMap get (Ljava/lang/Object;)Ljava/lang/Object; 514 0 7477 0 736
ciMethod com/google/common/collect/RegularImmutableMap get (Ljava/lang/Object;[Lcom/google/common/collect/ImmutableMapEntry;I)Ljava/lang/Object; 514 584 7477 0 736
ciMethod com/google/common/collect/ImmutableMapEntry getNextInKeyBucket ()Lcom/google/common/collect/ImmutableMapEntry; 256 0 128 0 0
ciMethod com/google/common/collect/ImmutableMapEntry$NonTerminalImmutableMapEntry getNextInKeyBucket ()Lcom/google/common/collect/ImmutableMapEntry; 258 0 129 0 0
ciMethod com/google/common/collect/SingletonImmutableList <init> (Ljava/lang/Object;)V 152 0 19002 0 0
ciMethod com/google/common/collect/RegularImmutableList <init> ([Ljava/lang/Object;)V 292 0 840 0 0
ciMethod com/google/common/collect/RegularImmutableList listIterator (I)Lcom/google/common/collect/UnmodifiableListIterator; 512 0 5432 0 416
ciMethod com/google/common/collect/ImmutableList$Builder <init> ()V 512 0 54421 0 0
ciMethod com/google/common/collect/ImmutableList$Builder <init> (I)V 512 0 54421 0 0
ciMethod com/google/common/collect/ImmutableList$Builder getReadyToExpandTo (I)V 512 0 6414 0 1088
ciMethod com/google/common/collect/ImmutableList$Builder add (Ljava/lang/Object;)Lcom/google/common/collect/ImmutableList$Builder; 100 0 5221 0 1568
ciMethod com/google/common/collect/ImmutableList$Builder build ()Lcom/google/common/collect/ImmutableList; 514 0 53712 0 992
ciMethodData com/google/common/base/Preconditions checkNotNull (Ljava/lang/Object;)Ljava/lang/Object; 2 157600 orig 80 0 0 0 0 0 0 0 0 0 0 0 0 0 0 0 0 0 0 0 0 0 0 0 0 0 0 0 0 0 0 0 0 0 0 0 0 0 0 0 0 0 0 0 0 0 0 0 0 0 0 0 0 0 0 0 0 0 0 0 0 0 0 0 0 0 0 0 0 0 0 0 0 0 0 0 0 0 0 0 0 data 15 0x10007 0x2669a 0x30 0x0 0x80002 0x0 0x0 0x0 0x0 0x0 0x0 0x0 0x9 0x1 0x0 oops 0 methods 0
ciMethodData java/lang/Integer rotateLeft (II)I 2 9126 orig 80 0 0 0 0 0 0 0 0 0 0 0 0 0 0 0 0 0 0 0 0 0 0 0 0 0 0 0 0 0 0 0 0 0 0 0 0 0 0 0 0 0 0 0 0 0 0 0 0 0 0 0 0 0 0 0 0 0 0 0 0 0 0 0 0 0 0 0 0 0 0 0 0 0 0 0 0 0 0 0 0 data 5 0x0 0x9 0x2 0x0 0x0 oops 0 methods 0
ciMethodData com/google/common/collect/AbstractIndexedListIterator hasNext ()Z 2 15454 orig 80 0 0 0 0 0 0 0 0 0 0 0 0 0 0 0 0 0 0 0 0 0 0 0 0 0 0 0 0 0 0 0 0 0 0 0 0 0 0 0 0 0 0 0 0 0 0 0 0 0 0 0 0 0 0 0 0 0 0 0 0 0 0 0 0 0 0 0 0 0 0 0 0 0 0 0 0 0 0 0 0 data 14 0x80007 0x84e 0x38 0x330c 0xc0003 0x330c 0x18 0x0 0x0 0x0 0x0 0x9 0x1 0x0 oops 0 methods 0
ciMethodData com/google/common/collect/Hashing smear (I)I 2 9126 orig 80 0 0 0 0 0 0 0 0 0 0 0 0 0 0 0 0 0 0 0 0 0 0 0 0 0 0 0 0 0 0 0 0 0 0 0 0 0 0 0 0 0 0 0 0 0 0 0 0 0 0 0 0 0 0 0 0 0 0 0 0 0 0 0 0 0 0 0 0 0 0 0 0 0 0 0 0 0 0 0 0 data 11 0xc0002 0x22a4 0x0 0x0 0x0 0x0 0x0 0x0 0x9 0x1 0x0 oops 0 methods 0
ciMethodData com/google/common/base/Preconditions checkPositionIndex (II)I 2 9597 orig 80 0 0 0 0 0 0 0 0 0 0 0 0 0 0 0 0 0 0 0 0 0 0 0 0 0 0 0 0 0 0 0 0 0 0 0 0 0 0 0 0 0 0 0 0 0 0 0 0 0 0 0 0 0 0 0 0 0 0 0 0 0 0 0 0 0 0 0 0 0 0 0 0 0 0 0 0 0 0 0 0 data 12 0x40002 0x246e 0x0 0x0 0x0 0x0 0x0 0x0 0x9 0x2 0x0 0x0 oops 0 methods 0
ciMethodData com/google/common/base/Preconditions checkPositionIndex (IILjava/lang/String;)I 2 7772 orig 80 0 0 0 0 0 0 0 0 0 0 0 0 0 0 0 0 0 0 0 0 0 0 0 0 0 0 0 0 0 0 0 0 0 0 0 0 0 0 0 0 0 0 0 0 0 0 0 0 0 0 0 0 0 0 0 0 0 0 0 0 0 0 0 0 0 0 0 0 0 0 0 0 0 0 0 0 0 0 0 0 data 23 0x10007 0x0 0x40 0x1d4d 0x60007 0x1d4d 0x40 0x0 0x100002 0x0 0x130002 0x0 0x0 0x0 0x0 0x0 0x0 0x0 0x9 0x3 0x0 0x0 0x0 oops 0 methods 0
ciMethod apex/jorje/data/Locatable getLoc ()Lapex/jorje/data/Location; 514 0 1282 0 -1
ciMethod apex/jorje/semantic/ast/AstNode getDefiningType ()Lapex/jorje/semantic/symbol/type/TypeInfo; 0 0 1 0 -1
ciMethod apex/jorje/semantic/ast/compilation/UserClass getDefiningType ()Lapex/jorje/semantic/symbol/type/TypeInfo; 380 0 190 0 0
ciMethod apex/jorje/semantic/ast/statement/Statement <init> (Lapex/jorje/semantic/ast/AstNode;)V 888 0 31461 0 320
ciMethod apex/jorje/semantic/ast/statement/Statement setReturnable ()V 346 0 5296 0 0
ciMethod apex/jorje/semantic/ast/member/Method <init> (Lapex/jorje/semantic/ast/AstNode;Lapex/jorje/semantic/symbol/member/method/StandardMethodInfoBuilder;Lapex/jorje/semantic/ast/statement/Statement;)V 512 0 5492 0 3680
ciMethod apex/jorje/semantic/ast/modifier/ModifierGroup <init> (Lapex/jorje/semantic/ast/modifier/ModifierGroupBuilder;)V 926 0 12836 0 -1
ciMethod apex/jorje/semantic/ast/modifier/ModifierGroup builder ()Lapex/jorje/semantic/ast/modifier/ModifierGroupBuilder; 1024 0 37951 0 608
ciMethod apex/jorje/semantic/ast/modifier/ModifierNode <init> (Lapex/jorje/semantic/ast/AstNode;Lapex/jorje/semantic/ast/modifier/ModifierGroup;)V 864 0 27160 0 -1
ciMethod apex/jorje/semantic/ast/statement/MethodBlockStatement <init> (Lapex/jorje/semantic/ast/AstNode;Lapex/jorje/semantic/ast/statement/Statement;)V 512 0 5492 0 -1
ciMethod apex/jorje/semantic/symbol/member/method/signature/Signature <init> (Ljava/lang/String;Lapex/jorje/semantic/symbol/type/TypeInfo;Lapex/jorje/semantic/symbol/type/TypeInfo;Ljava/util/List;)V 518 0 5427 0 -1
ciMethodData com/google/common/base/Preconditions checkArgument (Z)V 2 20631 orig 80 0 0 0 0 0 0 0 0 0 0 0 0 0 0 0 0 0 0 0 0 0 0 0 0 0 0 0 0 0 0 0 0 0 0 0 0 0 0 0 0 0 0 0 0 0 0 0 0 0 0 0 0 0 0 0 0 0 0 0 0 0 0 0 0 0 0 0 0 0 0 0 0 0 0 0 0 0 0 0 0 data 12 0x10007 0x4f96 0x30 0x0 0x80002 0x0 0x0 0x0 0x0 0x9 0x1 0x0 oops 0 methods 0
ciMethodData com/google/common/collect/Iterators forArray ([Ljava/lang/Object;III)Lcom/google/common/collect/UnmodifiableListIterator; 2 5515 orig 80 0 0 0 0 0 0 0 0 0 0 0 0 0 0 0 0 0 0 0 0 0 0 0 0 0 0 0 0 0 0 0 0 0 0 0 0 0 0 0 0 0 0 0 0 0 0 0 0 0 0 0 0 0 0 0 0 0 0 0 0 0 0 0 0 0 0 0 0 0 0 0 0 0 0 0 0 0 0 0 0 data 33 0x10007 0x0 0x38 0x147f 0x50003 0x147f 0x18 0x90002 0x147f 0x160002 0x147f 0x1b0002 0x147f 0x200007 0x473 0x30 0x100c 0x230002 0x100c 0x2f0002 0x473 0x0 0x0 0x0 0x0 0x0 0x0 0x9 0x4 0x0 0x0 0x0 0x0 oops 0 methods 0
ciMethodData com/google/common/base/Preconditions checkPositionIndexes (III)V 2 5392 orig 80 0 0 0 0 0 0 0 0 0 0 0 0 0 0 0 0 0 0 0 0 0 0 0 0 0 0 0 0 0 0 0 0 0 0 0 0 0 0 0 0 0 0 0 0 0 0 0 0 0 0 0 0 0 0 0 0 0 0 0 0 0 0 0 0 0 0 0 0 0 0 0 0 0 0 0 0 0 0 0 0 data 27 0x10007 0x0 0x60 0x1404 0x60007 0x0 0x40 0x1404 0xb0007 0x1404 0x40 0x0 0x150002 0x0 0x180002 0x0 0x0 0x0 0x0 0x0 0x0 0x0 0x9 0x3 0x0 0x0 0x0 oops 0 methods 0
ciMethodData com/google/common/collect/Iterators emptyListIterator ()Lcom/google/common/collect/UnmodifiableListIterator; 2 4149 orig 80 0 0 0 0 0 0 0 0 0 0 0 0 0 0 0 0 0 0 0 0 0 0 0 0 0 0 0 0 0 0 0 0 0 0 0 0 0 0 0 0 0 0 0 0 0 0 0 0 0 0 0 0 0 0 0 0 0 0 0 0 0 0 0 0 0 0 0 0 0 0 0 0 0 0 0 0 0 0 0 0 data 4 0x0 0x0 0x9 0x0 oops 0 methods 0
ciMethodData com/google/common/collect/Iterators$ArrayItr <init> ([Ljava/lang/Object;III)V 2 1367 orig 80 0 0 0 0 0 0 0 0 0 0 0 0 0 0 0 0 0 0 0 0 0 0 0 0 0 0 0 0 0 0 0 0 0 0 0 0 0 0 0 0 0 0 0 0 0 0 0 0 0 0 0 0 0 0 0 0 0 0 0 0 0 0 0 0 0 0 0 0 0 0 0 0 0 0 0 0 0 0 0 0 data 13 0x40002 0x473 0x0 0x0 0x0 0x0 0x9 0x5 0xe 0x0 0x0 0x0 0x0 oops 0 methods 0
ciMethodData com/google/common/collect/AbstractIndexedListIterator <init> (II)V 2 2143 orig 80 0 0 0 0 0 0 0 0 0 0 0 0 0 0 0 0 0 0 0 0 0 0 0 0 0 0 0 0 0 0 0 0 0 0 0 0 0 0 0 0 0 0 0 0 0 0 0 0 0 0 0 0 0 0 0 0 0 0 0 0 0 0 0 0 0 0 0 0 0 0 0 0 0 0 0 0 0 0 0 0 data 15 0x10002 0x77b 0x60002 0x77b 0x0 0x0 0x0 0x0 0x0 0x0 0x9 0x3 0x6 0x0 0x0 oops 0 methods 0
ciMethodData com/google/common/collect/UnmodifiableListIterator <init> ()V 2 2143 orig 80 0 0 0 0 0 0 0 0 0 0 0 0 0 0 0 0 0 0 0 0 0 0 0 0 0 0 0 0 0 0 0 0 0 0 0 0 0 0 0 0 0 0 0 0 0 0 0 0 0 0 0 0 0 0 0 0 0 0 0 0 0 0 0 0 0 0 0 0 0 0 0 0 0 0 0 0 0 0 0 0 data 7 0x10002 0x77b 0x0 0x0 0x9 0x1 0x0 oops 0 methods 0
ciMethodData com/google/common/collect/UnmodifiableIterator <init> ()V 2 22859 orig 80 0 0 0 0 0 0 0 0 0 0 0 0 0 0 0 0 0 0 0 0 0 0 0 0 0 0 0 0 0 0 0 0 0 0 0 0 0 0 0 0 0 0 0 0 0 0 0 0 0 0 0 0 0 0 0 0 0 0 0 0 0 0 0 0 0 0 0 0 0 0 0 0 0 0 0 0 0 0 0 0 data 7 0x10002 0x585c 0x0 0x0 0x9 0x1 0x0 oops 0 methods 0
ciMethodData com/google/common/collect/RegularImmutableMap get (Ljava/lang/Object;[Lcom/google/common/collect/ImmutableMapEntry;I)Ljava/lang/Object; 2 7477 orig 80 0 0 0 0 0 0 0 0 0 0 0 0 0 0 0 0 0 0 0 0 0 0 0 0 0 0 0 0 0 0 0 0 0 0 0 0 0 0 0 0 0 0 0 0 0 0 0 0 0 0 0 0 0 0 0 0 0 0 0 0 0 0 0 0 0 0 0 0 0 0 0 0 0 0 0 0 0 0 0 0 data 67 0x10007 0x0 0x40 0x1c34 0x50007 0x1b8e 0x20 0xa6 0xb0005 0x0 0x0 0x249b1ed6df0 0x15e 0x249b2a6ccd0 0x1a30 0xe0002 0x1b8e 0x1b0007 0x15e 0x138 0x1c05 0x200005 0x1c05 0x0 0x0 0x0 0x0 0x0 0x280005 0x0 0x0 0x249b1ed6df0 0x1c6 0x249b2a6ccd0 0x1a3f 0x2b0007 0x1d5 0x58 0x1a30 0x300005 0x1a30 0x0 0x0 0x0 0x0 0x0 0x360005 0x0 0x0 0x249afb778a0 0x13f 0x249b1ed6ea0 0x96 0x3b0003 0x1d5 0xfffffffffffffee0 0x0 0x0 0x0 0x0 0x0 0x0 0x9 0x3 0x0 0x0 0x0 oops 6 11 com/google/inject/TypeLiteral 13 apex/jorje/semantic/symbol/type/ModifierTypeInfo 31 com/google/inject/TypeLiteral 33 apex/jorje/semantic/symbol/type/ModifierTypeInfo 49 com/google/common/collect/ImmutableMapEntry 51 com/google/common/collect/ImmutableMapEntry$NonTerminalImmutableMapEntry methods 0
ciMethodData com/google/common/collect/RegularImmutableMap get (Ljava/lang/Object;)Ljava/lang/Object; 2 7477 orig 80 0 0 0 0 0 0 0 0 0 0 0 0 0 0 0 0 0 0 0 0 0 0 0 0 0 0 0 0 0 0 0 0 0 0 0 0 0 0 0 0 0 0 0 0 0 0 0 0 0 0 0 0 0 0 0 0 0 0 0 0 0 0 0 0 0 0 0 0 0 0 0 0 0 0 0 0 0 0 0 0 data 12 0x90002 0x1c34 0x0 0x0 0x0 0x0 0x0 0x0 0x9 0x2 0x0 0x0 oops 0 methods 0
ciMethodData com/google/common/collect/ImmutableList of ()Lcom/google/common/collect/ImmutableList; 2 138505 orig 80 0 0 0 0 0 0 0 0 0 0 0 0 0 0 0 0 0 0 0 0 0 0 0 0 0 0 0 0 0 0 0 0 0 0 0 0 0 0 0 0 0 0 0 0 0 0 0 0 0 0 0 0 0 0 0 0 0 0 0 0 0 0 0 0 0 0 0 0 0 0 0 0 0 0 0 0 0 0 0 0 data 4 0x0 0x0 0x9 0x0 oops 0 methods 0
ciMethod com/google/common/collect/MapMakerInternalMap getEntry (Ljava/lang/Object;)Lcom/google/common/collect/MapMakerInternalMap$InternalEntry; 520 0 37715 0 -1
ciMethod com/google/common/collect/MapMakerInternalMap putIfAbsent (Ljava/lang/Object;Ljava/lang/Object;)Ljava/lang/Object; 322 0 3354 0 -1
ciMethod com/google/common/collect/MapMakerInternalMap$InternalEntry getKey ()Ljava/lang/Object; 0 0 1 0 -1
ciMethodData com/google/common/collect/RegularImmutableList listIterator (I)Lcom/google/common/collect/UnmodifiableListIterator; 2 5432 orig 80 0 0 0 0 0 0 0 0 0 0 0 0 0 0 0 0 0 0 0 0 0 0 0 0 0 0 0 0 0 0 0 0 0 0 0 0 0 0 0 0 0 0 0 0 0 0 0 0 0 0 0 0 0 0 0 0 0 0 0 0 0 0 0 0 0 0 0 0 0 0 0 0 0 0 0 0 0 0 0 0 data 12 0xb0002 0x1438 0x0 0x0 0x0 0x0 0x0 0x0 0x9 0x2 0x0 0x0 oops 0 methods 0
ciMethodData com/google/common/collect/ImmutableList iterator ()Lcom/google/common/collect/UnmodifiableIterator; 2 5484 orig 80 1 0 0 0 0 0 0 0 0 0 0 0 0 0 0 0 0 0 0 0 0 0 0 0 0 0 0 0 0 0 0 0 0 0 0 0 0 0 0 0 0 0 0 0 0 0 0 0 0 0 0 0 0 0 0 0 0 0 0 0 0 0 0 0 0 0 0 0 0 0 0 0 0 0 0 0 0 0 0 0 data 16 0x10005 0x2d 0x0 0x249ac81c9c0 0x1429 0x249ae7cbab0 0x16 0x0 0x0 0x0 0x0 0x0 0x0 0x9 0x1 0x0 oops 2 3 com/google/common/collect/RegularImmutableList 5 com/google/common/collect/PairList methods 0
ciMethodData com/google/common/collect/ImmutableList listIterator ()Lcom/google/common/collect/UnmodifiableListIterator; 2 6171 orig 80 0 0 0 0 0 0 0 0 0 0 0 0 0 0 0 0 0 0 0 0 0 0 0 4 0 0 0 0 0 0 0 0 0 0 0 0 0 0 0 0 0 0 0 0 0 0 0 0 0 0 0 0 0 0 0 0 0 0 0 0 0 0 0 0 0 0 0 0 0 0 0 0 0 0 0 0 0 0 0 0 data 16 0x8000000700020005 0x2c8 0x0 0x249ac81c9c0 0x1441 0x249ae7cbab0 0x16 0x0 0x0 0x0 0x0 0x0 0x0 0x9 0x1 0x0 oops 2 3 com/google/common/collect/RegularImmutableList 5 com/google/common/collect/PairList methods 0
ciMethodData com/google/common/collect/ImmutableList asImmutableList ([Ljava/lang/Object;)Lcom/google/common/collect/ImmutableList; 2 6477 orig 80 0 0 0 0 0 0 0 0 0 0 0 0 0 0 0 0 0 0 0 0 0 0 0 0 0 0 0 0 0 0 0 0 0 0 0 0 0 0 0 0 0 0 0 0 0 0 0 0 0 0 0 0 0 0 0 0 0 0 0 0 0 0 0 0 0 0 0 0 0 0 0 0 0 0 0 0 0 0 0 0 data 11 0x30002 0x184d 0x0 0x0 0x0 0x0 0x0 0x0 0x9 0x1 0x0 oops 0 methods 0
ciMethodData com/google/common/collect/ImmutableList asImmutableList ([Ljava/lang/Object;I)Lcom/google/common/collect/ImmutableList; 2 5517 orig 80 0 0 0 0 0 0 0 0 0 0 0 0 0 0 0 0 0 0 0 0 0 0 0 0 0 0 0 0 0 0 0 0 0 0 0 0 0 0 0 0 0 0 0 0 0 0 0 0 0 0 0 0 0 0 0 0 0 0 0 0 0 0 0 0 0 0 0 0 0 0 0 0 0 0 0 0 0 0 0 0 data 35 0x10008 0x6 0x2d0 0x70 0x811 0x40 0x967 0x50 0x1c0002 0x811 0x230002 0x967 0x280002 0x967 0x2f0007 0xd2 0x48 0x1fe 0x340002 0x1fe 0x370003 0x1fe 0x18 0x410002 0x2d0 0x0 0x0 0x0 0x0 0x0 0x0 0x9 0x2 0x0 0x0 oops 0 methods 0
ciMethodData com/google/common/collect/ImmutableList$Builder getReadyToExpandTo (I)V 2 6414 orig 80 0 0 0 0 0 0 0 0 0 0 0 0 0 0 0 0 0 0 0 0 0 0 0 0 0 0 0 0 0 0 0 0 0 0 0 0 0 0 0 0 0 0 0 0 0 0 0 0 0 0 0 0 0 0 0 0 0 0 0 0 0 0 0 0 0 0 0 0 0 0 0 0 0 0 0 0 0 0 0 0 data 28 0x60007 0x1703 0x58 0x10b 0x140002 0x10b 0x170002 0x10b 0x220003 0x10b 0x48 0x290007 0x1703 0x30 0x0 0x360002 0x0 0x0 0x0 0x0 0x0 0x0 0x0 0x0 0x9 0x2 0xc 0x0 oops 0 methods 0
ciMethodData com/google/common/collect/ImmutableCollection$Builder expandedCapacity (II)I 1 317 orig 80 0 0 0 0 0 0 0 0 0 0 0 0 0 0 0 0 0 0 0 0 0 0 0 0 0 0 0 0 0 0 0 0 0 0 0 0 0 0 0 0 0 0 0 0 0 0 0 0 0 0 0 0 0 0 0 0 0 0 0 0 0 0 0 0 0 0 0 0 0 0 0 0 0 0 0 0 0 0 0 0 data 26 0x10007 0x12c 0x30 0x0 0xa0002 0x0 0x180007 0x12c 0x30 0x0 0x1e0002 0x0 0x250007 0x12c 0x20 0x0 0x0 0x0 0x0 0x0 0x0 0x0 0x9 0x2 0x0 0x0 oops 0 methods 0
ciMethodData com/google/common/collect/ImmutableCollection <init> ()V 2 20151 orig 80 0 0 0 0 0 0 0 0 0 0 0 0 0 0 0 0 0 0 0 0 0 0 0 0 0 0 0 0 0 0 0 0 0 0 0 0 0 0 0 0 0 0 0 0 0 0 0 0 0 0 0 0 0 0 0 0 0 0 0 0 0 0 0 0 0 0 0 0 0 0 0 0 0 0 0 0 0 0 0 0 data 7 0x10002 0x4db7 0x0 0x0 0x9 0x1 0x0 oops 0 methods 0
ciMethodData com/google/common/collect/ImmutableList$Builder add (Ljava/lang/Object;)Lcom/google/common/collect/ImmutableList$Builder; 2 5221 orig 80 0 0 0 0 0 0 0 0 0 0 0 0 0 0 0 0 0 0 0 0 0 0 0 0 0 0 0 0 0 0 0 0 0 0 0 0 0 0 0 0 0 0 0 0 0 0 0 0 0 0 0 0 0 0 0 0 0 0 0 0 0 0 0 0 0 0 0 0 0 0 0 0 0 0 0 0 0 0 0 0 data 21 0x10002 0x1433 0xc0002 0x1433 0x1f0004 0x0 0x0 0x2496524dbd0 0xc1 0x249b1963040 0x1 0x0 0x0 0x0 0x0 0x0 0x0 0x9 0x2 0xe 0x0 oops 2 7 java/lang/String 9 apex/jorje/data/ast/AnnotationParameter$AnnotationKeyValue methods 0
ciMethodData com/google/common/collect/ImmutableList iterator ()Ljava/util/Iterator; 2 5521 orig 80 1 0 0 0 0 0 0 0 0 0 0 0 0 0 0 0 0 0 0 0 0 0 0 4 0 0 0 0 0 0 0 0 0 0 0 0 0 0 0 0 0 0 0 0 0 0 0 0 0 0 0 0 0 0 0 0 0 0 0 0 0 0 0 0 0 0 0 0 0 0 0 0 0 0 0 0 0 0 0 0 data 16 0x8000000700010005 0x5 0x0 0x249ac81c9c0 0x1480 0x249ae7cbab0 0x10 0x0 0x0 0x0 0x0 0x0 0x0 0x9 0x1 0x0 oops 2 3 com/google/common/collect/RegularImmutableList 5 com/google/common/collect/PairList methods 0
ciMethodData com/google/common/collect/ImmutableList of (Ljava/lang/Object;)Lcom/google/common/collect/ImmutableList; 2 19002 orig 80 0 0 0 0 0 0 0 0 0 0 0 0 0 0 0 0 0 0 0 0 0 0 0 0 0 0 0 0 0 0 0 0 0 0 0 0 0 0 0 0 0 0 0 0 0 0 0 0 0 0 0 0 0 0 0 0 0 0 0 0 0 0 0 0 0 0 0 0 0 0 0 0 0 0 0 0 0 0 0 0 data 8 0x50002 0x49ee 0x0 0x0 0x0 0x9 0x1 0x0 oops 0 methods 0
ciMethodData com/google/common/collect/SingletonImmutableList <init> (Ljava/lang/Object;)V 2 19002 orig 80 0 0 0 0 0 0 0 0 0 0 0 0 0 0 0 0 0 0 0 0 0 0 0 0 0 0 0 0 0 0 0 0 0 0 0 0 0 0 0 0 0 0 0 0 0 0 0 0 0 0 0 0 0 0 0 0 0 0 0 0 0 0 0 0 0 0 0 0 0 0 0 0 0 0 0 0 0 0 0 0 data 14 0x10002 0x49ee 0x60002 0x49ee 0x0 0x0 0x0 0x0 0x0 0x0 0x9 0x2 0x6 0x0 oops 0 methods 0
ciMethodData com/google/common/collect/ImmutableList <init> ()V 2 19989 orig 80 0 0 0 0 0 0 0 0 0 0 0 0 0 0 0 0 0 0 0 0 0 0 0 0 0 0 0 0 0 0 0 0 0 0 0 0 0 0 0 0 0 0 0 0 0 0 0 0 0 0 0 0 0 0 0 0 0 0 0 0 0 0 0 0 0 0 0 0 0 0 0 0 0 0 0 0 0 0 0 0 data 7 0x10002 0x4d37 0x0 0x0 0x9 0x1 0x0 oops 0 methods 0
ciMethodData com/google/common/collect/RegularImmutableList <init> ([Ljava/lang/Object;)V 1 840 orig 80 0 0 0 0 0 0 0 0 0 0 0 0 0 0 0 0 0 0 0 0 0 0 0 0 0 0 0 0 0 0 0 0 0 0 0 0 0 0 0 0 0 0 0 0 0 0 0 0 0 0 0 0 0 0 0 0 0 0 0 0 0 0 0 0 0 0 0 0 0 0 0 0 0 0 0 0 0 0 0 0 data 10 0x10002 0x2b6 0x0 0x0 0x0 0x0 0x9 0x2 0x6 0x0 oops 0 methods 0
ciMethod com/google/common/collect/Interner intern (Ljava/lang/Object;)Ljava/lang/Object; 0 0 1 0 -1
ciMethod com/google/common/collect/Interners$InternerImpl intern (Ljava/lang/Object;)Ljava/lang/Object; 520 0 37731 0 9984
ciMethod apex/jorje/semantic/ast/modifier/ModifierGroupBuilder <init> ()V 878 0 52519 0 0
ciMethod apex/jorje/semantic/ast/modifier/ModifierGroupBuilder addModifiers (Lapex/jorje/semantic/symbol/type/ModifierTypeInfo;Lapex/jorje/semantic/symbol/type/ModifierTypeInfo;)Lapex/jorje/semantic/ast/modifier/ModifierGroupBuilder; 512 0 2497 0 0
ciMethod apex/jorje/semantic/ast/modifier/ModifierGroupBuilder build ()Lapex/jorje/semantic/ast/modifier/ModifierGroup; 920 0 56463 0 3200
ciMethod apex/jorje/semantic/ast/modifier/ModifierGroupBuilder setLoc (Lapex/jorje/data/Location;)Lapex/jorje/semantic/ast/modifier/ModifierGroupBuilder; 1024 0 38181 0 256
ciMethod apex/jorje/semantic/ast/modifier/ModifierGroupBuilder lambda$static$0 (Lapex/jorje/semantic/symbol/type/ModifierTypeInfo;)Lapex/jorje/semantic/ast/modifier/Modifier; 1024 0 35860 0 0
ciMethod apex/jorje/semantic/ast/modifier/ModifierGroupBuilder$$Lambda$244+0x00000249671ccdc0 apply (Ljava/lang/Object;)Ljava/lang/Object; 1024 0 35860 0 480
ciMethod com/google/common/collect/MoreLists asImmutableList ([Ljava/lang/Object;)Lcom/google/common/collect/ImmutableList; 144 0 4999 0 0
ciMethod apex/common/base/WeakStringInterner get ()Lapex/common/base/WeakStringInterner; 528 0 146694 0 64
ciMethod apex/common/base/WeakStringInterner intern (Ljava/lang/String;)Ljava/lang/String; 528 0 147483 0 192
ciMethod apex/jorje/semantic/ast/modifier/Modifiers get ()Lapex/jorje/semantic/ast/modifier/Modifiers$Factory; 854 0 44005 0 0
ciMethod apex/jorje/semantic/ast/modifier/Modifiers$Factory createModifier (Lapex/jorje/data/Location;Lapex/jorje/semantic/symbol/type/ModifierTypeInfo;)Lapex/jorje/semantic/ast/modifier/Modifier; 0 0 1 0 -1
ciMethod apex/jorje/semantic/ast/modifier/Modifiers$NoLocFactory createModifier (Lapex/jorje/data/Location;Lapex/jorje/semantic/symbol/type/ModifierTypeInfo;)Lapex/jorje/semantic/ast/modifier/Modifier; 876 0 6704 0 480
ciMethodData apex/common/base/WeakStringInterner get ()Lapex/common/base/WeakStringInterner; 2 146694 orig 80 0 0 0 0 0 0 0 0 0 0 0 0 0 0 0 0 0 0 0 0 0 0 0 0 0 0 0 0 0 0 0 0 0 0 0 0 0 0 0 0 0 0 0 0 0 0 0 0 0 0 0 0 0 0 0 0 0 0 0 0 0 0 0 0 0 0 0 0 0 0 0 0 0 0 0 0 0 0 0 0 data 4 0x0 0x0 0x9 0x0 oops 0 methods 0
ciMethodData apex/common/base/WeakStringInterner intern (Ljava/lang/String;)Ljava/lang/String; 2 147483 orig 80 0 0 0 0 0 0 0 0 0 0 0 0 0 0 0 0 0 0 0 0 0 0 0 0 0 0 0 0 0 0 0 0 0 0 0 0 0 0 0 0 0 0 0 0 0 0 0 0 0 0 0 0 0 0 0 0 0 0 0 0 0 0 0 0 0 0 0 0 0 0 0 0 0 0 0 0 0 0 0 0 data 31 0x10007 0x23f13 0x38 0x0 0x50003 0x0 0x88 0xd0005 0x0 0x0 0x249b27d97f0 0x23f13 0x0 0x0 0x120004 0x0 0x0 0x2496524dbd0 0x23f13 0x0 0x0 0x0 0x0 0x0 0x0 0x0 0x0 0x9 0x2 0x0 0xffffffffffffffff oops 2 10 com/google/common/collect/Interners$InternerImpl 17 java/lang/String methods 0
ciMethodData com/google/common/collect/ImmutableCollection$Builder <init> ()V 2 58394 orig 80 0 0 0 0 0 0 0 0 0 0 0 0 0 0 0 0 0 0 0 0 0 0 0 0 0 0 0 0 0 0 0 0 0 0 0 0 0 0 0 0 0 0 0 0 0 0 0 0 0 0 0 0 0 0 0 0 0 0 0 0 0 0 0 0 0 0 0 0 0 0 0 0 0 0 0 0 0 0 0 0 data 7 0x10002 0xe31a 0x0 0x0 0x9 0x1 0x0 oops 0 methods 0
ciMethod apex/jorje/semantic/symbol/member/method/signature/SignatureFactory create (Ljava/lang/String;Lapex/jorje/semantic/symbol/type/TypeInfo;[Lapex/jorje/semantic/symbol/type/TypeInfo;)Lapex/jorje/semantic/symbol/member/method/signature/Signature; 512 0 2022 0 0
ciMethod apex/jorje/semantic/symbol/member/method/signature/SignatureFactory create (Ljava/lang/String;Lapex/jorje/semantic/symbol/type/TypeInfo;Ljava/util/List;)Lapex/jorje/semantic/symbol/member/method/signature/Signature; 520 0 4194 0 0
ciMethod apex/jorje/semantic/symbol/member/method/signature/SignatureFactory create (Ljava/lang/String;Lapex/jorje/semantic/symbol/type/TypeInfo;Lapex/jorje/semantic/symbol/type/TypeInfo;Ljava/util/List;)Lapex/jorje/semantic/symbol/member/method/signature/Signature; 518 0 5435 0 2784
ciMethod apex/jorje/semantic/symbol/member/method/StandardMethodInfo builder ()Lapex/jorje/semantic/symbol/member/method/StandardMethodInfoBuilder; 518 0 19664 0 224
ciMethod apex/jorje/semantic/symbol/member/method/StandardMethodInfoBuilder <init> ()V 518 0 5473 0 1344
ciMethod apex/jorje/semantic/symbol/member/method/StandardMethodInfoBuilder getModifiers ()Lapex/jorje/semantic/ast/modifier/ModifierGroup; 266 0 133 0 -1
ciMethod apex/jorje/semantic/symbol/member/method/StandardMethodInfoBuilder setModifiers (Lapex/jorje/semantic/ast/modifier/ModifierGroup;)Lapex/jorje/semantic/symbol/member/method/StandardMethodInfoBuilder; 768 0 5537 0 256
ciMethod apex/jorje/semantic/symbol/member/method/StandardMethodInfoBuilder setName (Ljava/lang/String;)Lapex/jorje/semantic/symbol/member/method/StandardMethodInfoBuilder; 514 0 13127 0 544
ciMethod apex/jorje/semantic/symbol/member/method/StandardMethodInfoBuilder setName (Lapex/jorje/data/Identifier;)Lapex/jorje/semantic/symbol/member/method/StandardMethodInfoBuilder; 584 0 20102 0 256
ciMethod apex/jorje/semantic/symbol/member/method/StandardMethodInfoBuilder setEmitSignature (Ljava/lang/String;Lapex/jorje/semantic/symbol/type/TypeInfo;[Lapex/jorje/semantic/symbol/type/TypeInfo;)Lapex/jorje/semantic/symbol/member/method/StandardMethodInfoBuilder; 768 0 2017 0 0
ciMethod apex/jorje/semantic/symbol/member/method/StandardMethodInfoBuilder setGenerated (Lapex/jorje/semantic/symbol/member/method/Generated;)Lapex/jorje/semantic/symbol/member/method/StandardMethodInfoBuilder; 544 0 13139 0 256
ciMethod apex/jorje/semantic/symbol/member/method/StandardMethodInfoBuilder setDefiningType (Lapex/jorje/semantic/symbol/type/TypeInfo;)Lapex/jorje/semantic/symbol/member/method/StandardMethodInfoBuilder; 768 0 17866 0 256
ciMethod apex/jorje/semantic/symbol/member/method/StandardMethodInfoBuilder setReturnType (Lapex/jorje/semantic/symbol/type/TypeInfo;)Lapex/jorje/semantic/symbol/member/method/StandardMethodInfoBuilder; 512 0 12825 0 384
ciMethod apex/jorje/semantic/symbol/member/method/StandardMethodInfoBuilder setDuckTyped ()Lapex/jorje/semantic/symbol/member/method/StandardMethodInfoBuilder; 512 0 2005 0 0
ciMethod apex/jorje/semantic/symbol/type/reference/TypeReferences createResolved (Lapex/jorje/semantic/symbol/type/TypeInfo;)Lapex/jorje/semantic/symbol/type/reference/TypeReference; 520 0 17782 0 0
ciMethod apex/jorje/data/Identifiers newIdentifier (Ljava/lang/String;)Lapex/jorje/data/Identifier; 140 0 21139 0 0
ciMethod apex/jorje/data/Identifiers$SyntheticIdentifier <init> (Ljava/lang/String;)V 140 0 21139 0 0
ciMethod apex/jorje/semantic/symbol/type/reference/TypeReferences$ResolvedTypeRef <init> (Lapex/jorje/semantic/symbol/type/TypeInfo;)V 520 0 17782 0 0
ciMethod apex/jorje/semantic/ast/AstNodes filterNotNull (Ljava/util/Collection;)Ljava/util/Collection; 830 0 9161 0 0
ciMethod apex/common/collect/MoreCollections isNullOrEmpty (Ljava/util/Collection;)Z 832 0 9161 0 0
ciMethod com/google/common/collect/Collections2 filter (Ljava/util/Collection;Lcom/google/common/base/Predicate;)Ljava/util/Collection; 840 0 5558 0 768
ciMethod com/google/common/collect/Collections2$FilteredCollection <init> (Ljava/util/Collection;Lcom/google/common/base/Predicate;)V 984 0 5558 0 0
ciMethod com/google/common/collect/Collections2$FilteredCollection createCombined (Lcom/google/common/base/Predicate;)Lcom/google/common/collect/Collections2$FilteredCollection; 0 0 1 0 -1
ciMethod com/google/common/collect/Collections2$FilteredCollection iterator ()Ljava/util/Iterator; 1024 0 5788 0 288
ciMethod com/google/common/collect/NullnessCasts uncheckedCastNullableTToT (Ljava/lang/Object;)Ljava/lang/Object; 890 0 5710 0 0
ciMethodData com/google/common/collect/ImmutableList$Builder <init> ()V 2 54421 orig 80 0 0 0 0 0 0 0 0 0 0 0 0 0 0 0 0 0 0 0 0 0 0 0 0 0 0 0 0 0 0 0 0 0 0 0 0 0 0 0 0 0 0 0 0 0 0 0 0 0 0 0 0 0 0 0 0 0 0 0 0 0 0 0 0 0 0 0 0 0 0 0 0 0 0 0 0 0 0 0 0 data 7 0x20002 0xd395 0x0 0x0 0x9 0x1 0x0 oops 0 methods 0
ciMethodData com/google/common/collect/ImmutableList$Builder <init> (I)V 2 54421 orig 80 0 0 0 0 0 0 0 0 0 0 0 0 0 0 0 0 0 0 0 0 0 0 0 0 0 0 0 0 0 0 0 0 0 0 0 0 0 0 0 0 0 0 0 0 0 0 0 0 0 0 0 0 0 0 0 0 0 0 0 0 0 0 0 0 0 0 0 0 0 0 0 0 0 0 0 0 0 0 0 0 data 10 0x10002 0xd395 0x0 0x0 0x0 0x0 0x9 0x2 0x0 0x0 oops 0 methods 0
ciMethodData com/google/common/collect/ImmutableList$Builder build ()Lcom/google/common/collect/ImmutableList; 2 53726 orig 80 0 0 0 0 0 0 0 0 0 0 0 0 0 0 0 0 0 0 0 0 0 0 0 0 0 0 0 0 0 0 0 0 0 0 0 0 0 0 0 0 0 0 0 0 0 0 0 0 0 0 0 0 0 0 0 0 0 0 0 0 0 0 0 0 0 0 0 0 0 0 0 0 0 0 0 0 0 0 0 0 data 11 0xd0002 0xd0dd 0x0 0x0 0x0 0x0 0x0 0x0 0x9 0x1 0x0 oops 0 methods 0
ciMethod apex/jorje/data/Identifiers$LocationIdentifier getLoc ()Lapex/jorje/data/Location; 258 0 129 0 0
ciMethod apex/jorje/data/ast/BlockMember _switch (Lapex/jorje/data/ast/BlockMember$SwitchBlock;)V 0 0 1 0 -1
ciMethod apex/jorje/semantic/ast/compilation/UserClassMembers <init> (Lapex/jorje/semantic/ast/compilation/UserClassMembers$Builder;)V 256 0 1991 0 0
ciMethod apex/jorje/semantic/ast/compilation/UserClassMembers createClone (Lapex/jorje/semantic/ast/compilation/UserClass;Lapex/jorje/semantic/symbol/type/TypeInfo;)Lapex/jorje/semantic/ast/member/Method; 256 0 1991 0 0
ciMethod apex/jorje/semantic/ast/compilation/UserClassMembers createClinit (Lapex/jorje/semantic/ast/compilation/UserClass;Lapex/jorje/semantic/symbol/type/TypeInfo;Lapex/jorje/data/Location;Ljava/util/List;)Lapex/jorje/semantic/ast/member/Method; 254 0 1972 0 0
ciMethod apex/jorje/semantic/ast/compilation/UserClassMembers create (Lapex/jorje/semantic/ast/compilation/UserClass;Lapex/jorje/semantic/exception/Errors;Lapex/jorje/semantic/compiler/SourceFile;Lapex/jorje/semantic/ast/AstNode;Lapex/jorje/semantic/symbol/type/TypeInfo;Lapex/jorje/data/ast/ClassDecl;)Lapex/jorje/semantic/ast/compilation/UserClassMembers; 256 5294 1991 0 -1
ciMethod apex/jorje/semantic/ast/compilation/UserClassMembers$2 <init> (Lapex/jorje/semantic/ast/AstNode;Ljava/util/List;Lapex/jorje/semantic/symbol/type/TypeInfo;)V 512 0 1974 0 0
ciMethod apex/jorje/semantic/ast/compilation/UserClassMembers$1 <init> (Lapex/jorje/semantic/ast/AstNode;)V 768 0 1998 0 0
ciMethod apex/jorje/semantic/ast/statement/SimpleStatement <init> (Lapex/jorje/semantic/ast/AstNode;)V 220 0 4452 0 0
ciMethod apex/jorje/semantic/ast/statement/SimpleStatement <init> (Lapex/jorje/semantic/ast/AstNode;Lapex/jorje/semantic/ast/statement/SimpleStatement$Returnable;)V 248 0 5204 0 0
ciMethod apex/jorje/semantic/ast/compilation/UserClassMembers$Builder <init> (Lapex/jorje/semantic/exception/Errors;Lapex/jorje/semantic/compiler/SourceFile;Lapex/jorje/semantic/ast/AstNode;Lapex/jorje/semantic/ast/compilation/UserClass;)V 256 0 1991 0 0
ciMethod apex/jorje/semantic/ast/member/MethodFactory create (Lapex/jorje/semantic/ast/AstNode;Lapex/jorje/semantic/symbol/member/method/StandardMethodInfoBuilder;Lapex/jorje/semantic/ast/statement/Statement;)Lapex/jorje/semantic/ast/member/Method; 514 0 5377 0 224
ciMethod apex/jorje/semantic/symbol/member/variable/LocalVariableScope <init> ()V 512 0 11037 0 -1
ciMethodData apex/jorje/data/Identifiers newIdentifier (Ljava/lang/String;)Lapex/jorje/data/Identifier; 2 21139 orig 80 0 0 0 0 0 0 0 0 0 0 0 0 0 0 0 0 0 0 0 0 0 0 0 0 0 0 0 0 0 0 0 0 0 0 0 0 0 0 0 0 0 0 0 0 0 0 0 0 0 0 0 0 0 0 0 0 0 0 0 0 0 0 0 0 0 0 0 0 0 0 0 0 0 0 0 0 0 0 0 0 data 8 0x50002 0x524d 0x0 0x0 0x0 0x9 0x1 0x0 oops 0 methods 0
ciMethodData apex/jorje/data/Identifiers$SyntheticIdentifier <init> (Ljava/lang/String;)V 2 21139 orig 80 0 0 0 0 0 0 0 0 0 0 0 0 0 0 0 0 0 0 0 0 0 0 0 0 0 0 0 0 0 0 0 0 0 0 0 0 0 0 0 0 0 0 0 0 0 0 0 0 0 0 0 0 0 0 0 0 0 0 0 0 0 0 0 0 0 0 0 0 0 0 0 0 0 0 0 0 0 0 0 0 data 10 0x10002 0x524d 0x0 0x0 0x0 0x0 0x9 0x2 0x6 0x0 oops 0 methods 0
ciMethodData apex/jorje/semantic/ast/modifier/Modifiers get ()Lapex/jorje/semantic/ast/modifier/Modifiers$Factory; 2 44005 orig 80 0 0 0 0 0 0 0 0 0 0 0 0 0 0 0 0 0 0 0 0 0 0 0 0 0 0 0 0 0 0 0 0 0 0 0 0 0 0 0 0 0 0 0 0 0 0 0 0 0 0 0 0 0 0 0 0 0 0 0 0 0 0 0 0 0 0 0 0 0 0 0 0 0 0 0 0 0 0 0 0 data 4 0x0 0x0 0x9 0x0 oops 0 methods 0
ciMethodData apex/jorje/semantic/ast/modifier/Modifiers$NoLocFactory createModifier (Lapex/jorje/data/Location;Lapex/jorje/semantic/symbol/type/ModifierTypeInfo;)Lapex/jorje/semantic/ast/modifier/Modifier; 2 6704 orig 80 0 0 0 0 0 0 0 0 0 0 0 0 0 0 0 0 0 0 0 0 0 0 0 0 0 0 0 0 0 0 0 0 0 0 0 0 0 0 0 0 0 0 0 0 0 0 0 0 0 0 0 0 0 0 0 0 0 0 0 0 0 0 0 0 0 0 0 0 0 0 0 0 0 0 0 0 0 0 0 0 data 44 0x40005 0x0 0x0 0x249afb76830 0x187a 0x0 0x0 0x90004 0x0 0x0 0x249afb723f0 0x187a 0x0 0x0 0xe0007 0x187a 0x98 0x0 0x160005 0x0 0x0 0x0 0x0 0x0 0x0 0x19000a 0x0 0x3 0x0 0x0 0x2496524dbd0 0x1e0002 0x0 0x0 0x0 0x0 0x0 0x0 0x0 0x9 0x3 0x0 0x0 0x0 oops 3 3 com/google/common/collect/RegularImmutableMap 10 apex/jorje/semantic/ast/modifier/Modifier 30 java/lang/String methods 0
ciMethodData apex/jorje/semantic/ast/modifier/ModifierGroupBuilder <init> ()V 2 52519 orig 80 0 0 0 0 0 0 0 0 0 0 0 0 0 0 0 0 0 0 0 0 0 0 0 0 0 0 0 0 0 0 0 0 0 0 0 0 0 0 0 0 0 0 0 0 0 0 0 0 0 0 0 0 0 0 0 0 0 0 0 0 0 0 0 0 0 0 0 0 0 0 0 0 0 0 0 0 0 0 0 0 data 15 0x10002 0xcb70 0x100002 0xcb70 0x170002 0xcb70 0x0 0x0 0x0 0x0 0x0 0x0 0x9 0x1 0xe oops 0 methods 0
ciMethodData com/google/common/collect/AbstractIterator next ()Ljava/lang/Object; 2 5710 orig 80 0 0 0 0 0 0 0 0 0 0 0 0 0 0 0 0 0 0 0 0 0 0 0 0 0 0 0 0 0 0 0 0 0 0 0 0 0 0 0 0 0 0 0 0 0 0 0 0 0 0 0 0 0 0 0 0 0 0 0 0 0 0 0 0 0 0 0 0 0 0 0 0 0 0 0 0 0 0 0 0 data 24 0x10005 0x1491 0x0 0x0 0x0 0x0 0x0 0x40007 0x1491 0x30 0x0 0xb0002 0x0 0x1a0002 0x1491 0x0 0x0 0x0 0x0 0x0 0x0 0x9 0x1 0x0 oops 0 methods 0
ciMethodData com/google/common/collect/NullnessCasts uncheckedCastNullableTToT (Ljava/lang/Object;)Ljava/lang/Object; 2 5710 orig 80 0 0 0 0 0 0 0 0 0 0 0 0 0 0 0 0 0 0 0 0 0 0 0 0 0 0 0 0 0 0 0 0 0 0 0 0 0 0 0 0 0 0 0 0 0 0 0 0 0 0 0 0 0 0 0 0 0 0 0 0 0 0 0 0 0 0 0 0 0 0 0 0 0 0 0 0 0 0 0 0 data 5 0x0 0x0 0x9 0x1 0x0 oops 0 methods 0
ciMethodData apex/jorje/semantic/ast/AstNodes filterNotNull (Ljava/util/Collection;)Ljava/util/Collection; 2 9161 orig 80 0 0 0 0 0 0 0 0 0 0 0 0 0 0 0 0 0 0 0 0 0 0 0 0 0 0 0 0 0 0 0 0 0 0 0 0 0 0 0 0 0 0 0 0 0 0 0 0 0 0 0 0 0 0 0 0 0 0 0 0 0 0 0 0 0 0 0 0 0 0 0 0 0 0 0 0 0 0 0 0 data 26 0x10002 0x222a 0x40007 0x1e31 0x48 0x3f9 0x70002 0x3f9 0xa0003 0x3f9 0x48 0xe000a 0x1e31 0x1 0x249adb74860 0x130002 0x1e31 0x0 0x0 0x0 0x0 0x0 0x0 0x9 0x1 0xffffffffffffffff oops 1 14 apex/jorje/semantic/ast/AstNodes$$Lambda$316+0x0000024967206708 methods 0
ciMethodData apex/common/collect/MoreCollections isNullOrEmpty (Ljava/util/Collection;)Z 2 9161 orig 80 0 0 0 0 0 0 0 0 0 0 0 0 0 0 0 0 0 0 0 0 0 0 0 0 0 0 0 0 0 0 0 0 0 0 0 0 0 0 0 0 0 0 0 0 0 0 0 0 0 0 0 0 0 0 0 0 0 0 0 0 0 0 0 0 0 0 0 0 0 0 0 0 0 0 0 0 0 0 0 0 data 27 0x10007 0x0 0x78 0x2229 0x50005 0x1 0x0 0x24965250ee0 0x1e54 0x249ac81c9c0 0x3d4 0xa0007 0x1e30 0x38 0x3f9 0xe0003 0x3f9 0x18 0x0 0x0 0x0 0x0 0x0 0x0 0x9 0x1 0xffffffffffffffff oops 2 7 java/util/ArrayList 9 com/google/common/collect/RegularImmutableList methods 0
ciMethodData com/google/common/collect/Collections2 filter (Ljava/util/Collection;Lcom/google/common/base/Predicate;)Ljava/util/Collection; 2 5558 orig 80 0 0 0 0 0 0 0 0 0 0 0 0 0 0 0 0 0 0 0 0 0 0 0 0 0 0 0 0 0 0 0 0 0 0 0 0 0 0 0 0 0 0 0 0 0 0 0 0 0 0 0 0 0 0 0 0 0 0 0 0 0 0 0 0 0 0 0 0 0 0 0 0 0 0 0 0 0 0 0 0 data 55 0x10004 0xffffffffffffebee 0x0 0x24965250ee0 0x5d 0x0 0x0 0x40007 0x1412 0x90 0x0 0x80004 0x0 0x0 0x0 0x0 0x0 0x0 0xc0005 0x0 0x0 0x0 0x0 0x0 0x0 0x150002 0x1412 0x180004 0x0 0x0 0x24965250ee0 0x117b 0x249adb7a560 0x1 0x1c0002 0x1412 0x1f0004 0x0 0x0 0x249adb74860 0x117c 0x249adb7a610 0x17d 0x220002 0x1412 0x0 0x0 0x0 0x0 0x0 0x0 0x9 0x2 0x0 0x0 oops 5 3 java/util/ArrayList 30 java/util/ArrayList 32 com/google/common/collect/SingletonImmutableList 39 apex/jorje/semantic/ast/AstNodes$$Lambda$316+0x0000024967206708 41 apex/jorje/semantic/symbol/member/method/MemoizingMethodTable$$Lambda$534+0x0000024967353958 methods 0
ciMethodData apex/jorje/semantic/ast/statement/Statement <init> (Lapex/jorje/semantic/ast/AstNode;)V 2 31461 orig 80 0 0 0 0 0 0 0 0 0 0 0 0 0 0 0 0 0 0 0 0 0 0 0 0 0 0 0 0 0 0 0 0 0 0 0 0 0 0 0 0 0 0 0 0 0 0 0 0 0 0 0 0 0 0 0 0 0 0 0 0 0 0 0 0 0 0 0 0 0 0 0 0 0 0 0 0 0 0 0 0 data 26 0x10002 0x7929 0x60007 0x7929 0x38 0x0 0xa0003 0x0 0x50 0xe0005 0xebe 0x0 0x249b2a712f0 0x1969 0x249ac81b860 0x3c91 0x0 0x0 0x0 0x0 0x0 0x0 0x9 0x2 0x6 0xffffffffffffffff oops 2 12 apex/jorje/semantic/ast/statement/FieldDeclarationStatements 14 apex/jorje/semantic/ast/compilation/UserClass methods 0
ciMethodData apex/jorje/semantic/ast/modifier/ModifierGroup builder ()Lapex/jorje/semantic/ast/modifier/ModifierGroupBuilder; 2 37951 orig 80 0 0 0 0 0 0 0 0 0 0 0 0 0 0 0 0 0 0 0 0 0 0 0 0 0 0 0 0 0 0 0 0 0 0 0 0 0 0 0 0 0 0 0 0 0 0 0 0 0 0 0 0 0 0 0 0 0 0 0 0 0 0 0 0 0 0 0 0 0 0 0 0 0 0 0 0 0 0 0 0 data 6 0x40002 0x9240 0x0 0x0 0x9 0x0 oops 0 methods 0
ciMethodData apex/jorje/semantic/ast/modifier/ModifierGroupBuilder$$Lambda$244+0x00000249671ccdc0 apply (Ljava/lang/Object;)Ljava/lang/Object; 2 35860 orig 80 0 0 0 0 0 0 0 0 0 0 0 0 0 0 0 0 0 0 0 0 0 0 0 0 0 0 0 0 0 0 0 0 0 0 0 0 0 0 0 0 0 0 0 0 0 0 0 0 0 0 0 0 0 0 0 0 0 0 0 0 0 0 0 0 0 0 0 0 0 0 0 0 0 0 0 0 0 0 0 0 data 19 0x10004 0x0 0x0 0x249b2a6ccd0 0x8a8 0x0 0x0 0x40002 0x8a15 0x0 0x0 0x0 0x0 0x0 0x0 0x9 0x2 0x0 0x0 oops 1 3 apex/jorje/semantic/symbol/type/ModifierTypeInfo methods 0
ciMethodData apex/jorje/semantic/ast/modifier/ModifierGroupBuilder lambda$static$0 (Lapex/jorje/semantic/symbol/type/ModifierTypeInfo;)Lapex/jorje/semantic/ast/modifier/Modifier; 2 35860 orig 80 0 0 0 0 0 0 0 0 0 0 0 0 0 0 0 0 0 0 0 0 0 0 0 0 0 0 0 0 0 0 0 0 0 0 0 0 0 0 0 0 0 0 0 0 0 0 0 0 0 0 0 0 0 0 0 0 0 0 0 0 0 0 0 0 0 0 0 0 0 0 0 0 0 0 0 0 0 0 0 0 data 18 0x2 0x8a15 0x70005 0x0 0x0 0x249afb747e0 0x8a15 0x0 0x0 0x0 0x0 0x0 0x0 0x0 0x0 0x9 0x1 0x0 oops 1 5 apex/jorje/semantic/ast/modifier/Modifiers$NoLocFactory methods 0
ciMethodData com/google/common/collect/Collections2$FilteredCollection <init> (Ljava/util/Collection;Lcom/google/common/base/Predicate;)V 2 5558 orig 80 0 0 0 0 0 0 0 0 0 0 0 0 0 0 0 0 0 0 0 0 0 0 0 0 0 0 0 0 0 0 0 0 0 0 0 0 0 0 0 0 0 0 0 0 0 0 0 0 0 0 0 0 0 0 0 0 0 0 0 0 0 0 0 0 0 0 0 0 0 0 0 0 0 0 0 0 0 0 0 0 data 11 0x10002 0x13ca 0x0 0x0 0x0 0x0 0x9 0x3 0x6 0x0 0x0 oops 0 methods 0
ciMethodData com/google/common/collect/Collections2$FilteredCollection iterator ()Ljava/util/Iterator; 2 5788 orig 80 0 0 0 0 0 0 0 0 0 0 0 0 0 0 0 0 0 0 0 0 0 0 0 0 0 0 0 0 0 0 0 0 0 0 0 0 0 0 0 0 0 0 0 0 0 0 0 0 0 0 0 0 0 0 0 0 0 0 0 0 0 0 0 0 0 0 0 0 0 0 0 0 0 0 0 0 0 0 0 0 data 18 0x40005 0x23f 0x0 0x24965250ee0 0x125d 0x249adb7a560 0x1 0xd0002 0x149d 0x0 0x0 0x0 0x0 0x0 0x0 0x9 0x1 0x0 oops 2 3 java/util/ArrayList 5 com/google/common/collect/SingletonImmutableList methods 0
ciMethodData com/google/common/collect/Iterators filter (Ljava/util/Iterator;Lcom/google/common/base/Predicate;)Lcom/google/common/collect/UnmodifiableIterator; 2 5788 orig 80 0 0 0 0 0 0 0 0 0 0 0 0 0 0 0 0 0 0 0 0 0 0 0 0 0 0 0 0 0 0 0 0 0 0 0 0 0 0 0 0 0 0 0 0 0 0 0 0 0 0 0 0 0 0 0 0 0 0 0 0 0 0 0 0 0 0 0 0 0 0 0 0 0 0 0 0 0 0 0 0 data 16 0x10002 0x149d 0x60002 0x149d 0x100002 0x149d 0x0 0x0 0x0 0x0 0x0 0x0 0x9 0x2 0x0 0x0 oops 0 methods 0
ciMethodData com/google/common/collect/Iterators$5 <init> (Ljava/util/Iterator;Lcom/google/common/base/Predicate;)V 2 5788 orig 80 0 0 0 0 0 0 0 0 0 0 0 0 0 0 0 0 0 0 0 0 0 0 0 0 0 0 0 0 0 0 0 0 0 0 0 0 0 0 0 0 0 0 0 0 0 0 0 0 0 0 0 0 0 0 0 0 0 0 0 0 0 0 0 0 0 0 0 0 0 0 0 0 0 0 0 0 0 0 0 0 data 11 0xb0002 0x149d 0x0 0x0 0x0 0x0 0x9 0x3 0xe 0x0 0x0 oops 0 methods 0
ciMethodData com/google/common/collect/AbstractIterator <init> ()V 2 5788 orig 80 0 0 0 0 0 0 0 0 0 0 0 0 0 0 0 0 0 0 0 0 0 0 0 0 0 0 0 0 0 0 0 0 0 0 0 0 0 0 0 0 0 0 0 0 0 0 0 0 0 0 0 0 0 0 0 0 0 0 0 0 0 0 0 0 0 0 0 0 0 0 0 0 0 0 0 0 0 0 0 0 data 9 0x10002 0x149d 0x0 0x0 0x0 0x0 0x9 0x1 0x6 oops 0 methods 0
ciMethodData apex/jorje/semantic/ast/modifier/ModifierGroupBuilder setLoc (Lapex/jorje/data/Location;)Lapex/jorje/semantic/ast/modifier/ModifierGroupBuilder; 2 38183 orig 80 0 0 0 0 0 0 0 0 0 0 0 0 0 0 0 0 0 0 0 0 0 0 0 0 0 0 0 0 0 0 0 0 0 0 0 0 0 0 0 0 0 0 0 0 0 0 0 0 0 0 0 0 0 0 0 0 0 0 0 0 0 0 0 0 0 0 0 0 0 0 0 0 0 0 0 0 0 0 0 0 data 8 0x0 0x0 0x0 0x0 0x9 0x2 0x0 0x0 oops 0 methods 0
ciMethodData com/google/common/collect/ImmutableList builder ()Lcom/google/common/collect/ImmutableList$Builder; 2 43086 orig 80 0 0 0 0 0 0 0 0 0 0 0 0 0 0 0 0 0 0 0 0 0 0 0 0 0 0 0 0 0 0 0 0 0 0 0 0 0 0 0 0 0 0 0 0 0 0 0 0 0 0 0 0 0 0 0 0 0 0 0 0 0 0 0 0 0 0 0 0 0 0 0 0 0 0 0 0 0 0 0 0 data 6 0x40002 0xa69a 0x0 0x0 0x9 0x0 oops 0 methods 0
ciMethodData com/google/common/collect/MoreLists asImmutableList ([Ljava/lang/Object;)Lcom/google/common/collect/ImmutableList; 2 4999 orig 80 0 0 0 0 0 0 0 0 0 0 0 0 0 0 0 0 0 0 0 0 0 0 0 0 0 0 0 0 0 0 0 0 0 0 0 0 0 0 0 0 0 0 0 0 0 0 0 0 0 0 0 0 0 0 0 0 0 0 0 0 0 0 0 0 0 0 0 0 0 0 0 0 0 0 0 0 0 0 0 0 data 11 0x10002 0x133f 0x0 0x0 0x0 0x0 0x0 0x0 0x9 0x1 0x0 oops 0 methods 0
ciMethodData apex/jorje/semantic/symbol/type/reference/TypeReferences createResolved (Lapex/jorje/semantic/symbol/type/TypeInfo;)Lapex/jorje/semantic/symbol/type/reference/TypeReference; 2 17782 orig 80 0 0 0 0 0 0 0 0 0 0 0 0 0 0 0 0 0 0 0 0 0 0 0 0 0 0 0 0 0 0 0 0 0 0 0 0 0 0 0 0 0 0 0 0 0 0 0 0 0 0 0 0 0 0 0 0 0 0 0 0 0 0 0 0 0 0 0 0 0 0 0 0 0 0 0 0 0 0 0 0 data 8 0x50002 0x4472 0x0 0x0 0x0 0x9 0x1 0x0 oops 0 methods 0
ciMethodData apex/jorje/semantic/symbol/type/reference/TypeReferences$ResolvedTypeRef <init> (Lapex/jorje/semantic/symbol/type/TypeInfo;)V 2 17782 orig 80 0 0 0 0 0 0 0 0 0 0 0 0 0 0 0 0 0 0 0 0 0 0 0 0 0 0 0 0 0 0 0 0 0 0 0 0 0 0 0 0 0 0 0 0 0 0 0 0 0 0 0 0 0 0 0 0 0 0 0 0 0 0 0 0 0 0 0 0 0 0 0 0 0 0 0 0 0 0 0 0 data 10 0x10002 0x4472 0x0 0x0 0x0 0x0 0x9 0x2 0x6 0x0 oops 0 methods 0
ciMethodData apex/jorje/semantic/symbol/member/method/StandardMethodInfo builder ()Lapex/jorje/semantic/symbol/member/method/StandardMethodInfoBuilder; 2 19670 orig 80 0 0 0 0 0 0 0 0 0 0 0 0 0 0 0 0 0 0 0 0 0 0 0 0 0 0 0 0 0 0 0 0 0 0 0 0 0 0 0 0 0 0 0 0 0 0 0 0 0 0 0 0 0 0 0 0 0 0 0 0 0 0 0 0 0 0 0 0 0 0 0 0 0 0 0 0 0 0 0 0 data 6 0x40002 0x4bd3 0x0 0x0 0x9 0x0 oops 0 methods 0
ciMethodData apex/jorje/semantic/symbol/member/method/StandardMethodInfoBuilder <init> ()V 2 5473 orig 80 0 0 0 0 0 0 0 0 0 0 0 0 0 0 0 0 0 0 0 0 0 0 0 0 0 0 0 0 0 0 0 0 0 0 0 0 0 0 0 0 0 0 0 0 0 0 0 0 0 0 0 0 0 0 0 0 0 0 0 0 0 0 0 0 0 0 0 0 0 0 0 0 0 0 0 0 0 0 0 0 data 15 0x10002 0x145e 0x50002 0x145e 0x240002 0x145e 0x0 0x0 0x0 0x0 0x0 0x0 0x9 0x1 0x0 oops 0 methods 0
ciMethodData apex/jorje/semantic/symbol/member/method/StandardMethodInfoBuilder setName (Ljava/lang/String;)Lapex/jorje/semantic/symbol/member/method/StandardMethodInfoBuilder; 2 13135 orig 80 0 0 0 0 0 0 0 0 0 0 0 0 0 0 0 0 0 0 0 0 0 0 0 0 0 0 0 0 0 0 0 0 0 0 0 0 0 0 0 0 0 0 0 0 0 0 0 0 0 0 0 0 0 0 0 0 0 0 0 0 0 0 0 0 0 0 0 0 0 0 0 0 0 0 0 0 0 0 0 0 data 28 0x10002 0x324e 0x50005 0x0 0x0 0x249abf22f90 0x324e 0x0 0x0 0x80002 0x324e 0xb0005 0x0 0x0 0x249b2a6d5b0 0x324e 0x0 0x0 0x0 0x0 0x0 0x0 0x0 0x0 0x9 0x2 0x0 0x0 oops 2 5 apex/common/base/WeakStringInterner 14 apex/jorje/semantic/symbol/member/method/StandardMethodInfoBuilder methods 0
ciMethodData apex/jorje/semantic/symbol/member/method/StandardMethodInfoBuilder setName (Lapex/jorje/data/Identifier;)Lapex/jorje/semantic/symbol/member/method/StandardMethodInfoBuilder; 2 20102 orig 80 0 0 0 0 0 0 0 0 0 0 0 0 0 0 0 0 0 0 0 0 0 0 0 0 0 0 0 0 0 0 0 0 0 0 0 0 0 0 0 0 0 0 0 0 0 0 0 0 0 0 0 0 0 0 0 0 0 0 0 0 0 0 0 0 0 0 0 0 0 0 0 0 0 0 0 0 0 0 0 0 data 8 0x0 0x0 0x0 0x0 0x9 0x2 0x0 0x0 oops 0 methods 0
ciMethodData apex/jorje/semantic/symbol/member/method/StandardMethodInfoBuilder setReturnType (Lapex/jorje/semantic/symbol/type/TypeInfo;)Lapex/jorje/semantic/symbol/member/method/StandardMethodInfoBuilder; 2 12833 orig 80 0 0 0 0 0 0 0 0 0 0 0 0 0 0 0 0 0 0 0 0 0 0 0 0 0 0 0 0 0 0 0 0 0 0 0 0 0 0 0 0 0 0 0 0 0 0 0 0 0 0 0 0 0 0 0 0 0 0 0 0 0 0 0 0 0 0 0 0 0 0 0 0 0 0 0 0 0 0 0 0 data 12 0x20002 0x3121 0x0 0x0 0x0 0x0 0x0 0x0 0x9 0x2 0x0 0x0 oops 0 methods 0
ciMethodData apex/jorje/semantic/symbol/member/method/StandardMethodInfoBuilder setDefiningType (Lapex/jorje/semantic/symbol/type/TypeInfo;)Lapex/jorje/semantic/symbol/member/method/StandardMethodInfoBuilder; 2 17874 orig 80 0 0 0 0 0 0 0 0 0 0 0 0 0 0 0 0 0 0 0 0 0 0 0 0 0 0 0 0 0 0 0 0 0 0 0 0 0 0 0 0 0 0 0 0 0 0 0 0 0 0 0 0 0 0 0 0 0 0 0 0 0 0 0 0 0 0 0 0 0 0 0 0 0 0 0 0 0 0 0 0 data 8 0x0 0x0 0x0 0x0 0x9 0x2 0x0 0x0 oops 0 methods 0
ciMethodData apex/jorje/semantic/symbol/member/method/StandardMethodInfoBuilder setModifiers (Lapex/jorje/semantic/ast/modifier/ModifierGroup;)Lapex/jorje/semantic/symbol/member/method/StandardMethodInfoBuilder; 2 5537 orig 80 0 0 0 0 0 0 0 0 0 0 0 0 0 0 0 0 0 0 0 0 0 0 0 0 0 0 0 0 0 0 0 0 0 0 0 0 0 0 0 0 0 0 0 0 0 0 0 0 0 0 0 0 0 0 0 0 0 0 0 0 0 0 0 0 0 0 0 0 0 0 0 0 0 0 0 0 0 0 0 0 data 30 0x30007 0x1421 0x50 0x0 0xa0007 0x0 0x30 0x0 0x110002 0x0 0x180007 0x1421 0x50 0x0 0x1c0007 0x0 0x30 0x0 0x230002 0x0 0x0 0x0 0x0 0x0 0x0 0x0 0x9 0x2 0x18 0x0 oops 0 methods 0
ciMethodData apex/jorje/semantic/symbol/member/method/StandardMethodInfoBuilder setGenerated (Lapex/jorje/semantic/symbol/member/method/Generated;)Lapex/jorje/semantic/symbol/member/method/StandardMethodInfoBuilder; 2 13147 orig 80 0 0 0 0 0 0 0 0 0 0 0 0 0 0 0 0 0 0 0 0 0 0 0 0 0 0 0 0 0 0 0 0 0 0 0 0 0 0 0 0 0 0 0 0 0 0 0 0 0 0 0 0 0 0 0 0 0 0 0 0 0 0 0 0 0 0 0 0 0 0 0 0 0 0 0 0 0 0 0 0 data 20 0x30007 0x324b 0x50 0x0 0xa0007 0x0 0x30 0x0 0x110002 0x0 0x0 0x0 0x0 0x0 0x0 0x0 0x9 0x2 0x0 0x0 oops 0 methods 0
ciMethodData apex/jorje/semantic/symbol/member/method/signature/SignatureFactory create (Ljava/lang/String;Lapex/jorje/semantic/symbol/type/TypeInfo;Ljava/util/List;)Lapex/jorje/semantic/symbol/member/method/signature/Signature; 2 4195 orig 80 0 0 0 0 0 0 0 0 0 0 0 0 0 0 0 0 0 0 0 0 0 0 0 0 0 0 0 0 0 0 0 0 0 0 0 0 0 0 0 0 0 0 0 0 0 0 0 0 0 0 0 0 0 0 0 0 0 0 0 0 0 0 0 0 0 0 0 0 0 0 0 0 0 0 0 0 0 0 0 0 data 13 0x40002 0xf5f 0x0 0x0 0x0 0x0 0x0 0x0 0x9 0x3 0x0 0x0 0x0 oops 0 methods 0
ciMethodData apex/jorje/semantic/ast/statement/SimpleStatement <init> (Lapex/jorje/semantic/ast/AstNode;)V 2 4452 orig 80 0 0 0 0 0 0 0 0 0 0 0 0 0 0 0 0 0 0 0 0 0 0 0 0 0 0 0 0 0 0 0 0 0 0 0 0 0 0 0 0 0 0 0 0 0 0 0 0 0 0 0 0 0 0 0 0 0 0 0 0 0 0 0 0 0 0 0 0 0 0 0 0 0 0 0 0 0 0 0 0 data 9 0x50002 0x10f6 0x0 0x0 0x0 0x9 0x2 0x6 0xffffffffffffffff oops 0 methods 0
ciMethodData apex/jorje/semantic/ast/statement/SimpleStatement <init> (Lapex/jorje/semantic/ast/AstNode;Lapex/jorje/semantic/ast/statement/SimpleStatement$Returnable;)V 2 5204 orig 80 0 0 0 0 0 0 0 0 0 0 0 0 0 0 0 0 0 0 0 0 0 0 0 0 0 0 0 0 0 0 0 0 0 0 0 0 0 0 0 0 0 0 0 0 0 0 0 0 0 0 0 0 0 0 0 0 0 0 0 0 0 0 0 0 0 0 0 0 0 0 0 0 0 0 0 0 0 0 0 0 data 24 0x20002 0x13d8 0x90007 0x2d9 0x58 0x10ff 0xd0005 0x10ff 0x0 0x0 0x0 0x0 0x0 0x0 0x0 0x0 0x0 0x0 0x0 0x9 0x3 0x6 0xffffffffffffffff 0x0 oops 0 methods 0
ciMethodData apex/jorje/semantic/ast/statement/Statement setReturnable ()V 2 5296 orig 80 0 0 0 0 0 0 0 0 0 0 0 0 0 0 0 0 0 0 0 0 0 0 0 0 0 0 0 0 0 0 0 0 0 0 0 0 0 0 0 0 0 0 0 0 0 0 0 0 0 0 0 0 0 0 0 0 0 0 0 0 0 0 0 0 0 0 0 0 0 0 0 0 0 0 0 0 0 0 0 0 data 6 0x0 0x0 0x0 0x9 0x1 0x6 oops 0 methods 0
ciMethodData apex/jorje/semantic/ast/member/MethodFactory create (Lapex/jorje/semantic/ast/AstNode;Lapex/jorje/semantic/symbol/member/method/StandardMethodInfoBuilder;Lapex/jorje/semantic/ast/statement/Statement;)Lapex/jorje/semantic/ast/member/Method; 2 5377 orig 80 0 0 0 0 0 0 0 0 0 0 0 0 0 0 0 0 0 0 0 0 0 0 0 0 0 0 0 0 0 0 0 0 0 0 0 0 0 0 0 0 0 0 0 0 0 0 0 0 0 0 0 0 0 0 0 0 0 0 0 0 0 0 0 0 0 0 0 0 0 0 0 0 0 0 0 0 0 0 0 0 data 10 0x70002 0x1400 0x0 0x0 0x0 0x9 0x3 0x0 0x0 0x0 oops 0 methods 0
ciMethodData apex/jorje/semantic/ast/compilation/UserClassMembers create (Lapex/jorje/semantic/ast/compilation/UserClass;Lapex/jorje/semantic/exception/Errors;Lapex/jorje/semantic/compiler/SourceFile;Lapex/jorje/semantic/ast/AstNode;Lapex/jorje/semantic/symbol/type/TypeInfo;Lapex/jorje/data/ast/ClassDecl;)Lapex/jorje/semantic/ast/compilation/UserClassMembers; 2 19036 orig 80 0 0 0 0 0 0 0 0 0 0 0 0 0 0 0 0 0 0 0 0 0 0 0 0 0 0 0 0 0 0 0 0 0 0 0 0 0 0 0 0 0 0 0 0 0 0 0 0 0 0 0 0 0 0 0 0 0 0 0 0 0 0 0 0 0 0 0 0 0 0 0 0 0 0 0 0 0 0 0 0 data 98 0x80002 0x747 0x120002 0x747 0x150005 0x0 0x0 0x249ac81c910 0x73f 0x249ac81c9c0 0x8 0x1e0005 0x0 0x0 0x249ac81ca70 0x4744 0x249ac81cb20 0x8 0x230007 0x747 0xe0 0x4005 0x280005 0x0 0x0 0x249ac81ca70 0x4005 0x0 0x0 0x2d0004 0x0 0x0 0x249ac81cbd0 0x2a43 0x249ac81cc80 0x1599 0x360005 0x29 0x0 0x249ac81cbd0 0x2a43 0x249ac81cc80 0x1599 0x390003 0x4005 0xffffffffffffff00 0x3d0007 0x12 0xd8 0x735 0x4d0005 0x0 0x0 0x249ac81cd30 0x735 0x0 0x0 0x570005 0x735 0x0 0x0 0x0 0x0 0x0 0x5a0002 0x735 0x5d0005 0x735 0x0 0x0 0x0 0x0 0x0 0x690002 0x747 0x6c0005 0x747 0x0 0x0 0x0 0x0 0x0 0x760002 0x747 0x0 0x0 0x0 0x0 0x0 0x0 0x9 0x6 0x0 0x0 0x0 0x0 0x0 0x0 oops 10 7 com/google/common/collect/Collections2$FilteredCollection 9 com/google/common/collect/RegularImmutableList 14 com/google/common/collect/Iterators$5 16 com/google/common/collect/Iterators$ArrayItr 25 com/google/common/collect/Iterators$5 32 apex/jorje/data/ast/BlockMember$MethodMember 34 apex/jorje/data/ast/BlockMember$FieldMember 39 apex/jorje/data/ast/BlockMember$MethodMember 41 apex/jorje/data/ast/BlockMember$FieldMember 53 apex/jorje/data/Identifiers$LocationIdentifier methods 0
ciMethodData apex/jorje/semantic/ast/compilation/UserClassMembers$Builder <init> (Lapex/jorje/semantic/exception/Errors;Lapex/jorje/semantic/compiler/SourceFile;Lapex/jorje/semantic/ast/AstNode;Lapex/jorje/semantic/ast/compilation/UserClass;)V 2 1991 orig 80 0 0 0 0 0 0 0 0 0 0 0 0 0 0 0 0 0 0 0 0 0 0 0 0 0 0 0 0 0 0 0 0 0 0 0 0 0 0 0 0 0 0 0 0 0 0 0 0 0 0 0 0 0 0 0 0 0 0 0 0 0 0 0 0 0 0 0 0 0 0 0 0 0 0 0 0 0 0 0 0 data 27 0x10002 0x747 0x1a0002 0x747 0x210002 0x747 0x280002 0x747 0x2f0002 0x747 0x360002 0x747 0x3d0002 0x747 0x0 0x0 0x0 0x0 0x0 0x0 0x9 0x5 0x7e 0x0 0x0 0x0 0x0 oops 0 methods 0
ciMethodData apex/jorje/semantic/ast/compilation/UserClassMembers createClinit (Lapex/jorje/semantic/ast/compilation/UserClass;Lapex/jorje/semantic/symbol/type/TypeInfo;Lapex/jorje/data/Location;Ljava/util/List;)Lapex/jorje/semantic/ast/member/Method; 2 1974 orig 80 0 0 0 0 0 0 0 0 0 0 0 0 0 0 0 0 0 0 0 0 0 0 0 0 0 0 0 0 0 0 0 0 0 0 0 0 0 0 0 0 0 0 0 0 0 0 0 0 0 0 0 0 0 0 0 0 0 0 0 0 0 0 0 0 0 0 0 0 0 0 0 0 0 0 0 0 0 0 0 0 data 76 0x70002 0x737 0xc0002 0x737 0x100005 0x0 0x0 0x249b2a6c990 0x737 0x0 0x0 0x190005 0x0 0x0 0x249b2a6c990 0x737 0x0 0x0 0x1c0005 0x0 0x0 0x249b2a6c990 0x737 0x0 0x0 0x220002 0x737 0x260005 0x0 0x0 0x249b2a6d5b0 0x737 0x0 0x0 0x2c0005 0x0 0x0 0x249b2a6d5b0 0x737 0x0 0x0 0x310005 0x0 0x0 0x249b2a6d5b0 0x737 0x0 0x0 0x360005 0x0 0x0 0x249b2a6d5b0 0x737 0x0 0x0 0x3c0005 0x0 0x0 0x249b2a6d5b0 0x737 0x0 0x0 0x410002 0x737 0x0 0x0 0x0 0x0 0x0 0x0 0x9 0x4 0x0 0x0 0x0 0x0 oops 8 7 apex/jorje/semantic/ast/modifier/ModifierGroupBuilder 14 apex/jorje/semantic/ast/modifier/ModifierGroupBuilder 21 apex/jorje/semantic/ast/modifier/ModifierGroupBuilder 30 apex/jorje/semantic/symbol/member/method/StandardMethodInfoBuilder 37 apex/jorje/semantic/symbol/member/method/StandardMethodInfoBuilder 44 apex/jorje/semantic/symbol/member/method/StandardMethodInfoBuilder 51 apex/jorje/semantic/symbol/member/method/StandardMethodInfoBuilder 58 apex/jorje/semantic/symbol/member/method/StandardMethodInfoBuilder methods 0
ciMethodData apex/jorje/semantic/ast/compilation/UserClassMembers createClone (Lapex/jorje/semantic/ast/compilation/UserClass;Lapex/jorje/semantic/symbol/type/TypeInfo;)Lapex/jorje/semantic/ast/member/Method; 2 1998 orig 80 0 0 0 0 0 0 0 0 0 0 0 0 0 0 0 0 0 0 0 0 0 0 0 0 0 0 0 0 0 0 0 0 0 0 0 0 0 0 0 0 0 0 0 0 0 0 0 0 0 0 0 0 0 0 0 0 0 0 0 0 0 0 0 0 0 0 0 0 0 0 0 0 0 0 0 0 0 0 0 0 data 65 0x50002 0x74e 0xa0002 0x74e 0xe0005 0x0 0x0 0x249b2a6d5b0 0x74e 0x0 0x0 0x120005 0x0 0x0 0x249b2a6d5b0 0x74e 0x0 0x0 0x1e0005 0x0 0x0 0x249b2a6d5b0 0x74e 0x0 0x0 0x230005 0x0 0x0 0x249b2a6d5b0 0x74e 0x0 0x0 0x260005 0x0 0x0 0x249b2a6d5b0 0x74e 0x0 0x0 0x2c0005 0x0 0x0 0x249b2a6d5b0 0x74e 0x0 0x0 0x320005 0x0 0x0 0x249b2a6d5b0 0x74e 0x0 0x0 0x360002 0x74e 0x0 0x0 0x0 0x0 0x0 0x0 0x9 0x2 0x0 0x0 oops 7 7 apex/jorje/semantic/symbol/member/method/StandardMethodInfoBuilder 14 apex/jorje/semantic/symbol/member/method/StandardMethodInfoBuilder 21 apex/jorje/semantic/symbol/member/method/StandardMethodInfoBuilder 28 apex/jorje/semantic/symbol/member/method/StandardMethodInfoBuilder 35 apex/jorje/semantic/symbol/member/method/StandardMethodInfoBuilder 42 apex/jorje/semantic/symbol/member/method/StandardMethodInfoBuilder 49 apex/jorje/semantic/symbol/member/method/StandardMethodInfoBuilder methods 0
ciMethodData apex/jorje/semantic/ast/compilation/UserClassMembers <init> (Lapex/jorje/semantic/ast/compilation/UserClassMembers$Builder;)V 2 2000 orig 80 0 0 0 0 0 0 0 0 0 0 0 0 0 0 0 0 0 0 0 0 0 0 0 0 0 0 0 0 0 0 0 0 0 0 0 0 0 0 0 0 0 0 0 0 0 0 0 0 0 0 0 0 0 0 0 0 0 0 0 0 0 0 0 0 0 0 0 0 0 0 0 0 0 0 0 0 0 0 0 0 data 47 0x10002 0x750 0x90005 0x750 0x0 0x0 0x0 0x0 0x0 0x140005 0x750 0x0 0x0 0x0 0x0 0x0 0x1f0005 0x750 0x0 0x0 0x0 0x0 0x0 0x2a0005 0x750 0x0 0x0 0x0 0x0 0x0 0x350005 0x750 0x0 0x0 0x0 0x0 0x0 0x0 0x0 0x0 0x0 0x0 0x0 0x9 0x2 0x1e 0x0 oops 0 methods 0
ciMethodData apex/jorje/semantic/ast/modifier/ModifierGroupBuilder addModifiers (Lapex/jorje/semantic/symbol/type/ModifierTypeInfo;Lapex/jorje/semantic/symbol/type/ModifierTypeInfo;)Lapex/jorje/semantic/ast/modifier/ModifierGroupBuilder; 2 2498 orig 80 0 0 0 0 0 0 0 0 0 0 0 0 0 0 0 0 0 0 0 0 0 0 0 0 0 0 0 0 0 0 0 0 0 0 0 0 0 0 0 0 0 0 0 0 0 0 0 0 0 0 0 0 0 0 0 0 0 0 0 0 0 0 0 0 0 0 0 0 0 0 0 0 0 0 0 0 0 0 0 0 data 53 0x80005 0x0 0x0 0x249afb72910 0x8c2 0x0 0x0 0xd0004 0x0 0x0 0x0 0x0 0x0 0x0 0x100005 0x0 0x0 0x24965250ee0 0x8c2 0x0 0x0 0x1e0005 0x0 0x0 0x249afb72910 0x8c2 0x0 0x0 0x230004 0x0 0x0 0x0 0x0 0x0 0x0 0x260005 0x0 0x0 0x24965250ee0 0x8c2 0x0 0x0 0x0 0x0 0x0 0x0 0x0 0x0 0x9 0x3 0x0 0x0 0x0 oops 4 3 apex/jorje/semantic/ast/modifier/ModifierGroupBuilder$$Lambda$244+0x00000249671ccdc0 17 java/util/ArrayList 24 apex/jorje/semantic/ast/modifier/ModifierGroupBuilder$$Lambda$244+0x00000249671ccdc0 38 java/util/ArrayList methods 0
ciMethodData apex/jorje/semantic/symbol/member/method/signature/SignatureFactory create (Ljava/lang/String;Lapex/jorje/semantic/symbol/type/TypeInfo;[Lapex/jorje/semantic/symbol/type/TypeInfo;)Lapex/jorje/semantic/symbol/member/method/signature/Signature; 2 2022 orig 80 0 0 0 0 0 0 0 0 0 0 0 0 0 0 0 0 0 0 0 0 0 0 0 0 0 0 0 0 0 0 0 0 0 0 0 0 0 0 0 0 0 0 0 0 0 0 0 0 0 0 0 0 0 0 0 0 0 0 0 0 0 0 0 0 0 0 0 0 0 0 0 0 0 0 0 0 0 0 0 0 data 15 0x30002 0x6e6 0x60002 0x6e6 0x0 0x0 0x0 0x0 0x0 0x0 0x9 0x3 0x0 0x0 0x0 oops 0 methods 0
ciMethodData apex/jorje/semantic/symbol/member/method/StandardMethodInfoBuilder setDuckTyped ()Lapex/jorje/semantic/symbol/member/method/StandardMethodInfoBuilder; 2 2006 orig 80 0 0 0 0 0 0 0 0 0 0 0 0 0 0 0 0 0 0 0 0 0 0 0 0 0 0 0 0 0 0 0 0 0 0 0 0 0 0 0 0 0 0 0 0 0 0 0 0 0 0 0 0 0 0 0 0 0 0 0 0 0 0 0 0 0 0 0 0 0 0 0 0 0 0 0 0 0 0 0 0 data 7 0x0 0x0 0x0 0x0 0x9 0x1 0x0 oops 0 methods 0
ciMethodData apex/jorje/semantic/ast/compilation/UserClassMembers$2 <init> (Lapex/jorje/semantic/ast/AstNode;Ljava/util/List;Lapex/jorje/semantic/symbol/type/TypeInfo;)V 2 1974 orig 80 0 0 0 0 0 0 0 0 0 0 0 0 0 0 0 0 0 0 0 0 0 0 0 0 0 0 0 0 0 0 0 0 0 0 0 0 0 0 0 0 0 0 0 0 0 0 0 0 0 0 0 0 0 0 0 0 0 0 0 0 0 0 0 0 0 0 0 0 0 0 0 0 0 0 0 0 0 0 0 0 data 12 0xc0002 0x6b6 0x0 0x0 0x0 0x0 0x9 0x4 0xe 0xffffffffffffffff 0x0 0x0 oops 0 methods 0
ciMethodData apex/jorje/semantic/symbol/member/method/StandardMethodInfoBuilder setEmitSignature (Ljava/lang/String;Lapex/jorje/semantic/symbol/type/TypeInfo;[Lapex/jorje/semantic/symbol/type/TypeInfo;)Lapex/jorje/semantic/symbol/member/method/StandardMethodInfoBuilder; 2 2017 orig 80 0 0 0 0 0 0 0 0 0 0 0 0 0 0 0 0 0 0 0 0 0 0 0 0 0 0 0 0 0 0 0 0 0 0 0 0 0 0 0 0 0 0 0 0 0 0 0 0 0 0 0 0 0 0 0 0 0 0 0 0 0 0 0 0 0 0 0 0 0 0 0 0 0 0 0 0 0 0 0 0 data 31 0x30007 0x661 0x88 0x0 0xc0005 0x0 0x0 0x0 0x0 0x0 0x0 0x110007 0x0 0x30 0x0 0x180002 0x0 0x200002 0x661 0x0 0x0 0x0 0x0 0x0 0x0 0x9 0x4 0x0 0x0 0x0 0x0 oops 0 methods 0
ciMethodData apex/jorje/semantic/ast/compilation/UserClassMembers$1 <init> (Lapex/jorje/semantic/ast/AstNode;)V 2 1998 orig 80 0 0 0 0 0 0 0 0 0 0 0 0 0 0 0 0 0 0 0 0 0 0 0 0 0 0 0 0 0 0 0 0 0 0 0 0 0 0 0 0 0 0 0 0 0 0 0 0 0 0 0 0 0 0 0 0 0 0 0 0 0 0 0 0 0 0 0 0 0 0 0 0 0 0 0 0 0 0 0 0 data 8 0x20002 0x64e 0x0 0x0 0x9 0x2 0x0 0x0 oops 0 methods 0
compile apex/jorje/semantic/ast/compilation/UserClassMembers create (Lapex/jorje/semantic/ast/compilation/UserClass;Lapex/jorje/semantic/exception/Errors;Lapex/jorje/semantic/compiler/SourceFile;Lapex/jorje/semantic/ast/AstNode;Lapex/jorje/semantic/symbol/type/TypeInfo;Lapex/jorje/data/ast/ClassDecl;)Lapex/jorje/semantic/ast/compilation/UserClassMembers; -1 4 inline 277 0 -1 apex/jorje/semantic/ast/compilation/UserClassMembers create (Lapex/jorje/semantic/ast/compilation/UserClass;Lapex/jorje/semantic/exception/Errors;Lapex/jorje/semantic/compiler/SourceFile;Lapex/jorje/semantic/ast/AstNode;Lapex/jorje/semantic/symbol/type/TypeInfo;Lapex/jorje/data/ast/ClassDecl;)Lapex/jorje/semantic/ast/compilation/UserClassMembers; 1 8 apex/jorje/semantic/ast/compilation/UserClassMembers$Builder <init> (Lapex/jorje/semantic/exception/Errors;Lapex/jorje/semantic/compiler/SourceFile;Lapex/jorje/semantic/ast/AstNode;Lapex/jorje/semantic/ast/compilation/UserClass;)V 2 1 java/lang/Object <init> ()V 2 26 com/google/common/collect/ImmutableList builder ()Lcom/google/common/collect/ImmutableList$Builder; 3 4 com/google/common/collect/ImmutableList$Builder <init> ()V 4 2 com/google/common/collect/ImmutableList$Builder <init> (I)V 5 1 com/google/common/collect/ImmutableCollection$Builder <init> ()V 6 1 java/lang/Object <init> ()V 2 33 com/google/common/collect/ImmutableList builder ()Lcom/google/common/collect/ImmutableList$Builder; 3 4 com/google/common/collect/ImmutableList$Builder <init> ()V 4 2 com/google/common/collect/ImmutableList$Builder <init> (I)V 5 1 com/google/common/collect/ImmutableCollection$Builder <init> ()V 6 1 java/lang/Object <init> ()V 2 40 com/google/common/collect/ImmutableList builder ()Lcom/google/common/collect/ImmutableList$Builder; 3 4 com/google/common/collect/ImmutableList$Builder <init> ()V 4 2 com/google/common/collect/ImmutableList$Builder <init> (I)V 5 1 com/google/common/collect/ImmutableCollection$Builder <init> ()V 6 1 java/lang/Object <init> ()V 2 47 com/google/common/collect/ImmutableList builder ()Lcom/google/common/collect/ImmutableList$Builder; 3 4 com/google/common/collect/ImmutableList$Builder <init> ()V 4 2 com/google/common/collect/ImmutableList$Builder <init> (I)V 5 1 com/google/common/collect/ImmutableCollection$Builder <init> ()V 6 1 java/lang/Object <init> ()V 2 54 com/google/common/collect/ImmutableList builder ()Lcom/google/common/collect/ImmutableList$Builder; 3 4 com/google/common/collect/ImmutableList$Builder <init> ()V 4 2 com/google/common/collect/ImmutableList$Builder <init> (I)V 5 1 com/google/common/collect/ImmutableCollection$Builder <init> ()V 6 1 java/lang/Object <init> ()V 2 61 com/google/common/collect/ImmutableList builder ()Lcom/google/common/collect/ImmutableList$Builder; 3 4 com/google/common/collect/ImmutableList$Builder <init> ()V 4 2 com/google/common/collect/ImmutableList$Builder <init> (I)V 5 1 com/google/common/collect/ImmutableCollection$Builder <init> ()V 6 1 java/lang/Object <init> ()V 1 18 apex/jorje/semantic/ast/AstNodes filterNotNull (Ljava/util/Collection;)Ljava/util/Collection; 2 1 apex/common/collect/MoreCollections isNullOrEmpty (Ljava/util/Collection;)Z 2 7 com/google/common/collect/ImmutableList of ()Lcom/google/common/collect/ImmutableList; 2 14 java/lang/invoke/Invokers$Holder linkToTargetMethod (Ljava/lang/Object;)Ljava/lang/Object; 3 4 java/lang/invoke/LambdaForm$MH+0x0000024967000400 invoke (Ljava/lang/Object;)Ljava/lang/Object; 2 19 com/google/common/collect/Collections2 filter (Ljava/util/Collection;Lcom/google/common/base/Predicate;)Ljava/util/Collection; 3 21 com/google/common/base/Preconditions checkNotNull (Ljava/lang/Object;)Ljava/lang/Object; 3 28 com/google/common/base/Preconditions checkNotNull (Ljava/lang/Object;)Ljava/lang/Object; 3 34 com/google/common/collect/Collections2$FilteredCollection <init> (Ljava/util/Collection;Lcom/google/common/base/Predicate;)V 4 1 java/util/AbstractCollection <init> ()V 5 1 java/lang/Object <init> ()V 1 21 com/google/common/collect/Collections2$FilteredCollection iterator ()Ljava/util/Iterator; 2 13 com/google/common/collect/Iterators filter (Ljava/util/Iterator;Lcom/google/common/base/Predicate;)Lcom/google/common/collect/UnmodifiableIterator; 3 1 com/google/common/base/Preconditions checkNotNull (Ljava/lang/Object;)Ljava/lang/Object; 3 6 com/google/common/base/Preconditions checkNotNull (Ljava/lang/Object;)Ljava/lang/Object; 3 16 com/google/common/collect/Iterators$5 <init> (Ljava/util/Iterator;Lcom/google/common/base/Predicate;)V 4 11 com/google/common/collect/AbstractIterator <init> ()V 5 1 com/google/common/collect/UnmodifiableIterator <init> ()V 6 1 java/lang/Object <init> ()V 1 21 com/google/common/collect/ImmutableList iterator ()Ljava/util/Iterator; 2 1 com/google/common/collect/ImmutableList iterator ()Lcom/google/common/collect/UnmodifiableIterator; 3 1 com/google/common/collect/ImmutableList listIterator ()Lcom/google/common/collect/UnmodifiableListIterator; 4 2 com/google/common/collect/RegularImmutableList listIterator (I)Lcom/google/common/collect/UnmodifiableListIterator; 5 11 com/google/common/collect/Iterators forArray ([Ljava/lang/Object;III)Lcom/google/common/collect/UnmodifiableListIterator; 6 9 com/google/common/base/Preconditions checkArgument (Z)V 6 22 com/google/common/base/Preconditions checkPositionIndexes (III)V 6 27 com/google/common/base/Preconditions checkPositionIndex (II)I 7 4 com/google/common/base/Preconditions checkPositionIndex (IILjava/lang/String;)I 6 35 com/google/common/collect/Iterators emptyListIterator ()Lcom/google/common/collect/UnmodifiableListIterator; 6 47 com/google/common/collect/Iterators$ArrayItr <init> ([Ljava/lang/Object;III)V 7 4 com/google/common/collect/AbstractIndexedListIterator <init> (II)V 8 1 com/google/common/collect/UnmodifiableListIterator <init> ()V 9 1 com/google/common/collect/UnmodifiableIterator <init> ()V 10 1 java/lang/Object <init> ()V 8 6 com/google/common/base/Preconditions checkPositionIndex (II)I 9 4 com/google/common/base/Preconditions checkPositionIndex (IILjava/lang/String;)I 1 30 com/google/common/collect/AbstractIndexedListIterator hasNext ()Z 1 40 com/google/common/collect/AbstractIterator next ()Ljava/lang/Object; 2 26 com/google/common/collect/NullnessCasts uncheckedCastNullableTToT (Ljava/lang/Object;)Ljava/lang/Object; 1 77 apex/jorje/data/Identifiers$LocationIdentifier getLoc ()Lapex/jorje/data/Location; 1 87 com/google/common/collect/ImmutableList$Builder build ()Lcom/google/common/collect/ImmutableList; 2 13 com/google/common/collect/ImmutableList asImmutableList ([Ljava/lang/Object;I)Lcom/google/common/collect/ImmutableList; 3 52 java/util/Arrays copyOf ([Ljava/lang/Object;I)[Ljava/lang/Object; 3 65 com/google/common/collect/RegularImmutableList <init> ([Ljava/lang/Object;)V 4 1 com/google/common/collect/ImmutableList <init> ()V 5 1 com/google/common/collect/ImmutableCollection <init> ()V 6 1 java/util/AbstractCollection <init> ()V 7 1 java/lang/Object <init> ()V 3 35 java/util/Objects requireNonNull (Ljava/lang/Object;)Ljava/lang/Object; 3 40 com/google/common/collect/ImmutableList of (Ljava/lang/Object;)Lcom/google/common/collect/ImmutableList; 4 5 com/google/common/collect/SingletonImmutableList <init> (Ljava/lang/Object;)V 5 1 com/google/common/collect/ImmutableList <init> ()V 6 1 com/google/common/collect/ImmutableCollection <init> ()V 7 1 java/util/AbstractCollection <init> ()V 8 1 java/lang/Object <init> ()V 5 6 com/google/common/base/Preconditions checkNotNull (Ljava/lang/Object;)Ljava/lang/Object; 3 28 com/google/common/collect/ImmutableList of ()Lcom/google/common/collect/ImmutableList; 1 90 apex/jorje/semantic/ast/compilation/UserClassMembers createClinit (Lapex/jorje/semantic/ast/compilation/UserClass;Lapex/jorje/semantic/symbol/type/TypeInfo;Lapex/jorje/data/Location;Ljava/util/List;)Lapex/jorje/semantic/ast/member/Method; 2 7 apex/jorje/semantic/ast/compilation/UserClassMembers$2 <init> (Lapex/jorje/semantic/ast/AstNode;Ljava/util/List;Lapex/jorje/semantic/symbol/type/TypeInfo;)V 3 12 apex/jorje/semantic/ast/statement/Statement <init> (Lapex/jorje/semantic/ast/AstNode;)V 4 1 java/lang/Object <init> ()V 4 14 apex/jorje/semantic/ast/compilation/UserClass getDefiningType ()Lapex/jorje/semantic/symbol/type/TypeInfo; 2 12 apex/jorje/semantic/ast/modifier/ModifierGroup builder ()Lapex/jorje/semantic/ast/modifier/ModifierGroupBuilder; 3 4 apex/jorje/semantic/ast/modifier/ModifierGroupBuilder <init> ()V 4 1 java/lang/Object <init> ()V 4 16 java/util/ArrayList <init> ()V 5 1 java/util/AbstractList <init> ()V 6 1 java/util/AbstractCollection <init> ()V 7 1 java/lang/Object <init> ()V 4 23 com/google/common/collect/ImmutableList of ()Lcom/google/common/collect/ImmutableList; 2 16 apex/jorje/semantic/ast/modifier/ModifierGroupBuilder setLoc (Lapex/jorje/data/Location;)Lapex/jorje/semantic/ast/modifier/ModifierGroupBuilder; 2 25 apex/jorje/semantic/ast/modifier/ModifierGroupBuilder addModifiers (Lapex/jorje/semantic/symbol/type/ModifierTypeInfo;Lapex/jorje/semantic/symbol/type/ModifierTypeInfo;)Lapex/jorje/semantic/ast/modifier/ModifierGroupBuilder; 3 8 apex/jorje/semantic/ast/modifier/ModifierGroupBuilder$$Lambda$244+0x00000249671ccdc0 apply (Ljava/lang/Object;)Ljava/lang/Object; 4 4 apex/jorje/semantic/ast/modifier/ModifierGroupBuilder lambda$static$0 (Lapex/jorje/semantic/symbol/type/ModifierTypeInfo;)Lapex/jorje/semantic/ast/modifier/Modifier; 5 0 apex/jorje/semantic/ast/modifier/Modifiers get ()Lapex/jorje/semantic/ast/modifier/Modifiers$Factory; 5 7 apex/jorje/semantic/ast/modifier/Modifiers$NoLocFactory createModifier (Lapex/jorje/data/Location;Lapex/jorje/semantic/symbol/type/ModifierTypeInfo;)Lapex/jorje/semantic/ast/modifier/Modifier; 6 4 com/google/common/collect/RegularImmutableMap get (Ljava/lang/Object;)Ljava/lang/Object; 7 9 com/google/common/collect/RegularImmutableMap get (Ljava/lang/Object;[Lcom/google/common/collect/ImmutableMapEntry;I)Ljava/lang/Object; 8 14 com/google/common/collect/Hashing smear (I)I 9 12 java/lang/Integer rotateLeft (II)I 8 32 com/google/common/collect/ImmutableEntry getKey ()Ljava/lang/Object; 8 40 java/lang/Object equals (Ljava/lang/Object;)Z 8 48 com/google/common/collect/ImmutableEntry getValue ()Ljava/lang/Object; 8 54 com/google/common/collect/ImmutableMapEntry getNextInKeyBucket ()Lcom/google/common/collect/ImmutableMapEntry; 8 54 com/google/common/collect/ImmutableMapEntry$NonTerminalImmutableMapEntry getNextInKeyBucket ()Lcom/google/common/collect/ImmutableMapEntry; 3 16 java/util/ArrayList add (Ljava/lang/Object;)Z 4 20 java/util/ArrayList add (Ljava/lang/Object;[Ljava/lang/Object;I)V 5 7 java/util/ArrayList grow ()[Ljava/lang/Object; 6 7 java/util/ArrayList grow (I)[Ljava/lang/Object; 7 27 jdk/internal/util/ArraysSupport newLength (III)I 3 30 apex/jorje/semantic/ast/modifier/ModifierGroupBuilder$$Lambda$244+0x00000249671ccdc0 apply (Ljava/lang/Object;)Ljava/lang/Object; 4 4 apex/jorje/semantic/ast/modifier/ModifierGroupBuilder lambda$static$0 (Lapex/jorje/semantic/symbol/type/ModifierTypeInfo;)Lapex/jorje/semantic/ast/modifier/Modifier; 5 0 apex/jorje/semantic/ast/modifier/Modifiers get ()Lapex/jorje/semantic/ast/modifier/Modifiers$Factory; 5 7 apex/jorje/semantic/ast/modifier/Modifiers$NoLocFactory createModifier (Lapex/jorje/data/Location;Lapex/jorje/semantic/symbol/type/ModifierTypeInfo;)Lapex/jorje/semantic/ast/modifier/Modifier; 6 4 com/google/common/collect/RegularImmutableMap get (Ljava/lang/Object;)Ljava/lang/Object; 7 9 com/google/common/collect/RegularImmutableMap get (Ljava/lang/Object;[Lcom/google/common/collect/ImmutableMapEntry;I)Ljava/lang/Object; 8 14 com/google/common/collect/Hashing smear (I)I 9 12 java/lang/Integer rotateLeft (II)I 8 32 com/google/common/collect/ImmutableEntry getKey ()Ljava/lang/Object; 8 40 java/lang/Object equals (Ljava/lang/Object;)Z 8 48 com/google/common/collect/ImmutableEntry getValue ()Ljava/lang/Object; 8 54 com/google/common/collect/ImmutableMapEntry getNextInKeyBucket ()Lcom/google/common/collect/ImmutableMapEntry; 8 54 com/google/common/collect/ImmutableMapEntry$NonTerminalImmutableMapEntry getNextInKeyBucket ()Lcom/google/common/collect/ImmutableMapEntry; 3 38 java/util/ArrayList add (Ljava/lang/Object;)Z 4 20 java/util/ArrayList add (Ljava/lang/Object;[Ljava/lang/Object;I)V 5 7 java/util/ArrayList grow ()[Ljava/lang/Object; 6 7 java/util/ArrayList grow (I)[Ljava/lang/Object; 7 27 jdk/internal/util/ArraysSupport newLength (III)I 2 34 apex/jorje/semantic/symbol/member/method/StandardMethodInfo builder ()Lapex/jorje/semantic/symbol/member/method/StandardMethodInfoBuilder; 3 4 apex/jorje/semantic/symbol/member/method/StandardMethodInfoBuilder <init> ()V 4 1 java/lang/Object <init> ()V 4 5 com/google/common/collect/ImmutableList of ()Lcom/google/common/collect/ImmutableList; 4 36 com/google/common/collect/ImmutableList of ()Lcom/google/common/collect/ImmutableList; 2 38 apex/jorje/semantic/symbol/member/method/StandardMethodInfoBuilder setDefiningType (Lapex/jorje/semantic/symbol/type/TypeInfo;)Lapex/jorje/semantic/symbol/member/method/StandardMethodInfoBuilder; 2 44 apex/jorje/semantic/symbol/member/method/StandardMethodInfoBuilder setReturnType (Lapex/jorje/semantic/symbol/type/TypeInfo;)Lapex/jorje/semantic/symbol/member/method/StandardMethodInfoBuilder; 3 2 apex/jorje/semantic/symbol/type/reference/TypeReferences createResolved (Lapex/jorje/semantic/symbol/type/TypeInfo;)Lapex/jorje/semantic/symbol/type/reference/TypeReference; 4 5 apex/jorje/semantic/symbol/type/reference/TypeReferences$ResolvedTypeRef <init> (Lapex/jorje/semantic/symbol/type/TypeInfo;)V 5 1 java/lang/Object <init> ()V 2 49 apex/jorje/semantic/symbol/member/method/StandardMethodInfoBuilder setName (Ljava/lang/String;)Lapex/jorje/semantic/symbol/member/method/StandardMethodInfoBuilder; 3 1 apex/common/base/WeakStringInterner get ()Lapex/common/base/WeakStringInterner; 3 5 apex/common/base/WeakStringInterner intern (Ljava/lang/String;)Ljava/lang/String; 3 8 apex/jorje/data/Identifiers newIdentifier (Ljava/lang/String;)Lapex/jorje/data/Identifier; 4 5 apex/jorje/data/Identifiers$SyntheticIdentifier <init> (Ljava/lang/String;)V 5 1 java/lang/Object <init> ()V 3 11 apex/jorje/semantic/symbol/member/method/StandardMethodInfoBuilder setName (Lapex/jorje/data/Identifier;)Lapex/jorje/semantic/symbol/member/method/StandardMethodInfoBuilder; 2 54 apex/jorje/semantic/symbol/member/method/StandardMethodInfoBuilder setModifiers (Lapex/jorje/semantic/ast/modifier/ModifierGroup;)Lapex/jorje/semantic/symbol/member/method/StandardMethodInfoBuilder; 2 60 apex/jorje/semantic/symbol/member/method/StandardMethodInfoBuilder setGenerated (Lapex/jorje/semantic/symbol/member/method/Generated;)Lapex/jorje/semantic/symbol/member/method/StandardMethodInfoBuilder; 2 65 apex/jorje/semantic/ast/member/MethodFactory create (Lapex/jorje/semantic/ast/AstNode;Lapex/jorje/semantic/symbol/member/method/StandardMethodInfoBuilder;Lapex/jorje/semantic/ast/statement/Statement;)Lapex/jorje/semantic/ast/member/Method; 1 93 com/google/common/collect/ImmutableList$Builder add (Ljava/lang/Object;)Lcom/google/common/collect/ImmutableList$Builder; 2 1 com/google/common/base/Preconditions checkNotNull (Ljava/lang/Object;)Ljava/lang/Object; 2 12 com/google/common/collect/ImmutableList$Builder getReadyToExpandTo (I)V 3 20 com/google/common/collect/ImmutableCollection$Builder expandedCapacity (II)I 3 23 java/util/Arrays copyOf ([Ljava/lang/Object;I)[Ljava/lang/Object; 1 105 apex/jorje/semantic/ast/compilation/UserClassMembers createClone (Lapex/jorje/semantic/ast/compilation/UserClass;Lapex/jorje/semantic/symbol/type/TypeInfo;)Lapex/jorje/semantic/ast/member/Method; 2 5 apex/jorje/semantic/ast/compilation/UserClassMembers$1 <init> (Lapex/jorje/semantic/ast/AstNode;)V 3 2 apex/jorje/semantic/ast/statement/SimpleStatement <init> (Lapex/jorje/semantic/ast/AstNode;)V 4 5 apex/jorje/semantic/ast/statement/SimpleStatement <init> (Lapex/jorje/semantic/ast/AstNode;Lapex/jorje/semantic/ast/statement/SimpleStatement$Returnable;)V 5 2 apex/jorje/semantic/ast/statement/Statement <init> (Lapex/jorje/semantic/ast/AstNode;)V 6 1 java/lang/Object <init> ()V 6 14 apex/jorje/semantic/ast/compilation/UserClass getDefiningType ()Lapex/jorje/semantic/symbol/type/TypeInfo; 5 13 apex/jorje/semantic/ast/statement/Statement setReturnable ()V 2 10 apex/jorje/semantic/symbol/member/method/StandardMethodInfo builder ()Lapex/jorje/semantic/symbol/member/method/StandardMethodInfoBuilder; 3 4 apex/jorje/semantic/symbol/member/method/StandardMethodInfoBuilder <init> ()V 4 1 java/lang/Object <init> ()V 4 5 com/google/common/collect/ImmutableList of ()Lcom/google/common/collect/ImmutableList; 4 36 com/google/common/collect/ImmutableList of ()Lcom/google/common/collect/ImmutableList; 2 14 apex/jorje/semantic/symbol/member/method/StandardMethodInfoBuilder setDefiningType (Lapex/jorje/semantic/symbol/type/TypeInfo;)Lapex/jorje/semantic/symbol/member/method/StandardMethodInfoBuilder; 2 18 apex/jorje/semantic/symbol/member/method/StandardMethodInfoBuilder setReturnType (Lapex/jorje/semantic/symbol/type/TypeInfo;)Lapex/jorje/semantic/symbol/member/method/StandardMethodInfoBuilder; 3 2 apex/jorje/semantic/symbol/type/reference/TypeReferences createResolved (Lapex/jorje/semantic/symbol/type/TypeInfo;)Lapex/jorje/semantic/symbol/type/reference/TypeReference; 4 5 apex/jorje/semantic/symbol/type/reference/TypeReferences$ResolvedTypeRef <init> (Lapex/jorje/semantic/symbol/type/TypeInfo;)V 5 1 java/lang/Object <init> ()V 2 30 apex/jorje/semantic/symbol/member/method/StandardMethodInfoBuilder setEmitSignature (Ljava/lang/String;Lapex/jorje/semantic/symbol/type/TypeInfo;[Lapex/jorje/semantic/symbol/type/TypeInfo;)Lapex/jorje/semantic/symbol/member/method/StandardMethodInfoBuilder; 3 32 apex/jorje/semantic/symbol/member/method/signature/SignatureFactory create (Ljava/lang/String;Lapex/jorje/semantic/symbol/type/TypeInfo;[Lapex/jorje/semantic/symbol/type/TypeInfo;)Lapex/jorje/semantic/symbol/member/method/signature/Signature; 4 3 com/google/common/collect/MoreLists asImmutableList ([Ljava/lang/Object;)Lcom/google/common/collect/ImmutableList; 5 1 com/google/common/collect/ImmutableList asImmutableList ([Ljava/lang/Object;)Lcom/google/common/collect/ImmutableList; 6 3 com/google/common/collect/ImmutableList asImmutableList ([Ljava/lang/Object;I)Lcom/google/common/collect/ImmutableList; 7 28 com/google/common/collect/ImmutableList of ()Lcom/google/common/collect/ImmutableList; 4 6 apex/jorje/semantic/symbol/member/method/signature/SignatureFactory create (Ljava/lang/String;Lapex/jorje/semantic/symbol/type/TypeInfo;Ljava/util/List;)Lapex/jorje/semantic/symbol/member/method/signature/Signature; 2 35 apex/jorje/semantic/symbol/member/method/StandardMethodInfoBuilder setName (Ljava/lang/String;)Lapex/jorje/semantic/symbol/member/method/StandardMethodInfoBuilder; 3 1 apex/common/base/WeakStringInterner get ()Lapex/common/base/WeakStringInterner; 3 5 apex/common/base/WeakStringInterner intern (Ljava/lang/String;)Ljava/lang/String; 3 8 apex/jorje/data/Identifiers newIdentifier (Ljava/lang/String;)Lapex/jorje/data/Identifier; 4 5 apex/jorje/data/Identifiers$SyntheticIdentifier <init> (Ljava/lang/String;)V 5 1 java/lang/Object <init> ()V 3 11 apex/jorje/semantic/symbol/member/method/StandardMethodInfoBuilder setName (Lapex/jorje/data/Identifier;)Lapex/jorje/semantic/symbol/member/method/StandardMethodInfoBuilder; 2 38 apex/jorje/semantic/symbol/member/method/StandardMethodInfoBuilder setDuckTyped ()Lapex/jorje/semantic/symbol/member/method/StandardMethodInfoBuilder; 2 44 apex/jorje/semantic/symbol/member/method/StandardMethodInfoBuilder setModifiers (Lapex/jorje/semantic/ast/modifier/ModifierGroup;)Lapex/jorje/semantic/symbol/member/method/StandardMethodInfoBuilder; 2 50 apex/jorje/semantic/symbol/member/method/StandardMethodInfoBuilder setGenerated (Lapex/jorje/semantic/symbol/member/method/Generated;)Lapex/jorje/semantic/symbol/member/method/StandardMethodInfoBuilder; 2 54 apex/jorje/semantic/ast/member/MethodFactory create (Lapex/jorje/semantic/ast/AstNode;Lapex/jorje/semantic/symbol/member/method/StandardMethodInfoBuilder;Lapex/jorje/semantic/ast/statement/Statement;)Lapex/jorje/semantic/ast/member/Method; 1 108 com/google/common/collect/ImmutableList$Builder add (Ljava/lang/Object;)Lcom/google/common/collect/ImmutableList$Builder; 2 1 com/google/common/base/Preconditions checkNotNull (Ljava/lang/Object;)Ljava/lang/Object; 2 12 com/google/common/collect/ImmutableList$Builder getReadyToExpandTo (I)V 3 20 com/google/common/collect/ImmutableCollection$Builder expandedCapacity (II)I 3 23 java/util/Arrays copyOf ([Ljava/lang/Object;I)[Ljava/lang/Object; 1 118 apex/jorje/semantic/ast/compilation/UserClassMembers <init> (Lapex/jorje/semantic/ast/compilation/UserClassMembers$Builder;)V 2 1 java/lang/Object <init> ()V 2 9 com/google/common/collect/ImmutableList$Builder build ()Lcom/google/common/collect/ImmutableList; 3 13 com/google/common/collect/ImmutableList asImmutableList ([Ljava/lang/Object;I)Lcom/google/common/collect/ImmutableList; 4 52 java/util/Arrays copyOf ([Ljava/lang/Object;I)[Ljava/lang/Object; 4 65 com/google/common/collect/RegularImmutableList <init> ([Ljava/lang/Object;)V 5 1 com/google/common/collect/ImmutableList <init> ()V 6 1 com/google/common/collect/ImmutableCollection <init> ()V 7 1 java/util/AbstractCollection <init> ()V 8 1 java/lang/Object <init> ()V 4 35 java/util/Objects requireNonNull (Ljava/lang/Object;)Ljava/lang/Object; 4 40 com/google/common/collect/ImmutableList of (Ljava/lang/Object;)Lcom/google/common/collect/ImmutableList; 5 5 com/google/common/collect/SingletonImmutableList <init> (Ljava/lang/Object;)V 6 1 com/google/common/collect/ImmutableList <init> ()V 7 1 com/google/common/collect/ImmutableCollection <init> ()V 8 1 java/util/AbstractCollection <init> ()V 9 1 java/lang/Object <init> ()V 6 6 com/google/common/base/Preconditions checkNotNull (Ljava/lang/Object;)Ljava/lang/Object; 4 28 com/google/common/collect/ImmutableList of ()Lcom/google/common/collect/ImmutableList; 2 20 com/google/common/collect/ImmutableList$Builder build ()Lcom/google/common/collect/ImmutableList; 3 13 com/google/common/collect/ImmutableList asImmutableList ([Ljava/lang/Object;I)Lcom/google/common/collect/ImmutableList; 4 52 java/util/Arrays copyOf ([Ljava/lang/Object;I)[Ljava/lang/Object; 4 65 com/google/common/collect/RegularImmutableList <init> ([Ljava/lang/Object;)V 5 1 com/google/common/collect/ImmutableList <init> ()V 6 1 com/google/common/collect/ImmutableCollection <init> ()V 7 1 java/util/AbstractCollection <init> ()V 8 1 java/lang/Object <init> ()V 4 35 java/util/Objects requireNonNull (Ljava/lang/Object;)Ljava/lang/Object; 4 40 com/google/common/collect/ImmutableList of (Ljava/lang/Object;)Lcom/google/common/collect/ImmutableList; 5 5 com/google/common/collect/SingletonImmutableList <init> (Ljava/lang/Object;)V 6 1 com/google/common/collect/ImmutableList <init> ()V 7 1 com/google/common/collect/ImmutableCollection <init> ()V 8 1 java/util/AbstractCollection <init> ()V 9 1 java/lang/Object <init> ()V 6 6 com/google/common/base/Preconditions checkNotNull (Ljava/lang/Object;)Ljava/lang/Object; 4 28 com/google/common/collect/ImmutableList of ()Lcom/google/common/collect/ImmutableList; 2 31 com/google/common/collect/ImmutableList$Builder build ()Lcom/google/common/collect/ImmutableList; 3 13 com/google/common/collect/ImmutableList asImmutableList ([Ljava/lang/Object;I)Lcom/google/common/collect/ImmutableList; 4 52 java/util/Arrays copyOf ([Ljava/lang/Object;I)[Ljava/lang/Object; 4 65 com/google/common/collect/RegularImmutableList <init> ([Ljava/lang/Object;)V 5 1 com/google/common/collect/ImmutableList <init> ()V 6 1 com/google/common/collect/ImmutableCollection <init> ()V 7 1 java/util/AbstractCollection <init> ()V 8 1 java/lang/Object <init> ()V 4 35 java/util/Objects requireNonNull (Ljava/lang/Object;)Ljava/lang/Object; 4 40 com/google/common/collect/ImmutableList of (Ljava/lang/Object;)Lcom/google/common/collect/ImmutableList; 5 5 com/google/common/collect/SingletonImmutableList <init> (Ljava/lang/Object;)V 6 1 com/google/common/collect/ImmutableList <init> ()V 7 1 com/google/common/collect/ImmutableCollection <init> ()V 8 1 java/util/AbstractCollection <init> ()V 9 1 java/lang/Object <init> ()V 6 6 com/google/common/base/Preconditions checkNotNull (Ljava/lang/Object;)Ljava/lang/Object; 4 28 com/google/common/collect/ImmutableList of ()Lcom/google/common/collect/ImmutableList; 2 42 com/google/common/collect/ImmutableList$Builder build ()Lcom/google/common/collect/ImmutableList; 3 13 com/google/common/collect/ImmutableList asImmutableList ([Ljava/lang/Object;I)Lcom/google/common/collect/ImmutableList; 4 52 java/util/Arrays copyOf ([Ljava/lang/Object;I)[Ljava/lang/Object; 4 65 com/google/common/collect/RegularImmutableList <init> ([Ljava/lang/Object;)V 5 1 com/google/common/collect/ImmutableList <init> ()V 6 1 com/google/common/collect/ImmutableCollection <init> ()V 7 1 java/util/AbstractCollection <init> ()V 8 1 java/lang/Object <init> ()V 4 35 java/util/Objects requireNonNull (Ljava/lang/Object;)Ljava/lang/Object; 4 40 com/google/common/collect/ImmutableList of (Ljava/lang/Object;)Lcom/google/common/collect/ImmutableList; 5 5 com/google/common/collect/SingletonImmutableList <init> (Ljava/lang/Object;)V 6 1 com/google/common/collect/ImmutableList <init> ()V 7 1 com/google/common/collect/ImmutableCollection <init> ()V 8 1 java/util/AbstractCollection <init> ()V 9 1 java/lang/Object <init> ()V 6 6 com/google/common/base/Preconditions checkNotNull (Ljava/lang/Object;)Ljava/lang/Object; 4 28 com/google/common/collect/ImmutableList of ()Lcom/google/common/collect/ImmutableList;
