JvmtiExport can_access_local_variables 0
JvmtiExport can_hotswap_or_post_breakpoint 0
JvmtiExport can_post_on_exceptions 0
# 743 ciObject found
instanceKlass apex/jorje/semantic/ast/compilation/VirtualMethodsCreator
ciInstanceKlass java/lang/Cloneable 1 0 7 100 1 100 1 1 1
instanceKlass apex/jorje/semantic/ast/statement/BlockStatement$AsGoodAsJava
instanceKlass apex/common/tuple/IntHolder
instanceKlass apex/jorje/semantic/symbol/visibility/VariableVisibility
instanceKlass apex/jorje/semantic/symbol/member/variable/VariableValidator
instanceKlass apex/jorje/semantic/symbol/member/variable/VariableValidateStoreVisitor
instanceKlass apex/jorje/semantic/common/iterable/ExtendedTypeIterable$1
instanceKlass apex/jorje/semantic/common/iterable/ExtendedTypeIterable
instanceKlass apex/jorje/semantic/symbol/resolver/VariableResolver$1
instanceKlass apex/jorje/semantic/symbol/resolver/interceptors/LegacyEarlyBindInterceptors$SObjectEarlyBindInterceptor
instanceKlass apex/jorje/semantic/symbol/resolver/interceptors/LegacyEarlyBindInterceptor
instanceKlass apex/jorje/semantic/symbol/resolver/VariableResolver
instanceKlass apex/jorje/semantic/ast/compilation/ScriptTooLargeValidator
instanceKlass apex/jorje/semantic/symbol/member/IdentifierValidator$1
instanceKlass apex/jorje/semantic/symbol/member/IdentifierValidator
instanceKlass apex/jorje/semantic/ast/compilation/CompilationUtil
instanceKlass apex/jorje/semantic/ast/modifier/rule/AnnotationRules$EnclosingUnitTypeSpecificRule
instanceKlass apex/jorje/semantic/ast/modifier/rule/AnnotationRules$NoNewProtectedMethodRule
instanceKlass apex/jorje/semantic/ast/modifier/rule/AnnotationRules$RequiredDefiningTypeRule
instanceKlass apex/jorje/semantic/ast/modifier/rule/TestSetupContextRule
instanceKlass apex/jorje/semantic/ast/modifier/rule/AnnotationRules$MinVersionRule
instanceKlass apex/jorje/semantic/ast/modifier/rule/TransientContextRule
instanceKlass apex/jorje/semantic/symbol/member/method/MethodNameMangler
instanceKlass java/lang/Throwable$PrintStreamOrWriter
instanceKlass apex/jorje/semantic/ast/modifier/AnnotationParameter$8
instanceKlass apex/jorje/semantic/ast/modifier/rule/TestContextRule
instanceKlass apex/jorje/semantic/ast/modifier/rule/AnnotationRules$RequiredAnyModifierRule
instanceKlass apex/jorje/semantic/ast/modifier/rule/AnnotationRules$DefiningTypeConditionRule
instanceKlass apex/jorje/semantic/ast/modifier/rule/AnnotationRules$VersionedRule
instanceKlass apex/jorje/semantic/ast/modifier/rule/AnnotationRules$EquivalentModifierRule
instanceKlass apex/jorje/semantic/ast/visitor/InterfaceHierarchyValidator
instanceKlass apex/jorje/semantic/ast/modifier/rule/AnnotationRules$DisallowedModifiersRule
instanceKlass apex/jorje/semantic/ast/modifier/rule/AnnotationRules$UnitTypeSpecificRule
instanceKlass apex/jorje/semantic/ast/modifier/rule/AnnotationRules$RequiredTopLevelRule
instanceKlass apex/jorje/semantic/ast/modifier/rule/AnnotationRules$ElementSpecificRule
instanceKlass apex/jorje/semantic/ast/modifier/rule/AnnotationRules$RedundantModifierRule
instanceKlass apex/jorje/semantic/ast/visitor/IsTestValidation
instanceKlass apex/jorje/semantic/ast/modifier/rule/TypeContext$1
instanceKlass apex/jorje/semantic/common/util/VersionUtil
instanceKlass apex/jorje/semantic/ast/modifier/rule/AnnotationRuleUtil
instanceKlass apex/jorje/semantic/symbol/type/GenericTypeInfo$1
instanceKlass apex/jorje/semantic/ast/modifier/rule/GlobalContextRule
instanceKlass apex/jorje/semantic/ast/modifier/rule/AnnotationRules$EnclosingTypeRule
instanceKlass apex/jorje/semantic/ast/modifier/rule/AnnotationRules$DefiningTypeRule
instanceKlass apex/jorje/semantic/ast/modifier/rule/AnnotationRules$RequiredModifiersRule
instanceKlass apex/jorje/semantic/ast/modifier/rule/AnnotationRules$AllowedElementsRule
instanceKlass apex/jorje/semantic/ast/modifier/rule/AnnotationRules
instanceKlass apex/jorje/semantic/ast/modifier/rule/AnnotationRule
instanceKlass apex/jorje/semantic/symbol/member/method/StandardMethodTable$1
instanceKlass apex/jorje/semantic/ast/visitor/PostTypeResolveVisitorUtil
instanceKlass apex/common/tuple/PairingFunctions
instanceKlass apex/jorje/semantic/ast/visitor/InterfaceImplementationValidator
instanceKlass apex/jorje/semantic/ast/compilation/ParentVisibility
instanceKlass org/eclipse/jdt/internal/core/nd/db/EmptyString
instanceKlass apex/jorje/semantic/symbol/resolver/TypeRefResolvers$JavaTypeResolver
instanceKlass com/google/common/base/Equivalence$1
instanceKlass apex/jorje/semantic/symbol/resolver/rules/TypeNameResolveUtil$InnerTypeViaSubTypeUtil
instanceKlass apex/jorje/semantic/symbol/resolver/TypeRefResolvers$ArrayTypeResolver
instanceKlass apex/jorje/semantic/symbol/member/variable/LocalInfo$Builder
instanceKlass apex/jorje/semantic/symbol/member/variable/LocalInfo
instanceKlass apex/jorje/semantic/symbol/type/UnresolvedErrorCalculator
instanceKlass apex/jorje/semantic/symbol/member/method/signature/SignatureUtil
instanceKlass apex/jorje/semantic/symbol/type/common/GenericTypeInfoUtil$6
instanceKlass apex/jorje/semantic/symbol/type/naming/TypeNameParser$TypeName
instanceKlass apex/jorje/semantic/symbol/type/naming/TypeNameParser$TypeName$Info
instanceKlass apex/jorje/semantic/symbol/type/naming/TypeNameParser$BytecodeNameSplitter
instanceKlass apex/jorje/semantic/symbol/type/naming/TypeNameParser$Splitter
instanceKlass apex/jorje/semantic/symbol/type/naming/TypeNameParser
instanceKlass java/lang/ConditionalSpecialCasing$Entry
instanceKlass java/lang/ConditionalSpecialCasing
instanceKlass apex/jorje/semantic/symbol/resolver/rules/OnePartTypeNameResolveRules
instanceKlass apex/jorje/lsp/impl/index/symbol/Lookups
instanceKlass apex/jorje/semantic/symbol/member/method/VirtualMethodInfo
instanceKlass apex/jorje/semantic/symbol/visibility/Visibility$3
instanceKlass apex/jorje/semantic/symbol/visibility/VisibleApiVersionUtil
instanceKlass apex/jorje/semantic/symbol/visibility/PackageVersionVisibility
instanceKlass apex/jorje/semantic/symbol/visibility/Visibility
instanceKlass apex/jorje/semantic/ast/compilation/VirtualMethodsCreator
instanceKlass apex/jorje/lsp/impl/index/symbol/VirtualCodeUnitDetails
instanceKlass apex/jorje/lsp/impl/index/symbol/VirtualMethodTableInitializer
instanceKlass apex/jorje/lsp/impl/index/symbol/VirtualFieldTableInitializer
instanceKlass apex/jorje/lsp/impl/index/symbol/Modifiers
instanceKlass apex/jorje/semantic/symbol/resolver/rules/TypeNameResolutionOrders$1
instanceKlass apex/jorje/semantic/symbol/resolver/TypeRefResolvers$ClassTypeResolver
instanceKlass apex/jorje/semantic/symbol/resolver/TypeRefResolver
instanceKlass apex/jorje/semantic/symbol/resolver/TypeRefResolvers$1
instanceKlass apex/jorje/semantic/symbol/resolver/TypeRefResolvers
instanceKlass apex/jorje/semantic/symbol/type/parent/DuplicateGenericInterfaceCalculator
instanceKlass apex/jorje/semantic/common/iterable/SuperTypeIterable$1
instanceKlass apex/jorje/semantic/common/iterable/SuperTypeIterable
instanceKlass apex/jorje/semantic/symbol/resolver/Distance$SecondaryDistanceTypeVisitor
instanceKlass apex/jorje/semantic/symbol/resolver/Distance$CalculateDistanceInputTypeVisitor
instanceKlass apex/jorje/semantic/symbol/type/common/JavaBindingTypeInfos
instanceKlass apex/jorje/semantic/symbol/type/common/JavaTypeInfoUtil
instanceKlass apex/jorje/semantic/symbol/resolver/Distance
instanceKlass apex/jorje/semantic/symbol/type/common/ExceptionTypeInfoUtil
instanceKlass apex/jorje/semantic/symbol/resolver/rules/TypeNameResolveUtil
instanceKlass apex/jorje/semantic/symbol/resolver/rules/TypeNameResolutionOrderUtil
instanceKlass apex/jorje/semantic/symbol/resolver/rules/TwoPartTypeNameResolveRules$TwoPartSystemLabel
instanceKlass apex/jorje/semantic/symbol/resolver/rules/TwoPartTypeNameResolveRules$TwoPartSystemNamespace
instanceKlass apex/jorje/semantic/symbol/resolver/rules/TwoPartTypeNameResolveRules$InnerClassInSystemNamespace
instanceKlass apex/jorje/semantic/symbol/resolver/rules/TwoPartTypeNameResolveRules$SystemNamedScalar
instanceKlass apex/jorje/semantic/symbol/resolver/rules/OnePartTypeNameResolveRules$BuiltInMethodNamespace
instanceKlass apex/jorje/semantic/symbol/resolver/rules/OnePartTypeNameResolveRules$LabelType
instanceKlass apex/jorje/semantic/symbol/resolver/rules/FourPartTypeNameResolveRules$DynamicClassTypeFour
instanceKlass apex/jorje/semantic/symbol/resolver/rules/FourPartTypeNameResolveRules$FlowInterviewTypeFour
instanceKlass apex/jorje/semantic/symbol/resolver/rules/FourPartTypeNameResolveRules$FourPartInnerTypeViaSubType
instanceKlass apex/jorje/semantic/symbol/resolver/rules/FourPartTypeNameResolveRules$GlobalModuleOuterInner
instanceKlass apex/jorje/semantic/symbol/resolver/rules/FourPartTypeNameResolveRule
instanceKlass apex/jorje/semantic/symbol/resolver/rules/ThreePartTypeNameResolveRules$GlobalModuleOuter
instanceKlass apex/jorje/semantic/symbol/resolver/rules/ThreePartTypeNameResolveRules$ThreePartInnerTypeViaSubType
instanceKlass apex/jorje/semantic/symbol/resolver/rules/ThreePartTypeNameResolveRules$NamespaceOuterInner
instanceKlass apex/jorje/semantic/symbol/resolver/rules/ThreePartTypeNameResolveRules$DynamicClassTypeThree
instanceKlass apex/jorje/semantic/symbol/resolver/rules/ThreePartTypeNameResolveRules$FlowInterviewTypeThree
instanceKlass apex/jorje/semantic/symbol/resolver/rules/ThreePartTypeNameResolveRules$VfComponentTypeThree
instanceKlass apex/jorje/semantic/symbol/resolver/rules/ThreePartTypeNameResolveRules$Pre150SystemSystemException
instanceKlass apex/jorje/semantic/symbol/resolver/rules/ThreePartTypeNameResolveRule
instanceKlass apex/jorje/semantic/symbol/resolver/rules/TwoPartTypeNameResolveRules$DynamicClassTypeTwo
instanceKlass apex/jorje/semantic/symbol/resolver/rules/TwoPartTypeNameResolveRules$PreCompilerReleaseInnerTypeOfAncestor
instanceKlass apex/jorje/semantic/symbol/resolver/rules/TwoPartTypeNameResolveRules$ApexPagesMappedTypes
instanceKlass apex/jorje/semantic/symbol/resolver/rules/TwoPartTypeNameResolveRules$TwoPartSystemExceptions
instanceKlass apex/jorje/semantic/symbol/resolver/rules/TwoPartTypeNameResolveRules$Pre154SystemSObject
instanceKlass apex/jorje/semantic/symbol/resolver/rules/TwoPartTypeNameResolveRules$SchemaSObject
instanceKlass apex/jorje/semantic/symbol/resolver/rules/TwoPartTypeNameResolveRules$BuiltInNamespace
instanceKlass apex/jorje/semantic/symbol/resolver/rules/TwoPartTypeNameResolveRules$NamespaceAndTopLevelType
instanceKlass apex/jorje/semantic/symbol/resolver/rules/TwoPartTypeNameResolveRules$TwoPartInnerTypeViaSubType
instanceKlass apex/jorje/semantic/symbol/resolver/rules/TwoPartTypeNameResolveRules$InnerTypeInSameNamespace
instanceKlass apex/jorje/semantic/symbol/resolver/rules/TwoPartTypeNameResolveRules$VfComponentTypeTwo
instanceKlass apex/jorje/semantic/symbol/resolver/rules/TwoPartTypeNameResolveRule
instanceKlass apex/jorje/semantic/symbol/resolver/rules/OnePartTypeNameResolveRules$FileBaseSchemaNamespace
instanceKlass apex/jorje/semantic/symbol/resolver/rules/OnePartTypeNameResolveRules$FileBaseSystemNamespace
instanceKlass apex/jorje/semantic/symbol/resolver/rules/OnePartTypeNameResolveRules$SObject
instanceKlass apex/jorje/semantic/symbol/resolver/rules/OnePartTypeNameResolveRules$BuiltInSystemSchema
instanceKlass apex/jorje/semantic/symbol/resolver/rules/OnePartTypeNameResolveRules$TopLevelTypeInSameNamespace
instanceKlass apex/jorje/semantic/symbol/resolver/rules/OnePartTypeNameResolveRules$InnerTypeOfEnclosingType
instanceKlass apex/jorje/semantic/symbol/resolver/rules/OnePartTypeNameResolveRules$ArgumentType
instanceKlass apex/jorje/semantic/symbol/resolver/rules/OnePartTypeNameResolveRules$InnerTypeOfParentType
instanceKlass apex/jorje/semantic/symbol/resolver/rules/OnePartTypeNameResolveRules$InnerTypeOfCurrentType
instanceKlass apex/jorje/semantic/symbol/resolver/rules/OnePartTypeNameResolveRules$NamedScalarOrVoid
instanceKlass apex/jorje/semantic/symbol/resolver/rules/OnePartTypeNameResolveRule
instanceKlass apex/jorje/semantic/symbol/resolver/rules/TypeNameResolveRule
instanceKlass apex/jorje/semantic/symbol/resolver/rules/TypeNameResolutionOrder
instanceKlass apex/jorje/semantic/symbol/resolver/rules/TypeNameResolutionOrders
instanceKlass apex/jorje/semantic/symbol/type/parent/ParentTypeResolver$1
instanceKlass apex/jorje/semantic/symbol/type/parent/ParentTypeResolver
instanceKlass apex/jorje/semantic/symbol/type/parent/ParentTableCalculator
instanceKlass java/text/FieldPosition$Delegate
instanceKlass java/text/Format$FieldDelegate
instanceKlass java/text/DigitList
instanceKlass apex/jorje/semantic/symbol/type/details/CodeUnitDetailsProvider$InvalidSourceCodeUnitDetails
instanceKlass apex/jorje/services/printers/soql/LimitPrinter$1
instanceKlass apex/jorje/data/soql/LimitClause
instanceKlass apex/jorje/parser/impl/BaseApexParser$TokenPair
instanceKlass apex/jorje/semantic/ast/statement/ForEachInitFactory$ForEachVariable
instanceKlass apex/jorje/semantic/ast/statement/ForEachInitFactory
instanceKlass apex/jorje/semantic/ast/AstNodes$1$1
instanceKlass apex/jorje/semantic/ast/member/PropertyInfo
instanceKlass apex/jorje/semantic/ast/member/AccessorFactory$DefaultSetter
instanceKlass apex/jorje/semantic/ast/member/AccessorFactory$DefaultGetter
instanceKlass java/util/Collections$2
instanceKlass apex/jorje/semantic/symbol/visibility/VisibilityUtil
instanceKlass apex/jorje/semantic/ast/member/AccessorModifierUtil
instanceKlass apex/jorje/semantic/ast/member/Property$1
instanceKlass apex/jorje/data/ast/ForControl
instanceKlass apex/jorje/data/ast/ForInit
instanceKlass apex/jorje/data/ast/PropertyDecl
instanceKlass apex/jorje/data/ast/PropertySetter
instanceKlass apex/jorje/data/ast/PropertyGetter
instanceKlass apex/jorje/data/ast/FinallyBlock
instanceKlass apex/jorje/semantic/ast/statement/DmlRunAsModeVariableUtil
instanceKlass apex/jorje/semantic/symbol/member/variable/VariableVisitor$Default
instanceKlass apex/jorje/semantic/ast/expression/NewKeyValueObjectExpression$NameValueParameter
instanceKlass apex/jorje/semantic/ast/AstNodes$2$1
instanceKlass apex/jorje/data/soql/ColonExpr
instanceKlass apex/jorje/data/ast/CatchBlock
instanceKlass apex/jorje/data/ast/NewObject
instanceKlass apex/jorje/data/ast/NameValueParameter
instanceKlass apex/jorje/data/ast/TypeRefs$JavaTypeRef
instanceKlass apex/jorje/semantic/ast/compilation/UserTriggerMembers$Builder
instanceKlass apex/jorje/semantic/ast/compilation/UserTriggerMembers
instanceKlass apex/jorje/semantic/ast/compilation/TriggerUsageCalculator
instanceKlass apex/jorje/semantic/common/Constants
instanceKlass apex/jorje/semantic/ast/expression/BindExpression
instanceKlass apex/jorje/services/printers/PrintContext$BindExpr
instanceKlass apex/jorje/services/printers/soql/OrderByExprPrinter$3
instanceKlass apex/jorje/services/printers/soql/QueryExprPrinter$1
instanceKlass apex/jorje/services/printers/soql/WhereExprPrinter$3
instanceKlass apex/jorje/services/printers/soql/SelectExprPrinter$1
instanceKlass apex/jorje/services/printers/soql/SelectPrinter$1
instanceKlass apex/jorje/services/printers/soql/QueryOptionPrinter$2
instanceKlass apex/jorje/services/printers/soql/QueryOptionPrinter$1
instanceKlass apex/jorje/data/soql/QueryOption$MatchBlock
instanceKlass apex/jorje/services/printers/soql/QueryOptionPrinter
instanceKlass apex/jorje/data/soql/UpdateStatsOption
instanceKlass apex/jorje/data/soql/UpdateStatsOption$MatchBlock
instanceKlass apex/jorje/services/printers/soql/UpdateStatsOptionsPrinter
instanceKlass apex/jorje/services/printers/soql/TrackingTypePrinter$1
instanceKlass apex/jorje/data/soql/TrackingType$MatchBlock
instanceKlass apex/jorje/services/printers/soql/TrackingTypePrinter
instanceKlass apex/jorje/services/printers/soql/BindExprPrinter
instanceKlass apex/jorje/services/printers/soql/BindPrinter
instanceKlass apex/jorje/data/soql/OffsetClause$MatchBlock
instanceKlass apex/jorje/services/printers/soql/OffsetPrinter
instanceKlass apex/jorje/data/soql/LimitClause$MatchBlock
instanceKlass apex/jorje/services/printers/soql/LimitPrinter
instanceKlass apex/jorje/services/printers/soql/OrderByExprPrinter$2
instanceKlass apex/jorje/services/printers/soql/OrderByExprPrinter$1
instanceKlass apex/jorje/data/soql/OrderByExpr$MatchBlock
instanceKlass apex/jorje/data/soql/OrderNull$MatchBlock
instanceKlass apex/jorje/data/soql/Order$MatchBlock
instanceKlass apex/jorje/services/printers/soql/OrderByExprPrinter
instanceKlass apex/jorje/services/printers/soql/OrderByPrinter
instanceKlass apex/jorje/services/printers/soql/GroupByPrinter$1
instanceKlass apex/jorje/services/printers/soql/HavingPrinter
instanceKlass apex/jorje/data/soql/GroupByType$MatchBlock
instanceKlass apex/jorje/services/printers/soql/GroupByPrinter
instanceKlass apex/jorje/services/printers/soql/WithIdentifierPrinter$2
instanceKlass apex/jorje/services/printers/soql/WithIdentifierPrinter$1
instanceKlass apex/jorje/data/soql/WithIdentifierClause$MatchBlock
instanceKlass apex/jorje/data/soql/WithKeyValue$MatchBlock
instanceKlass apex/jorje/services/printers/soql/WithIdentifierPrinter
instanceKlass apex/jorje/services/printers/soql/DataCategoryPrinter$1
instanceKlass apex/jorje/data/soql/DataCategoryOperator$MatchBlock
instanceKlass apex/jorje/services/printers/soql/DataCategoryPrinter
instanceKlass apex/jorje/data/soql/WithClause$MatchBlock
instanceKlass apex/jorje/services/printers/soql/WithPrinter
instanceKlass apex/jorje/services/printers/soql/WhereExprPrinter$1
instanceKlass apex/jorje/services/printers/soql/WhereExprPrinter$2
instanceKlass apex/jorje/services/printers/soql/FormulaFunctionExprPrinter
instanceKlass apex/jorje/services/printers/soql/QueryOpPrinter$1
instanceKlass apex/jorje/data/soql/QueryOp$MatchBlock
instanceKlass apex/jorje/services/printers/soql/QueryOpPrinter
instanceKlass apex/jorje/services/printers/soql/QueryLiteralPrinter$1
instanceKlass apex/jorje/data/soql/QueryLiteral$MatchBlock
instanceKlass apex/jorje/services/printers/soql/QueryLiteralPrinter
instanceKlass apex/jorje/data/soql/QueryExpr$MatchBlock
instanceKlass apex/jorje/services/printers/soql/QueryExprPrinter
instanceKlass apex/jorje/data/soql/WhereExpr$MatchBlock
instanceKlass apex/jorje/data/soql/WhereCalcOp$MatchBlock
instanceKlass apex/jorje/data/soql/WhereCompoundOp$MatchBlock
instanceKlass apex/jorje/services/printers/soql/WhereExprPrinter
instanceKlass apex/jorje/services/printers/soql/WherePrinter
instanceKlass apex/jorje/data/soql/UsingExpr$MatchBlock
instanceKlass apex/jorje/services/printers/soql/UsingExprPrinter
instanceKlass apex/jorje/services/printers/soql/QueryUsingPrinter
instanceKlass apex/jorje/services/printers/soql/FromExprPrinter
instanceKlass apex/jorje/services/printers/soql/FromClausePrinter
instanceKlass apex/jorje/services/printers/soql/ColonExprPrinter
instanceKlass apex/jorje/data/soql/NumberClause$MatchBlock
instanceKlass apex/jorje/services/printers/soql/NumberClausePrinter
instanceKlass apex/jorje/data/soql/Geolocation$MatchBlock
instanceKlass apex/jorje/services/printers/soql/DistanceFunctionExprPrinter
instanceKlass apex/jorje/services/printers/soql/FieldIdentifierPrinter
instanceKlass apex/jorje/services/printers/soql/FieldPrinter
instanceKlass apex/jorje/data/soql/SelectExpr$MatchBlock
instanceKlass apex/jorje/services/printers/soql/SelectExprPrinter
instanceKlass apex/jorje/data/soql/SelectClause$MatchBlock
instanceKlass apex/jorje/services/printers/soql/SelectPrinter
instanceKlass apex/jorje/services/printers/soql/QueryPrinter
instanceKlass apex/jorje/services/printers/PrintContexts$Standard
instanceKlass apex/jorje/data/soql/Query
instanceKlass apex/jorje/data/soql/OrderByClause
instanceKlass apex/jorje/data/soql/OrderByExpr
instanceKlass apex/jorje/data/soql/OrderNull
instanceKlass apex/jorje/data/soql/Order
instanceKlass apex/jorje/data/soql/WhereClause
instanceKlass apex/jorje/data/soql/WhereExpr
instanceKlass apex/jorje/data/soql/QueryExpr
instanceKlass apex/jorje/data/soql/QueryLiteral
instanceKlass apex/jorje/data/soql/QueryOp
instanceKlass apex/jorje/data/soql/WhereCalcOp
instanceKlass apex/jorje/data/soql/FromClause
instanceKlass apex/jorje/data/soql/FromExpr
instanceKlass apex/jorje/data/soql/SelectClause
instanceKlass apex/jorje/data/soql/SelectExpr
instanceKlass apex/jorje/data/soql/Field
instanceKlass apex/jorje/data/soql/FieldIdentifier
instanceKlass apex/jorje/semantic/ast/expression/TopLevelBlocks
instanceKlass org/objectweb/asm/Label
instanceKlass apex/jorje/data/ast/ElseBlock
instanceKlass apex/jorje/semantic/ast/expression/VariableExpression$Load
instanceKlass apex/jorje/semantic/ast/expression/MethodCallInterceptors$ToString
instanceKlass apex/jorje/semantic/ast/expression/MethodCallInterceptors$SystemLabelGetOrCheckTranslation
instanceKlass apex/jorje/semantic/ast/expression/MethodCallInterceptors$QueryTreeSaveRelationship
instanceKlass apex/jorje/semantic/ast/expression/MethodCallInterceptors$ModifyTreeSaveRelationship
instanceKlass apex/jorje/semantic/ast/expression/MethodCallInterceptors$IsUserGenericInterface
instanceKlass apex/jorje/semantic/ast/expression/MethodCallInterceptors$IsFuture
instanceKlass apex/jorje/semantic/ast/expression/MethodCallInterceptors$GetQueryLocatorWithAccess
instanceKlass apex/jorje/semantic/ast/expression/MethodCallInterceptors$GetQueryLocator
instanceKlass apex/jorje/semantic/ast/expression/MethodCallInterceptors$AddError
instanceKlass apex/jorje/semantic/ast/expression/MethodCallInterceptor
instanceKlass apex/jorje/semantic/common/I18nSupplier
instanceKlass apex/jorje/semantic/ast/AstNodes$2
instanceKlass apex/jorje/data/ast/IfBlock
instanceKlass apex/jorje/parser/impl/StringToken
instanceKlass apex/jorje/parser/impl/MatchBlocks
instanceKlass apex/jorje/parser/impl/SpecialMethodMatcher
instanceKlass apex/jorje/parser/impl/SpecialVariableMatcher
instanceKlass apex/jorje/data/ast/TypeRefs$ArrayTypeRef
instanceKlass apex/jorje/semantic/ast/Emit
instanceKlass apex/jorje/data/ast/BlockMember$SwitchBlockWithDefault
instanceKlass apex/jorje/data/ast/Modifier$MatchBlockWithDefault
instanceKlass apex/jorje/data/ast/Modifier$MatchBlock
instanceKlass apex/jorje/semantic/ast/compilation/UserInterfaceMembers
instanceKlass apex/jorje/data/ast/InterfaceDecl
instanceKlass apex/jorje/data/ast/ParameterRefs$EmptyModifierParameterRef
instanceKlass java/text/AttributedCharacterIterator$Attribute
instanceKlass java/text/FieldPosition
instanceKlass apex/jorje/services/printers/errors/UserErrorPrinter$1
instanceKlass apex/jorje/services/printers/PrintContexts$Empty
instanceKlass apex/jorje/services/printers/PrintContext
instanceKlass apex/jorje/services/printers/PrintContexts
instanceKlass apex/jorje/services/printers/errors/SyntaxErrorPrinter$1
instanceKlass apex/jorje/services/printers/errors/SyntaxErrorPrinter
instanceKlass apex/jorje/services/printers/errors/LexicalErrorPrinter$1
instanceKlass apex/jorje/services/printers/errors/LexicalErrorPrinter
instanceKlass apex/jorje/services/printers/errors/UserErrorPrinter
instanceKlass apex/jorje/services/printers/ast/WhenCasePrinter
instanceKlass apex/jorje/data/ast/WhenBlock$MatchBlock
instanceKlass apex/jorje/services/printers/ast/WhenBlockPrinter
instanceKlass apex/jorje/data/ast/NewObject$MatchBlock
instanceKlass apex/jorje/services/printers/ast/NewObjectPrinter
instanceKlass apex/jorje/services/printers/ast/ExprPrinter
instanceKlass apex/jorje/services/printers/ast/FinallyBlockPrinter
instanceKlass apex/jorje/services/printers/ast/CatchBlockPrinter
instanceKlass apex/jorje/services/printers/ast/ElseBlockPrinter
instanceKlass apex/jorje/services/printers/ast/IfBlockPrinter
instanceKlass apex/jorje/services/printers/ast/NameValueParameterPrinter
instanceKlass apex/jorje/services/printers/ast/ForControlPrinter
instanceKlass apex/jorje/services/printers/ast/CompilationUnitPrinter
instanceKlass apex/jorje/data/ast/BlockMember$MatchBlock
instanceKlass apex/jorje/services/printers/ast/BlockMemberPrinter
instanceKlass apex/jorje/services/printers/ast/EnumDeclPrinter
instanceKlass apex/jorje/services/printers/ast/InterfaceDeclPrinter
instanceKlass apex/jorje/services/printers/ast/ClassDeclPrinter
instanceKlass apex/jorje/services/printers/ast/VariableDeclsPrinter
instanceKlass apex/jorje/services/printers/ast/VariableDeclPrinter
instanceKlass apex/jorje/services/printers/ast/MethodDeclPrinter
instanceKlass apex/jorje/services/printers/ast/PropertyDeclPrinter
instanceKlass apex/jorje/services/printers/ast/PropertySetterPrinter
instanceKlass apex/jorje/services/printers/ast/PropertyGetterPrinter
instanceKlass apex/jorje/services/printers/ast/OptionalNestedStatementPrinter
instanceKlass apex/jorje/services/printers/ast/StmntPrinter
instanceKlass apex/jorje/services/printers/location/LocPrinter
instanceKlass apex/jorje/services/printers/ast/TypeRefPrinter
instanceKlass apex/jorje/services/printers/ast/ModifierPrinter
instanceKlass apex/jorje/services/printers/ast/ParameterRefPrinter
instanceKlass apex/jorje/services/printers/ast/OptionalPrinter
instanceKlass apex/jorje/services/printers/ListPrinter
instanceKlass apex/jorje/services/printers/ast/IdentifierPrinter
instanceKlass apex/jorje/services/printers/Printer
instanceKlass apex/jorje/services/printers/StandardPrinterFactory
instanceKlass apex/jorje/services/printers/PrinterFactory
instanceKlass apex/jorje/services/printers/PrinterUtil
instanceKlass apex/jorje/data/errors/UserError
instanceKlass apex/jorje/data/errors/SyntaxError
instanceKlass org/antlr/runtime/tree/TreeNodeStream
instanceKlass apex/jorje/data/ast/EnumDecl
instanceKlass apex/jorje/semantic/symbol/type/reference/TypeReferences$ResolvableTypeRef
instanceKlass apex/jorje/parser/impl/HiddenTokens$BlockComment
instanceKlass apex/jorje/semantic/ast/compilation/AdditionalInfo$Builder
instanceKlass apex/jorje/semantic/ast/compilation/AdditionalInfo
instanceKlass apex/jorje/semantic/ast/member/bridge/InterfaceErasedBridge
instanceKlass apex/jorje/semantic/ast/member/bridge/InterfaceBridge
instanceKlass apex/jorje/semantic/ast/member/bridge/InheritanceBridge
instanceKlass apex/jorje/semantic/ast/member/bridge/EqualsBridge
instanceKlass apex/jorje/semantic/ast/member/bridge/HashCodeBridge
instanceKlass apex/jorje/semantic/ast/member/bridge/Bridge
instanceKlass apex/jorje/data/ast/ParameterRef
instanceKlass apex/jorje/data/ast/ParameterRefs
instanceKlass apex/jorje/semantic/symbol/member/variable/LocalVariableScope
instanceKlass apex/jorje/data/ast/Stmnt$MatchBlockWithDefault
instanceKlass apex/jorje/semantic/ast/statement/BlockStatement$Builder
instanceKlass apex/jorje/semantic/ast/statement/BlockStatement$UnreachableStatementChecker
instanceKlass apex/jorje/data/ast/ForControl$MatchBlock
instanceKlass apex/jorje/semantic/ast/AstNodes$1
instanceKlass apex/jorje/semantic/ast/member/MethodFactory
instanceKlass apex/jorje/semantic/ast/member/FieldFactory$1
instanceKlass apex/jorje/semantic/ast/member/FieldFactory
instanceKlass apex/jorje/semantic/symbol/member/variable/ConstantValue
instanceKlass apex/jorje/semantic/ast/expression/LazyLabel
instanceKlass apex/jorje/semantic/ast/expression/ExpressionUtil
instanceKlass apex/jorje/semantic/symbol/member/variable/VariableVisitor
instanceKlass apex/jorje/semantic/ast/expression/VariableExpression$Store
instanceKlass apex/jorje/semantic/ast/expression/VariableExpression$Type
instanceKlass apex/jorje/data/ast/Expr$MatchBlockWithDefault
instanceKlass apex/jorje/semantic/ast/compilation/UserClassMembers$Builder
instanceKlass apex/jorje/data/ast/BlockMember$SwitchBlock
instanceKlass apex/jorje/semantic/ast/compilation/UserClassMembers
instanceKlass apex/jorje/data/LocationBlocks$9
instanceKlass apex/jorje/data/LocationBlocks$8
instanceKlass apex/jorje/data/LocationBlocks$7
instanceKlass apex/jorje/data/LocationBlocks$6
instanceKlass apex/jorje/data/LocationBlocks$5
instanceKlass apex/jorje/data/LocationBlocks$4
instanceKlass apex/jorje/data/LocationBlocks$3
instanceKlass apex/jorje/data/LocationBlocks$2
instanceKlass apex/jorje/data/LocationBlocks$1
instanceKlass apex/jorje/data/ast/WhenCase$MatchBlock
instanceKlass apex/jorje/data/errors/UserError$MatchBlock
instanceKlass apex/jorje/data/errors/SyntaxError$MatchBlock
instanceKlass apex/jorje/data/errors/LexicalError$MatchBlock
instanceKlass apex/jorje/data/LocationBlocks
instanceKlass apex/jorje/data/ast/CompilationUnit$MatchBlockWithDefault
instanceKlass apex/jorje/semantic/symbol/type/details/NameMatcher
instanceKlass apex/jorje/semantic/symbol/type/details/CodeUnitDetailsProvider$SourceCodeUnitDetails
instanceKlass apex/jorje/semantic/ast/modifier/ModifierGroupBuilder$1
instanceKlass apex/jorje/semantic/symbol/type/ModifiersMatchBlock
instanceKlass apex/jorje/semantic/symbol/member/variable/MultipleFieldTable
instanceKlass apex/jorje/semantic/symbol/type/AbstractTypeInfo$1
instanceKlass apex/jorje/semantic/ast/compilation/ArgumentTypeCalculator
instanceKlass org/objectweb/asm/ClassVisitor
instanceKlass apex/jorje/semantic/ast/AstNodes$3
instanceKlass apex/jorje/semantic/compiler/parser/ParserOutput
instanceKlass apex/jorje/data/ast/MethodDecl
instanceKlass apex/jorje/data/ast/Stmnt
instanceKlass apex/jorje/data/ast/BlockMember
instanceKlass apex/jorje/data/ast/VariableDecls
instanceKlass apex/jorje/data/Identifiers$LocationIdentifier
instanceKlass apex/jorje/data/ast/ClassDecl
instanceKlass apex/jorje/data/ast/CompilationUnit
instanceKlass apex/jorje/parser/impl/HiddenTokens$InlineComment
instanceKlass apex/jorje/parser/impl/HiddenTokens
instanceKlass apex/jorje/parser/impl/HiddenTokens$HiddenTokenFactory
instanceKlass apex/jorje/data/IndexLocation
instanceKlass org/antlr/runtime/CommonToken
instanceKlass org/antlr/runtime/CharStreamState
instanceKlass apex/jorje/parser/impl/ToLowerCaseFast
instanceKlass apex/jorje/parser/impl/ToLowerCaseProvider
instanceKlass apex/jorje/data/ast/Expr
instanceKlass org/antlr/runtime/BufferedTokenStream
instanceKlass apex/jorje/parser/impl/HiddenTokenDecorator
instanceKlass java/lang/StringUTF16$CharsSpliterator
instanceKlass java/util/stream/Sink$ChainedInt
instanceKlass java/util/OptionalInt
instanceKlass java/util/stream/Sink$OfInt
instanceKlass java/util/function/IntPredicate
instanceKlass java/lang/StringLatin1$CharsSpliterator
instanceKlass sun/util/locale/provider/LocaleResources
instanceKlass java/text/DecimalFormatSymbols
instanceKlass sun/util/resources/Bundles$2
instanceKlass sun/util/resources/Bundles$CacheKeyReference
instanceKlass sun/util/resources/LocaleData$LocaleDataResourceBundleProvider
instanceKlass java/util/spi/ResourceBundleProvider
instanceKlass sun/util/resources/Bundles$CacheKey
instanceKlass sun/util/resources/LocaleData$LocaleDataStrategy
instanceKlass sun/util/resources/Bundles$Strategy
instanceKlass sun/util/resources/LocaleData$1
instanceKlass sun/util/resources/LocaleData
instanceKlass java/util/Locale$Builder
instanceKlass sun/util/locale/provider/CalendarDataUtility
instanceKlass sun/util/locale/provider/AvailableLanguageTags
instanceKlass sun/util/resources/cldr/provider/CLDRLocaleDataMetaInfo
instanceKlass sun/util/locale/InternalLocaleBuilder$CaseInsensitiveChar
instanceKlass sun/util/locale/InternalLocaleBuilder
instanceKlass sun/util/locale/StringTokenIterator
instanceKlass sun/util/locale/ParseStatus
instanceKlass sun/util/locale/LanguageTag
instanceKlass sun/util/cldr/CLDRBaseLocaleDataMetaInfo
instanceKlass sun/util/locale/provider/LocaleDataMetaInfo
instanceKlass sun/util/locale/provider/ResourceBundleBasedAdapter
instanceKlass sun/util/locale/provider/LocaleProviderAdapter$1
instanceKlass sun/util/locale/provider/LocaleProviderAdapter
instanceKlass java/util/spi/LocaleServiceProvider
instanceKlass java/text/DateFormatSymbols
instanceKlass java/time/LocalDate$1
instanceKlass java/util/Formatter$DateTime
instanceKlass java/util/ResourceBundle$ResourceBundleProviderHelper
instanceKlass java/util/ResourceBundle$3
instanceKlass java/util/logging/Level$RbAccess
instanceKlass java/lang/StackStreamFactory$FrameBuffer
instanceKlass java/lang/StackStreamFactory$1
instanceKlass java/lang/StackStreamFactory
instanceKlass java/util/logging/LogRecord$CallerFinder
instanceKlass java/util/logging/LogManager$CloseOnReset
instanceKlass java/util/logging/StreamHandler$1
instanceKlass java/util/logging/Handler$1
instanceKlass java/util/logging/ErrorManager
instanceKlass jdk/internal/logger/SimpleConsoleLogger$Formatting
instanceKlass java/util/logging/Formatter
instanceKlass java/util/logging/LogRecord
instanceKlass org/antlr/runtime/BitSet
instanceKlass org/antlr/runtime/RecognizerSharedState
instanceKlass org/antlr/runtime/DFA
instanceKlass org/antlr/runtime/Token
instanceKlass org/antlr/runtime/BaseRecognizer
instanceKlass apex/jorje/parser/impl/ErrorLogger
instanceKlass org/antlr/runtime/ANTLRStringStream
instanceKlass apex/jorje/semantic/compiler/parser/ParserEngine$SourceVersion
instanceKlass apex/jorje/semantic/symbol/resolver/FieldContext
instanceKlass apex/jorje/semantic/symbol/resolver/StaticContext
instanceKlass apex/jorje/semantic/symbol/member/variable/StandardLocalVariableTable
instanceKlass apex/jorje/semantic/symbol/member/variable/LocalVariableTable
instanceKlass apex/jorje/semantic/compiler/CompilerContext$LocalContext
instanceKlass apex/jorje/semantic/exception/Errors
instanceKlass java/util/EnumMap$EntryIterator$Entry
instanceKlass java/util/EnumMap$EnumMapIterator
instanceKlass apex/jorje/semantic/compiler/CompilerOperations$EmitOperation
instanceKlass apex/jorje/semantic/compiler/CompilerOperations$ReferencesOperation
instanceKlass apex/jorje/semantic/compiler/CompilerOperations$AdditionalValidateOperation
instanceKlass apex/jorje/semantic/compiler/CompilerOperations$ValidateOperation
instanceKlass apex/jorje/semantic/compiler/CompilerOperations$PostTypeResolveOperation
instanceKlass apex/jorje/semantic/compiler/CompilerOperations$MemberResolveOperation
instanceKlass apex/jorje/semantic/compiler/CompilerOperations$ParentOperation
instanceKlass apex/jorje/semantic/compiler/CompilerOperations$SymbolsOperation
instanceKlass apex/jorje/semantic/compiler/CompilerOperations$ParseOperation
instanceKlass apex/jorje/semantic/compiler/CompilerOperation
instanceKlass apex/jorje/semantic/compiler/CompilerStageProcessor
instanceKlass apex/jorje/semantic/ast/context/ProxyMethodTable
instanceKlass apex/jorje/semantic/ast/context/AnnotationVisitor$VisitorContext
instanceKlass apex/jorje/semantic/ast/context/AnnotationVisitor
instanceKlass apex/jorje/semantic/ast/context/MethodStack
instanceKlass apex/jorje/semantic/ast/context/TypeStack
instanceKlass apex/jorje/semantic/ast/context/LoopStack
instanceKlass apex/jorje/semantic/ast/context/TryCatchFinallyStack
instanceKlass org/objectweb/asm/Handle
instanceKlass apex/jorje/semantic/bcl/AsmMethod$Builder
instanceKlass apex/jorje/semantic/bcl/AsmMethod
instanceKlass apex/jorje/semantic/bcl/TriggerEmitMethods
instanceKlass apex/jorje/semantic/symbol/member/variable/TriggerVariable
instanceKlass apex/jorje/semantic/symbol/type/TypeInfoEquivalence$1
instanceKlass apex/jorje/semantic/symbol/type/TypeInfoType$1
instanceKlass apex/jorje/semantic/symbol/type/ReifiedTypeInfos
instanceKlass apex/jorje/semantic/symbol/member/variable/TriggerVariableMap
instanceKlass apex/jorje/semantic/symbol/resolver/StandardSymbolResolver$LookupOnResolver
instanceKlass apex/jorje/semantic/symbol/resolver/StandardSymbolResolver
instanceKlass apex/jorje/semantic/compiler/CompilerContext
instanceKlass apex/jorje/semantic/ast/modifier/rule/RemoteActionContextRule
instanceKlass apex/jorje/semantic/ast/modifier/rule/WebServiceContextRule
instanceKlass apex/jorje/semantic/compiler/parser/ParserEngine$3
instanceKlass apex/jorje/semantic/compiler/parser/NamedParser
instanceKlass apex/jorje/semantic/compiler/parser/AnonymousParser
instanceKlass org/antlr/runtime/TokenStream
instanceKlass apex/jorje/parser/impl/TokenSourceDecorator
instanceKlass org/antlr/runtime/TokenSource
instanceKlass org/antlr/runtime/CharStream
instanceKlass org/antlr/runtime/IntStream
instanceKlass apex/jorje/semantic/compiler/parser/ParserWorker
instanceKlass apex/jorje/semantic/compiler/parser/ParserEngine
instanceKlass apex/jorje/semantic/compiler/ApexCompiler$Builder
instanceKlass apex/jorje/semantic/compiler/ValidationSettings$Builder
instanceKlass apex/jorje/semantic/compiler/ValidationSettings
instanceKlass apex/jorje/semantic/compiler/sfdc/NoopCompilerProgressCallback
instanceKlass apex/jorje/semantic/compiler/sfdc/CompilerProgressCallback
instanceKlass apex/jorje/semantic/compiler/CompilationInput
instanceKlass jdk/internal/misc/ScopedMemoryAccess$Scope$Handle
instanceKlass org/slf4j/helpers/FormattingTuple
instanceKlass org/slf4j/helpers/NormalizedParameters
instanceKlass org/slf4j/helpers/MessageFormatter
instanceKlass apex/jorje/lsp/impl/index/ApexIndexer$1
instanceKlass apex/jorje/lsp/impl/utils/Predicates
instanceKlass java/util/stream/StreamSpliterators
instanceKlass java/util/stream/StreamSpliterators$AbstractWrappingSpliterator
instanceKlass java/util/HashMap$HashMapSpliterator
instanceKlass apex/jorje/lsp/impl/utils/SfdxProjects$StandardProjectFileVisitor
instanceKlass com/google/gson/internal/ConstructorConstructor$13
instanceKlass apex/jorje/lsp/impl/index/SfdxProjectPOJO$PackageDirectoriesPOJO
instanceKlass com/google/gson/internal/ConstructorConstructor$11
instanceKlass com/google/gson/internal/$Gson$Types$GenericArrayTypeImpl
instanceKlass com/google/gson/internal/ConstructorConstructor$3
instanceKlass com/google/common/util/concurrent/AbstractScheduledService$ServiceDelegate$2
instanceKlass com/google/common/util/concurrent/WrappingExecutorService
instanceKlass com/google/common/util/concurrent/AbstractScheduledService$ServiceDelegate$1
instanceKlass java/util/concurrent/RunnableScheduledFuture
instanceKlass java/util/concurrent/ScheduledFuture
instanceKlass java/util/concurrent/Delayed
instanceKlass sun/nio/fs/WindowsDirectoryStream$WindowsDirectoryIterator
instanceKlass sun/nio/fs/WindowsDirectoryStream
instanceKlass java/util/concurrent/Executors$DelegatedExecutorService
instanceKlass java/nio/file/FileTreeIterator
instanceKlass com/google/common/util/concurrent/AbstractScheduledService$1ThreadFactoryImpl
instanceKlass java/util/concurrent/ForkJoinPool$DefaultCommonPoolForkJoinWorkerThreadFactory$1
instanceKlass jdk/internal/util/random/RandomSupport
instanceKlass java/util/Random
instanceKlass java/util/random/RandomGenerator
instanceKlass java/util/concurrent/ForkJoinTask$Aux
instanceKlass java/util/concurrent/ForkJoinTask
instanceKlass java/util/concurrent/CompletableFuture$AsynchronousCompletionTask
instanceKlass java/util/concurrent/CompletableFuture$AltResult
instanceKlass org/eclipse/jdt/internal/core/nd/db/Database$IORunnable
instanceKlass apex/jorje/lsp/impl/utils/OptionalIString
instanceKlass org/eclipse/jdt/internal/core/nd/field/FieldOneToMany$1
instanceKlass org/eclipse/jdt/internal/core/nd/RawGrowableArray$GrowableBlockHeader
instanceKlass java/util/Formattable
instanceKlass java/util/Formatter$FixedString
instanceKlass java/util/Formatter$Flags
instanceKlass java/util/Formatter$FormatSpecifier
instanceKlass java/util/Formatter$FormatString
instanceKlass java/util/Formatter$Conversion
instanceKlass java/util/Formatter
instanceKlass com/google/common/io/Files$2
instanceKlass com/google/common/io/ByteSink
instanceKlass com/google/common/io/LineProcessor
instanceKlass com/google/common/io/ByteSource
instanceKlass com/google/common/graph/SuccessorsFunction
instanceKlass com/google/common/io/Files
instanceKlass org/eclipse/jdt/internal/core/nd/NullProgressMonitor
instanceKlass jdk/internal/access/foreign/MemorySegmentProxy
instanceKlass apex/jorje/semantic/compiler/SourceFile$Builder
instanceKlass java/nio/channels/Channels
instanceKlass jdk/nio/zipfs/ByteArrayChannel
instanceKlass apex/jorje/lsp/impl/completions/Namespaces
instanceKlass sun/nio/fs/BasicFileAttributesHolder
instanceKlass java/nio/file/Files$3
instanceKlass java/nio/file/FileTreeWalker$Event
instanceKlass jdk/nio/zipfs/ZipDirectoryStream$1
instanceKlass java/nio/file/FileTreeWalker$DirectoryNode
instanceKlass jdk/nio/zipfs/ZipDirectoryStream
instanceKlass java/nio/file/Files$AcceptAllFilter
instanceKlass jdk/nio/zipfs/ZipUtils
instanceKlass java/util/RegularEnumSet$EnumSetIterator
instanceKlass java/nio/file/FileTreeWalker
instanceKlass jdk/nio/zipfs/ZipFileSystem$END
instanceKlass jdk/nio/zipfs/ZipConstants
instanceKlass sun/nio/fs/WindowsChannelFactory$2
instanceKlass sun/nio/fs/WindowsSecurityDescriptor
instanceKlass java/nio/file/attribute/PosixFileAttributeView
instanceKlass jdk/nio/zipfs/ZipFileAttributeView
instanceKlass jdk/nio/zipfs/ZipPath
instanceKlass jdk/nio/zipfs/ZipCoder
instanceKlass sun/nio/fs/WindowsSecurity
instanceKlass sun/nio/fs/AbstractAclFileAttributeView
instanceKlass java/nio/file/attribute/AclFileAttributeView
instanceKlass java/nio/file/attribute/FileOwnerAttributeView
instanceKlass sun/nio/ch/FileChannelImpl$Closer
instanceKlass sun/nio/fs/WindowsChannelFactory$Flags
instanceKlass sun/nio/fs/WindowsChannelFactory$1
instanceKlass sun/nio/fs/WindowsChannelFactory
instanceKlass sun/nio/fs/WindowsFileSystemProvider$1
instanceKlass java/util/concurrent/locks/ReentrantReadWriteLock$WriteLock
instanceKlass java/util/concurrent/locks/ReentrantReadWriteLock$ReadLock
instanceKlass java/util/concurrent/locks/ReentrantReadWriteLock
instanceKlass java/nio/file/attribute/PosixFilePermissions
instanceKlass java/nio/file/attribute/PosixFileAttributes
instanceKlass jdk/nio/zipfs/ZipFileAttributes
instanceKlass jdk/nio/zipfs/ZipFileSystem$IndexNode
instanceKlass java/util/concurrent/locks/ReadWriteLock
instanceKlass sun/nio/fs/WindowsLinkSupport
instanceKlass sun/nio/fs/WindowsUriSupport
instanceKlass java/util/AbstractMap$SimpleEntry
instanceKlass jdk/internal/jimage/ImageBufferCache$2
instanceKlass jdk/internal/jimage/ImageBufferCache
instanceKlass java/nio/channels/AsynchronousFileChannel
instanceKlass java/nio/channels/AsynchronousChannel
instanceKlass java/nio/file/FileStore
instanceKlass java/nio/file/DirectoryStream
instanceKlass java/nio/file/DirectoryStream$Filter
instanceKlass java/nio/file/spi/FileSystemProvider$1
instanceKlass java/nio/file/SimpleFileVisitor
instanceKlass apex/jorje/lsp/impl/services/ApexPreludeManagedService$SourceFilesCollector
instanceKlass apex/jorje/lsp/impl/utils/TypeInfoCache
instanceKlass org/eclipse/jdt/internal/core/nd/db/ShortString
instanceKlass org/eclipse/jdt/internal/core/nd/db/BTree$IBTreeVisitor2
instanceKlass org/eclipse/jdt/internal/core/nd/field/FieldSearchIndex$SearchCriteriaToBtreeVisitorAdapter
instanceKlass org/eclipse/jdt/internal/core/nd/field/FieldSearchIndex$SearchCriteria
instanceKlass apex/jorje/lsp/impl/completions/BuiltInTypes
instanceKlass sun/nio/ch/IOStatus
instanceKlass java/nio/DirectByteBuffer$Deallocator
instanceKlass sun/nio/ch/Util$BufferCache
instanceKlass sun/nio/ch/Util
instanceKlass sun/nio/ch/NativeThread
instanceKlass java/nio/channels/spi/AbstractInterruptibleChannel$1
instanceKlass sun/nio/ch/Interruptible
instanceKlass sun/nio/ch/NativeDispatcher
instanceKlass sun/nio/ch/NativeThreadSet
instanceKlass sun/nio/ch/IOUtil
instanceKlass java/nio/file/attribute/FileAttribute
instanceKlass java/nio/channels/spi/AbstractInterruptibleChannel
instanceKlass java/nio/channels/InterruptibleChannel
instanceKlass java/nio/channels/ScatteringByteChannel
instanceKlass java/nio/channels/GatheringByteChannel
instanceKlass java/nio/channels/SeekableByteChannel
instanceKlass java/nio/channels/ByteChannel
instanceKlass java/nio/channels/ReadableByteChannel
instanceKlass org/eclipse/jdt/internal/core/nd/Nd$1
instanceKlass java/lang/Short$ShortCache
instanceKlass org/eclipse/jdt/internal/core/nd/NdNodeTypeRegistry
instanceKlass org/eclipse/jdt/internal/core/nd/db/Chunk
instanceKlass org/eclipse/jdt/internal/core/nd/db/ChunkCache
instanceKlass org/eclipse/jdt/internal/core/nd/db/MemoryStats$PoolStats
instanceKlass org/eclipse/jdt/internal/core/nd/db/MemoryStats
instanceKlass org/eclipse/jdt/internal/core/nd/db/LargeBlock
instanceKlass java/nio/channels/WritableByteChannel
instanceKlass java/nio/channels/Channel
instanceKlass org/eclipse/jdt/internal/core/nd/db/Database
instanceKlass apex/jorje/lsp/Configuration
instanceKlass apex/jorje/lsp/api/db/interfaces/ISObjectField
instanceKlass apex/jorje/lsp/impl/db/nddb/NdDb
instanceKlass org/eclipse/jdt/internal/core/nd/AbstractTypeFactory
instanceKlass org/eclipse/jdt/internal/core/nd/db/BTree
instanceKlass org/eclipse/jdt/internal/core/nd/field/FieldSearchIndex$2
instanceKlass org/eclipse/jdt/internal/core/nd/field/FieldSearchIndex$1
instanceKlass org/eclipse/jdt/internal/core/nd/db/IBTreeVisitor
instanceKlass org/eclipse/jdt/internal/core/nd/db/IBTreeComparator
instanceKlass org/eclipse/jdt/internal/core/nd/field/FieldSearchIndex
instanceKlass org/eclipse/jdt/internal/core/nd/field/FieldLong
instanceKlass apex/jorje/lsp/api/db/interfaces/IApexClassInterfaceJunction
instanceKlass org/eclipse/jdt/internal/core/nd/field/FieldString
instanceKlass org/eclipse/jdt/internal/core/nd/field/FieldByte
instanceKlass org/eclipse/jdt/internal/core/nd/db/IString
instanceKlass org/eclipse/jdt/internal/core/nd/field/FieldSearchKey
instanceKlass org/eclipse/jdt/internal/core/nd/RawGrowableArray
instanceKlass org/eclipse/jdt/internal/core/nd/field/FieldOneToMany$Visitor
instanceKlass org/eclipse/jdt/internal/core/nd/field/FieldOneToMany
instanceKlass org/eclipse/jdt/internal/core/nd/field/FieldInt
instanceKlass org/eclipse/jdt/internal/core/nd/field/FieldPointer
instanceKlass org/eclipse/jdt/internal/core/nd/field/FieldManyToOne
instanceKlass org/eclipse/jdt/internal/core/nd/field/IRefCountedField
instanceKlass org/eclipse/jdt/internal/core/nd/field/FieldShort
instanceKlass org/eclipse/jdt/internal/core/nd/NdNode
instanceKlass apex/jorje/lsp/api/db/interfaces/IApexTreeNode
instanceKlass org/eclipse/jdt/internal/core/nd/field/StructDef$1
instanceKlass org/eclipse/jdt/internal/core/nd/IDestructable
instanceKlass org/eclipse/jdt/internal/core/nd/field/IDestructableField
instanceKlass org/eclipse/jdt/internal/core/nd/field/IField
instanceKlass org/eclipse/jdt/internal/core/nd/ITypeFactory
instanceKlass org/eclipse/jdt/internal/core/nd/field/StructDef
instanceKlass apex/jorje/lsp/impl/db/nddb/NdApexIndex$BestResourceFile
instanceKlass org/eclipse/jdt/internal/core/nd/IReader
instanceKlass org/eclipse/jdt/internal/core/nd/Nd
instanceKlass org/eclipse/jdt/internal/core/nd/IProgressMonitor
instanceKlass org/eclipse/jdt/internal/core/nd/field/FieldSearchIndex$IResultRank
instanceKlass apex/jorje/lsp/impl/db/nddb/NdApexIndex
instanceKlass ch/qos/logback/core/pattern/SpacePadder
instanceKlass java/time/format/DateTimeFormatterBuilder$2
instanceKlass java/time/LocalTime$1
instanceKlass java/time/ZonedDateTime$1
instanceKlass java/time/temporal/TemporalQueries$7
instanceKlass java/time/temporal/TemporalQueries$6
instanceKlass java/time/temporal/TemporalQueries$5
instanceKlass java/time/temporal/TemporalQueries$4
instanceKlass java/time/temporal/TemporalQueries$3
instanceKlass java/time/temporal/TemporalQueries$2
instanceKlass java/time/temporal/TemporalQueries$1
instanceKlass java/time/temporal/TemporalQueries
instanceKlass java/time/format/DateTimePrintContext
instanceKlass ch/qos/logback/classic/spi/EventArgUtil
instanceKlass java/time/Clock
instanceKlass java/time/InstantSource
instanceKlass ch/qos/logback/classic/spi/IThrowableProxy
instanceKlass ch/qos/logback/classic/spi/LoggingEvent
instanceKlass java/util/concurrent/ForkJoinPool$WorkQueue
instanceKlass java/util/concurrent/ForkJoinPool$DefaultCommonPoolForkJoinWorkerThreadFactory
instanceKlass java/util/concurrent/ForkJoinPool$1
instanceKlass java/util/concurrent/ForkJoinPool$DefaultForkJoinWorkerThreadFactory
instanceKlass java/util/concurrent/ForkJoinPool$ForkJoinWorkerThreadFactory
instanceKlass java/util/concurrent/locks/AbstractQueuedSynchronizer$Node
instanceKlass com/google/common/util/concurrent/Callables$4
instanceKlass com/google/common/util/concurrent/AsyncCallable
instanceKlass com/google/common/util/concurrent/Callables
instanceKlass com/google/common/util/concurrent/AbstractIdleService$DelegateService$1
instanceKlass com/google/common/util/concurrent/MoreExecutors$2
instanceKlass com/google/common/util/concurrent/AbstractIdleService$1
instanceKlass com/google/common/util/concurrent/ListenerCallQueue$PerListenerQueue
instanceKlass com/google/common/util/concurrent/ListeningScheduledExecutorService
instanceKlass com/google/common/util/concurrent/ListeningExecutorService
instanceKlass com/google/common/util/concurrent/MoreExecutors
instanceKlass com/google/common/collect/MultimapBuilder$LinkedHashSetSupplier
instanceKlass com/google/common/collect/MultimapBuilder$MultimapBuilderWithKeys
instanceKlass com/google/common/collect/MultimapBuilder
instanceKlass com/google/common/util/concurrent/ServiceManager$ServiceManagerState
instanceKlass com/google/common/util/concurrent/ServiceManager$2
instanceKlass com/google/common/util/concurrent/ServiceManager$1
instanceKlass com/google/common/util/concurrent/AbstractIdleService$ThreadNameSupplier
instanceKlass apex/jorje/lsp/impl/symbols/ApexStandardTypeInfos
instanceKlass com/google/gson/internal/bind/ObjectTypeAdapter$2
instanceKlass com/google/gson/internal/LinkedTreeMap$LinkedTreeMapIterator
instanceKlass com/google/gson/internal/ConstructorConstructor$18
instanceKlass java/util/concurrent/ConcurrentNavigableMap
instanceKlass com/google/gson/internal/LinkedTreeMap$Node
instanceKlass com/google/gson/internal/LinkedTreeMap$1
instanceKlass com/google/gson/internal/bind/TypeAdapters$35
instanceKlass org/eclipse/lsp4j/util/Preconditions
instanceKlass org/eclipse/lsp4j/jsonrpc/json/adapters/JsonElementTypeAdapter$Factory
instanceKlass org/eclipse/lsp4j/StaleRequestCapabilities
instanceKlass org/eclipse/lsp4j/MarkdownCapabilities
instanceKlass org/eclipse/lsp4j/RegularExpressionsCapabilities
instanceKlass org/eclipse/lsp4j/WindowShowMessageRequestActionItemCapabilities
instanceKlass org/eclipse/lsp4j/ShowDocumentCapabilities
instanceKlass org/eclipse/lsp4j/WindowShowMessageRequestCapabilities
instanceKlass org/eclipse/lsp4j/InlayHintResolveSupportCapabilities
instanceKlass org/eclipse/lsp4j/SemanticTokensClientCapabilitiesRequestsFull
instanceKlass org/eclipse/lsp4j/SemanticTokensClientCapabilitiesRequests
instanceKlass org/eclipse/lsp4j/FoldingRangeSupportCapabilities
instanceKlass org/eclipse/lsp4j/FoldingRangeKindSupportCapabilities
instanceKlass org/eclipse/lsp4j/jsonrpc/json/adapters/EitherTypeAdapter$EitherTypeArgument
instanceKlass org/eclipse/lsp4j/DiagnosticsTagSupport
instanceKlass org/eclipse/lsp4j/CodeActionKindCapabilities
instanceKlass org/eclipse/lsp4j/CodeActionResolveSupportCapabilities
instanceKlass org/eclipse/lsp4j/CodeActionLiteralSupportCapabilities
instanceKlass org/eclipse/lsp4j/ParameterInformationCapabilities
instanceKlass org/eclipse/lsp4j/SignatureInformationCapabilities
instanceKlass org/eclipse/lsp4j/CompletionItemInsertTextModeSupportCapabilities
instanceKlass org/eclipse/lsp4j/CompletionItemResolveSupportCapabilities
instanceKlass org/eclipse/lsp4j/CompletionItemTagSupportCapabilities
instanceKlass org/eclipse/lsp4j/CompletionListCapabilities
instanceKlass org/eclipse/lsp4j/CompletionItemCapabilities
instanceKlass org/eclipse/lsp4j/CompletionItemKindCapabilities
instanceKlass org/eclipse/lsp4j/PublishDiagnosticsCapabilities
instanceKlass org/eclipse/lsp4j/WorkspaceSymbolResolveSupportCapabilities
instanceKlass org/eclipse/lsp4j/SymbolTagSupportCapabilities
instanceKlass org/eclipse/lsp4j/SymbolKindCapabilities
instanceKlass org/eclipse/lsp4j/jsonrpc/json/adapters/TypeUtils$ParameterizedTypeImpl
instanceKlass org/eclipse/lsp4j/WorkspaceEditChangeAnnotationSupportCapabilities
instanceKlass org/eclipse/lsp4j/DiagnosticWorkspaceCapabilities
instanceKlass org/eclipse/lsp4j/InlineValueWorkspaceCapabilities
instanceKlass org/eclipse/lsp4j/InlayHintWorkspaceCapabilities
instanceKlass org/eclipse/lsp4j/CodeLensWorkspaceCapabilities
instanceKlass org/eclipse/lsp4j/SemanticTokensWorkspaceCapabilities
instanceKlass org/eclipse/lsp4j/DynamicRegistrationCapabilities
instanceKlass org/eclipse/lsp4j/WorkspaceEditCapabilities
instanceKlass org/eclipse/lsp4j/GeneralClientCapabilities
instanceKlass org/eclipse/lsp4j/NotebookDocumentClientCapabilities
instanceKlass org/eclipse/lsp4j/WindowClientCapabilities
instanceKlass org/eclipse/lsp4j/TextDocumentClientCapabilities
instanceKlass org/eclipse/lsp4j/WorkspaceClientCapabilities
instanceKlass org/eclipse/lsp4j/ClientCapabilities
instanceKlass com/google/gson/internal/Primitives
instanceKlass org/eclipse/lsp4j/jsonrpc/validation/NonNull
instanceKlass com/google/gson/annotations/SerializedName
instanceKlass org/eclipse/lsp4j/ClientInfo
instanceKlass com/google/gson/internal/ConstructorConstructor$9
instanceKlass com/google/gson/internal/reflect/ReflectionHelper$RecordHelper
instanceKlass com/google/gson/internal/reflect/ReflectionHelper
instanceKlass com/google/gson/internal/ReflectionAccessFilterHelper
instanceKlass org/eclipse/lsp4j/adapters/InitializeParamsTypeAdapter$Factory
instanceKlass com/google/gson/annotations/JsonAdapter
instanceKlass org/eclipse/lsp4j/jsonrpc/messages/Tuple$Two
instanceKlass org/eclipse/lsp4j/jsonrpc/messages/Tuple
instanceKlass org/eclipse/lsp4j/jsonrpc/json/adapters/TypeUtils
instanceKlass com/google/gson/internal/JsonReaderInternalAccess
instanceKlass org/eclipse/lsp4j/jsonrpc/json/StreamMessageProducer$Headers
instanceKlass org/eclipse/lsp4j/jsonrpc/json/ConcurrentMessageProcessor$1
instanceKlass java/util/concurrent/Executors$RunnableAdapter
instanceKlass java/util/concurrent/Callable
instanceKlass java/util/concurrent/FutureTask$WaitNode
instanceKlass java/util/concurrent/FutureTask
instanceKlass java/util/concurrent/RunnableFuture
instanceKlass org/eclipse/lsp4j/jsonrpc/StandardLauncher
instanceKlass org/eclipse/lsp4j/jsonrpc/json/ConcurrentMessageProcessor
instanceKlass org/eclipse/lsp4j/jsonrpc/json/StreamMessageProducer
instanceKlass org/eclipse/lsp4j/jsonrpc/services/EndpointProxy
instanceKlass org/eclipse/lsp4j/jsonrpc/messages/ResponseError
instanceKlass org/eclipse/lsp4j/jsonrpc/RemoteEndpoint
instanceKlass org/eclipse/lsp4j/jsonrpc/services/GenericEndpoint
instanceKlass apex/jorje/lsp/impl/debug/DebugOptions
instanceKlass org/eclipse/lsp4j/jsonrpc/json/StreamMessageConsumer
instanceKlass org/eclipse/lsp4j/jsonrpc/json/MessageConstants
instanceKlass com/google/gson/internal/bind/ReflectiveTypeAdapterFactory$BoundField
instanceKlass com/google/gson/internal/bind/ReflectiveTypeAdapterFactory
instanceKlass com/google/gson/internal/bind/JsonAdapterAnnotationTypeAdapterFactory
instanceKlass com/google/gson/internal/bind/MapTypeAdapterFactory
instanceKlass com/google/gson/internal/bind/CollectionTypeAdapterFactory
instanceKlass com/google/gson/internal/bind/ArrayTypeAdapter$1
instanceKlass com/google/gson/internal/bind/DateTypeAdapter$1
instanceKlass java/util/concurrent/atomic/AtomicLongArray
instanceKlass com/google/gson/internal/bind/NumberTypeAdapter$1
instanceKlass com/google/gson/internal/bind/ObjectTypeAdapter$1
instanceKlass com/google/gson/internal/bind/TypeAdapters$29
instanceKlass com/google/gson/internal/bind/TypeAdapters$33
instanceKlass java/util/Currency
instanceKlass java/util/UUID
instanceKlass com/google/gson/internal/bind/TypeAdapters$34
instanceKlass java/net/InetAddress
instanceKlass java/util/concurrent/atomic/AtomicIntegerArray
instanceKlass com/google/gson/internal/bind/TypeAdapters$32
instanceKlass java/util/BitSet
instanceKlass com/google/gson/internal/bind/TypeAdapters$31
instanceKlass com/google/gson/internal/bind/TypeAdapters
instanceKlass com/google/gson/internal/ObjectConstructor
instanceKlass com/google/gson/internal/ConstructorConstructor
instanceKlass com/google/gson/internal/sql/SqlTimestampTypeAdapter$1
instanceKlass com/google/gson/internal/sql/SqlTimeTypeAdapter$1
instanceKlass com/google/gson/internal/sql/SqlDateTypeAdapter$1
instanceKlass java/text/Format
instanceKlass jdk/internal/module/ModulePatcher$PatchedModuleReader
instanceKlass com/google/gson/internal/bind/DefaultDateTypeAdapter$DateType
instanceKlass com/google/gson/internal/sql/SqlTypesSupport
instanceKlass org/eclipse/lsp4j/jsonrpc/json/adapters/MessageTypeAdapter$Factory
instanceKlass org/eclipse/lsp4j/jsonrpc/json/adapters/EnumTypeAdapter$Factory
instanceKlass org/eclipse/lsp4j/jsonrpc/json/adapters/TupleTypeAdapters$TwoTypeAdapterFactory
instanceKlass org/eclipse/lsp4j/jsonrpc/json/adapters/EitherTypeAdapter$Factory
instanceKlass org/eclipse/lsp4j/jsonrpc/json/adapters/ThrowableTypeAdapter$Factory
instanceKlass org/eclipse/lsp4j/jsonrpc/json/adapters/CollectionTypeAdapter$Factory
instanceKlass com/google/gson/stream/JsonWriter
instanceKlass com/google/gson/stream/JsonReader
instanceKlass com/google/gson/ToNumberStrategy
instanceKlass com/google/gson/Gson
instanceKlass com/google/gson/JsonElement
instanceKlass com/google/gson/internal/Excluder
instanceKlass com/google/gson/FieldNamingStrategy
instanceKlass com/google/gson/GsonBuilder
instanceKlass org/eclipse/lsp4j/jsonrpc/messages/CancelParams
instanceKlass org/eclipse/lsp4j/jsonrpc/json/MessageJsonHandler
instanceKlass apex/jorje/lsp/api/debug/BreakpointInfo
instanceKlass org/eclipse/lsp4j/WorkspaceDiagnosticReport
instanceKlass org/eclipse/lsp4j/adapters/WorkspaceSymbolResponseAdapter
instanceKlass org/eclipse/lsp4j/DeleteFilesParams
instanceKlass org/eclipse/lsp4j/RenameFilesParams
instanceKlass org/eclipse/lsp4j/ExecuteCommandParams
instanceKlass org/eclipse/lsp4j/CreateFilesParams
instanceKlass org/eclipse/lsp4j/DidChangeWorkspaceFoldersParams
instanceKlass org/eclipse/lsp4j/WorkspaceSymbol
instanceKlass org/eclipse/lsp4j/Moniker
instanceKlass org/eclipse/lsp4j/adapters/DocumentDiagnosticReportTypeAdapter
instanceKlass org/eclipse/lsp4j/ColorInformation
instanceKlass org/eclipse/lsp4j/FoldingRange
instanceKlass org/eclipse/lsp4j/ColorPresentation
instanceKlass org/eclipse/lsp4j/TextEdit
instanceKlass org/eclipse/lsp4j/PrepareRenameDefaultBehavior
instanceKlass org/eclipse/lsp4j/PrepareRenameResult
instanceKlass org/eclipse/lsp4j/adapters/PrepareRenameResponseAdapter
instanceKlass org/eclipse/lsp4j/LinkedEditingRanges
instanceKlass org/eclipse/lsp4j/CompletionList
instanceKlass org/eclipse/lsp4j/SignatureHelp
instanceKlass org/eclipse/lsp4j/SymbolInformation
instanceKlass org/eclipse/lsp4j/adapters/DocumentSymbolResponseAdapter
instanceKlass org/eclipse/lsp4j/SemanticTokensDelta
instanceKlass org/eclipse/lsp4j/adapters/SemanticTokensFullDeltaResponseAdapter
instanceKlass org/eclipse/lsp4j/CallHierarchyOutgoingCall
instanceKlass org/eclipse/lsp4j/CallHierarchyIncomingCall
instanceKlass org/eclipse/lsp4j/SemanticTokens
instanceKlass org/eclipse/lsp4j/CallHierarchyItem
instanceKlass org/eclipse/lsp4j/TypeHierarchyItem
instanceKlass org/eclipse/lsp4j/adapters/CodeActionResponseAdapter
instanceKlass org/eclipse/lsp4j/SelectionRange
instanceKlass org/eclipse/lsp4j/LocationLink
instanceKlass com/google/gson/internal/$Gson$Types$WildcardTypeImpl
instanceKlass com/google/gson/internal/$Gson$Preconditions
instanceKlass com/google/gson/internal/$Gson$Types$ParameterizedTypeImpl
instanceKlass com/google/gson/internal/$Gson$Types
instanceKlass com/google/gson/TypeAdapter
instanceKlass com/google/gson/reflect/TypeToken
instanceKlass sun/reflect/generics/tree/Wildcard
instanceKlass sun/reflect/generics/tree/BottomSignature
instanceKlass org/eclipse/lsp4j/adapters/LocationLinkListAdapter
instanceKlass com/google/gson/TypeAdapterFactory
instanceKlass org/eclipse/lsp4j/InlineValueParams
instanceKlass org/eclipse/lsp4j/InlayHintParams
instanceKlass org/eclipse/lsp4j/InlayHint
instanceKlass org/eclipse/lsp4j/WillSaveTextDocumentParams
instanceKlass org/eclipse/lsp4j/CodeAction
instanceKlass org/eclipse/lsp4j/DocumentLink
instanceKlass org/eclipse/lsp4j/DidSaveNotebookDocumentParams
instanceKlass org/eclipse/lsp4j/DidChangeNotebookDocumentParams
instanceKlass org/eclipse/lsp4j/DidCloseNotebookDocumentParams
instanceKlass org/eclipse/lsp4j/DidOpenNotebookDocumentParams
instanceKlass org/eclipse/lsp4j/InitializeResult
instanceKlass org/eclipse/lsp4j/WorkDoneProgressCancelParams
instanceKlass org/eclipse/lsp4j/services/NotebookDocumentService
instanceKlass org/eclipse/lsp4j/InitializedParams
instanceKlass jdk/internal/vm/annotation/IntrinsicCandidate
instanceKlass java/lang/Deprecated
instanceKlass org/eclipse/lsp4j/jsonrpc/json/JsonRpcMethodProvider
instanceKlass org/eclipse/lsp4j/WorkspaceFolder
instanceKlass org/eclipse/lsp4j/ShowDocumentResult
instanceKlass org/eclipse/lsp4j/ApplyWorkspaceEditResponse
instanceKlass org/eclipse/lsp4j/MessageActionItem
instanceKlass org/eclipse/lsp4j/jsonrpc/services/JsonNotification
instanceKlass org/eclipse/lsp4j/jsonrpc/json/JsonRpcMethod
instanceKlass org/eclipse/lsp4j/jsonrpc/json/ResponseJsonAdapter
instanceKlass org/eclipse/lsp4j/jsonrpc/services/JsonRequest
instanceKlass org/eclipse/lsp4j/WorkDoneProgressCreateParams
instanceKlass org/eclipse/lsp4j/ProgressParams
instanceKlass org/eclipse/lsp4j/LogTraceParams
instanceKlass org/eclipse/lsp4j/ShowDocumentParams
instanceKlass org/eclipse/lsp4j/RegistrationParams
instanceKlass org/eclipse/lsp4j/PublishDiagnosticsParams
instanceKlass org/eclipse/lsp4j/ApplyWorkspaceEditParams
instanceKlass org/eclipse/lsp4j/MessageParams
instanceKlass org/eclipse/lsp4j/UnregistrationParams
instanceKlass org/eclipse/lsp4j/ConfigurationParams
instanceKlass org/eclipse/lsp4j/jsonrpc/services/AnnotationUtil
instanceKlass org/eclipse/lsp4j/jsonrpc/services/AnnotationUtil$MethodInfo
instanceKlass org/eclipse/lsp4j/jsonrpc/services/ServiceEndpoints
instanceKlass org/eclipse/lsp4j/jsonrpc/json/MethodProvider
instanceKlass org/eclipse/lsp4j/jsonrpc/Endpoint
instanceKlass org/eclipse/lsp4j/jsonrpc/MessageProducer
instanceKlass org/eclipse/lsp4j/jsonrpc/MessageIssueHandler
instanceKlass org/eclipse/lsp4j/jsonrpc/Launcher$Builder
instanceKlass org/eclipse/lsp4j/jsonrpc/Launcher
instanceKlass java/util/concurrent/Executors$DefaultThreadFactory
instanceKlass java/util/concurrent/SynchronousQueue$TransferStack$SNode
instanceKlass java/util/concurrent/ForkJoinPool$ManagedBlocker
instanceKlass java/util/concurrent/SynchronousQueue$Transferer
instanceKlass java/util/concurrent/ThreadPoolExecutor$AbortPolicy
instanceKlass java/util/concurrent/RejectedExecutionHandler
instanceKlass java/util/concurrent/AbstractExecutorService
instanceKlass java/util/concurrent/Executors
instanceKlass com/google/common/collect/Queues
instanceKlass com/google/common/util/concurrent/AbstractScheduledService$ServiceDelegate$Task
instanceKlass com/google/common/util/concurrent/AbstractService$StateSnapshot
instanceKlass com/google/common/util/concurrent/ListenerCallQueue
instanceKlass com/google/common/util/concurrent/Monitor
instanceKlass com/google/common/util/concurrent/AbstractService$3
instanceKlass com/google/common/util/concurrent/AbstractService$4
instanceKlass com/google/common/util/concurrent/AbstractService$2
instanceKlass com/google/common/util/concurrent/AbstractService$1
instanceKlass com/google/common/util/concurrent/ListenerCallQueue$Event
instanceKlass com/google/common/util/concurrent/Monitor$Guard
instanceKlass sun/nio/fs/WindowsFileSystem$2
instanceKlass sun/nio/fs/Globs
instanceKlass apex/jorje/data/Locations$IndexFactory
instanceKlass apex/jorje/semantic/common/TestQueryValidators$Noop
instanceKlass apex/jorje/semantic/common/TestAccessEvaluator
instanceKlass com/google/common/collect/SortedSetMultimap
instanceKlass com/google/common/collect/Multimaps
instanceKlass apex/jorje/semantic/symbol/member/variable/VariableVisitor$Context
instanceKlass apex/jorje/semantic/ast/context/Emitter
instanceKlass apex/jorje/semantic/symbol/member/variable/DynamicFieldInfo$VariableEmitter
instanceKlass apex/jorje/semantic/symbol/member/variable/DynamicFieldInfoFactory
instanceKlass apex/jorje/semantic/symbol/member/variable/PropertyFactory$1
instanceKlass apex/jorje/semantic/symbol/member/variable/PropertyInfo
instanceKlass apex/jorje/semantic/ast/member/Parameter$Builder
instanceKlass apex/jorje/semantic/ast/member/ParameterUtil
instanceKlass apex/jorje/semantic/ast/member/AccessorFactory$1
instanceKlass apex/jorje/semantic/ast/member/AccessorFactory$AccessorEmitter
instanceKlass apex/jorje/semantic/ast/member/AccessorFactory
instanceKlass apex/jorje/semantic/symbol/member/variable/PropertyFactory
instanceKlass apex/jorje/semantic/symbol/member/variable/FieldSupplier
instanceKlass apex/jorje/semantic/symbol/member/variable/DynamicFieldTable
instanceKlass apex/jorje/semantic/symbol/member/variable/DynamicFieldTables
instanceKlass apex/jorje/semantic/common/TestVfTypeInfos
instanceKlass apex/jorje/semantic/symbol/type/common/BiPredicates
instanceKlass apex/jorje/semantic/symbol/type/SObjectMetadata$Builder
instanceKlass apex/jorje/semantic/symbol/type/SObjectMetadata
instanceKlass apex/jorje/semantic/symbol/type/SObjectTypeInfo$MethodsForEmit
instanceKlass java/util/function/IntConsumer
instanceKlass java/util/stream/IntStream
instanceKlass com/google/common/collect/CollectSpliterators$1WithCharacteristics
instanceKlass com/google/common/collect/CollectSpliterators
instanceKlass apex/jorje/semantic/common/TestSObjectTypeInfos
instanceKlass apex/jorje/semantic/symbol/type/common/DynamicTypeNameFactory
instanceKlass apex/jorje/semantic/symbol/member/variable/AbstractFieldInfo$1
instanceKlass apex/jorje/semantic/symbol/member/variable/AbstractFieldInfo$Builder
instanceKlass apex/jorje/semantic/symbol/member/variable/AbstractFieldInfo
instanceKlass apex/jorje/semantic/common/BusinessHoursMethods
instanceKlass apex/jorje/semantic/common/TestFields
instanceKlass apex/common/collect/AbstractHashedMap$HashIterator
instanceKlass apex/jorje/semantic/symbol/type/UnresolvedTypeInfoFactory
instanceKlass apex/jorje/data/ast/AnnotationValue$MatchBlockWithDefault
instanceKlass apex/jorje/semantic/ast/modifier/AnnotationParameter$5
instanceKlass apex/jorje/semantic/ast/modifier/AnnotationParameter$4
instanceKlass apex/jorje/semantic/ast/modifier/AnnotationParameter$3
instanceKlass apex/jorje/semantic/ast/modifier/AnnotationParameter$2
instanceKlass apex/jorje/semantic/ast/modifier/AnnotationParameter$1
instanceKlass apex/jorje/data/ast/AnnotationValue$MatchBlock
instanceKlass apex/jorje/semantic/ast/modifier/Annotation$1
instanceKlass com/google/common/collect/NullnessCasts
instanceKlass com/google/common/collect/AbstractIterator$1
instanceKlass com/google/common/collect/Collections2
instanceKlass apex/jorje/data/ast/AnnotationParameter
instanceKlass apex/jorje/data/ast/AnnotationValue
instanceKlass apex/jorje/semantic/ast/modifier/Annotations
instanceKlass apex/common/collect/MoreCollections
instanceKlass apex/jorje/data/ast/VariableDecl
instanceKlass apex/jorje/data/ast/Stmnt$MatchBlock
instanceKlass apex/jorje/data/ast/Expr$MatchBlock
instanceKlass apex/jorje/semantic/ast/AstNodes
instanceKlass apex/jorje/data/ast/Modifier
instanceKlass apex/jorje/data/JadtFactory
instanceKlass apex/jorje/data/ast/AnnotationParameter$MatchBlock
instanceKlass apex/jorje/semantic/symbol/member/method/ReifiedMethodInfo
instanceKlass apex/jorje/semantic/symbol/member/method/MethodUtil
instanceKlass apex/jorje/semantic/symbol/member/method/MethodTableFactory
instanceKlass apex/jorje/semantic/symbol/member/method/Generated$Builder
instanceKlass com/google/common/base/Ascii
instanceKlass apex/jorje/semantic/symbol/type/reference/TypeReferences$ResolvedTypeRef
instanceKlass apex/jorje/data/ast/TypeRefs$1
instanceKlass apex/jorje/data/ast/TypeRefs$ClassTypeRef
instanceKlass apex/jorje/data/Identifiers$SyntheticIdentifier
instanceKlass apex/jorje/data/Identifier
instanceKlass apex/jorje/data/Identifiers
instanceKlass apex/jorje/data/ast/TypeRef
instanceKlass apex/jorje/data/ast/TypeRef$Visitor
instanceKlass apex/jorje/data/ast/TypeRefs
instanceKlass apex/jorje/semantic/symbol/type/reference/TypeReference
instanceKlass apex/jorje/semantic/symbol/type/reference/TypeReferences
instanceKlass apex/jorje/semantic/symbol/member/method/StandardMethodInfoBuilder
instanceKlass apex/jorje/semantic/symbol/member/method/StandardMethodInfo
instanceKlass apex/jorje/semantic/common/TestMethods
instanceKlass apex/jorje/semantic/common/TestStandardTypeInfos
instanceKlass apex/jorje/semantic/symbol/type/AnnotationTypeInfos$30
instanceKlass apex/jorje/semantic/symbol/type/AnnotationTypeInfos$29
instanceKlass apex/jorje/semantic/symbol/type/AnnotationTypeInfos$28
instanceKlass apex/jorje/semantic/symbol/type/AnnotationTypeInfos$27
instanceKlass apex/jorje/semantic/symbol/type/AnnotationTypeInfos$26
instanceKlass apex/jorje/semantic/symbol/type/AnnotationTypeInfos$25
instanceKlass apex/jorje/semantic/symbol/type/AnnotationTypeInfos$24
instanceKlass apex/jorje/semantic/symbol/type/AnnotationTypeInfos$23
instanceKlass apex/jorje/semantic/symbol/type/AnnotationTypeInfos$22
instanceKlass apex/jorje/semantic/symbol/type/AnnotationTypeInfos$21
instanceKlass apex/jorje/semantic/symbol/type/AnnotationTypeInfos$20
instanceKlass apex/jorje/semantic/symbol/type/AnnotationTypeInfos$19
instanceKlass apex/jorje/semantic/symbol/type/AnnotationTypeInfos$18
instanceKlass apex/jorje/semantic/symbol/type/AnnotationTypeInfos$17
instanceKlass apex/jorje/semantic/symbol/type/AnnotationTypeInfos$16
instanceKlass apex/jorje/semantic/symbol/type/AnnotationTypeInfos$15
instanceKlass apex/jorje/semantic/symbol/type/AnnotationTypeInfos$14
instanceKlass apex/jorje/semantic/ast/modifier/property/rule/AnnotationPropertyRules$ValidateParameterValueDataTypeMatchesFieldRule
instanceKlass apex/jorje/semantic/ast/modifier/property/rule/AnnotationPropertyRules$ValidateParameterValueNotEmptyRule
instanceKlass apex/jorje/semantic/ast/modifier/property/rule/AnnotationPropertyRules$AllowedFieldEmitTypesRule
instanceKlass apex/jorje/semantic/symbol/type/AnnotationTypeInfos$13
instanceKlass apex/jorje/semantic/ast/modifier/property/rule/AnnotationPropertyRules$InvocableMethodCapabilityTypeRule
instanceKlass apex/jorje/semantic/ast/modifier/property/rule/AnnotationPropertyRules$InvocableMethodIconNameRule
instanceKlass apex/jorje/semantic/ast/modifier/property/rule/AnnotationPropertyRules$InvocableMethodConfigurationEditorRule
instanceKlass apex/jorje/semantic/ast/modifier/property/rule/AnnotationPropertyRules$MaxVersion
instanceKlass apex/jorje/semantic/symbol/type/AnnotationTypeInfos$12
instanceKlass apex/jorje/semantic/symbol/type/AnnotationTypeInfos$11
instanceKlass apex/jorje/semantic/ast/modifier/property/rule/AnnotationPropertyRules$IntegerRule
instanceKlass apex/jorje/semantic/symbol/type/AnnotationTypeInfos$10
instanceKlass apex/jorje/semantic/ast/visitor/reference/ExternalDependency
instanceKlass apex/jorje/semantic/ast/modifier/property/rule/IsTestTestForValueParser
instanceKlass apex/jorje/semantic/ast/modifier/property/rule/AnnotationPropertyRules$IsTestTestForTypeRule
instanceKlass apex/jorje/semantic/ast/modifier/property/rule/AnnotationPropertyRules$DuplicateAnnotationParameterKeyRule
instanceKlass apex/jorje/semantic/symbol/type/AnnotationTypeInfos$9
instanceKlass apex/jorje/semantic/symbol/type/AnnotationTypeInfos$8
instanceKlass apex/jorje/semantic/ast/modifier/property/rule/AnnotationPropertyRules$ValidApiVersion
instanceKlass apex/jorje/semantic/symbol/type/AnnotationTypeInfos$7
instanceKlass apex/jorje/semantic/symbol/type/AnnotationTypeInfos$6
instanceKlass apex/jorje/semantic/symbol/type/AnnotationTypeInfos$5
instanceKlass apex/jorje/semantic/symbol/type/AnnotationTypeInfos$4
instanceKlass apex/jorje/semantic/ast/modifier/property/rule/AnnotationPropertyRules$PermGuardedProperty
instanceKlass apex/jorje/semantic/ast/modifier/property/rule/AnnotationPropertyRules$ValidSiblingParametersRule
instanceKlass apex/jorje/semantic/ast/modifier/property/rule/AnnotationPropertyRules$StringRule
instanceKlass apex/jorje/semantic/ast/modifier/property/rule/AnnotationPropertyRules$MinVersion
instanceKlass com/google/common/collect/MoreSets
instanceKlass apex/jorje/semantic/ast/modifier/property/rule/AnnotationPropertyRules$AllowedElementsRule
instanceKlass apex/jorje/semantic/ast/modifier/rule/AnnotationContext
instanceKlass apex/jorje/semantic/symbol/type/visitor/AnnotationContextVisitor$Default
instanceKlass apex/jorje/semantic/symbol/type/visitor/AnnotationContextVisitor
instanceKlass apex/jorje/semantic/ast/modifier/property/rule/AnnotationPropertyRules
instanceKlass java/util/ResourceBundle$Control$2
instanceKlass sun/util/resources/Bundles
instanceKlass java/util/ResourceBundle$CacheKeyReference
instanceKlass java/util/ResourceBundle$CacheKey
instanceKlass java/util/ResourceBundle$Control
instanceKlass java/util/stream/AbstractSpinedBuffer
instanceKlass java/util/ImmutableCollections$Access$1
instanceKlass jdk/internal/access/JavaUtilCollectionAccess
instanceKlass java/util/ImmutableCollections$Access
instanceKlass java/util/ServiceLoader$ProviderSpliterator
instanceKlass java/util/spi/ResourceBundleControlProvider
instanceKlass java/util/ResourceBundle$ResourceBundleControlProviderHolder
instanceKlass java/util/ResourceBundle$1
instanceKlass jdk/internal/access/JavaUtilResourceBundleAccess
instanceKlass java/util/ResourceBundle
instanceKlass apex/jorje/services/I18nSupport
instanceKlass apex/jorje/semantic/ast/modifier/property/rule/AnnotationPropertyRule
instanceKlass apex/jorje/semantic/symbol/type/AnnotationTypeInfos$3
instanceKlass apex/jorje/semantic/symbol/type/AnnotationTypeInfos$2
instanceKlass apex/jorje/semantic/symbol/type/AnnotationTypeInfos$1
instanceKlass apex/jorje/semantic/ast/modifier/property/rule/AnnotationPropertyRuleGroup$Builder
instanceKlass apex/jorje/semantic/ast/modifier/property/rule/AnnotationPropertyRuleGroup
instanceKlass apex/jorje/semantic/symbol/type/AnnotationProperty$Builder
instanceKlass apex/jorje/semantic/symbol/type/AnnotationProperty
instanceKlass apex/jorje/semantic/symbol/type/AnnotationTypeInfos
instanceKlass apex/jorje/semantic/bcl/ListIteratorMethods
instanceKlass apex/jorje/semantic/symbol/type/WrapperTypeInfos
instanceKlass apex/common/base/ToUpperCaseFast
instanceKlass apex/common/base/ToUpperCaseProvider
instanceKlass apex/common/base/ToLowerCaseFast
instanceKlass apex/common/base/ToLowerCaseProvider
instanceKlass apex/common/base/MoreStrings
instanceKlass apex/jorje/semantic/symbol/type/GenericTypeInfoDepthCalculator
instanceKlass apex/jorje/semantic/symbol/type/ReifiedMethodsInitializer
instanceKlass apex/jorje/semantic/symbol/type/ReifiedParentsInitializer
instanceKlass apex/jorje/semantic/symbol/type/ReifiedFieldsInitializer
instanceKlass apex/jorje/semantic/symbol/type/details/CodeUnitDetailsProvider
instanceKlass apex/jorje/semantic/symbol/type/details/CodeUnitDetailsProvider$NonSourceCodeUnitDetails$Builder
instanceKlass apex/jorje/semantic/symbol/type/details/CodeUnitDetailsProvider$NonSourceCodeUnitDetails
instanceKlass apex/jorje/semantic/symbol/type/common/CollectionTypeInfoUtil
instanceKlass apex/jorje/semantic/common/iterable/LessStrings
instanceKlass apex/jorje/semantic/symbol/type/visitor/TypeInfoVisitor$Default
instanceKlass apex/jorje/semantic/symbol/type/common/GenericTypeInfoUtil
instanceKlass apex/jorje/semantic/symbol/type/GenericTypeInfoFactory
instanceKlass apex/jorje/semantic/bcl/SObjectMethods
instanceKlass apex/jorje/semantic/bcl/SObjectFields
instanceKlass apex/jorje/semantic/bcl/ExceptionMethods
instanceKlass apex/jorje/semantic/bcl/MapMethods
instanceKlass apex/jorje/semantic/symbol/type/naming/TypeEraser
instanceKlass apex/jorje/semantic/symbol/member/method/signature/SignatureFactory
instanceKlass apex/jorje/semantic/symbol/member/method/signature/EmitSignatureFactory
instanceKlass apex/jorje/semantic/bcl/SetMethods
instanceKlass apex/common/collect/MoreIterables
instanceKlass apex/jorje/semantic/symbol/type/visitor/TypeInfoVisitor
instanceKlass apex/jorje/semantic/symbol/type/common/TypeInfoUtil
instanceKlass apex/jorje/semantic/bcl/ListMethods
instanceKlass apex/jorje/semantic/symbol/type/parent/ParentTableFactory
instanceKlass apex/jorje/semantic/bcl/FlowInterviewMethods
instanceKlass apex/jorje/semantic/bcl/LabelMethods
instanceKlass apex/jorje/semantic/symbol/type/ArgumentTypeInfos
instanceKlass apex/jorje/semantic/bcl/EnumMethods
instanceKlass com/google/common/base/NullnessCasts
instanceKlass com/google/common/base/AbstractIterator$1
instanceKlass com/google/common/base/Splitter$5
instanceKlass com/google/common/base/AbstractIterator
instanceKlass com/google/common/base/Splitter$1
instanceKlass com/google/common/base/CharMatcher
instanceKlass com/google/common/base/Splitter$Strategy
instanceKlass com/google/common/base/Splitter
instanceKlass apex/jorje/semantic/symbol/member/variable/FieldInfo
instanceKlass apex/jorje/semantic/symbol/member/variable/Variable
instanceKlass apex/jorje/semantic/symbol/type/InternalTypeInfos
instanceKlass apex/jorje/semantic/bcl/DateMethods
instanceKlass apex/jorje/semantic/bcl/DateTimeMethods
instanceKlass java/util/Calendar
instanceKlass apex/jorje/semantic/bcl/TimeMethods
instanceKlass apex/jorje/semantic/bcl/StringMethods
instanceKlass apex/jorje/semantic/bcl/BooleanMethods
instanceKlass apex/jorje/semantic/bcl/IntegerMethods
instanceKlass apex/jorje/semantic/bcl/LongMethods
instanceKlass apex/jorje/semantic/bcl/DoubleMethods
instanceKlass apex/jorje/semantic/bcl/DecimalMethods
instanceKlass apex/jorje/semantic/bcl/IdMethods
instanceKlass apex/jorje/semantic/bcl/CurrencyMethods
instanceKlass apex/jorje/semantic/bcl/BlobMethods
instanceKlass apex/jorje/semantic/ast/modifier/Modifiers$NoLocFactory
instanceKlass apex/jorje/semantic/ast/modifier/Modifiers$Factory
instanceKlass apex/jorje/semantic/ast/modifier/Modifiers
instanceKlass apex/jorje/semantic/symbol/type/ModifierTypeInfos$18
instanceKlass apex/jorje/semantic/symbol/type/ModifierTypeInfos$17
instanceKlass apex/jorje/semantic/symbol/type/ModifierTypeInfos$16
instanceKlass apex/jorje/semantic/symbol/type/ModifierTypeInfos$15
instanceKlass apex/jorje/semantic/symbol/type/ModifierTypeInfos$14
instanceKlass apex/jorje/semantic/ast/modifier/rule/AnnotationContextRule
instanceKlass apex/jorje/semantic/symbol/type/ModifierTypeInfos$13
instanceKlass apex/jorje/semantic/symbol/type/ModifierTypeInfos$12
instanceKlass apex/jorje/semantic/symbol/type/ModifierTypeInfos$11
instanceKlass apex/jorje/semantic/symbol/type/ModifierTypeInfos$10
instanceKlass apex/jorje/semantic/symbol/type/ModifierTypeInfos$9
instanceKlass apex/jorje/semantic/symbol/type/ModifierTypeInfos$8
instanceKlass apex/jorje/semantic/symbol/type/ModifierTypeInfos$7
instanceKlass apex/jorje/semantic/symbol/type/ModifierTypeInfos$6
instanceKlass apex/jorje/semantic/ast/modifier/rule/AnnotationRuleGroup$Builder
instanceKlass apex/jorje/semantic/ast/modifier/rule/AnnotationRuleGroup
instanceKlass apex/jorje/semantic/symbol/type/ModifierTypeInfos$5
instanceKlass apex/jorje/semantic/symbol/type/ModifierTypeInfos$4
instanceKlass apex/jorje/semantic/symbol/type/ModifierTypeInfos$3
instanceKlass apex/jorje/semantic/symbol/type/ModifierTypeInfos$2
instanceKlass com/google/common/base/Equivalence$Wrapper
instanceKlass apex/jorje/semantic/symbol/type/naming/TypeNameUtil
instanceKlass apex/jorje/semantic/ast/modifier/ModifierGroup$AllSupplier
instanceKlass apex/common/base/WeakStringInterner
instanceKlass apex/jorje/semantic/compiler/Namespaces
instanceKlass com/google/common/collect/MoreLists
instanceKlass java/util/Spliterators$IteratorSpliterator
instanceKlass apex/jorje/semantic/symbol/member/method/MemoizingMethodTable
instanceKlass apex/common/base/Result
instanceKlass apex/jorje/semantic/symbol/member/variable/StandardFieldTable
instanceKlass apex/jorje/semantic/symbol/type/parent/StandardParentTable
instanceKlass apex/jorje/semantic/symbol/type/UnitType$1
instanceKlass apex/jorje/semantic/symbol/type/ModifierTypeInfos$1
instanceKlass apex/jorje/semantic/symbol/type/ModifierTypeInfos
instanceKlass apex/jorje/data/Locations$PositionFactory
instanceKlass apex/common/base/ObjectHash
instanceKlass apex/common/tuple/IntPairFactory
instanceKlass apex/common/tuple/IntPairInterner
instanceKlass apex/common/tuple/IntPair
instanceKlass apex/jorje/data/PositionLocation
instanceKlass apex/jorje/data/Locations$Factory
instanceKlass apex/jorje/data/Locations
instanceKlass apex/jorje/data/ast/Modifier$SwitchBlock
instanceKlass apex/jorje/semantic/ast/modifier/ModifierGroupBuilder
instanceKlass com/google/common/collect/MapMakerInternalMap$WeakKeyDummyValueEntry$Helper
instanceKlass com/google/common/collect/Interners$InternerImpl
instanceKlass com/google/common/collect/Interner
instanceKlass com/google/common/collect/Interners$InternerBuilder
instanceKlass com/google/common/collect/Interners
instanceKlass apex/jorje/semantic/symbol/type/visitor/ModifierOrAnnotationVisitor
instanceKlass apex/jorje/semantic/ast/modifier/ModifierGroups
instanceKlass com/google/common/base/Suppliers$MemoizingSupplier
instanceKlass com/google/common/base/Suppliers$NonSerializableMemoizingSupplier
instanceKlass apex/jorje/semantic/bcl/ObjectMethods
instanceKlass javax/xml/namespace/QName
instanceKlass apex/jorje/semantic/symbol/type/BasicType$Builder
instanceKlass apex/jorje/semantic/symbol/type/naming/TypeNameFactory
instanceKlass apex/common/base/Initializers$OfInstanceInitializer
instanceKlass apex/common/base/Initializers$MemoizingInitializer
instanceKlass apex/common/base/Initializers
instanceKlass apex/common/base/Initializer
instanceKlass apex/jorje/data/ast/CompilationUnit$MatchBlock
instanceKlass apex/jorje/semantic/symbol/type/parent/ParentTable
instanceKlass apex/jorje/semantic/symbol/member/method/MethodTable
instanceKlass apex/jorje/semantic/symbol/member/variable/FieldTable
instanceKlass apex/jorje/semantic/symbol/type/CodeUnitDetails
instanceKlass apex/jorje/semantic/symbol/type/AbstractTypeInfo$Builder
instanceKlass apex/common/collect/AbstractHashedMap$HashEntry
instanceKlass apex/common/collect/KeyValue
instanceKlass apex/common/collect/MapIterator
instanceKlass apex/common/collect/IterableMap
instanceKlass com/google/common/collect/MoreMaps
instanceKlass apex/jorje/semantic/symbol/type/StandardTypeInfo
instanceKlass apex/jorje/semantic/symbol/type/AbstractTypeInfo
instanceKlass apex/jorje/semantic/symbol/type/TypeInfos
instanceKlass apex/jorje/semantic/symbol/type/TypeInfoTables
instanceKlass apex/jorje/semantic/common/TestFlowInterviewTypeInfos
instanceKlass com/google/common/collect/MapMakerInternalMap$StrongValueEntry
instanceKlass com/google/inject/internal/DelegatingInvocationHandler
instanceKlass apex/jorje/lsp/impl/visitors/ApexOASContextVisitor$$FastClassByGuice$$48116f6
instanceKlass apex/jorje/lsp/impl/visitors/ApexOASEligibleSymbolVisitor$$FastClassByGuice$$4790d63
instanceKlass apex/jorje/lsp/impl/visitors/StandardDocumentSymbolVisitor$$FastClassByGuice$$465e85b
instanceKlass apex/jorje/lsp/impl/visitors/CodeActionVisitor$$FastClassByGuice$$455069b
instanceKlass apex/jorje/lsp/impl/visitors/codeActions/DeclareMissingMethodVisitor$$FastClassByGuice$$445be7f
instanceKlass apex/jorje/lsp/impl/visitors/FieldNameConflictVisitor$$FastClassByGuice$$43dd365
instanceKlass apex/jorje/lsp/impl/visitors/codeActions/ParameterPlaceholderVisitor$$FastClassByGuice$$42ac0e1
instanceKlass apex/jorje/lsp/impl/visitors/MethodNameConflictVisitor$$FastClassByGuice$$41f1591
instanceKlass apex/jorje/lsp/impl/visitors/InnerUserClassVisitor$$FastClassByGuice$$402c224
instanceKlass apex/jorje/lsp/impl/visitors/DocCommentVisitor$$FastClassByGuice$$3f820b7
instanceKlass apex/jorje/lsp/impl/index/converter/TypeInfoConverter$$FastClassByGuice$$3e5cf22
instanceKlass apex/jorje/lsp/impl/completions/StringCompletionActivationStrategy$$FastClassByGuice$$3d2ab5a
instanceKlass apex/jorje/lsp/impl/completions/PrefixCompletionActivationStrategy$$FastClassByGuice$$3cdd51e
instanceKlass apex/jorje/lsp/impl/completions/SObjectCompletionActivationStrategy$$FastClassByGuice$$3bcfcc2
instanceKlass apex/jorje/lsp/impl/completions/ValidationBasedCompletionActivationStrategy$$FastClassByGuice$$3ac4efb
instanceKlass sun/reflect/annotation/AnnotationInvocationHandler$1
instanceKlass com/google/inject/internal/WeakKeySet$KeyAndSource
instanceKlass com/google/common/collect/Count
instanceKlass com/google/common/base/Strings
instanceKlass com/google/inject/internal/SourceFormatter
instanceKlass com/google/inject/internal/Messages$Converter
instanceKlass com/google/inject/internal/Messages
instanceKlass apex/jorje/lsp/impl/completions/triggers/TriggerValidationBasedCompletionActivationStrategy$$FastClassByGuice$$394af13
instanceKlass com/google/inject/internal/InjectorShell$InheritedScannersModule
instanceKlass com/google/inject/internal/Initializer$1
instanceKlass com/google/common/collect/AbstractMapBasedMultimap$AsMap$AsMapIterator
instanceKlass com/google/inject/name/NamedImpl
instanceKlass com/google/inject/name/Named
instanceKlass com/google/inject/name/Names
instanceKlass com/google/inject/internal/Indexer$IndexedBinding
instanceKlass com/google/common/collect/AbstractMapBasedMultimap$WrappedCollection$WrappedIterator
instanceKlass com/google/inject/internal/SingleMethodInjector$1
instanceKlass com/google/inject/assistedinject/FactoryProvider2$$FastClassByGuice$$38f7a80
instanceKlass com/google/inject/internal/InjectorImpl$MethodInvoker
instanceKlass com/google/inject/internal/SingleMethodInjector
instanceKlass apex/jorje/lsp/impl/telemetry/StandardTelemetryHandler$$FastClassByGuice$$37ebf74
instanceKlass apex/jorje/lsp/impl/error/StandardErrorHandler$$FastClassByGuice$$3613384
instanceKlass apex/jorje/lsp/impl/codeLens/AnonymousApexCodeLensesProvider$$FastClassByGuice$$3566604
instanceKlass apex/jorje/lsp/impl/codeLens/ApexTestRunCodeLensesProvider$$FastClassByGuice$$34dc4a2
instanceKlass org/eclipse/lsp4j/Command
instanceKlass apex/jorje/lsp/impl/codeLens/CodeLensesProviderAggregator$$FastClassByGuice$$337f1eb
instanceKlass apex/jorje/lsp/impl/codeActions/ApexCodeActionsProvider$$FastClassByGuice$$323017e
instanceKlass apex/jorje/lsp/impl/codeActions/quickFix/DeclareMissingMethodProvider$$FastClassByGuice$$316662c
instanceKlass apex/jorje/lsp/impl/codeActions/quickFix/DeclareMissingMethodProvider$GeneratedMethod
instanceKlass org/eclipse/lsp4j/Range
instanceKlass apex/jorje/lsp/impl/codeActions/CodeActionsProviderAggregator$$FastClassByGuice$$301e4dd
instanceKlass apex/jorje/lsp/impl/services/StandardWorkspaceService$$FastClassByGuice$$2f2b9b6
instanceKlass apex/jorje/lsp/impl/workspace/WorkspaceChangeListenerDispatcher$$FastClassByGuice$$2e660fb
instanceKlass apex/jorje/lsp/impl/workspace/StandardDependentCompilationTracker$$FastClassByGuice$$2df8eb7
instanceKlass apex/jorje/lsp/impl/services/StandardTextDocumentService$$FastClassByGuice$$2c02a3a
instanceKlass org/eclipse/lsp4j/DocumentFormattingParams
instanceKlass org/eclipse/lsp4j/CodeLens
instanceKlass org/eclipse/lsp4j/DocumentRangeFormattingParams
instanceKlass org/eclipse/lsp4j/jsonrpc/CancelChecker
instanceKlass org/eclipse/lsp4j/WorkDoneProgressAndPartialResultParams
instanceKlass apex/jorje/lsp/impl/services/StandardTextDocumentService$ParamCreator
instanceKlass org/eclipse/lsp4j/PartialResultParams
instanceKlass apex/jorje/lsp/impl/workspace/StandardApexDocumentService$$FastClassByGuice$$2bfdec9
instanceKlass apex/jorje/lsp/impl/utils/StandardSymbolPrinter$$FastClassByGuice$$2ac5de8
instanceKlass apex/jorje/lsp/impl/tests/StandardTestService$$FastClassByGuice$$296bc36
instanceKlass apex/jorje/lsp/impl/tests/TestMethod
instanceKlass apex/jorje/lsp/impl/apexoas/ApexOASService$$FastClassByGuice$$28705fa
instanceKlass apex/jorje/lsp/api/apexoas/ApexOASEligiblePayload
instanceKlass apex/jorje/lsp/api/db/interfaces/IApexMethodParameter
instanceKlass apex/jorje/lsp/api/db/interfaces/IApexMethod
instanceKlass apex/jorje/lsp/api/db/interfaces/IApexField
instanceKlass apex/jorje/lsp/api/apexoas/ApexOASInterface
instanceKlass apex/jorje/lsp/impl/apexoas/ApexOASClientConfig
instanceKlass apex/jorje/lsp/impl/debug/ApexDebuggerService$$FastClassByGuice$$270646a
instanceKlass apex/jorje/lsp/impl/symbols/ApexSymbolProvider$$FastClassByGuice$$263bb8b
instanceKlass apex/jorje/semantic/compiler/Namespace
instanceKlass apex/jorje/lsp/impl/services/ServiceManagerProvider$$FastClassByGuice$$251b4fb
instanceKlass apex/jorje/lsp/ApexLanguageServerLauncher$$FastClassByGuice$$2404a40
instanceKlass org/eclipse/lsp4j/jsonrpc/messages/Message
instanceKlass apex/jorje/lsp/impl/services/ApexLanguageServer$$FastClassByGuice$$23e088f
instanceKlass org/eclipse/lsp4j/jsonrpc/services/JsonDelegate
instanceKlass org/eclipse/lsp4j/SetTraceParams
instanceKlass apex/jorje/lsp/api/client/ExtendedLanguageClient
instanceKlass org/eclipse/lsp4j/InitializeParams
instanceKlass apex/jorje/lsp/impl/concurrency/ParentProcessWatcher
instanceKlass java/util/concurrent/CompletableFuture
instanceKlass java/util/concurrent/CompletionStage
instanceKlass apex/jorje/lsp/impl/services/StandardCompilerService$$FastClassByGuice$$222a8d7
instanceKlass apex/jorje/semantic/compiler/ApexCompiler
instanceKlass apex/jorje/semantic/compiler/CompilerService
instanceKlass apex/jorje/semantic/compiler/Compiler
instanceKlass apex/jorje/lsp/impl/utils/CodeUnitLRU
instanceKlass apex/jorje/semantic/symbol/resolver/SymbolResolver
instanceKlass apex/jorje/semantic/compiler/sfdc/QueryValidator
instanceKlass apex/jorje/semantic/compiler/sfdc/AccessEvaluator
instanceKlass apex/jorje/lsp/impl/index/ApexIndexProvider$$FastClassByGuice$$21a135b
instanceKlass apex/jorje/lsp/impl/typings/TypeDefinitionLifecycleHandler$$FastClassByGuice$$20dca52
instanceKlass apex/jorje/lsp/impl/diagnostics/DiagnosticsReporter$$FastClassByGuice$$1f27399
instanceKlass apex/jorje/lsp/impl/document/DocumentLifecycleDispatcher$$FastClassByGuice$$1e9b21f
instanceKlass apex/jorje/lsp/impl/connection/StandardIoProvider$$FastClassByGuice$$1d5bcb4
instanceKlass apex/jorje/lsp/impl/concurrency/ExecutorServiceProvider$$FastClassByGuice$$1c59753
instanceKlass apex/jorje/lsp/impl/hover/StandardHoverProvider$$FastClassByGuice$$1bc166e
instanceKlass org/eclipse/lsp4j/Hover
instanceKlass apex/jorje/lsp/impl/rename/StandardRenameProvider$$FastClassByGuice$$1a6bbaf
instanceKlass org/eclipse/lsp4j/WorkspaceEdit
instanceKlass org/eclipse/lsp4j/WorkDoneProgressParams
instanceKlass apex/jorje/lsp/impl/references/DBBackedReferenceProvider$$FastClassByGuice$$1968873
instanceKlass apex/jorje/lsp/api/db/interfaces/IApexReference
instanceKlass apex/jorje/lsp/impl/references/DBBackedReferenceProvider$DBReferenceInfo
instanceKlass apex/jorje/lsp/impl/references/ReferenceInfo
instanceKlass apex/jorje/semantic/symbol/member/method/MethodInfo
instanceKlass apex/jorje/lsp/api/db/interfaces/IDb
instanceKlass apex/jorje/lsp/impl/references/TrackedUsageReferenceStrategy$$FastClassByGuice$$18995f4
instanceKlass org/eclipse/lsp4j/Location
instanceKlass apex/jorje/lsp/impl/references/ApexReferenceStrategyAggregator$$FastClassByGuice$$1775539
instanceKlass apex/jorje/lsp/impl/services/StandardDocumentationService$$FastClassByGuice$$1698ca7
instanceKlass org/eclipse/lsp4j/MarkupContent
instanceKlass apex/jorje/lsp/impl/definition/StandardSymbolsDefinitionStrategy$$FastClassByGuice$$15ad511
instanceKlass apex/jorje/lsp/impl/search/StandardMemberDefinitionLocator$$FastClassByGuice$$14a0017
instanceKlass apex/jorje/semantic/symbol/member/Member
instanceKlass apex/jorje/lsp/impl/search/StandardMemberDefinitionLocator$Locator
instanceKlass apex/jorje/lsp/impl/definition/ApexDefinitionStrategyAggregator$$FastClassByGuice$$13d8c7a
instanceKlass apex/jorje/lsp/impl/completions/SObjectFieldNamesCompletionStrategy$$FastClassByGuice$$1260689
instanceKlass apex/jorje/lsp/impl/completions/soql/EmbeddedSoqlCompletionStrategy$$FastClassByGuice$$11b0db3
instanceKlass apex/jorje/lsp/impl/completions/triggers/TriggerContextVariablesCompletionStrategy$$FastClassByGuice$$10535ff
instanceKlass apex/jorje/lsp/impl/completions/triggers/TriggerKeywordCompletionStrategy$$FastClassByGuice$$fbfe23
instanceKlass apex/jorje/lsp/impl/completions/SystemNamespaceCompletionStrategy$$FastClassByGuice$$e2cc36
instanceKlass apex/jorje/lsp/impl/completions/TypesCompletionStrategy$$FastClassByGuice$$d156a7
instanceKlass org/eclipse/lsp4j/CompletionItem
instanceKlass apex/jorje/lsp/impl/utils/ConstructorContextUtil$$FastClassByGuice$$c1a8ff
instanceKlass apex/jorje/lsp/impl/utils/ConstructorContextUtil
instanceKlass apex/jorje/lsp/impl/completions/MembersCompletionStrategy$$FastClassByGuice$$bed2f0
instanceKlass apex/jorje/lsp/impl/utils/MembersContextUtil$$FastClassByGuice$$acf65c
instanceKlass apex/jorje/lsp/impl/utils/MembersContextUtil
instanceKlass apex/jorje/lsp/impl/completions/MethodNamesCompletionStrategy$$FastClassByGuice$$9e4f1b
instanceKlass apex/jorje/lsp/impl/completions/FieldNamesCompletionStrategy$$FastClassByGuice$$8136ac
instanceKlass apex/jorje/lsp/impl/utils/NamesCompletionStrategies$NameProcessor
instanceKlass apex/jorje/lsp/impl/completions/LocalVariableNamesCompletionStrategy$$FastClassByGuice$$78a0f9
instanceKlass apex/jorje/lsp/impl/completions/ApexCompletionStrategyAggregator$$FastClassByGuice$$63381f
instanceKlass org/apache/commons/lang3/mutable/MutableBoolean
instanceKlass org/apache/commons/lang3/mutable/Mutable
instanceKlass org/eclipse/lsp4j/TextDocumentPositionParams
instanceKlass com/google/inject/internal/DefaultConstructionProxyFactory$ReflectiveProxy
instanceKlass apex/jorje/lsp/impl/utils/SfdxProjects$$FastClassByGuice$$535480
instanceKlass apex/jorje/lsp/impl/utils/Symbols$$FastClassByGuice$$4a6b8e
instanceKlass apex/jorje/lsp/impl/utils/Symbols$Builder
instanceKlass apex/jorje/lsp/impl/services/ApexPreludeManagedService$$FastClassByGuice$$38f9d2
instanceKlass apex/jorje/semantic/compiler/SourceFile
instanceKlass apex/jorje/semantic/compiler/SourceInfo
instanceKlass apex/jorje/lsp/impl/index/ApexIndexer$$FastClassByGuice$$2f0a22
instanceKlass org/eclipse/lsp4j/DidChangeConfigurationParams
instanceKlass apex/jorje/lsp/impl/index/SfdxProjectPOJO
instanceKlass org/eclipse/lsp4j/DidChangeWatchedFilesParams
instanceKlass apex/jorje/lsp/impl/utils/ApexIndexerOperationForUri
instanceKlass apex/jorje/semantic/compiler/CodeUnit
instanceKlass org/eclipse/lsp4j/DidChangeTextDocumentParams
instanceKlass org/eclipse/lsp4j/DidCloseTextDocumentParams
instanceKlass org/eclipse/lsp4j/DidSaveTextDocumentParams
instanceKlass org/eclipse/lsp4j/DidOpenTextDocumentParams
instanceKlass java/util/concurrent/CountDownLatch
instanceKlass com/google/common/util/concurrent/AbstractScheduledService$Scheduler
instanceKlass java/util/concurrent/ScheduledExecutorService
instanceKlass apex/jorje/lsp/impl/typings/Typings$$FastClassByGuice$$1ecce3
instanceKlass java/nio/file/PathMatcher
instanceKlass com/google/inject/internal/DefaultConstructionProxyFactory$FastClassProxy
instanceKlass com/google/inject/internal/aop/ImmutableStringTrie
instanceKlass java/util/function/ToIntFunction
instanceKlass apex/jorje/lsp/impl/typings/TypeDefinitionWriter$$FastClassByGuice$$8ca8c
instanceKlass com/google/inject/internal/aop/GeneratedClassDefiner
instanceKlass com/google/inject/internal/aop/UnsafeClassDefiner$ClassLoaderDefineClassHolder
instanceKlass com/google/inject/internal/asm/$Handler
instanceKlass com/google/inject/internal/asm/$Attribute
instanceKlass com/google/inject/internal/aop/BytecodeTasks
instanceKlass com/google/inject/internal/asm/$Handle
instanceKlass com/google/inject/internal/asm/$Label
instanceKlass com/google/inject/internal/asm/$Frame
instanceKlass com/google/inject/internal/asm/$ByteVector
instanceKlass com/google/inject/internal/asm/$Symbol
instanceKlass com/google/inject/internal/asm/$SymbolTable
instanceKlass com/google/inject/internal/asm/$FieldVisitor
instanceKlass com/google/inject/internal/asm/$MethodVisitor
instanceKlass com/google/inject/internal/asm/$AnnotationVisitor
instanceKlass com/google/inject/internal/asm/$ModuleVisitor
instanceKlass com/google/inject/internal/asm/$RecordComponentVisitor
instanceKlass com/google/inject/internal/asm/$ClassVisitor
instanceKlass com/google/inject/internal/aop/AbstractGlueGenerator
instanceKlass com/google/inject/internal/asm/$Type
instanceKlass com/google/inject/internal/aop/HiddenClassDefiner
instanceKlass java/util/Collections$UnmodifiableCollection$1
instanceKlass java/lang/StackTraceElement$HashedModules
instanceKlass com/google/inject/internal/aop/UnsafeGetter
instanceKlass com/google/inject/internal/aop/AnonymousClassDefiner
instanceKlass com/google/inject/internal/aop/UnsafeClassDefiner
instanceKlass com/google/inject/internal/aop/ClassDefining$ClassDefinerHolder
instanceKlass com/google/inject/internal/aop/ClassDefiner
instanceKlass com/google/inject/internal/aop/ClassDefining
instanceKlass com/google/inject/internal/BytecodeGen$EnhancerBuilder
instanceKlass com/google/inject/internal/aop/ClassBuilding
instanceKlass com/google/common/collect/MapMakerInternalMap$WeakKeyStrongValueEntry$Helper
instanceKlass com/google/common/collect/MapMakerInternalMap$InternalEntry
instanceKlass com/google/common/collect/MapMakerInternalMap$1
instanceKlass com/google/common/collect/MapMakerInternalMap$InternalEntryHelper
instanceKlass com/google/common/collect/MapMakerInternalMap$WeakValueReference
instanceKlass com/google/common/collect/MapMaker
instanceKlass com/google/inject/internal/BytecodeGen
instanceKlass com/google/inject/internal/DefaultConstructionProxyFactory
instanceKlass com/google/inject/internal/ConstructorInjector
instanceKlass com/google/inject/internal/ConstructionProxy
instanceKlass com/google/inject/internal/ProxyFactory
instanceKlass com/google/common/collect/TransformedIterator
instanceKlass com/google/inject/spi/InterceptorBinding
instanceKlass com/google/inject/internal/MethodAspect
instanceKlass com/google/inject/internal/MembersInjectorImpl
instanceKlass com/google/inject/internal/EncounterImpl
instanceKlass apex/jorje/lsp/impl/typings/TypeDefinitionModule
instanceKlass apex/jorje/lsp/impl/typings/TypeDefinitionWriter
instanceKlass apex/jorje/lsp/impl/typings/Typings
instanceKlass com/google/common/util/concurrent/Service$Listener
instanceKlass com/google/common/util/concurrent/AbstractService
instanceKlass com/google/inject/internal/InjectorImpl$SyntheticProviderBindingImpl$1
instanceKlass com/google/inject/internal/InjectorImpl$1
instanceKlass apex/jorje/lsp/impl/utils/SfdxProjects$ProjectFileVisitor
instanceKlass com/google/inject/internal/ConstructorBindingImpl$Factory
instanceKlass java/nio/file/FileVisitor
instanceKlass com/google/inject/ProvidedBy
instanceKlass com/google/inject/ImplementedBy
instanceKlass com/google/inject/internal/InternalFactoryToProviderAdapter
instanceKlass com/google/inject/internal/ConstructionContext
instanceKlass com/google/inject/internal/SingletonScope$1
instanceKlass com/google/inject/internal/ProviderToInternalFactoryAdapter
instanceKlass com/google/inject/internal/BindingProcessor$2
instanceKlass com/google/inject/multibindings/MultibindingsTargetVisitor
instanceKlass com/google/inject/internal/FactoryProxy
instanceKlass com/google/common/cache/LocalCache$AbstractReferenceEntry
instanceKlass com/google/inject/internal/ProvisionListenerCallbackStore$KeyBinding
instanceKlass com/google/inject/internal/ProviderInternalFactory
instanceKlass com/google/inject/internal/CycleDetectingLock$CycleDetectingLockFactory$ReentrantCycleDetectingLock
instanceKlass com/google/inject/internal/Initializer$InjectableReference
instanceKlass com/google/inject/assistedinject/AssistedInjectTargetVisitor
instanceKlass com/google/inject/spi/ExposedBinding
instanceKlass com/google/inject/internal/CreationListener
instanceKlass com/google/inject/internal/InjectorShell$LoggerFactory
instanceKlass com/google/inject/internal/InjectorShell$InjectorFactory
instanceKlass com/google/inject/internal/Initializables$1
instanceKlass com/google/inject/internal/Initializables
instanceKlass com/google/inject/internal/ConstantFactory
instanceKlass com/google/inject/internal/InjectorShell
instanceKlass com/google/inject/internal/ProvisionListenerCallbackStore
instanceKlass com/google/inject/internal/SingleMemberInjector
instanceKlass com/google/inject/spi/TypeEncounter
instanceKlass com/google/inject/internal/MembersInjectorStore
instanceKlass com/google/inject/internal/TypeConverterBindingProcessor$4
instanceKlass com/google/inject/internal/TypeConverterBindingProcessor$2
instanceKlass com/google/inject/internal/TypeConverterBindingProcessor$1
instanceKlass com/google/inject/spi/TypeConverterBinding
instanceKlass com/google/inject/matcher/AbstractMatcher
instanceKlass com/google/inject/matcher/Matchers
instanceKlass com/google/inject/internal/TypeConverterBindingProcessor$5
instanceKlass com/google/inject/internal/ConstructionProxyFactory
instanceKlass com/google/inject/internal/FailableCache
instanceKlass com/google/inject/internal/ConstructorInjectorStore
instanceKlass com/google/inject/internal/DeferredLookups
instanceKlass com/google/inject/spi/ConvertedConstantBinding
instanceKlass com/google/inject/spi/ProviderBinding
instanceKlass com/google/inject/internal/InjectorImpl$InjectorOptions
instanceKlass org/eclipse/lsp4j/jsonrpc/services/JsonSegment
instanceKlass javax/annotation/Nonnull
instanceKlass javax/annotation/meta/TypeQualifierDefault
instanceKlass com/google/common/util/concurrent/ElementTypesAreNonnullByDefault
instanceKlass com/google/inject/internal/GuiceInternal
instanceKlass com/google/inject/internal/util/StackTraceElements$InMemoryStackTraceElement
instanceKlass com/google/inject/internal/util/StackTraceElements
instanceKlass apex/jorje/lsp/impl/telemetry/TelemetryFactory
instanceKlass apex/jorje/lsp/impl/telemetry/StandardTelemetryHandler
instanceKlass apex/jorje/lsp/api/telemetry/TelemetryHandler
instanceKlass apex/jorje/lsp/impl/error/StandardErrorHandler
instanceKlass apex/jorje/lsp/api/error/ErrorHandler
instanceKlass apex/jorje/lsp/impl/codeLens/AnonymousApexCodeLensesProvider
instanceKlass apex/jorje/lsp/impl/codeLens/ApexTestRunCodeLensesProvider
instanceKlass apex/jorje/lsp/impl/codeLens/CodeLensesProviderAggregator
instanceKlass apex/jorje/lsp/api/codeLenses/CodeLensProvider
instanceKlass apex/jorje/lsp/impl/codeActions/BaseCodeActionsProvider
instanceKlass apex/jorje/lsp/api/codeActions/QuickFixProvider
instanceKlass apex/jorje/lsp/impl/codeActions/CodeActionsProviderAggregator
instanceKlass apex/jorje/lsp/api/codeActions/CodeActionsProvider
instanceKlass apex/jorje/lsp/impl/workspace/WorkspaceChangeListenerDispatcher
instanceKlass apex/jorje/lsp/impl/services/StandardWorkspaceService
instanceKlass org/eclipse/lsp4j/services/WorkspaceService
instanceKlass apex/jorje/lsp/impl/workspace/StandardDependentCompilationTracker
instanceKlass apex/jorje/lsp/api/workspace/DependentCompilationTracker
instanceKlass apex/jorje/lsp/impl/services/StandardTextDocumentService
instanceKlass org/eclipse/lsp4j/services/TextDocumentService
instanceKlass apex/jorje/lsp/impl/workspace/StandardApexDocumentService
instanceKlass apex/jorje/lsp/api/workspace/ApexDocumentService
instanceKlass apex/jorje/lsp/api/apexoas/ApexOASMethodDetail
instanceKlass apex/jorje/lsp/api/apexoas/ApexOASPropertyDetail
instanceKlass org/eclipse/lsp4j/jsonrpc/messages/Either
instanceKlass apex/jorje/lsp/api/apexoas/ApexAnnotationDetail
instanceKlass apex/jorje/lsp/api/apexoas/ApexClassOASGatherContextResponse
instanceKlass apex/jorje/lsp/api/visitors/ApexOASContextVisitorFactory
instanceKlass apex/jorje/lsp/api/apexoas/SymbolEligibility
instanceKlass java/lang/reflect/AnnotatedParameterizedType
instanceKlass sun/reflect/generics/tree/MethodTypeSignature
instanceKlass sun/reflect/generics/tree/VoidDescriptor
instanceKlass apex/jorje/semantic/symbol/type/ModifierOrAnnotationTypeInfo
instanceKlass apex/jorje/lsp/api/apexoas/ApexClassOASEligibleResponse
instanceKlass apex/jorje/lsp/api/visitors/ApexOASEligibleSymbolVisitorFactory
instanceKlass apex/jorje/data/Location
instanceKlass org/eclipse/lsp4j/DocumentSymbol
instanceKlass apex/jorje/semantic/symbol/member/method/signature/Signature
instanceKlass apex/jorje/parser/impl/HiddenToken
instanceKlass apex/jorje/semantic/ast/statement/WhenCases$IdentifierCase
instanceKlass apex/jorje/semantic/ast/statement/ElseWhenBlock
instanceKlass apex/jorje/semantic/ast/modifier/ModifierNode
instanceKlass apex/jorje/semantic/ast/statement/TypeWhenBlock
instanceKlass apex/jorje/semantic/ast/statement/ValueWhenBlock
instanceKlass apex/jorje/semantic/ast/statement/WhenBlock
instanceKlass apex/jorje/semantic/ast/expression/ReferenceContext
instanceKlass apex/jorje/semantic/ast/statement/WhenCases$LiteralCase
instanceKlass apex/jorje/semantic/ast/statement/WhenCase
instanceKlass apex/jorje/semantic/ast/member/Field
instanceKlass apex/jorje/semantic/ast/member/Property
instanceKlass apex/jorje/semantic/ast/member/PropertyDescriptor
instanceKlass apex/jorje/semantic/ast/expression/BindExpressions
instanceKlass apex/jorje/semantic/ast/expression/MapEntryNode
instanceKlass apex/jorje/semantic/ast/expression/QueryNode
instanceKlass apex/jorje/semantic/ast/modifier/ModifierOrAnnotation
instanceKlass apex/jorje/semantic/ast/compilation/UserExceptionMethods
instanceKlass apex/jorje/semantic/ast/modifier/ModifierGroup
instanceKlass apex/jorje/semantic/ast/modifier/AnnotationParameter
instanceKlass apex/jorje/semantic/ast/member/Method
instanceKlass apex/jorje/semantic/ast/member/Parameter
instanceKlass apex/jorje/semantic/ast/condition/StandardCondition
instanceKlass apex/jorje/semantic/ast/condition/Condition
instanceKlass apex/jorje/semantic/ast/compilation/UserClassMethods
instanceKlass apex/jorje/semantic/ast/statement/Statement
instanceKlass apex/jorje/semantic/ast/member/bridge/BridgeMethodCreator
instanceKlass apex/jorje/semantic/ast/expression/Expression
instanceKlass apex/jorje/semantic/ast/expression/ShortCircuitable
instanceKlass apex/jorje/parser/impl/HiddenToken$Visitor
instanceKlass apex/jorje/semantic/ast/compilation/Compilation
instanceKlass apex/jorje/semantic/ast/AstNode
instanceKlass apex/jorje/data/Locatable
instanceKlass apex/jorje/semantic/ast/visitor/Scope
instanceKlass apex/jorje/lsp/api/visitors/VisitorFactory
instanceKlass apex/jorje/lsp/impl/utils/SfdxProjects
instanceKlass apex/jorje/lsp/impl/utils/Symbols
instanceKlass apex/jorje/lsp/impl/utils/StandardSymbolPrinter
instanceKlass apex/jorje/lsp/api/utils/SymbolPrinter
instanceKlass apex/jorje/lsp/impl/tests/StandardTestService
instanceKlass apex/jorje/lsp/api/tests/TestService
instanceKlass apex/jorje/lsp/impl/apexoas/ApexOASService
instanceKlass org/eclipse/lsp4j/services/LanguageClientAware
instanceKlass apex/jorje/lsp/api/apexoas/OASService
instanceKlass apex/jorje/lsp/impl/debug/ApexDebuggerService
instanceKlass apex/jorje/lsp/api/debug/DebuggerService
instanceKlass apex/jorje/lsp/impl/symbols/ApexSymbolProvider
instanceKlass apex/jorje/lsp/api/symbols/CachingSymbolProvider
instanceKlass apex/jorje/semantic/compiler/sfdc/SymbolProvider
instanceKlass apex/jorje/lsp/impl/services/ServiceManagerProvider
instanceKlass com/google/common/util/concurrent/ServiceManager
instanceKlass com/google/common/util/concurrent/ServiceManagerBridge
instanceKlass apex/jorje/lsp/impl/workspace/ServerSetup
instanceKlass com/google/common/util/concurrent/AbstractIdleService
instanceKlass apex/jorje/lsp/impl/services/ApexLanguageServer
instanceKlass apex/jorje/lsp/api/client/ExtendedLanguageClientAware
instanceKlass org/eclipse/lsp4j/services/LanguageServer
instanceKlass apex/jorje/lsp/impl/services/StandardCompilerService
instanceKlass apex/jorje/lsp/impl/index/ApexIndexProvider
instanceKlass apex/jorje/lsp/api/db/interfaces/IApexTypeId
instanceKlass apex/jorje/lsp/api/db/interfaces/IApexType
instanceKlass apex/jorje/semantic/symbol/type/TypeInfo
instanceKlass apex/jorje/semantic/symbol/type/naming/TypeNameProvider
instanceKlass apex/jorje/lsp/impl/index/converter/MethodConverter
instanceKlass apex/jorje/lsp/impl/index/converter/FieldConverter
instanceKlass apex/jorje/lsp/impl/index/converter/ParameterConverter
instanceKlass apex/jorje/lsp/impl/index/converter/TypeIdConverter
instanceKlass com/google/common/collect/Iterables
instanceKlass java/util/stream/ForEachOps$ForEachOp
instanceKlass java/util/stream/ForEachOps
instanceKlass apex/jorje/lsp/api/db/interfaces/IApexIndex
instanceKlass apex/jorje/lsp/api/db/interfaces/IApexResourceFile
instanceKlass apex/jorje/lsp/api/db/interfaces/IApexNode
instanceKlass apex/jorje/lsp/api/index/converter/ConverterFactory
instanceKlass apex/jorje/lsp/impl/index/converter/TypeInfoConverter
instanceKlass apex/jorje/lsp/impl/typings/TypeDefinitionLifecycleHandler
instanceKlass apex/jorje/lsp/impl/diagnostics/DiagnosticsReporter
instanceKlass com/google/common/util/concurrent/AbstractScheduledService
instanceKlass com/google/common/util/concurrent/Service
instanceKlass apex/jorje/lsp/api/workspace/WorkspaceChangeListener
instanceKlass apex/jorje/lsp/impl/document/DocumentLifecycleDispatcher
instanceKlass apex/jorje/lsp/api/document/DocumentLifecycleHandler
instanceKlass apex/jorje/lsp/impl/connection/StandardIoProvider
instanceKlass apex/jorje/lsp/api/connection/ConnectionStreamProvider
instanceKlass apex/jorje/lsp/impl/concurrency/ExecutorServiceProvider
instanceKlass apex/jorje/lsp/impl/hover/StandardHoverProvider
instanceKlass apex/jorje/lsp/api/hover/HoverProvider
instanceKlass apex/jorje/lsp/impl/rename/StandardRenameProvider
instanceKlass apex/jorje/lsp/api/rename/RenameProvider
instanceKlass apex/jorje/lsp/impl/references/DBBackedReferenceProvider
instanceKlass apex/jorje/lsp/api/references/ReferenceLocationProvider
instanceKlass apex/jorje/lsp/impl/references/TrackedUsageReferenceStrategy
instanceKlass apex/jorje/lsp/impl/references/ApexReferenceStrategyAggregator
instanceKlass apex/jorje/lsp/api/references/ReferenceStrategy
instanceKlass apex/jorje/lsp/impl/services/StandardDocumentationService
instanceKlass apex/jorje/lsp/api/services/DocumentationService
instanceKlass apex/jorje/lsp/impl/definition/StandardSymbolsDefinitionStrategy
instanceKlass apex/jorje/lsp/impl/search/StandardMemberDefinitionLocator
instanceKlass apex/jorje/lsp/api/search/MemberDefinitionLocator
instanceKlass apex/jorje/lsp/impl/definition/ApexDefinitionStrategyAggregator
instanceKlass apex/jorje/lsp/api/definition/DefinitionStrategy
instanceKlass apex/jorje/lsp/impl/completions/SObjectFieldNamesCompletionStrategy
instanceKlass apex/jorje/lsp/impl/completions/soql/EmbeddedSoqlCompletionStrategy
instanceKlass apex/jorje/lsp/impl/completions/triggers/TriggerContextVariablesCompletionStrategy
instanceKlass apex/jorje/lsp/impl/completions/triggers/TriggerKeywordCompletionStrategy
instanceKlass apex/jorje/lsp/impl/completions/SystemNamespaceCompletionStrategy
instanceKlass apex/jorje/lsp/impl/completions/TypesCompletionStrategy
instanceKlass apex/jorje/lsp/impl/completions/MembersCompletionStrategy
instanceKlass apex/jorje/lsp/impl/completions/MethodNamesCompletionStrategy
instanceKlass apex/jorje/lsp/impl/completions/FieldNamesCompletionStrategy
instanceKlass apex/jorje/lsp/impl/completions/LocalVariableNamesCompletionStrategy
instanceKlass com/google/inject/internal/RealElement
instanceKlass com/google/inject/internal/Element
instanceKlass com/google/inject/internal/MoreTypes$WildcardTypeImpl
instanceKlass com/google/inject/internal/SingleParameterInjector
instanceKlass com/google/inject/internal/InjectorImpl
instanceKlass com/google/inject/internal/Lookups
instanceKlass com/google/inject/internal/InternalContext
instanceKlass com/google/inject/internal/ProvisionListenerStackCallback
instanceKlass sun/reflect/misc/ReflectUtil
instanceKlass sun/reflect/generics/reflectiveObjects/ParameterizedTypeImpl
instanceKlass com/google/inject/internal/ProvisionListenerStackCallback$ProvisionCallback
instanceKlass com/google/inject/internal/InternalProviderInstanceBindingImpl$Factory
instanceKlass com/google/inject/multibindings/MultibinderBinding
instanceKlass sun/reflect/generics/reflectiveObjects/LazyReflectiveObjectGenerator
instanceKlass com/google/inject/internal/MoreTypes$ParameterizedTypeImpl
instanceKlass com/google/inject/internal/MoreTypes$CompositeType
instanceKlass com/google/inject/util/Types
instanceKlass com/google/inject/internal/RealMultibinder$BindingSelection
instanceKlass apex/jorje/lsp/impl/completions/ApexCompletionStrategyAggregator
instanceKlass apex/jorje/lsp/api/completions/CompletionStrategy
instanceKlass com/google/inject/MembersInjector
instanceKlass com/google/inject/spi/TypeListener
instanceKlass com/google/inject/spi/ProvisionListener
instanceKlass org/aopalliance/intercept/MethodInterceptor
instanceKlass org/aopalliance/intercept/Interceptor
instanceKlass org/aopalliance/aop/Advice
instanceKlass com/google/inject/spi/TypeConverter
instanceKlass com/google/inject/matcher/Matcher
instanceKlass com/google/inject/spi/Message
instanceKlass com/google/inject/spi/InjectionPoint$OverrideIndex
instanceKlass com/google/inject/spi/Toolable
instanceKlass sun/reflect/generics/tree/TypeVariableSignature
instanceKlass com/google/inject/internal/Scoping
instanceKlass com/google/inject/internal/InternalFactory
instanceKlass com/google/inject/internal/InternalFlags$1
instanceKlass com/google/inject/internal/InternalFlags
instanceKlass com/google/inject/spi/ConstructorBinding
instanceKlass com/google/inject/spi/InstanceBinding
instanceKlass com/google/inject/internal/DelayedInitialize
instanceKlass com/google/inject/spi/ProviderKeyBinding
instanceKlass com/google/inject/spi/ProviderInstanceBinding
instanceKlass com/google/inject/spi/LinkedKeyBinding
instanceKlass com/google/inject/spi/UntargettedBinding
instanceKlass com/google/inject/internal/BindingImpl
instanceKlass com/google/common/collect/AbstractMapBasedMultimap$Itr
instanceKlass com/google/inject/assistedinject/FactoryProvider2$AssistData
instanceKlass com/google/inject/assistedinject/AssistedMethod
instanceKlass com/google/inject/Inject
instanceKlass jakarta/inject/Inject
instanceKlass com/google/inject/spi/InjectionPoint$InjectableMembers
instanceKlass com/google/inject/spi/Dependency
instanceKlass com/google/inject/internal/Nullability
instanceKlass com/google/inject/internal/KotlinSupport$KotlinUnsupported
instanceKlass com/google/inject/internal/KotlinSupport$KotlinSupportHolder
instanceKlass com/google/inject/internal/KotlinSupportInterface
instanceKlass com/google/inject/internal/KotlinSupport
instanceKlass com/google/inject/spi/InjectionPoint$InjectableMember
instanceKlass com/google/inject/spi/InjectionPoint
instanceKlass com/google/errorprone/annotations/Keep
instanceKlass apex/jorje/lsp/api/services/ApexCompilerService
instanceKlass apex/jorje/semantic/ast/visitor/AstVisitor
instanceKlass com/google/inject/internal/util/Classes
instanceKlass jakarta/inject/Named
instanceKlass com/google/inject/Key$AnnotationInstanceStrategy
instanceKlass com/google/common/cache/LocalCache$StrongValueReference
instanceKlass com/google/common/util/concurrent/AbstractFuture$Failure
instanceKlass com/google/common/util/concurrent/AbstractFuture$Cancellation
instanceKlass com/google/common/util/concurrent/AbstractFuture$SetFuture
instanceKlass com/google/common/util/concurrent/Uninterruptibles
instanceKlass com/google/common/util/concurrent/AbstractFuture$Waiter
instanceKlass com/google/common/util/concurrent/AbstractFuture$Listener
instanceKlass jdk/internal/reflect/UnsafeFieldAccessorFactory
instanceKlass com/google/common/util/concurrent/AbstractFuture$UnsafeAtomicHelper$1
instanceKlass sun/misc/Unsafe
instanceKlass com/google/common/util/concurrent/AbstractFuture$AtomicHelper
instanceKlass com/google/common/util/concurrent/internal/InternalFutureFailureAccess
instanceKlass com/google/common/util/concurrent/AbstractFuture$Trusted
instanceKlass com/google/common/util/concurrent/ListenableFuture
instanceKlass java/lang/annotation/Documented
instanceKlass com/google/common/collect/ObjectArrays
instanceKlass java/lang/reflect/WildcardType
instanceKlass java/lang/reflect/ParameterizedType
instanceKlass apex/jorje/lsp/impl/completions/StringCompletionActivationStrategy
instanceKlass apex/jorje/lsp/impl/completions/PrefixCompletionActivationStrategy
instanceKlass apex/jorje/lsp/impl/completions/SObjectCompletionActivationStrategy
instanceKlass apex/jorje/lsp/impl/completions/ValidationBasedCompletionActivationStrategy
instanceKlass apex/jorje/lsp/impl/completions/triggers/TriggerValidationBasedCompletionActivationStrategy
instanceKlass org/eclipse/lsp4j/Position
instanceKlass apex/jorje/lsp/api/document/Document
instanceKlass com/google/inject/assistedinject/FactoryProvider2$1
instanceKlass com/google/inject/assistedinject/AssistedInject
instanceKlass com/google/inject/internal/UniqueAnnotations$1
instanceKlass jakarta/inject/Qualifier
instanceKlass com/google/inject/BindingAnnotation
instanceKlass jakarta/inject/Scope
instanceKlass com/google/inject/ScopeAnnotation
instanceKlass com/google/inject/internal/Annotations$AnnotationChecker
instanceKlass com/google/inject/internal/Annotations$TestAnnotation
instanceKlass com/google/inject/internal/Annotations$AnnotationToStringConfig
instanceKlass com/google/common/base/Joiner$MapJoiner
instanceKlass com/google/common/base/Joiner
instanceKlass com/google/inject/internal/Annotations
instanceKlass com/google/inject/internal/UniqueAnnotations$Internal
instanceKlass com/google/inject/internal/UniqueAnnotations
instanceKlass com/google/inject/assistedinject/Assisted
instanceKlass com/google/inject/assistedinject/FactoryProvider2
instanceKlass com/google/inject/assistedinject/AssistedInjectBinding
instanceKlass com/google/inject/spi/HasDependencies
instanceKlass com/google/inject/spi/ProviderWithExtensionVisitor
instanceKlass com/google/inject/Key$AnnotationStrategy
instanceKlass com/google/inject/Key
instanceKlass apex/jorje/lsp/impl/completions/CompletionActivationFactory
instanceKlass com/google/inject/assistedinject/BindingCollector
instanceKlass com/google/inject/assistedinject/FactoryModuleBuilder
instanceKlass com/google/inject/util/Modules$EmptyModule
instanceKlass com/google/inject/util/Modules$OverriddenModuleBuilder
instanceKlass com/google/inject/util/Modules
instanceKlass java/util/stream/Nodes$ArrayNode
instanceKlass java/util/stream/Node$Builder
instanceKlass java/util/stream/Node$OfDouble
instanceKlass java/util/stream/Node$OfLong
instanceKlass java/util/stream/Node$OfInt
instanceKlass java/util/stream/Node$OfPrimitive
instanceKlass java/util/stream/Nodes$EmptyNode
instanceKlass java/util/stream/Node
instanceKlass java/util/stream/Nodes
instanceKlass java/util/function/IntFunction
instanceKlass java/util/stream/SortedOps
instanceKlass com/google/common/collect/Ordering
instanceKlass com/google/inject/internal/DeclaredMembers
instanceKlass com/google/common/base/ExtraObjectsMethodsForWeb
instanceKlass com/google/common/collect/ImmutableMap$Builder
instanceKlass com/google/inject/internal/MoreTypes
instanceKlass com/google/inject/TypeLiteral
instanceKlass com/google/inject/multibindings/ProvidesIntoOptional
instanceKlass com/google/inject/multibindings/ProvidesIntoMap
instanceKlass com/google/inject/multibindings/ProvidesIntoSet
instanceKlass com/google/inject/Provides
instanceKlass com/google/inject/spi/ModuleAnnotatedMethodScanner
instanceKlass jakarta/inject/Singleton
instanceKlass com/google/inject/spi/ElementSource
instanceKlass com/google/inject/spi/ScopeBinding
instanceKlass com/google/inject/Scopes$2
instanceKlass com/google/inject/Scopes$1
instanceKlass com/google/inject/internal/SingletonScope
instanceKlass com/google/inject/spi/BindingScopingVisitor
instanceKlass com/google/inject/Scope
instanceKlass com/google/inject/Scopes
instanceKlass com/google/inject/Singleton
instanceKlass com/google/inject/spi/Elements$ModuleInfo
instanceKlass com/google/inject/PrivateModule
instanceKlass java/util/stream/Streams$2
instanceKlass java/util/stream/Streams$ConcatSpliterator
instanceKlass sun/reflect/annotation/AnnotatedTypeFactory$AnnotatedTypeBaseImpl
instanceKlass java/lang/reflect/AnnotatedType
instanceKlass sun/reflect/annotation/AnnotatedTypeFactory
instanceKlass sun/reflect/annotation/TypeAnnotation$LocationInfo$Location
instanceKlass sun/reflect/annotation/TypeAnnotation$LocationInfo
instanceKlass sun/reflect/generics/tree/ClassSignature
instanceKlass sun/reflect/generics/tree/Signature
instanceKlass sun/reflect/generics/tree/FormalTypeParameter
instanceKlass java/lang/reflect/TypeVariable
instanceKlass sun/reflect/generics/repository/AbstractRepository
instanceKlass sun/reflect/annotation/TypeAnnotation
instanceKlass sun/reflect/annotation/TypeAnnotationParser
instanceKlass com/google/inject/RestrictedBindingSource
instanceKlass com/google/inject/spi/BindingSourceRestriction
instanceKlass com/google/inject/spi/ModuleSource
instanceKlass com/google/inject/spi/BindingSourceRestriction$PermitMapConstruction$PermitMapImpl
instanceKlass com/google/inject/spi/BindingSourceRestriction$PermitMap
instanceKlass com/google/inject/spi/BindingSourceRestriction$PermitMapConstruction
instanceKlass com/google/inject/internal/ProviderMethodsModule
instanceKlass com/google/inject/internal/RealOptionalBinder
instanceKlass com/google/inject/internal/RealMultibinder
instanceKlass com/google/inject/internal/RealMapBinder$MultimapBinder
instanceKlass com/google/inject/internal/RealMapBinder
instanceKlass com/google/inject/internal/InternalClassesToSkipSources
instanceKlass com/google/inject/multibindings/OptionalBinder
instanceKlass com/google/inject/multibindings/Multibinder
instanceKlass com/google/inject/multibindings/MapBinder
instanceKlass com/google/inject/internal/AbstractBindingBuilder
instanceKlass com/google/inject/binder/ConstantBindingBuilder
instanceKlass com/google/inject/binder/AnnotatedElementBuilder
instanceKlass com/google/inject/binder/AnnotatedConstantBindingBuilder
instanceKlass com/google/inject/binder/AnnotatedBindingBuilder
instanceKlass com/google/inject/binder/LinkedBindingBuilder
instanceKlass com/google/inject/binder/ScopedBindingBuilder
instanceKlass com/google/inject/spi/Elements$RecordingBinder
instanceKlass com/google/inject/PrivateBinder
instanceKlass com/google/inject/Binding
instanceKlass com/google/inject/spi/DefaultBindingTargetVisitor
instanceKlass com/google/inject/Binder
instanceKlass com/google/inject/spi/BindingTargetVisitor
instanceKlass com/google/inject/spi/Elements
instanceKlass com/google/inject/internal/InjectorShell$RootModule
instanceKlass com/google/common/collect/ListMultimap
instanceKlass com/google/inject/internal/InjectorBindingData
instanceKlass java/util/concurrent/atomic/AtomicReferenceArray
instanceKlass com/google/common/cache/LocalCache$LoadingValueReference
instanceKlass java/util/concurrent/Future
instanceKlass java/util/concurrent/ConcurrentLinkedQueue$Node
instanceKlass com/google/common/cache/Weigher
instanceKlass com/google/common/base/Predicate
instanceKlass com/google/common/base/Equivalence
instanceKlass java/util/function/BiPredicate
instanceKlass com/google/common/base/MoreObjects
instanceKlass com/google/common/cache/LocalCache$1
instanceKlass com/google/common/cache/ReferenceEntry
instanceKlass com/google/common/cache/CacheLoader
instanceKlass com/google/common/cache/LocalCache$LocalManualCache
instanceKlass com/google/common/cache/RemovalListener
instanceKlass com/google/common/cache/LocalCache$ValueReference
instanceKlass com/google/common/cache/CacheBuilder$2
instanceKlass com/google/common/cache/CacheStats
instanceKlass com/google/common/base/Suppliers$SupplierOfInstance
instanceKlass com/google/common/base/Suppliers
instanceKlass com/google/common/cache/CacheBuilder$1
instanceKlass com/google/common/cache/AbstractCache$StatsCounter
instanceKlass com/google/common/cache/LoadingCache
instanceKlass com/google/common/cache/Cache
instanceKlass com/google/common/base/Supplier
instanceKlass com/google/common/cache/CacheBuilder
instanceKlass com/google/inject/internal/WeakKeySet
instanceKlass com/google/common/collect/Sets
instanceKlass com/google/inject/internal/InjectorJitBindingData
instanceKlass com/google/inject/internal/ProcessedBindingData
instanceKlass com/google/inject/spi/Element
instanceKlass com/google/inject/spi/DefaultElementVisitor
instanceKlass com/google/inject/spi/ElementVisitor
instanceKlass com/google/inject/internal/InjectorShell$Builder
instanceKlass com/google/common/collect/Lists
instanceKlass com/google/common/collect/AbstractMapEntry
instanceKlass com/google/common/collect/LinkedHashMultimap$ValueSetLink
instanceKlass com/google/common/collect/CollectPreconditions
instanceKlass com/google/common/collect/Platform
instanceKlass com/google/common/collect/Multiset
instanceKlass com/google/common/collect/AbstractMultimap
instanceKlass com/google/common/collect/SetMultimap
instanceKlass com/google/common/collect/Maps$EntryTransformer
instanceKlass com/google/common/base/Converter
instanceKlass com/google/common/collect/BiMap
instanceKlass com/google/common/collect/ImmutableMap
instanceKlass com/google/common/base/Function
instanceKlass com/google/common/collect/SortedMapDifference
instanceKlass com/google/common/collect/MapDifference
instanceKlass com/google/common/collect/Maps
instanceKlass com/google/inject/internal/CycleDetectingLock
instanceKlass com/google/common/collect/Multimap
instanceKlass com/google/inject/internal/CycleDetectingLock$CycleDetectingLockFactory
instanceKlass com/google/inject/internal/Initializable
instanceKlass com/google/inject/internal/Initializer
instanceKlass com/google/common/collect/PeekingIterator
instanceKlass com/google/common/collect/UnmodifiableIterator
instanceKlass com/google/common/collect/Iterators
instanceKlass com/google/common/collect/ImmutableCollection$Builder
instanceKlass com/google/common/collect/Hashing
instanceKlass com/google/common/math/IntMath$1
instanceKlass com/google/common/math/MathPreconditions
instanceKlass com/google/common/math/IntMath
instanceKlass com/google/common/collect/ImmutableSet$SetBuilderImpl
instanceKlass com/google/inject/internal/util/NewThrowableFinder
instanceKlass com/google/inject/internal/util/CallerFinder
instanceKlass com/google/inject/internal/util/SourceProvider
instanceKlass com/google/inject/spi/ErrorDetail
instanceKlass com/google/inject/internal/Errors
instanceKlass com/google/inject/internal/util/ContinuousStopwatch
instanceKlass com/google/inject/Injector
instanceKlass com/google/inject/internal/InternalInjectorCreator
instanceKlass com/google/inject/Guice
instanceKlass com/google/inject/AbstractModule
instanceKlass com/google/inject/Module
instanceKlass apex/jorje/lsp/impl/utils/StopwatchStepper$Mark
instanceKlass java/util/concurrent/TimeUnit$1
instanceKlass com/google/common/base/CommonPattern
instanceKlass com/google/common/base/Platform$JdkPatternCompiler
instanceKlass java/util/logging/Logger$SystemLoggerHelper$1
instanceKlass java/util/logging/Logger$SystemLoggerHelper
instanceKlass java/util/logging/LogManager$4
instanceKlass jdk/internal/logger/BootstrapLogger$BootstrapExecutors
instanceKlass java/io/FilePermission$1
instanceKlass jdk/internal/access/JavaIOFilePermissionAccess
instanceKlass jdk/internal/logger/LoggerFinderLoader
instanceKlass java/util/stream/Streams
instanceKlass java/util/stream/Stream$Builder
instanceKlass java/util/stream/Streams$AbstractStreamBuilderImpl
instanceKlass java/util/stream/FindOps$FindOp
instanceKlass java/util/stream/FindOps$FindSink
instanceKlass java/util/stream/FindOps
instanceKlass java/util/Hashtable$Enumerator
instanceKlass java/util/Collections$SynchronizedCollection
instanceKlass java/util/Properties$EntrySet
instanceKlass java/util/Collections$3
instanceKlass java/util/logging/LogManager$LoggerContext$1
instanceKlass java/util/logging/LogManager$VisitedLoggers
instanceKlass java/util/logging/LogManager$2
instanceKlass sun/security/util/FilePermCompat
instanceKlass java/util/logging/LogManager$LoggingProviderAccess
instanceKlass java/lang/Shutdown$Lock
instanceKlass java/lang/Shutdown
instanceKlass java/lang/ApplicationShutdownHooks$1
instanceKlass java/lang/ApplicationShutdownHooks
instanceKlass java/util/logging/LogManager$LogNode
instanceKlass java/util/logging/LogManager$LoggerContext
instanceKlass java/util/logging/LogManager$1
instanceKlass java/util/logging/LogManager
instanceKlass java/util/logging/Logger$ConfigurationData
instanceKlass java/util/logging/Logger$LoggerBundle
instanceKlass java/util/logging/Level
instanceKlass java/util/logging/Handler
instanceKlass java/util/logging/Logger
instanceKlass com/google/common/base/PatternCompiler
instanceKlass com/google/common/base/Platform
instanceKlass com/google/common/base/Preconditions
instanceKlass com/google/common/base/Ticker
instanceKlass com/google/common/base/Stopwatch
instanceKlass apex/jorje/lsp/impl/utils/StopwatchStepper
instanceKlass org/eclipse/lsp4j/jsonrpc/MessageConsumer
instanceKlass org/slf4j/helpers/Reporter
instanceKlass ch/qos/logback/core/util/StatusPrinter2
instanceKlass ch/qos/logback/core/util/StatusPrinter
instanceKlass ch/qos/logback/core/status/StatusUtil
instanceKlass ch/qos/logback/classic/util/LoggerNameUtil
instanceKlass ch/qos/logback/core/spi/AppenderAttachableImpl
instanceKlass java/lang/ProcessEnvironment$CheckedEntry
instanceKlass java/lang/ProcessEnvironment$CheckedEntrySet$1
instanceKlass java/lang/ProcessEnvironment$EntryComparator
instanceKlass java/lang/ProcessEnvironment$NameComparator
instanceKlass java/util/Vector$Itr
instanceKlass ch/qos/logback/classic/pattern/TargetLengthBasedClassNameAbbreviator
instanceKlass java/util/concurrent/atomic/AtomicReference
instanceKlass ch/qos/logback/core/util/CachingDateFormatter$CacheTuple
instanceKlass java/time/Period
instanceKlass java/time/chrono/ChronoPeriod
instanceKlass java/time/format/DateTimeFormatterBuilder$TextPrinterParser
instanceKlass java/time/format/DateTimeTextProvider$1
instanceKlass java/time/format/DateTimeTextProvider
instanceKlass java/util/AbstractMap$SimpleImmutableEntry
instanceKlass java/time/format/DateTimeTextProvider$LocaleStore
instanceKlass java/time/format/DateTimeFormatterBuilder$InstantPrinterParser
instanceKlass java/time/format/DateTimeFormatterBuilder$StringLiteralPrinterParser
instanceKlass java/time/format/DateTimeFormatterBuilder$ZoneIdPrinterParser
instanceKlass java/time/format/DateTimeFormatterBuilder$OffsetIdPrinterParser
instanceKlass java/time/format/DecimalStyle
instanceKlass java/time/format/DateTimeFormatterBuilder$CompositePrinterParser
instanceKlass java/time/format/DateTimeFormatterBuilder$CharLiteralPrinterParser
instanceKlass java/time/format/DateTimeFormatterBuilder$NumberPrinterParser
instanceKlass java/time/format/DateTimeFormatterBuilder$DateTimePrinterParser
instanceKlass java/time/temporal/JulianFields
instanceKlass java/time/temporal/IsoFields
instanceKlass java/lang/Character$CharacterCache
instanceKlass java/time/temporal/TemporalQuery
instanceKlass java/time/format/DateTimeFormatterBuilder
instanceKlass java/time/format/DateTimeFormatter
instanceKlass java/time/chrono/AbstractChronology
instanceKlass java/time/chrono/Chronology
instanceKlass java/time/zone/Ser
instanceKlass java/io/Externalizable
instanceKlass jdk/internal/misc/ScopedMemoryAccess$Scope
instanceKlass java/time/zone/ZoneRulesProvider$1
instanceKlass java/time/zone/ZoneRulesProvider
instanceKlass sun/util/calendar/ZoneInfoFile$ZoneOffsetTransitionRule
instanceKlass sun/util/calendar/ZoneInfoFile$1
instanceKlass sun/util/calendar/ZoneInfoFile
instanceKlass java/util/TimeZone
instanceKlass ch/qos/logback/core/util/CachingDateFormatter
instanceKlass ch/qos/logback/core/pattern/ConverterUtil
instanceKlass ch/qos/logback/classic/pattern/NamedConverter$CacheMissCalculator
instanceKlass ch/qos/logback/core/pattern/FormatInfo
instanceKlass ch/qos/logback/core/pattern/util/AsIsEscapeUtil
instanceKlass ch/qos/logback/core/pattern/parser/OptionTokenizer
instanceKlass ch/qos/logback/core/pattern/util/RestrictedEscapeUtil
instanceKlass ch/qos/logback/core/pattern/parser/TokenStream
instanceKlass ch/qos/logback/core/pattern/util/RegularEscapeUtil
instanceKlass ch/qos/logback/classic/pattern/EnsureExceptionHandling
instanceKlass java/lang/invoke/MethodHandle$1
instanceKlass ch/qos/logback/classic/pattern/Abbreviator
instanceKlass ch/qos/logback/core/pattern/Converter
instanceKlass ch/qos/logback/core/pattern/parser/Token
instanceKlass ch/qos/logback/core/pattern/parser/Node
instanceKlass ch/qos/logback/core/pattern/util/IEscapeUtil
instanceKlass ch/qos/logback/core/pattern/PostCompileProcessor
instanceKlass ch/qos/logback/core/joran/spi/NoAutoStart
instanceKlass ch/qos/logback/core/joran/spi/NoAutoStartUtil
instanceKlass ch/qos/logback/core/CoreConstants
instanceKlass ch/qos/logback/core/model/processor/ImplicitModelHandler$1
instanceKlass jdk/internal/loader/BootLoader$PackageHelper
instanceKlass ch/qos/logback/core/joran/util/StringToObjectConverter
instanceKlass ch/qos/logback/core/util/StringUtil
instanceKlass ch/qos/logback/core/joran/util/beans/BeanDescription
instanceKlass ch/qos/logback/core/joran/util/beans/BeanUtil
instanceKlass java/util/concurrent/atomic/AtomicBoolean
instanceKlass ch/qos/logback/core/util/COWArrayList
instanceKlass ch/qos/logback/core/spi/FilterAttachableImpl
instanceKlass ch/qos/logback/core/model/processor/DefaultProcessor$TraverseMethod
instanceKlass ch/qos/logback/core/model/processor/DependencyDefinition
instanceKlass ch/qos/logback/core/subst/NodeToStringTransformer$1
instanceKlass ch/qos/logback/core/subst/Node
instanceKlass ch/qos/logback/core/subst/Parser$1
instanceKlass ch/qos/logback/core/subst/Parser
instanceKlass ch/qos/logback/core/subst/Token
instanceKlass ch/qos/logback/core/subst/Tokenizer
instanceKlass ch/qos/logback/core/subst/NodeToStringTransformer
instanceKlass java/util/regex/Pattern$BitClass
instanceKlass ch/qos/logback/core/util/Duration
instanceKlass ch/qos/logback/core/model/processor/ChainedModelFilter$1
instanceKlass ch/qos/logback/core/model/processor/AllowAllModelFilter
instanceKlass ch/qos/logback/core/model/processor/DenyAllModelFilter
instanceKlass java/lang/reflect/Proxy$ProxyBuilder$1
instanceKlass jdk/internal/org/objectweb/asm/Edge
instanceKlass java/lang/reflect/ProxyGenerator$PrimitiveTypeInfo
instanceKlass java/lang/reflect/ProxyGenerator$ProxyMethod
instanceKlass java/lang/WeakPairMap$Pair$Lookup
instanceKlass java/lang/WeakPairMap$Pair
instanceKlass java/lang/WeakPairMap
instanceKlass java/lang/Module$ReflectionData
instanceKlass java/lang/module/ModuleDescriptor$Builder
instanceKlass java/lang/PublicMethods
instanceKlass java/util/Collections$1
instanceKlass java/lang/reflect/Proxy$ProxyBuilder
instanceKlass java/lang/ClassValue$Version
instanceKlass java/lang/ClassValue$Identity
instanceKlass java/lang/ClassValue
instanceKlass java/lang/reflect/Proxy
instanceKlass sun/reflect/annotation/AnnotationInvocationHandler
instanceKlass java/lang/reflect/InvocationHandler
instanceKlass sun/reflect/annotation/AnnotationParser$1
instanceKlass java/lang/annotation/Target
instanceKlass java/lang/annotation/Inherited
instanceKlass java/lang/annotation/Retention
instanceKlass sun/reflect/annotation/ExceptionProxy
instanceKlass sun/reflect/annotation/AnnotationType$1
instanceKlass sun/reflect/annotation/AnnotationType
instanceKlass java/lang/reflect/GenericArrayType
instanceKlass sun/reflect/generics/visitor/Reifier
instanceKlass sun/reflect/generics/visitor/TypeTreeVisitor
instanceKlass sun/reflect/generics/factory/CoreReflectionFactory
instanceKlass sun/reflect/generics/factory/GenericsFactory
instanceKlass sun/reflect/generics/scope/AbstractScope
instanceKlass sun/reflect/generics/scope/Scope
instanceKlass sun/reflect/generics/tree/ClassTypeSignature
instanceKlass sun/reflect/generics/tree/SimpleClassTypeSignature
instanceKlass sun/reflect/generics/tree/FieldTypeSignature
instanceKlass sun/reflect/generics/tree/BaseType
instanceKlass sun/reflect/generics/tree/TypeSignature
instanceKlass sun/reflect/generics/tree/ReturnType
instanceKlass sun/reflect/generics/tree/TypeArgument
instanceKlass sun/reflect/generics/tree/TypeTree
instanceKlass sun/reflect/generics/tree/Tree
instanceKlass sun/reflect/generics/parser/SignatureParser
instanceKlass ch/qos/logback/core/sift/AppenderFactory
instanceKlass ch/qos/logback/core/joran/action/ImplicitModelData
instanceKlass ch/qos/logback/core/hook/ShutdownHook
instanceKlass ch/qos/logback/core/model/processor/AllowModelFilter
instanceKlass ch/qos/logback/core/model/processor/DefaultProcessor$1
instanceKlass java/lang/Class$AnnotationData
instanceKlass ch/qos/logback/core/model/processor/PhaseIndicator
instanceKlass ch/qos/logback/core/model/ModelHandlerFactoryMethod
instanceKlass ch/qos/logback/core/joran/ModelClassToModelHandlerLinkerBase
instanceKlass ch/qos/logback/core/model/processor/ChainedModelFilter
instanceKlass ch/qos/logback/core/model/processor/ModelFilter
instanceKlass ch/qos/logback/core/net/ssl/SSLComponent
instanceKlass ch/qos/logback/core/net/ssl/SSLNestedComponentRegistryRules
instanceKlass ch/qos/logback/core/boolex/EventEvaluator
instanceKlass ch/qos/logback/core/joran/spi/HostClassAndPropertyDouble
instanceKlass ch/qos/logback/core/Appender
instanceKlass ch/qos/logback/core/spi/FilterAttachable
instanceKlass ch/qos/logback/core/net/ssl/SecureRandomFactoryBean
instanceKlass ch/qos/logback/core/net/ssl/TrustManagerFactoryFactoryBean
instanceKlass ch/qos/logback/core/net/ssl/KeyManagerFactoryFactoryBean
instanceKlass ch/qos/logback/core/net/ssl/KeyStoreFactoryBean
instanceKlass ch/qos/logback/core/net/ssl/SSLContextFactoryBean
instanceKlass ch/qos/logback/core/Layout
instanceKlass ch/qos/logback/core/encoder/Encoder
instanceKlass ch/qos/logback/core/joran/util/ParentTag_Tag_Class_Tuple
instanceKlass ch/qos/logback/classic/model/processor/LogbackClassicDefaultNestedComponentRules
instanceKlass ch/qos/logback/core/joran/spi/DefaultNestedComponentRegistry
instanceKlass ch/qos/logback/core/spi/ContextAwarePropertyContainer
instanceKlass java/util/stream/Sink$ChainedReference
instanceKlass java/util/stream/ReduceOps$AccumulatingSink
instanceKlass java/util/stream/TerminalSink
instanceKlass java/util/stream/ReduceOps$Box
instanceKlass java/util/stream/ReduceOps$ReduceOp
instanceKlass java/util/stream/ReduceOps
instanceKlass java/util/function/BinaryOperator
instanceKlass java/util/function/BiConsumer
instanceKlass java/util/stream/Collectors$CollectorImpl
instanceKlass java/util/stream/Collector
instanceKlass java/util/stream/Collectors
instanceKlass ch/qos/logback/core/joran/sanity/Pair
instanceKlass ch/qos/logback/core/joran/JoranConstants
instanceKlass java/util/stream/MatchOps$BooleanTerminalSink
instanceKlass java/util/stream/Sink
instanceKlass java/util/stream/MatchOps$MatchOp
instanceKlass java/util/stream/TerminalOp
instanceKlass java/util/stream/MatchOps
instanceKlass java/util/function/Predicate
instanceKlass java/util/ArrayList$ArrayListSpliterator
instanceKlass ch/qos/logback/core/joran/spi/EventPlayer
instanceKlass ch/qos/logback/core/joran/spi/SaxEventInterpreter
instanceKlass ch/qos/logback/core/model/INamedModel
instanceKlass ch/qos/logback/core/model/Model
instanceKlass org/xml/sax/helpers/AttributesImpl
instanceKlass org/xml/sax/helpers/LocatorImpl
instanceKlass ch/qos/logback/core/joran/event/SaxEvent
instanceKlass com/sun/org/apache/xerces/internal/impl/Constants$ArrayEnumeration
instanceKlass com/sun/org/apache/xerces/internal/impl/Constants
instanceKlass com/sun/org/apache/xerces/internal/util/XMLChar
instanceKlass com/sun/org/apache/xerces/internal/parsers/AbstractSAXParser$LocatorProxy
instanceKlass org/xml/sax/ext/Locator2
instanceKlass org/xml/sax/Locator
instanceKlass com/sun/org/apache/xerces/internal/util/XMLSymbols
instanceKlass com/sun/xml/internal/stream/Entity
instanceKlass com/sun/xml/internal/stream/util/BufferAllocator
instanceKlass com/sun/xml/internal/stream/util/ThreadLocalBufferAllocator
instanceKlass com/sun/org/apache/xerces/internal/impl/XMLEntityManager$EncodingInfo
instanceKlass com/sun/org/apache/xerces/internal/util/URI
instanceKlass com/sun/org/apache/xerces/internal/utils/XMLLimitAnalyzer
instanceKlass com/sun/org/apache/xerces/internal/xni/parser/XMLInputSource
instanceKlass com/sun/org/apache/xerces/internal/util/ErrorHandlerWrapper
instanceKlass com/sun/org/apache/xerces/internal/xni/parser/XMLErrorHandler
instanceKlass com/sun/org/apache/xerces/internal/impl/ExternalSubsetResolver
instanceKlass com/sun/org/apache/xerces/internal/util/EntityResolverWrapper
instanceKlass org/xml/sax/ext/EntityResolver2
instanceKlass com/sun/org/apache/xerces/internal/parsers/AbstractSAXParser$AttributesProxy
instanceKlass org/xml/sax/ext/Attributes2
instanceKlass org/xml/sax/Attributes
instanceKlass org/xml/sax/AttributeList
instanceKlass com/sun/org/apache/xerces/internal/util/FeatureState
instanceKlass com/sun/org/apache/xerces/internal/util/PropertyState
instanceKlass com/sun/org/apache/xerces/internal/impl/msg/XMLMessageFormatter
instanceKlass com/sun/org/apache/xerces/internal/util/MessageFormatter
instanceKlass com/sun/org/apache/xerces/internal/impl/XMLVersionDetector
instanceKlass com/sun/org/apache/xerces/internal/impl/validation/ValidationManager
instanceKlass com/sun/org/apache/xerces/internal/impl/dv/dtd/NMTOKENDatatypeValidator
instanceKlass com/sun/org/apache/xerces/internal/impl/dv/dtd/NOTATIONDatatypeValidator
instanceKlass com/sun/org/apache/xerces/internal/impl/dv/dtd/ENTITYDatatypeValidator
instanceKlass com/sun/org/apache/xerces/internal/impl/dv/dtd/ListDatatypeValidator
instanceKlass com/sun/org/apache/xerces/internal/impl/dv/dtd/IDREFDatatypeValidator
instanceKlass com/sun/org/apache/xerces/internal/impl/dv/dtd/IDDatatypeValidator
instanceKlass com/sun/org/apache/xerces/internal/impl/dv/dtd/StringDatatypeValidator
instanceKlass com/sun/org/apache/xerces/internal/impl/dv/DatatypeValidator
instanceKlass com/sun/org/apache/xerces/internal/impl/dv/DTDDVFactory
instanceKlass com/sun/org/apache/xerces/internal/impl/dtd/DTDGrammarBucket
instanceKlass com/sun/org/apache/xerces/internal/impl/dtd/XMLAttributeDecl
instanceKlass com/sun/org/apache/xerces/internal/impl/dtd/XMLSimpleType
instanceKlass com/sun/org/apache/xerces/internal/impl/dtd/XMLElementDecl
instanceKlass com/sun/org/apache/xerces/internal/impl/validation/ValidationState
instanceKlass com/sun/org/apache/xerces/internal/impl/dv/ValidationContext
instanceKlass com/sun/org/apache/xerces/internal/impl/dtd/XMLDTDValidator
instanceKlass com/sun/org/apache/xerces/internal/impl/RevalidationHandler
instanceKlass com/sun/org/apache/xerces/internal/impl/dtd/XMLDTDValidatorFilter
instanceKlass com/sun/org/apache/xerces/internal/xni/parser/XMLDocumentFilter
instanceKlass com/sun/org/apache/xerces/internal/impl/dtd/XMLEntityDecl
instanceKlass com/sun/org/apache/xerces/internal/impl/dtd/XMLDTDProcessor
instanceKlass com/sun/org/apache/xerces/internal/xni/parser/XMLDTDContentModelFilter
instanceKlass com/sun/org/apache/xerces/internal/xni/parser/XMLDTDFilter
instanceKlass com/sun/org/apache/xerces/internal/xni/parser/XMLDTDScanner
instanceKlass com/sun/org/apache/xerces/internal/xni/parser/XMLDTDContentModelSource
instanceKlass com/sun/org/apache/xerces/internal/xni/parser/XMLDTDSource
instanceKlass com/sun/org/apache/xerces/internal/xni/grammars/XMLDTDDescription
instanceKlass com/sun/org/apache/xerces/internal/xni/grammars/XMLGrammarDescription
instanceKlass com/sun/org/apache/xerces/internal/impl/XMLDocumentScannerImpl$TrailingMiscDriver
instanceKlass com/sun/org/apache/xerces/internal/impl/XMLDocumentScannerImpl$PrologDriver
instanceKlass com/sun/org/apache/xerces/internal/impl/XMLDocumentScannerImpl$XMLDeclDriver
instanceKlass com/sun/org/apache/xerces/internal/util/NamespaceSupport
instanceKlass com/sun/org/apache/xerces/internal/xni/NamespaceContext
instanceKlass com/sun/org/apache/xerces/internal/util/XMLAttributesImpl$Attribute
instanceKlass com/sun/org/apache/xerces/internal/util/XMLAttributesImpl
instanceKlass com/sun/org/apache/xerces/internal/xni/XMLAttributes
instanceKlass com/sun/org/apache/xerces/internal/impl/XMLDocumentFragmentScannerImpl$FragmentContentDriver
instanceKlass com/sun/org/apache/xerces/internal/impl/XMLDocumentFragmentScannerImpl$Driver
instanceKlass com/sun/org/apache/xerces/internal/impl/XMLDocumentFragmentScannerImpl$ElementStack2
instanceKlass com/sun/org/apache/xerces/internal/xni/QName
instanceKlass com/sun/org/apache/xerces/internal/impl/XMLDocumentFragmentScannerImpl$ElementStack
instanceKlass com/sun/org/apache/xerces/internal/xni/XMLString
instanceKlass com/sun/org/apache/xerces/internal/impl/XMLScanner
instanceKlass com/sun/xml/internal/stream/XMLBufferListener
instanceKlass com/sun/org/apache/xerces/internal/impl/XMLEntityHandler
instanceKlass com/sun/org/apache/xerces/internal/xni/parser/XMLDocumentScanner
instanceKlass com/sun/org/apache/xerces/internal/xni/parser/XMLDocumentSource
instanceKlass com/sun/org/apache/xerces/internal/impl/XMLErrorReporter
instanceKlass com/sun/org/apache/xerces/internal/impl/XMLEntityScanner
instanceKlass com/sun/org/apache/xerces/internal/xni/XMLLocator
instanceKlass com/sun/xml/internal/stream/XMLEntityStorage
instanceKlass com/sun/org/apache/xerces/internal/util/AugmentationsImpl$AugmentationsItemsContainer
instanceKlass com/sun/org/apache/xerces/internal/util/AugmentationsImpl
instanceKlass com/sun/org/apache/xerces/internal/xni/Augmentations
instanceKlass com/sun/org/apache/xerces/internal/util/XMLResourceIdentifierImpl
instanceKlass com/sun/org/apache/xerces/internal/xni/XMLResourceIdentifier
instanceKlass com/sun/org/apache/xerces/internal/impl/XMLEntityManager
instanceKlass com/sun/org/apache/xerces/internal/xni/parser/XMLEntityResolver
instanceKlass com/sun/org/apache/xerces/internal/xni/parser/XMLComponent
instanceKlass com/sun/org/apache/xerces/internal/util/SymbolTable$Entry
instanceKlass com/sun/org/apache/xerces/internal/util/SymbolTable
instanceKlass jdk/xml/internal/JdkConstants
instanceKlass jdk/xml/internal/JdkXmlUtils
instanceKlass com/sun/org/apache/xerces/internal/util/ParserConfigurationSettings
instanceKlass com/sun/org/apache/xerces/internal/parsers/XML11Configurable
instanceKlass com/sun/org/apache/xerces/internal/xni/parser/XMLPullParserConfiguration
instanceKlass com/sun/org/apache/xerces/internal/xni/parser/XMLParserConfiguration
instanceKlass com/sun/org/apache/xerces/internal/xni/parser/XMLComponentManager
instanceKlass com/sun/org/apache/xerces/internal/parsers/XMLParser
instanceKlass com/sun/org/apache/xerces/internal/xni/XMLDTDContentModelHandler
instanceKlass com/sun/org/apache/xerces/internal/xni/XMLDTDHandler
instanceKlass com/sun/org/apache/xerces/internal/xni/XMLDocumentHandler
instanceKlass org/xml/sax/XMLReader
instanceKlass org/xml/sax/Parser
instanceKlass com/sun/org/apache/xerces/internal/utils/XMLSecurityPropertyManager
instanceKlass com/sun/org/apache/xerces/internal/utils/XMLSecurityManager
instanceKlass javax/xml/parsers/SAXParser
instanceKlass com/sun/org/apache/xerces/internal/xs/PSVIProvider
instanceKlass com/sun/org/apache/xerces/internal/jaxp/JAXPConstants
instanceKlass javax/xml/parsers/FactoryFinder$1
instanceKlass jdk/xml/internal/SecuritySupport
instanceKlass javax/xml/parsers/FactoryFinder
instanceKlass javax/xml/parsers/SAXParserFactory
instanceKlass ch/qos/logback/core/joran/spi/ElementPath
instanceKlass org/xml/sax/helpers/DefaultHandler
instanceKlass org/xml/sax/ErrorHandler
instanceKlass org/xml/sax/ContentHandler
instanceKlass org/xml/sax/DTDHandler
instanceKlass org/xml/sax/EntityResolver
instanceKlass ch/qos/logback/core/spi/ConfigurationEventListener
instanceKlass ch/qos/logback/core/spi/ConfigurationEvent
instanceKlass org/xml/sax/InputSource
instanceKlass ch/qos/logback/core/joran/util/ConfigurationWatchListUtil
instanceKlass ch/qos/logback/core/joran/sanity/SanityChecker
instanceKlass ch/qos/logback/core/joran/spi/RuleStore
instanceKlass java/lang/invoke/LambdaFormEditor$1
instanceKlass java/lang/invoke/MethodHandles$1
instanceKlass ch/qos/logback/core/spi/ContextAwareBase
instanceKlass java/util/TimSort
instanceKlass java/util/Arrays$LegacyMergeSort
instanceKlass ch/qos/logback/core/status/StatusListener
instanceKlass ch/qos/logback/core/util/StatusListenerConfigHelper
instanceKlass ch/qos/logback/core/status/StatusBase
instanceKlass ch/qos/logback/core/util/EnvUtil
instanceKlass ch/qos/logback/classic/util/ClassicEnvUtil
instanceKlass ch/qos/logback/core/util/OptionHelper
instanceKlass ch/qos/logback/core/util/Loader
instanceKlass ch/qos/logback/classic/spi/Configurator
instanceKlass ch/qos/logback/core/spi/ContextAwareImpl
instanceKlass ch/qos/logback/classic/util/ContextInitializer$1
instanceKlass ch/qos/logback/core/spi/ContextAware
instanceKlass ch/qos/logback/classic/util/ContextInitializer
instanceKlass org/slf4j/MDC
instanceKlass ch/qos/logback/classic/util/LogbackMDCAdapter
instanceKlass ch/qos/logback/classic/Level
instanceKlass ch/qos/logback/classic/spi/ILoggingEvent
instanceKlass ch/qos/logback/core/spi/DeferredProcessingAware
instanceKlass org/slf4j/spi/LoggingEventBuilder
instanceKlass ch/qos/logback/classic/Logger
instanceKlass ch/qos/logback/core/spi/AppenderAttachable
instanceKlass org/slf4j/spi/LoggingEventAware
instanceKlass org/slf4j/spi/LocationAwareLogger
instanceKlass ch/qos/logback/classic/spi/LoggerContextVO
instanceKlass ch/qos/logback/core/spi/LogbackLock
instanceKlass ch/qos/logback/core/helpers/CyclicBuffer
instanceKlass ch/qos/logback/core/BasicStatusManager
instanceKlass java/util/concurrent/ExecutorService
instanceKlass java/util/concurrent/Executor
instanceKlass ch/qos/logback/core/status/Status
instanceKlass ch/qos/logback/core/status/StatusManager
instanceKlass ch/qos/logback/core/ContextBase
instanceKlass ch/qos/logback/core/spi/LifeCycle
instanceKlass ch/qos/logback/core/Context
instanceKlass ch/qos/logback/core/spi/PropertyContainer
instanceKlass ch/qos/logback/classic/spi/LogbackServiceProvider
instanceKlass java/nio/charset/CoderResult
instanceKlass java/io/Reader
instanceKlass sun/util/logging/PlatformLogger
instanceKlass sun/util/logging/PlatformLogger$ConfigurableBridge$LoggerConfiguration
instanceKlass jdk/internal/logger/BootstrapLogger$RedirectedLoggers
instanceKlass jdk/internal/logger/LazyLoggers$LazyLoggerAccessor
instanceKlass jdk/internal/logger/LazyLoggers$LoggerAccessor
instanceKlass jdk/internal/logger/AbstractLoggerWrapper
instanceKlass java/util/ServiceLoader$ProviderImpl
instanceKlass java/util/ServiceLoader$Provider
instanceKlass java/util/ServiceLoader$1
instanceKlass sun/util/logging/internal/LoggingProviderImpl$LogManagerAccess
instanceKlass java/util/concurrent/CopyOnWriteArrayList$COWIterator
instanceKlass jdk/internal/logger/BootstrapLogger$DetectBackend$1
instanceKlass jdk/internal/logger/BootstrapLogger$DetectBackend
instanceKlass jdk/internal/logger/BootstrapLogger
instanceKlass sun/util/logging/PlatformLogger$ConfigurableBridge
instanceKlass sun/util/logging/PlatformLogger$Bridge
instanceKlass jdk/internal/logger/DefaultLoggerFinder$1
instanceKlass java/lang/System$LoggerFinder
instanceKlass jdk/internal/logger/LazyLoggers$LazyLoggerFactories
instanceKlass jdk/internal/logger/LazyLoggers$1
instanceKlass jdk/internal/logger/LazyLoggers
instanceKlass jdk/internal/misc/ThreadTracker
instanceKlass jdk/internal/event/EventHelper$ThreadTrackHolder
instanceKlass sun/security/util/MemoryCache$QueueCacheEntry
instanceKlass sun/net/www/MessageHeader
instanceKlass sun/net/www/protocol/jar/JarFileFactory
instanceKlass sun/net/www/protocol/jar/URLJarFile$URLJarFileCloseController
instanceKlass java/net/URLConnection
instanceKlass jdk/internal/loader/URLClassPath$1
instanceKlass java/lang/CompoundEnumeration
instanceKlass jdk/internal/loader/BuiltinClassLoader$1
instanceKlass java/util/Collections$EmptyEnumeration
instanceKlass jdk/internal/loader/BuiltinClassLoader$2
instanceKlass java/util/ServiceLoader$3
instanceKlass java/util/ServiceLoader$2
instanceKlass java/util/ServiceLoader$LazyClassPathLookupIterator
instanceKlass java/util/Spliterators$1Adapter
instanceKlass java/util/function/Consumer
instanceKlass sun/reflect/annotation/AnnotationParser
instanceKlass java/lang/Class$3
instanceKlass java/util/EnumMap$1
instanceKlass java/util/stream/StreamOpFlag$MaskBuilder
instanceKlass java/util/stream/Stream
instanceKlass java/util/stream/BaseStream
instanceKlass java/util/stream/PipelineHelper
instanceKlass java/util/stream/StreamSupport
instanceKlass java/util/Spliterators$ArraySpliterator
instanceKlass java/util/Spliterator$OfDouble
instanceKlass java/util/Spliterator$OfLong
instanceKlass java/util/Spliterator$OfInt
instanceKlass java/util/Spliterator$OfPrimitive
instanceKlass java/util/Spliterator
instanceKlass java/util/Spliterators$EmptySpliterator
instanceKlass java/util/Spliterators
instanceKlass java/util/ServiceLoader$ModuleServicesLookupIterator
instanceKlass java/util/ServiceLoader
instanceKlass org/slf4j/helpers/Util
instanceKlass org/slf4j/helpers/NOPMDCAdapter
instanceKlass org/slf4j/helpers/NOPLoggerFactory
instanceKlass org/slf4j/helpers/NOP_FallbackServiceProvider
instanceKlass org/slf4j/helpers/ThreadLocalMapOfStacks
instanceKlass org/slf4j/helpers/BasicMDCAdapter
instanceKlass org/slf4j/Marker
instanceKlass org/slf4j/helpers/BasicMarkerFactory
instanceKlass java/util/concurrent/LinkedBlockingQueue$Node
instanceKlass java/util/concurrent/locks/AbstractQueuedSynchronizer$ConditionObject
instanceKlass java/util/concurrent/locks/Condition
instanceKlass java/util/concurrent/BlockingQueue
instanceKlass org/slf4j/Logger
instanceKlass org/slf4j/helpers/SubstituteLoggerFactory
instanceKlass org/slf4j/ILoggerFactory
instanceKlass org/slf4j/spi/MDCAdapter
instanceKlass org/slf4j/IMarkerFactory
instanceKlass jdk/internal/reflect/ClassDefiner$1
instanceKlass jdk/internal/reflect/ClassDefiner
instanceKlass jdk/internal/reflect/MethodAccessorGenerator$1
instanceKlass jdk/internal/reflect/Label$PatchInfo
instanceKlass jdk/internal/reflect/Label
instanceKlass jdk/internal/reflect/UTF8
instanceKlass jdk/internal/reflect/ClassFileAssembler
instanceKlass jdk/internal/reflect/ByteVectorImpl
instanceKlass jdk/internal/reflect/ByteVector
instanceKlass jdk/internal/reflect/ByteVectorFactory
instanceKlass jdk/internal/reflect/AccessorGenerator
instanceKlass jdk/internal/reflect/ClassFileConstants
instanceKlass org/slf4j/helpers/SubstituteServiceProvider
instanceKlass org/slf4j/event/LoggingEvent
instanceKlass org/slf4j/spi/SLF4JServiceProvider
instanceKlass org/slf4j/LoggerFactory
instanceKlass java/lang/Long$LongCache
instanceKlass apex/jorje/lsp/impl/telemetry/TelemetryData
instanceKlass java/lang/PublicMethods$Key
instanceKlass java/lang/PublicMethods$MethodList
instanceKlass org/eclipse/lsp4j/services/LanguageClient
instanceKlass apex/jorje/lsp/ApexLanguageServerLauncher
instanceKlass com/google/inject/Provider
instanceKlass jakarta/inject/Provider
instanceKlass java/security/SecureClassLoader$DebugHolder
instanceKlass java/security/PermissionCollection
instanceKlass java/security/SecureClassLoader$1
instanceKlass java/security/SecureClassLoader$CodeSourceKey
instanceKlass java/util/zip/Checksum$1
instanceKlass java/util/zip/CRC32
instanceKlass java/util/zip/Checksum
instanceKlass sun/nio/ByteBuffered
instanceKlass sun/security/util/ManifestEntryVerifier$SunProviderHolder
instanceKlass java/lang/Package$VersionInfo
instanceKlass java/lang/NamedPackage
instanceKlass java/util/LinkedList$Node
instanceKlass java/util/Base64$Encoder
instanceKlass java/util/Base64$Decoder
instanceKlass java/util/Base64
instanceKlass javax/crypto/SecretKey
instanceKlass sun/security/util/Length
instanceKlass sun/security/util/KeyUtil
instanceKlass java/security/interfaces/XECKey
instanceKlass java/security/interfaces/ECKey
instanceKlass sun/security/util/JarConstraintsParameters
instanceKlass sun/security/util/ConstraintsParameters
instanceKlass java/security/Timestamp
instanceKlass sun/security/timestamp/TimestampToken
instanceKlass java/security/cert/CertPath
instanceKlass java/math/MutableBigInteger
instanceKlass sun/security/rsa/RSAPadding
instanceKlass sun/security/rsa/RSACore
instanceKlass java/security/interfaces/RSAPrivateCrtKey
instanceKlass sun/security/pkcs/PKCS8Key
instanceKlass java/security/interfaces/RSAPrivateKey
instanceKlass java/security/PrivateKey
instanceKlass javax/security/auth/Destroyable
instanceKlass java/security/Signature$1
instanceKlass jdk/internal/access/JavaSecuritySignatureAccess
instanceKlass java/security/SignatureSpi
instanceKlass jdk/internal/icu/util/CodePointTrie$Data
instanceKlass jdk/internal/icu/util/CodePointTrie$1
instanceKlass java/lang/Readable
instanceKlass jdk/internal/icu/util/CodePointMap
instanceKlass jdk/internal/icu/util/VersionInfo
instanceKlass jdk/internal/jimage/ImageLocation
instanceKlass jdk/internal/jimage/decompressor/Decompressor
instanceKlass jdk/internal/jimage/ImageStringsReader
instanceKlass jdk/internal/jimage/ImageStrings
instanceKlass jdk/internal/jimage/ImageHeader
instanceKlass jdk/internal/jimage/NativeImageBuffer$1
instanceKlass jdk/internal/jimage/NativeImageBuffer
instanceKlass jdk/internal/jimage/BasicImageReader$1
instanceKlass jdk/internal/jimage/BasicImageReader
instanceKlass jdk/internal/jimage/ImageReader
instanceKlass jdk/internal/jimage/ImageReaderFactory$1
instanceKlass java/nio/file/FileSystems$DefaultFileSystemHolder$1
instanceKlass java/nio/file/FileSystems$DefaultFileSystemHolder
instanceKlass java/nio/file/FileSystems
instanceKlass java/nio/file/Paths
instanceKlass jdk/internal/jimage/ImageReaderFactory
instanceKlass jdk/internal/module/SystemModuleFinders$SystemImage
instanceKlass jdk/internal/module/SystemModuleFinders$SystemModuleReader
instanceKlass java/lang/module/ModuleReader
instanceKlass jdk/internal/loader/BuiltinClassLoader$5
instanceKlass jdk/internal/module/Checks
instanceKlass jdk/internal/module/Resources
instanceKlass jdk/internal/icu/impl/ICUBinary$1
instanceKlass jdk/internal/icu/impl/ICUBinary
instanceKlass jdk/internal/icu/impl/NormalizerImpl$IsAcceptable
instanceKlass jdk/internal/icu/impl/ICUBinary$Authenticate
instanceKlass jdk/internal/icu/impl/NormalizerImpl
instanceKlass jdk/internal/icu/impl/Norm2AllModes$Norm2AllModesSingleton
instanceKlass jdk/internal/icu/impl/Norm2AllModes$NFKCSingleton
instanceKlass jdk/internal/icu/impl/Norm2AllModes
instanceKlass jdk/internal/icu/text/Normalizer2
instanceKlass jdk/internal/icu/text/NormalizerBase$ModeImpl
instanceKlass jdk/internal/icu/text/NormalizerBase$NFKDModeImpl
instanceKlass jdk/internal/icu/text/NormalizerBase$1
instanceKlass jdk/internal/icu/text/NormalizerBase$Mode
instanceKlass jdk/internal/icu/text/NormalizerBase
instanceKlass java/text/Normalizer
instanceKlass sun/security/x509/AVAKeyword
instanceKlass java/util/StringJoiner
instanceKlass sun/security/util/SignatureUtil
instanceKlass java/lang/constant/DynamicConstantDesc
instanceKlass java/lang/constant/DirectMethodHandleDesc$1
instanceKlass java/lang/constant/DirectMethodHandleDescImpl$1
instanceKlass java/lang/constant/DirectMethodHandleDescImpl
instanceKlass java/lang/constant/DirectMethodHandleDesc
instanceKlass java/lang/constant/MethodHandleDesc$1
instanceKlass java/lang/constant/MethodHandleDesc
instanceKlass java/lang/constant/MethodTypeDescImpl
instanceKlass java/lang/constant/MethodTypeDesc
instanceKlass java/lang/constant/ReferenceClassDescImpl
instanceKlass java/lang/constant/ConstantUtils
instanceKlass java/lang/constant/ClassDesc
instanceKlass java/lang/constant/ConstantDescs
instanceKlass java/lang/invoke/VarHandle$2
instanceKlass java/lang/invoke/VarHandle$TypesAndInvokers
instanceKlass java/lang/invoke/VarHandle$AccessDescriptor
instanceKlass java/lang/invoke/VarHandleByteArrayBase
instanceKlass sun/security/provider/ByteArrayAccess$BE
instanceKlass sun/security/provider/ByteArrayAccess
instanceKlass sun/security/util/MessageDigestSpi2
instanceKlass sun/security/util/SecurityProperties
instanceKlass sun/security/util/CryptoAlgorithmConstraints$CryptoHolder
instanceKlass java/security/MessageDigestSpi
instanceKlass sun/security/pkcs/ESSCertId
instanceKlass sun/security/pkcs/SigningCertificateInfo
instanceKlass java/lang/Byte$ByteCache
instanceKlass sun/security/pkcs/PKCS9Attribute
instanceKlass sun/security/pkcs/PKCS9Attributes
instanceKlass java/time/Instant
instanceKlass java/time/zone/ZoneOffsetTransition
instanceKlass java/time/LocalTime
instanceKlass java/time/temporal/ValueRange
instanceKlass java/time/Duration
instanceKlass java/time/temporal/TemporalAmount
instanceKlass java/time/temporal/TemporalUnit
instanceKlass java/time/temporal/TemporalField
instanceKlass java/time/LocalDate
instanceKlass java/time/chrono/ChronoLocalDate
instanceKlass java/time/ZonedDateTime
instanceKlass java/time/chrono/ChronoZonedDateTime
instanceKlass java/time/LocalDateTime
instanceKlass java/time/chrono/ChronoLocalDateTime
instanceKlass java/time/temporal/Temporal
instanceKlass java/time/zone/ZoneOffsetTransitionRule
instanceKlass java/time/zone/ZoneRules
instanceKlass java/time/temporal/TemporalAdjuster
instanceKlass java/time/temporal/TemporalAccessor
instanceKlass java/time/ZoneId
instanceKlass java/util/regex/Pattern$BmpCharPredicate
instanceKlass java/util/regex/CharPredicates
instanceKlass sun/security/util/DisabledAlgorithmConstraints$Constraints$Holder
instanceKlass sun/security/util/DisabledAlgorithmConstraints$1
instanceKlass sun/security/util/DisabledAlgorithmConstraints$Constraint
instanceKlass java/util/StringTokenizer
instanceKlass java/security/spec/ECFieldF2m
instanceKlass java/security/spec/ECParameterSpec
instanceKlass java/security/spec/ECPoint
instanceKlass java/security/spec/EllipticCurve
instanceKlass java/security/spec/ECFieldFp
instanceKlass java/security/spec/ECField
instanceKlass sun/security/util/CurveDB
instanceKlass sun/security/util/DisabledAlgorithmConstraints$Constraints
instanceKlass java/util/regex/IntHashSet
instanceKlass java/util/regex/Matcher
instanceKlass java/util/regex/MatchResult
instanceKlass sun/security/util/AbstractAlgorithmConstraints$1
instanceKlass sun/security/util/AlgorithmDecomposer
instanceKlass sun/security/util/DisabledAlgorithmConstraints$JarHolder
instanceKlass java/util/regex/Pattern$TreeInfo
instanceKlass java/util/regex/Pattern$CharPredicate
instanceKlass java/util/regex/ASCII
instanceKlass java/util/regex/Pattern$Node
instanceKlass java/util/regex/Pattern
instanceKlass sun/security/util/AbstractAlgorithmConstraints
instanceKlass java/security/AlgorithmConstraints
instanceKlass sun/security/pkcs/SignerInfo
instanceKlass sun/security/x509/AccessDescription
instanceKlass sun/security/util/HostnameChecker
instanceKlass sun/security/x509/DNSName
instanceKlass java/net/URI$Parser
instanceKlass sun/security/x509/URIName
instanceKlass sun/security/x509/GeneralName
instanceKlass sun/security/x509/DistributionPoint
instanceKlass sun/security/x509/GeneralNames
instanceKlass java/security/cert/PolicyQualifierInfo
instanceKlass sun/security/x509/CertificatePolicyId
instanceKlass sun/security/x509/PolicyInformation
instanceKlass java/lang/invoke/VarForm
instanceKlass java/lang/invoke/VarHandleGuards
instanceKlass jdk/internal/util/Preconditions$1
instanceKlass java/lang/invoke/VarHandle$1
instanceKlass java/lang/invoke/VarHandles
instanceKlass java/lang/System$Logger
instanceKlass jdk/internal/event/EventHelper
instanceKlass sun/security/jca/JCAUtil
instanceKlass sun/security/util/MemoryCache$CacheEntry
instanceKlass sun/security/x509/X509AttributeName
instanceKlass sun/security/x509/KeyIdentifier
instanceKlass sun/security/x509/OIDMap$OIDInfo
instanceKlass sun/security/x509/PKIXExtensions
instanceKlass sun/security/x509/OIDMap
instanceKlass sun/security/x509/Extension
instanceKlass java/security/cert/Extension
instanceKlass java/util/Collections$SynchronizedMap
instanceKlass sun/security/x509/CertificateExtensions
instanceKlass sun/security/rsa/RSAUtil
instanceKlass sun/security/util/IOUtils
instanceKlass java/security/interfaces/RSAPublicKey
instanceKlass java/security/interfaces/RSAKey
instanceKlass java/security/spec/PSSParameterSpec
instanceKlass java/security/spec/AlgorithmParameterSpec
instanceKlass java/security/spec/RSAPrivateKeySpec
instanceKlass java/security/spec/RSAPublicKeySpec
instanceKlass java/security/KeyFactorySpi
instanceKlass sun/security/rsa/SunRsaSignEntries
instanceKlass sun/security/jca/ProviderList$ServiceList$1
instanceKlass java/security/KeyFactory
instanceKlass java/security/spec/EncodedKeySpec$1
instanceKlass jdk/internal/access/JavaSecuritySpecAccess
instanceKlass java/security/spec/EncodedKeySpec
instanceKlass java/security/spec/KeySpec
instanceKlass sun/security/util/BitArray
instanceKlass sun/security/x509/X509Key
instanceKlass java/security/PublicKey
instanceKlass java/security/Key
instanceKlass sun/security/x509/CertificateX509Key
instanceKlass java/util/Date
instanceKlass sun/util/calendar/CalendarUtils
instanceKlass sun/util/calendar/CalendarDate
instanceKlass sun/util/calendar/CalendarSystem$GregorianHolder
instanceKlass sun/util/calendar/CalendarSystem
instanceKlass sun/security/x509/CertificateValidity
instanceKlass sun/security/x509/AVA
instanceKlass sun/security/x509/RDN
instanceKlass javax/security/auth/x500/X500Principal
instanceKlass sun/security/x509/X500Name$1
instanceKlass sun/security/x509/X500Name
instanceKlass sun/security/x509/GeneralNameInterface
instanceKlass sun/security/x509/CertificateAlgorithmId
instanceKlass sun/security/x509/SerialNumber
instanceKlass sun/security/x509/CertificateSerialNumber
instanceKlass sun/security/x509/CertificateVersion
instanceKlass sun/security/x509/X509CertInfo
instanceKlass sun/security/x509/CertAttrSet
instanceKlass sun/security/util/Cache$EqualByteArray
instanceKlass java/security/cert/X509Extension
instanceKlass sun/security/jca/GetInstance$Instance
instanceKlass sun/security/util/Cache
instanceKlass jdk/internal/event/Event
instanceKlass sun/security/jca/GetInstance
instanceKlass java/security/cert/CertificateFactorySpi
instanceKlass java/security/cert/CertificateFactory
instanceKlass sun/security/x509/AlgorithmId
instanceKlass sun/security/util/ByteArrayTagOrder
instanceKlass sun/security/util/ByteArrayLexOrder
instanceKlass sun/security/util/DerEncoder
instanceKlass sun/security/util/DerValue
instanceKlass sun/security/util/ObjectIdentifier
instanceKlass sun/security/pkcs/ContentInfo
instanceKlass sun/security/util/DerInputStream
instanceKlass sun/security/pkcs/PKCS7
instanceKlass java/util/Collections$EmptyIterator
instanceKlass java/util/LinkedHashMap$LinkedHashIterator
instanceKlass sun/security/util/SecurityProviderConstants
instanceKlass java/security/Provider$UString
instanceKlass java/security/Provider$Service
instanceKlass sun/security/provider/NativePRNG$NonBlocking
instanceKlass sun/security/provider/NativePRNG$Blocking
instanceKlass sun/security/provider/NativePRNG
instanceKlass sun/security/provider/SunEntries$1
instanceKlass sun/security/provider/SunEntries
instanceKlass sun/security/util/SecurityConstants
instanceKlass java/security/Security$2
instanceKlass jdk/internal/access/JavaSecurityPropertiesAccess
instanceKlass java/util/concurrent/ConcurrentHashMap$MapEntry
instanceKlass java/io/FileInputStream$1
instanceKlass java/util/Properties$LineReader
instanceKlass java/security/Security$1
instanceKlass java/security/Security
instanceKlass sun/security/jca/ProviderList$2
instanceKlass jdk/internal/math/FloatingDecimal$ASCIIToBinaryBuffer
instanceKlass jdk/internal/math/FloatingDecimal$PreparedASCIIToBinaryBuffer
instanceKlass jdk/internal/math/FloatingDecimal$ASCIIToBinaryConverter
instanceKlass jdk/internal/math/FloatingDecimal$BinaryToASCIIBuffer
instanceKlass jdk/internal/math/FloatingDecimal$ExceptionalBinaryToASCIIBuffer
instanceKlass jdk/internal/math/FloatingDecimal$BinaryToASCIIConverter
instanceKlass jdk/internal/math/FloatingDecimal
instanceKlass javax/security/auth/login/Configuration$Parameters
instanceKlass java/security/Policy$Parameters
instanceKlass java/security/cert/CertStoreParameters
instanceKlass java/security/SecureRandomParameters
instanceKlass java/security/Provider$EngineDescription
instanceKlass java/security/Provider$ServiceKey
instanceKlass sun/security/jca/ProviderConfig
instanceKlass sun/security/jca/ProviderList
instanceKlass sun/security/jca/Providers
instanceKlass java/util/function/BiFunction
instanceKlass jdk/internal/org/objectweb/asm/FieldVisitor
instanceKlass java/lang/invoke/InvokerBytecodeGenerator$ClassData
instanceKlass jdk/internal/org/objectweb/asm/Frame
instanceKlass java/lang/invoke/LambdaFormBuffer
instanceKlass java/lang/invoke/LambdaFormEditor$TransformKey
instanceKlass java/lang/invoke/LambdaFormEditor
instanceKlass sun/invoke/util/Wrapper$1
instanceKlass java/lang/invoke/DelegatingMethodHandle$Holder
instanceKlass java/lang/invoke/DirectMethodHandle$2
instanceKlass sun/invoke/empty/Empty
instanceKlass sun/invoke/util/VerifyType
instanceKlass java/lang/invoke/ClassSpecializer$Factory
instanceKlass java/lang/invoke/ClassSpecializer$SpeciesData
instanceKlass java/lang/invoke/ClassSpecializer$1
instanceKlass java/lang/invoke/ClassSpecializer
instanceKlass java/lang/invoke/InnerClassLambdaMetafactory$1
instanceKlass java/lang/invoke/MethodHandles$Lookup$ClassDefiner
instanceKlass jdk/internal/org/objectweb/asm/ClassReader
instanceKlass java/lang/invoke/MethodHandles$Lookup$ClassFile
instanceKlass jdk/internal/org/objectweb/asm/AnnotationVisitor
instanceKlass jdk/internal/org/objectweb/asm/Attribute
instanceKlass jdk/internal/org/objectweb/asm/Handler
instanceKlass jdk/internal/org/objectweb/asm/Label
instanceKlass jdk/internal/org/objectweb/asm/MethodVisitor
instanceKlass java/lang/invoke/LambdaProxyClassArchive
instanceKlass jdk/internal/org/objectweb/asm/ByteVector
instanceKlass jdk/internal/org/objectweb/asm/Symbol
instanceKlass jdk/internal/org/objectweb/asm/SymbolTable
instanceKlass jdk/internal/org/objectweb/asm/ClassVisitor
instanceKlass java/lang/invoke/InfoFromMemberName
instanceKlass java/lang/invoke/MethodHandleInfo
instanceKlass jdk/internal/org/objectweb/asm/ConstantDynamic
instanceKlass sun/invoke/util/BytecodeDescriptor
instanceKlass jdk/internal/org/objectweb/asm/Handle
instanceKlass sun/security/action/GetBooleanAction
instanceKlass jdk/internal/org/objectweb/asm/Type
instanceKlass java/lang/invoke/AbstractValidatingLambdaMetafactory
instanceKlass java/lang/invoke/MethodHandleImpl$1
instanceKlass jdk/internal/access/JavaLangInvokeAccess
instanceKlass java/lang/invoke/Invokers$Holder
instanceKlass java/lang/invoke/BootstrapMethodInvoker
instanceKlass java/lang/invoke/InvokerBytecodeGenerator$2
instanceKlass java/lang/invoke/InvokerBytecodeGenerator
instanceKlass java/lang/invoke/LambdaForm$Holder
instanceKlass java/lang/invoke/LambdaForm$Name
instanceKlass java/lang/invoke/Invokers
instanceKlass java/lang/invoke/MethodHandleImpl
instanceKlass sun/invoke/util/ValueConversions
instanceKlass java/lang/invoke/DirectMethodHandle$Holder
instanceKlass java/lang/invoke/LambdaForm$NamedFunction
instanceKlass sun/invoke/util/Wrapper$Format
instanceKlass java/lang/invoke/MethodTypeForm
instanceKlass java/lang/Void
instanceKlass java/lang/invoke/MethodType$ConcurrentWeakInternSet
instanceKlass java/lang/invoke/LambdaMetafactory
instanceKlass sun/security/util/ManifestDigester$Section
instanceKlass sun/security/util/ManifestDigester$Entry
instanceKlass sun/security/util/ManifestDigester$Position
instanceKlass sun/security/util/ManifestDigester
instanceKlass sun/security/util/ManifestEntryVerifier
instanceKlass java/util/jar/Attributes$Name
instanceKlass java/util/jar/Attributes
instanceKlass java/security/CodeSigner
instanceKlass java/util/jar/JarVerifier
instanceKlass jdk/internal/loader/Resource
instanceKlass java/util/ArrayList$Itr
instanceKlass sun/security/action/GetIntegerAction
instanceKlass sun/security/util/Debug
instanceKlass sun/security/util/SignatureFileVerifier
instanceKlass java/util/zip/ZipFile$InflaterCleanupAction
instanceKlass java/util/zip/Inflater$InflaterZStreamRef
instanceKlass java/util/zip/Inflater
instanceKlass java/util/zip/ZipEntry
instanceKlass jdk/internal/util/jar/JarIndex
instanceKlass java/nio/Bits$1
instanceKlass jdk/internal/misc/VM$BufferPool
instanceKlass java/nio/Bits
instanceKlass sun/nio/ch/DirectBuffer
instanceKlass jdk/internal/perf/PerfCounter$CoreCounters
instanceKlass jdk/internal/perf/Perf
instanceKlass jdk/internal/perf/Perf$GetPerfAction
instanceKlass jdk/internal/perf/PerfCounter
instanceKlass java/nio/file/attribute/FileTime
instanceKlass java/util/TreeMap$PrivateEntryIterator
instanceKlass java/util/TreeMap$Entry
instanceKlass java/util/NavigableMap
instanceKlass java/util/SortedMap
instanceKlass java/util/NavigableSet
instanceKlass java/util/SortedSet
instanceKlass java/util/zip/ZipUtils
instanceKlass java/util/zip/ZipFile$Source$End
instanceKlass java/io/RandomAccessFile$2
instanceKlass jdk/internal/access/JavaIORandomAccessFileAccess
instanceKlass java/io/RandomAccessFile
instanceKlass java/io/DataInput
instanceKlass java/io/DataOutput
instanceKlass sun/nio/fs/WindowsNativeDispatcher$CompletionStatus
instanceKlass sun/nio/fs/WindowsNativeDispatcher$AclInformation
instanceKlass sun/nio/fs/WindowsNativeDispatcher$Account
instanceKlass sun/nio/fs/WindowsNativeDispatcher$DiskFreeSpace
instanceKlass sun/nio/fs/WindowsNativeDispatcher$VolumeInformation
instanceKlass sun/nio/fs/WindowsNativeDispatcher$FirstStream
instanceKlass sun/nio/fs/WindowsNativeDispatcher$FirstFile
instanceKlass java/util/Enumeration
instanceKlass java/util/concurrent/ConcurrentHashMap$Traverser
instanceKlass java/util/concurrent/ConcurrentHashMap$CollectionView
instanceKlass jdk/internal/loader/NativeLibraries$NativeLibraryImpl
instanceKlass jdk/internal/loader/NativeLibrary
instanceKlass java/util/ArrayDeque$DeqIterator
instanceKlass jdk/internal/loader/NativeLibraries$1
instanceKlass jdk/internal/loader/NativeLibraries$LibraryPaths
instanceKlass sun/nio/fs/WindowsNativeDispatcher
instanceKlass sun/nio/fs/NativeBuffer$Deallocator
instanceKlass sun/nio/fs/NativeBuffer
instanceKlass java/lang/ThreadLocal$ThreadLocalMap
instanceKlass sun/nio/fs/NativeBuffers
instanceKlass sun/nio/fs/WindowsFileAttributes
instanceKlass java/nio/file/attribute/DosFileAttributes
instanceKlass sun/nio/fs/AbstractBasicFileAttributeView
instanceKlass sun/nio/fs/DynamicFileAttributeView
instanceKlass sun/nio/fs/WindowsFileAttributeViews
instanceKlass sun/nio/fs/Util
instanceKlass java/nio/file/attribute/BasicFileAttributeView
instanceKlass java/nio/file/attribute/FileAttributeView
instanceKlass java/nio/file/attribute/AttributeView
instanceKlass java/nio/file/Files
instanceKlass java/nio/file/CopyOption
instanceKlass java/nio/file/attribute/BasicFileAttributes
instanceKlass sun/nio/fs/WindowsPath
instanceKlass java/nio/file/Path
instanceKlass java/nio/file/Watchable
instanceKlass java/util/zip/ZipFile$Source$Key
instanceKlass sun/nio/fs/WindowsPathParser$Result
instanceKlass sun/nio/fs/WindowsPathParser
instanceKlass java/util/Collections$UnmodifiableCollection
instanceKlass java/util/Arrays$ArrayItr
instanceKlass java/nio/file/FileSystem
instanceKlass java/nio/file/OpenOption
instanceKlass java/nio/file/spi/FileSystemProvider
instanceKlass sun/nio/fs/DefaultFileSystemProvider
instanceKlass java/util/zip/ZipFile$Source
instanceKlass java/lang/ref/Cleaner$Cleanable
instanceKlass jdk/internal/ref/CleanerImpl
instanceKlass java/lang/ref/Cleaner$1
instanceKlass java/lang/ref/Cleaner
instanceKlass jdk/internal/ref/CleanerFactory$1
instanceKlass java/util/concurrent/ThreadFactory
instanceKlass jdk/internal/ref/CleanerFactory
instanceKlass java/util/zip/ZipCoder
instanceKlass java/util/zip/ZipFile$CleanableResource
instanceKlass java/lang/Runtime$Version
instanceKlass java/util/jar/JavaUtilJarAccessImpl
instanceKlass jdk/internal/access/JavaUtilJarAccess
instanceKlass jdk/internal/loader/FileURLMapper
instanceKlass jdk/internal/loader/URLClassPath$JarLoader$1
instanceKlass java/util/zip/ZipFile$1
instanceKlass jdk/internal/access/JavaUtilZipFileAccess
instanceKlass java/util/zip/ZipFile
instanceKlass java/util/zip/ZipConstants
instanceKlass jdk/internal/loader/URLClassPath$Loader
instanceKlass jdk/internal/loader/URLClassPath$3
instanceKlass java/security/PrivilegedExceptionAction
instanceKlass sun/util/locale/LocaleObjectCache
instanceKlass sun/util/locale/BaseLocale$Key
instanceKlass sun/util/locale/LocaleUtils
instanceKlass sun/util/locale/BaseLocale
instanceKlass java/util/Locale
instanceKlass sun/net/util/URLUtil
instanceKlass java/lang/StringCoding
instanceKlass sun/nio/cs/ArrayDecoder
instanceKlass java/nio/charset/CharsetDecoder
instanceKlass sun/launcher/LauncherHelper
instanceKlass java/lang/reflect/Array
instanceKlass java/lang/invoke/StringConcatFactory$3
instanceKlass java/lang/invoke/StringConcatFactory$2
instanceKlass java/lang/invoke/StringConcatFactory$1
instanceKlass java/lang/invoke/StringConcatFactory
instanceKlass java/lang/ModuleLayer$Controller
instanceKlass java/util/concurrent/CopyOnWriteArrayList
instanceKlass jdk/internal/module/ServicesCatalog$ServiceProvider
instanceKlass jdk/internal/loader/AbstractClassLoaderValue$Memoizer
instanceKlass java/util/ImmutableCollections$ListItr
instanceKlass java/util/ListIterator
instanceKlass java/lang/ModuleLayer
instanceKlass jdk/internal/module/ModuleLoaderMap$Modules
instanceKlass jdk/internal/module/ModuleLoaderMap$Mapper
instanceKlass java/util/function/Function
instanceKlass jdk/internal/module/ModuleLoaderMap
instanceKlass java/util/AbstractMap$1$1
instanceKlass java/lang/module/ResolvedModule
instanceKlass java/lang/module/Configuration
instanceKlass jdk/internal/loader/BuiltinClassLoader$LoadedModule
instanceKlass jdk/internal/loader/AbstractClassLoaderValue
instanceKlass jdk/internal/module/ServicesCatalog
instanceKlass jdk/internal/util/Preconditions
instanceKlass sun/net/util/IPAddressUtil
instanceKlass java/net/URLStreamHandler
instanceKlass java/util/HexFormat
instanceKlass sun/net/www/ParseUtil
instanceKlass java/net/URL$3
instanceKlass jdk/internal/access/JavaNetURLAccess
instanceKlass java/net/URL$DefaultFactory
instanceKlass java/net/URLStreamHandlerFactory
instanceKlass jdk/internal/loader/URLClassPath
instanceKlass java/security/Principal
instanceKlass java/security/ProtectionDomain$Key
instanceKlass java/security/ProtectionDomain$JavaSecurityAccessImpl
instanceKlass jdk/internal/access/JavaSecurityAccess
instanceKlass java/lang/ClassLoader$ParallelLoaders
instanceKlass java/security/cert/Certificate
instanceKlass jdk/internal/loader/ArchivedClassLoaders
instanceKlass java/util/Deque
instanceKlass java/util/Queue
instanceKlass jdk/internal/loader/ClassLoaderHelper
instanceKlass jdk/internal/loader/NativeLibraries
instanceKlass jdk/internal/loader/BootLoader
instanceKlass java/util/Optional
instanceKlass jdk/internal/module/SystemModuleFinders$SystemModuleFinder
instanceKlass java/lang/module/ModuleFinder
instanceKlass jdk/internal/module/SystemModuleFinders$3
instanceKlass jdk/internal/module/ModuleHashes$HashSupplier
instanceKlass jdk/internal/module/SystemModuleFinders$2
instanceKlass java/util/function/Supplier
instanceKlass java/lang/module/ModuleReference
instanceKlass jdk/internal/module/ModuleResolution
instanceKlass java/util/Collections$UnmodifiableMap
instanceKlass jdk/internal/module/ModuleHashes$Builder
instanceKlass jdk/internal/module/ModuleHashes
instanceKlass jdk/internal/module/ModuleTarget
instanceKlass java/util/ImmutableCollections$Set12$1
instanceKlass java/lang/Enum
instanceKlass java/lang/module/ModuleDescriptor$Version
instanceKlass java/lang/module/ModuleDescriptor$Provides
instanceKlass java/lang/module/ModuleDescriptor$Opens
instanceKlass java/util/ImmutableCollections$SetN$SetNIterator
instanceKlass java/lang/module/ModuleDescriptor$Exports
instanceKlass java/lang/module/ModuleDescriptor$Requires
instanceKlass jdk/internal/module/Builder
instanceKlass jdk/internal/module/SystemModules$default
instanceKlass jdk/internal/module/SystemModules
instanceKlass jdk/internal/module/SystemModulesMap
instanceKlass java/net/URI$1
instanceKlass jdk/internal/access/JavaNetUriAccess
instanceKlass java/net/URI
instanceKlass jdk/internal/module/SystemModuleFinders
instanceKlass jdk/internal/module/ArchivedModuleGraph
instanceKlass jdk/internal/module/ArchivedBootLayer
instanceKlass jdk/internal/module/ModuleBootstrap$Counters
instanceKlass jdk/internal/module/ModulePatcher
instanceKlass java/io/FileSystem
instanceKlass java/io/DefaultFileSystem
instanceKlass java/io/File
instanceKlass java/lang/module/ModuleDescriptor$1
instanceKlass jdk/internal/access/JavaLangModuleAccess
instanceKlass sun/invoke/util/VerifyAccess
instanceKlass java/lang/module/ModuleDescriptor
instanceKlass jdk/internal/module/ModuleBootstrap
instanceKlass java/lang/invoke/MethodHandleStatics
instanceKlass java/util/Collections
instanceKlass sun/io/Win32ErrorMode
instanceKlass jdk/internal/misc/OSEnvironment
instanceKlass jdk/internal/misc/Signal$NativeHandler
instanceKlass java/util/Hashtable$Entry
instanceKlass jdk/internal/misc/Signal
instanceKlass java/lang/Terminator$1
instanceKlass jdk/internal/misc/Signal$Handler
instanceKlass java/lang/Terminator
instanceKlass java/nio/ByteOrder
instanceKlass java/nio/Buffer$1
instanceKlass jdk/internal/access/JavaNioAccess
instanceKlass jdk/internal/misc/ScopedMemoryAccess
instanceKlass java/nio/charset/CodingErrorAction
instanceKlass sun/nio/cs/SingleByte
instanceKlass java/lang/StringUTF16
instanceKlass sun/nio/cs/MS1252$Holder
instanceKlass sun/nio/cs/ArrayEncoder
instanceKlass java/nio/charset/CharsetEncoder
instanceKlass java/lang/reflect/Modifier
instanceKlass java/lang/Class$1
instanceKlass java/lang/Class$Atomic
instanceKlass java/lang/Class$ReflectionData
instanceKlass jdk/internal/util/ArraysSupport
instanceKlass java/nio/charset/StandardCharsets
instanceKlass sun/nio/cs/HistoricallyNamedCharset
instanceKlass sun/security/action/GetPropertyAction
instanceKlass java/lang/ThreadLocal
instanceKlass java/nio/charset/spi/CharsetProvider
instanceKlass java/nio/charset/Charset
instanceKlass java/io/Writer
instanceKlass java/io/OutputStream
instanceKlass java/io/Flushable
instanceKlass java/io/FileDescriptor$1
instanceKlass jdk/internal/access/JavaIOFileDescriptorAccess
instanceKlass java/io/FileDescriptor
instanceKlass jdk/internal/util/StaticProperty
instanceKlass java/util/HashMap$HashIterator
instanceKlass java/lang/Integer$IntegerCache
instanceKlass java/lang/CharacterData
instanceKlass java/util/Arrays
instanceKlass java/lang/VersionProps
instanceKlass java/lang/StringConcatHelper
instanceKlass jdk/internal/misc/VM
instanceKlass jdk/internal/util/SystemProps$Raw
instanceKlass jdk/internal/util/SystemProps
instanceKlass java/lang/System$2
instanceKlass jdk/internal/access/JavaLangAccess
instanceKlass java/lang/ref/Reference$1
instanceKlass jdk/internal/access/JavaLangRefAccess
instanceKlass java/lang/ref/ReferenceQueue$Lock
instanceKlass java/lang/ref/ReferenceQueue
instanceKlass jdk/internal/reflect/ReflectionFactory
instanceKlass jdk/internal/reflect/ReflectionFactory$GetReflectionFactoryAction
instanceKlass java/security/PrivilegedAction
instanceKlass java/util/concurrent/locks/LockSupport
instanceKlass java/util/concurrent/ConcurrentHashMap$Node
instanceKlass java/util/concurrent/ConcurrentHashMap$CounterCell
instanceKlass java/util/concurrent/locks/ReentrantLock
instanceKlass java/util/concurrent/locks/Lock
instanceKlass java/lang/Runtime
instanceKlass java/util/HashMap$Node
instanceKlass java/util/KeyValueHolder
instanceKlass java/util/Map$Entry
instanceKlass java/util/ImmutableCollections$MapN$MapNIterator
instanceKlass java/lang/Math
instanceKlass jdk/internal/reflect/Reflection
instanceKlass java/lang/invoke/MethodHandles$Lookup
instanceKlass java/lang/StringLatin1
instanceKlass java/security/Permission
instanceKlass java/security/Guard
instanceKlass java/lang/invoke/MemberName$Factory
instanceKlass java/lang/invoke/MethodHandles
instanceKlass jdk/internal/access/SharedSecrets
instanceKlass java/lang/reflect/ReflectAccess
instanceKlass jdk/internal/access/JavaLangReflectAccess
instanceKlass java/util/ImmutableCollections
instanceKlass java/util/Objects
instanceKlass java/util/Set
instanceKlass jdk/internal/misc/CDS
instanceKlass java/lang/Module$ArchivedData
instanceKlass java/lang/String$CaseInsensitiveComparator
instanceKlass java/util/Comparator
instanceKlass java/io/ObjectStreamField
instanceKlass jdk/internal/vm/vector/VectorSupport$VectorPayload
instanceKlass jdk/internal/vm/vector/VectorSupport
instanceKlass java/lang/reflect/RecordComponent
instanceKlass java/util/Iterator
instanceKlass java/lang/Number
instanceKlass java/lang/Character
instanceKlass java/lang/Boolean
instanceKlass java/util/concurrent/locks/AbstractOwnableSynchronizer
instanceKlass java/lang/LiveStackFrame
instanceKlass java/lang/StackFrameInfo
instanceKlass java/lang/StackWalker$StackFrame
instanceKlass java/lang/StackStreamFactory$AbstractStackWalker
instanceKlass java/lang/StackWalker
instanceKlass java/nio/Buffer
instanceKlass java/lang/StackTraceElement
instanceKlass java/util/RandomAccess
instanceKlass java/util/List
instanceKlass java/util/AbstractCollection
instanceKlass java/util/Collection
instanceKlass java/lang/Iterable
instanceKlass java/util/concurrent/ConcurrentMap
instanceKlass java/util/AbstractMap
instanceKlass java/security/CodeSource
instanceKlass jdk/internal/loader/ClassLoaders
instanceKlass java/util/jar/Manifest
instanceKlass java/net/URL
instanceKlass java/io/InputStream
instanceKlass java/io/Closeable
instanceKlass java/lang/AutoCloseable
instanceKlass jdk/internal/module/Modules
instanceKlass jdk/internal/misc/Unsafe
instanceKlass jdk/internal/misc/UnsafeConstants
instanceKlass java/lang/AbstractStringBuilder
instanceKlass java/lang/Appendable
instanceKlass java/lang/AssertionStatusDirectives
instanceKlass java/lang/invoke/MethodHandleNatives$CallSiteContext
instanceKlass jdk/internal/invoke/NativeEntryPoint
instanceKlass java/lang/invoke/CallSite
instanceKlass java/lang/invoke/MethodType
instanceKlass java/lang/invoke/TypeDescriptor$OfMethod
instanceKlass java/lang/invoke/LambdaForm
instanceKlass java/lang/invoke/MethodHandleNatives
instanceKlass java/lang/invoke/ResolvedMethodName
instanceKlass java/lang/invoke/MemberName
instanceKlass java/lang/invoke/VarHandle
instanceKlass java/lang/invoke/MethodHandle
instanceKlass jdk/internal/reflect/CallerSensitive
instanceKlass java/lang/annotation/Annotation
instanceKlass jdk/internal/reflect/FieldAccessor
instanceKlass jdk/internal/reflect/ConstantPool
instanceKlass jdk/internal/reflect/ConstructorAccessor
instanceKlass jdk/internal/reflect/MethodAccessor
instanceKlass jdk/internal/reflect/MagicAccessorImpl
instanceKlass java/lang/reflect/Parameter
instanceKlass java/lang/reflect/Member
instanceKlass java/lang/reflect/AccessibleObject
instanceKlass java/lang/Module
instanceKlass java/util/Map
instanceKlass java/util/Dictionary
instanceKlass java/lang/ThreadGroup
instanceKlass java/lang/Thread$UncaughtExceptionHandler
instanceKlass java/lang/Thread
instanceKlass java/lang/Runnable
instanceKlass java/lang/ref/Reference
instanceKlass java/lang/Record
instanceKlass java/security/AccessController
instanceKlass java/security/AccessControlContext
instanceKlass java/security/ProtectionDomain
instanceKlass java/lang/SecurityManager
instanceKlass java/lang/Throwable
instanceKlass java/lang/System
instanceKlass java/lang/ClassLoader
instanceKlass java/lang/Cloneable
instanceKlass java/lang/Class
instanceKlass java/lang/invoke/TypeDescriptor$OfField
instanceKlass java/lang/invoke/TypeDescriptor
instanceKlass java/lang/reflect/Type
instanceKlass java/lang/reflect/GenericDeclaration
instanceKlass java/lang/reflect/AnnotatedElement
instanceKlass java/lang/String
instanceKlass java/lang/constant/ConstantDesc
instanceKlass java/lang/constant/Constable
instanceKlass java/lang/CharSequence
instanceKlass java/lang/Comparable
instanceKlass java/io/Serializable
ciInstanceKlass java/lang/Object 1 1 92 100 1 10 12 1 1 10 7 12 1 1 1 10 100 12 1 1 1 10 12 1 1 8 1 10 12 1 1 10 100 12 1 1 1 10 12 1 10 12 1 1 100 1 8 1 10 12 1 3 8 1 100 1 5 0 1 1 1 1 1 1 1 1 1 1 1 1 1 1 1 1 7 1 1 1 7 1 1 1 1 1 1 1 7 1 1 1 1 1 1 1
ciMethod java/lang/Object equals (Ljava/lang/Object;)Z 522 0 60493 0 96
ciMethod java/lang/Object hashCode ()I 256 0 128 0 -1
ciInstanceKlass java/lang/Class 1 1 1600 10 7 12 1 1 1 9 7 12 1 1 1 9 12 1 1 7 1 10 10 12 1 1 8 1 10 12 1 8 1 8 1 10 12 1 1 10 12 1 1 10 12 1 10 10 12 1 10 12 1 1 10 12 1 1 10 7 12 1 1 10 12 1 10 12 1 10 12 1 8 1 10 12 1 8 1 10 12 1 8 1 8 1 10 12 1 1 10 7 12 1 1 1 18 12 1 1 11 7 12 1 1 1 8 1 8 1 8 1 10 7 12 1 1 1 11 12 1 1 7 1 8 1 10 12 1 11 100 12 1 1 1 10 12 1 1 11 8 1 18 8 1 10 12 1 10 7 12 1 1 10 7 12 1 1 1 10 12 1 1 10 7 12 1 1 1 9 100 12 1 1 1 10 100 12 1 1 1 10 7 12 1 1 1 10 12 1 1 18 12 1 1 10 7 12 1 1 1 10 7 12 1 1 10 12 1 1 10 7 1 100 1 10 12 1 1 9 12 1 1 7 1 8 1 10 12 1 10 12 1 1 10 12 1 1 10 7 12 1 1 1 7 1 10 12 1 7 1 7 1 10 10 12 1 1 10 12 1 1 100 1 10 100 12 1 1 1 10 12 1 1 10 12 1 1 9 12 1 1 10 12 1 10 12 1 10 12 1 1 9 12 1 1 9 12 1 1 10 12 1 1 10 7 1 10 12 1 10 12 1 10 12 1 1 10 9 12 1 10 12 1 8 1 10 12 1 1 10 12 1 1 10 12 1 10 12 1 1 10 12 1 1 10 12 1 1 9 7 12 1 1 1 10 7 12 1 1 10 12 10 12 1 10 12 1 1 10 100 12 1 1 10 12 1 10 12 1 1 10 100 12 1 1 1 10 12 1 10 12 1 1 10 12 1 10 12 1 10 12 1 1 10 7 1 10 10 10 12 1 1 10 12 1 1 10 12 10 12 1 1 100 1 8 1 10 10 12 1 1 10 12 1 100 1 11 12 1 10 100 12 1 1 10 12 1 10 12 1 10 100 12 1 1 10 10 12 1 1 8 1 10 12 1 10 12 1 1 8 1 9 12 1 10 12 1 10 12 1 10 12 1 10 12 100 1 9 12 1 10 12 1 9 12 1 10 12 1 10 12 1 10 12 1 10 10 12 1 10 12 1 10 12 1 10 12 1 10 12 1 10 12 1 100 1 10 12 1 10 12 1 1 10 12 1 1 10 12 1 1 10 12 1 1 10 12 1 1 10 12 1 1 7 1 10 10 12 1 1 10 12 1 1 10 12 1 1 10 10 12 1 10 12 1 1 10 12 1 1 10 12 1 1 10 12 1 1 7 1 10 10 12 11 100 12 1 1 10 12 1 1 10 12 1 10 7 12 1 1 1 10 12 1 1 10 10 12 1 1 100 1 10 10 12 1 1 10 100 12 1 1 1 100 1 7 1 10 12 1 1 10 12 1 10 10 12 1 1 10 12 1 10 12 1 10 12 1 10 100 12 1 1 1 11 7 12 1 1 10 12 1 10 12 1 9 12 1 10 12 1 1 10 12 1 9 100 12 1 1 1 9 12 1 10 100 12 1 1 1 10 12 1 10 12 1 10 100 12 1 1 1 10 12 1 10 12 10 12 1 1 100 1 10 8 1 10 12 1 11 11 12 1 1 11 7 12 1 1 11 12 1 8 1 10 12 1 10 12 1 1 9 12 1 9 12 1 1 10 7 12 1 1 9 12 1 10 12 1 1 10 10 12 1 10 7 12 1 1 1 10 7 12 1 1 10 7 12 1 1 9 12 1 1 10 12 1 9 12 1 10 12 1 10 12 1 1 9 12 1 1 9 12 1 10 12 1 10 12 1 1 9 12 1 7 1 10 10 12 1 1 7 1 10 12 1 1 7 11 7 1 9 12 1 1 9 12 1 100 1 10 12 1 9 12 1 1 9 12 1 10 12 1 10 12 1 1 9 12 1 7 1 10 10 12 1 1 10 10 12 1 1 10 12 10 10 12 1 9 12 1 10 12 1 1 10 7 12 1 1 1 10 12 1 1 10 12 1 8 10 7 8 1 18 8 1 8 1 10 12 1 9 12 1 9 12 1 1 10 12 1 7 1 7 1 10 12 1 9 12 1 1 7 1 10 10 12 1 10 7 1 9 12 1 8 1 10 12 1 7 1 10 12 1 10 12 1 1 9 12 1 100 1 8 1 10 7 1 4 10 10 12 11 7 12 1 1 1 10 12 1 100 1 10 12 1 1 10 8 1 8 1 10 12 1 1 9 7 12 1 1 11 12 7 1 11 100 12 1 1 9 12 1 10 100 12 1 1 1 10 7 12 1 1 10 12 1 1 9 12 1 9 10 12 1 1 10 12 1 1 10 12 1 1 10 12 1 1 10 12 1 1 11 12 1 7 1 11 12 1 10 7 12 1 1 1 10 12 1 100 1 11 12 1 10 100 12 1 1 1 10 12 1 10 11 12 1 11 12 1 1 10 12 1 10 12 1 1 9 12 1 1 9 7 12 1 1 10 12 1 10 7 12 1 1 1 10 12 1 1 10 12 1 10 12 1 10 12 1 10 7 12 1 1 1 10 12 1 8 1 10 12 1 10 12 1 10 12 1 10 100 12 1 1 1 11 100 12 1 1 1 10 12 1 1 10 12 1 18 12 1 1 11 12 1 1 18 11 12 1 18 12 1 11 12 1 10 12 1 1 10 12 1 10 12 1 10 12 10 12 1 8 1 10 12 1 7 1 9 12 1 1 100 1 100 1 100 1 100 1 100 1 1 1 3 1 3 1 3 1 1 1 1 1 1 1 5 0 1 1 1 1 1 1 1 1 1 1 1 1 1 1 1 1 1 1 1 1 1 1 1 100 1 1 1 1 1 1 1 100 1 1 1 1 1 1 7 1 1 1 1 1 1 1 1 1 1 1 1 1 1 1 1 1 1 1 1 1 1 1 1 1 1 1 1 1 1 1 1 1 1 1 1 1 1 100 1 1 1 1 1 1 1 1 1 1 1 1 1 1 1 1 1 1 1 1 1 1 1 1 1 1 1 1 100 1 1 1 1 1 1 1 1 1 1 1 1 1 1 1 1 1 1 1 1 1 1 1 1 1 1 1 1 1 1 1 1 1 1 1 1 1 1 1 1 1 1 1 1 1 1 1 1 1 1 1 1 1 100 1 100 1 1 1 1 1 1 1 100 1 1 1 1 1 1 1 1 1 1 1 1 1 1 1 1 1 1 1 1 1 1 1 1 1 1 1 1 1 1 1 1 1 1 1 1 1 1 1 1 1 1 1 1 1 1 1 1 1 1 1 1 1 1 1 100 1 1 1 1 1 1 1 1 1 1 1 1 1 1 1 1 1 1 1 1 1 1 1 1 1 1 1 1 1 1 1 1 1 1 1 1 1 1 1 1 1 1 1 1 1 1 1 1 1 1 1 1 1 1 1 1 1 1 1 1 1 1 1 1 1 1 1 1 15 10 7 12 1 1 1 16 15 10 12 16 15 11 12 16 1 16 15 16 15 10 12 16 16 15 10 12 16 15 16 1 15 10 12 16 1 1 1 1 1 1 1 1 1 100 1 1 100 1 100 1 1 100 1 100 1 1
staticfield java/lang/Class EMPTY_CLASS_ARRAY [Ljava/lang/Class; 0 [Ljava/lang/Class;
staticfield java/lang/Class serialPersistentFields [Ljava/io/ObjectStreamField; 0 [Ljava/io/ObjectStreamField;
ciInstanceKlass java/io/Serializable 1 0 7 100 1 100 1 1 1
instanceKlass jdk/internal/vm/vector/VectorSupport$VectorShuffle
instanceKlass jdk/internal/vm/vector/VectorSupport$VectorMask
instanceKlass jdk/internal/vm/vector/VectorSupport$Vector
ciInstanceKlass jdk/internal/vm/vector/VectorSupport$VectorPayload 0 0 32 10 100 12 1 1 1 9 100 12 1 1 1 10 100 12 1 1 1 1 1 1 1 1 1 1 1 1 1 1 1 1
ciInstanceKlass jdk/internal/vm/vector/VectorSupport$VectorShuffle 0 0 28 10 100 12 1 1 1 100 1 1 1 1 1 1 1 1 1 1 1 1 1 1 1 100 1 1 1 1
ciInstanceKlass jdk/internal/vm/vector/VectorSupport$VectorMask 0 0 28 10 100 12 1 1 1 100 1 1 1 1 1 1 1 1 1 1 1 1 1 1 1 100 1 1 1 1
ciInstanceKlass jdk/internal/vm/vector/VectorSupport$Vector 0 0 28 10 100 12 1 1 1 100 1 1 1 1 1 1 1 1 1 1 1 1 1 1 1 100 1 1 1 1
ciInstanceKlass jdk/internal/vm/vector/VectorSupport 0 0 487 100 1 10 100 12 1 1 1 9 12 1 1 10 12 1 1 100 1 10 12 1 11 100 12 1 1 1 11 100 12 1 1 1 11 100 12 1 1 11 100 12 1 1 1 11 100 1 100 1 10 12 1 1 11 100 12 1 1 11 100 12 1 1 100 1 11 100 12 1 1 11 100 12 1 1 11 100 12 1 1 1 11 100 12 1 1 1 11 100 12 1 1 1 11 100 12 1 1 1 100 1 10 12 1 1 11 100 12 1 1 100 1 11 100 12 1 1 11 100 12 1 1 11 100 12 1 1 11 100 1 100 1 9 12 1 1 10 100 12 1 1 11 100 12 1 1 10 12 1 1 10 100 12 1 1 1 10 12 1 10 12 1 1 10 12 1 1 1 1 1 3 1 3 1 3 1 3 1 3 1 3 1 3 1 3 1 3 1 3 1 3 1 3 1 3 1 3 1 3 1 3 1 3 1 3 1 3 1 3 1 3 1 3 1 3 1 3 1 3 1 3 1 3 1 3 1 3 1 3 1 3 1 3 1 3 1 3 1 3 1 3 1 3 1 3 1 3 1 1 1 1 1 3 1 1 1 1 1 1 3 1 1 1 1 1 1 1 1 1 1 1 1 1 1 1 1 1 1 1 1 1 1 1 1 1 1 1 1 1 1 1 1 1 1 1 1 1 1 1 1 1 1 1 1 1 1 1 1 1 1 1 1 1 1 1 1 1 1 1 1 1 1 1 1 1 1 1 1 1 1 1 1 1 1 1 1 1 1 1 1 1 1 1 1 1 1 1 1 1 1 1 1 1 1 1 1 1 1 1 1 1 1 1 1 1 1 1 1 1 1 1 1 1 1 1 1 1 1 1 1 1 1 1 1 1 1 1 1 1 1 1 1 1 1 1 1 1 1 1 1 1 1 1 1 1 1 1 1 1 1 1 1 1 1 1 1 1 1 1 1 1 1 1 1 1 1 1 1 1 1 1 1 1 1 1 1 1 1 1 1 1 1 1 1 1 1 1 1 1 1 1 1 1 1 1 1 1 1 1 100 1 100 1 1 1 1 1 1 1 1 1 1 1 1 1 1 1 1 1 1 1 1 1 1 1 1
ciInstanceKlass java/lang/reflect/RecordComponent 1 0 196 10 100 12 1 1 1 9 100 12 1 1 1 9 12 1 1 9 12 1 10 12 1 1 10 12 1 1 10 100 12 1 1 1 10 12 1 1 9 12 1 1 10 12 1 1 10 12 1 1 10 12 1 10 100 12 1 1 10 100 12 1 1 9 12 1 1 10 100 12 1 1 1 11 100 12 1 1 1 10 9 100 12 1 1 1 10 100 12 1 1 1 9 12 1 1 10 100 12 1 1 1 10 12 1 1 11 100 12 1 1 10 100 12 1 1 100 1 9 12 1 9 12 1 1 9 12 1 10 100 12 1 1 1 10 12 1 1 10 12 1 1 100 1 10 10 12 1 10 12 1 1 8 1 10 12 1 10 12 1 9 12 1 100 1 1 1 1 1 1 1 1 1 1 1 1 1 1 1 1 1 1 1 1 1 1 100 1 1 1 1 1 1 100 1 1
ciInstanceKlass java/util/Iterator 1 1 53 100 1 8 1 10 12 1 1 10 7 12 1 1 1 11 7 12 1 1 1 11 12 1 1 11 7 12 1 1 1 100 1 1 1 1 1 1 1 1 1 1 1 1 1 1 1 1 1 1 1 1 1
instanceKlass apex/jorje/semantic/symbol/member/method/ConstructorCall
instanceKlass apex/jorje/semantic/symbol/member/variable/FieldTable$LookupMode
instanceKlass apex/jorje/semantic/ast/expression/IdentifierContext
instanceKlass apex/jorje/semantic/symbol/member/IdentifierValidator$Check
instanceKlass apex/jorje/semantic/symbol/member/IdentifierValidator$Type
instanceKlass apex/jorje/semantic/symbol/member/method/MethodLookupMode
instanceKlass java/text/NumberFormat$Style
instanceKlass apex/jorje/semantic/symbol/visibility/Visibility$CheckType
instanceKlass apex/jorje/semantic/symbol/visibility/Visibility$AccessType
instanceKlass apex/jorje/semantic/symbol/member/Member$Type
instanceKlass apex/jorje/semantic/symbol/visibility/PackageVersionVisibility$PackageVersionTestType
instanceKlass apex/jorje/semantic/symbol/visibility/Visibility$HiddenReferenceOkay
instanceKlass apex/jorje/semantic/symbol/visibility/Visibility$CheckGenericTypeArguments
instanceKlass apex/jorje/semantic/symbol/visibility/Visibility$ReferencedFromTestMethod
instanceKlass apex/jorje/data/ast/PostfixOp
instanceKlass apex/jorje/semantic/ast/member/AccessorType
instanceKlass com/google/common/cache/RemovalCause
instanceKlass apex/jorje/data/ast/PrefixOp
instanceKlass apex/jorje/data/ast/BooleanOp
instanceKlass apex/jorje/data/ast/AssignmentOp
instanceKlass apex/jorje/data/ast/TriggerUsage
instanceKlass apex/jorje/semantic/ast/expression/ReferenceExpressionUtil$PeelType
instanceKlass apex/jorje/data/ast/BinaryOp
instanceKlass apex/jorje/data/ast/LiteralType
instanceKlass apex/jorje/semantic/ast/statement/SimpleStatement$Returnable
instanceKlass apex/jorje/semantic/ast/expression/ReferenceType
instanceKlass apex/jorje/semantic/ast/expression/TopLevel
instanceKlass apex/jorje/semantic/compiler/parser/ParserEngine$SoqlParserType
instanceKlass sun/util/locale/provider/LocaleProviderAdapter$Type
instanceKlass java/lang/StackStreamFactory$WalkerState
instanceKlass java/lang/StackWalker$ExtendedOption
instanceKlass java/lang/StackWalker$Option
instanceKlass apex/jorje/parser/impl/BaseApexLexer$Lexing
instanceKlass com/google/common/cache/LocalCache$NullEntry
instanceKlass apex/jorje/semantic/compiler/CompilerStage
instanceKlass apex/jorje/semantic/symbol/type/TypeInfoType
instanceKlass apex/jorje/semantic/compiler/parser/ParserEngine$Type
instanceKlass apex/jorje/semantic/compiler/ValidationSettings$ValidationBehavior
instanceKlass apex/jorje/semantic/compiler/SourceInfo$SourceType
instanceKlass java/nio/file/FileVisitResult
instanceKlass java/nio/file/FileTreeWalker$EventType
instanceKlass java/nio/file/FileVisitOption
instanceKlass java/nio/file/attribute/PosixFilePermission
instanceKlass java/nio/file/AccessMode
instanceKlass org/eclipse/jdt/internal/core/nd/field/StructDef$DeletionSemantics
instanceKlass com/google/common/util/concurrent/DirectExecutor
instanceKlass org/eclipse/lsp4j/DiagnosticTag
instanceKlass org/eclipse/lsp4j/PrepareSupportDefaultBehavior
instanceKlass org/eclipse/lsp4j/CompletionItemKind
instanceKlass org/eclipse/lsp4j/CompletionItemTag
instanceKlass org/eclipse/lsp4j/InsertTextMode
instanceKlass org/eclipse/lsp4j/SymbolTag
instanceKlass org/eclipse/lsp4j/SymbolKind
instanceKlass com/google/gson/ReflectionAccessFilter$FilterResult
instanceKlass com/google/gson/stream/JsonToken
instanceKlass java/lang/Thread$State
instanceKlass com/google/gson/ToNumberPolicy
instanceKlass com/google/gson/FieldNamingPolicy
instanceKlass com/google/gson/LongSerializationPolicy
instanceKlass apex/jorje/semantic/symbol/type/SObjectMetadata$CustomEntitySObjectType
instanceKlass apex/jorje/semantic/symbol/type/common/BiPredicates$ObjectBiPredicate
instanceKlass com/google/common/collect/AbstractIterator$State
instanceKlass apex/jorje/semantic/symbol/member/method/InvocationType
instanceKlass apex/jorje/semantic/symbol/member/method/Generated
instanceKlass com/google/common/base/CaseFormat
instanceKlass apex/jorje/semantic/bcl/DmlOperation
instanceKlass apex/jorje/semantic/ast/ProfilingType
instanceKlass apex/jorje/semantic/symbol/type/AnnotationTypeInfos$JsonSerializationControlParameter
instanceKlass apex/jorje/semantic/ast/modifier/property/rule/TestForValuePrefix
instanceKlass apex/jorje/semantic/compiler/sfdc/PlaceholderOrgPerm
instanceKlass apex/jorje/semantic/ast/modifier/rule/Element
instanceKlass apex/jorje/semantic/symbol/type/AnnotationProperty$Type
instanceKlass com/google/common/base/AbstractIterator$State
instanceKlass apex/jorje/semantic/symbol/type/UnitType
instanceKlass com/google/common/collect/MapMaker$Dummy
instanceKlass apex/jorje/services/Version
instanceKlass apex/jorje/semantic/symbol/type/BasicType
instanceKlass com/google/inject/internal/Indexer$BindingType
instanceKlass apex/jorje/semantic/compiler/parser/ParserEngine$HiddenTokenBehavior
instanceKlass apex/jorje/lsp/impl/utils/SourceGroupEnum
instanceKlass org/eclipse/lsp4j/FileChangeType
instanceKlass apex/jorje/lsp/impl/utils/ApexIndexerOperationEnum
instanceKlass com/google/common/util/concurrent/Service$State
instanceKlass com/google/common/collect/MapMakerInternalMap$Strength
instanceKlass com/google/inject/internal/InjectorImpl$JitLimitation
instanceKlass com/google/inject/internal/Initializer$InjectableReferenceState
instanceKlass com/google/inject/internal/Element$Type
instanceKlass com/google/inject/internal/InternalProviderInstanceBindingImpl$InitializationTiming
instanceKlass com/google/inject/spi/InjectionPoint$Position
instanceKlass com/google/inject/assistedinject/FactoryProvider2$SuperMethodLookup
instanceKlass com/google/inject/internal/InternalFlags$ColorizeOption
instanceKlass com/google/inject/internal/InternalFlags$BytecodeGenOption
instanceKlass com/google/inject/internal/InternalFlags$NullableProvidesOption
instanceKlass com/google/inject/internal/InternalFlags$CustomClassLoadingOption
instanceKlass com/google/inject/internal/InternalFlags$IncludeStackTraceOption
instanceKlass com/google/common/collect/Iterators$EmptyModifiableIterator
instanceKlass java/lang/annotation/ElementType
instanceKlass com/google/inject/Key$NullAnnotationStrategy
instanceKlass sun/reflect/annotation/TypeAnnotation$TypeAnnotationTarget
instanceKlass com/google/common/cache/LocalCache$EntryFactory
instanceKlass com/google/common/cache/CacheBuilder$NullListener
instanceKlass com/google/common/cache/CacheBuilder$OneWeigher
instanceKlass com/google/common/cache/LocalCache$Strength
instanceKlass java/math/RoundingMode
instanceKlass com/google/inject/Stage
instanceKlass org/slf4j/helpers/Reporter$Level
instanceKlass org/slf4j/helpers/Reporter$TargetChoice
instanceKlass java/time/format/TextStyle
instanceKlass java/time/format/DateTimeFormatterBuilder$SettingsParser
instanceKlass java/util/Locale$Category
instanceKlass java/time/format/ResolverStyle
instanceKlass java/time/format/SignStyle
instanceKlass java/time/temporal/JulianFields$Field
instanceKlass java/time/temporal/IsoFields$Unit
instanceKlass java/time/temporal/IsoFields$Field
instanceKlass ch/qos/logback/core/pattern/parser/TokenStream$TokenizerState
instanceKlass ch/qos/logback/core/util/AggregationType
instanceKlass ch/qos/logback/core/joran/spi/ConsoleTarget
instanceKlass ch/qos/logback/core/subst/Node$Type
instanceKlass ch/qos/logback/core/subst/Token$Type
instanceKlass ch/qos/logback/core/subst/Tokenizer$TokenizerState
instanceKlass ch/qos/logback/core/spi/FilterReply
instanceKlass java/lang/annotation/RetentionPolicy
instanceKlass ch/qos/logback/core/model/processor/ProcessingPhase
instanceKlass java/util/stream/Collector$Characteristics
instanceKlass java/util/stream/StreamShape
instanceKlass java/util/stream/MatchOps$MatchKind
instanceKlass com/sun/org/apache/xerces/internal/impl/XMLScanner$NameType
instanceKlass com/sun/org/apache/xerces/internal/util/Status
instanceKlass javax/xml/catalog/CatalogFeatures$Feature
instanceKlass com/sun/org/apache/xerces/internal/utils/XMLSecurityPropertyManager$Property
instanceKlass com/sun/org/apache/xerces/internal/utils/XMLSecurityPropertyManager$State
instanceKlass com/sun/org/apache/xerces/internal/utils/XMLSecurityManager$NameMap
instanceKlass jdk/xml/internal/JdkProperty$State
instanceKlass com/sun/org/apache/xerces/internal/utils/XMLSecurityManager$Limit
instanceKlass ch/qos/logback/core/spi/ConfigurationEvent$EventType
instanceKlass ch/qos/logback/classic/spi/Configurator$ExecutionStatus
instanceKlass sun/util/logging/PlatformLogger$Level
instanceKlass jdk/internal/logger/BootstrapLogger$LoggingBackend
instanceKlass java/util/stream/StreamOpFlag$Type
instanceKlass java/util/stream/StreamOpFlag
instanceKlass jdk/internal/icu/util/CodePointTrie$ValueWidth
instanceKlass jdk/internal/icu/util/CodePointTrie$Type
instanceKlass java/text/Normalizer$Form
instanceKlass java/lang/constant/DirectMethodHandleDesc$Kind
instanceKlass java/lang/invoke/VarHandle$VarHandleDesc$Kind
instanceKlass java/time/temporal/ChronoUnit
instanceKlass java/time/temporal/ChronoField
instanceKlass java/util/regex/Pattern$Qtype
instanceKlass sun/security/util/DisabledAlgorithmConstraints$Constraint$Operator
instanceKlass java/lang/System$Logger$Level
instanceKlass sun/security/rsa/RSAUtil$KeyType
instanceKlass sun/security/util/KnownOIDs
instanceKlass java/lang/invoke/MethodHandles$Lookup$ClassOption
instanceKlass java/lang/invoke/VarHandle$AccessType
instanceKlass java/lang/invoke/VarHandle$AccessMode
instanceKlass java/lang/invoke/MethodHandleImpl$Intrinsic
instanceKlass java/lang/invoke/LambdaForm$BasicType
instanceKlass java/lang/invoke/LambdaForm$Kind
instanceKlass sun/invoke/util/Wrapper
instanceKlass java/util/concurrent/TimeUnit
instanceKlass java/nio/file/LinkOption
instanceKlass sun/nio/fs/WindowsPathType
instanceKlass java/nio/file/StandardOpenOption
instanceKlass java/io/File$PathStatus
instanceKlass java/lang/module/ModuleDescriptor$Requires$Modifier
instanceKlass java/lang/module/ModuleDescriptor$Modifier
ciInstanceKlass java/lang/Enum 1 1 188 9 7 12 1 1 1 9 12 1 1 10 7 12 1 1 1 10 12 1 1 100 1 10 10 12 1 1 10 12 1 100 1 10 10 7 12 1 1 10 12 1 1 18 12 1 1 10 100 12 1 1 1 10 12 1 1 11 7 12 1 1 1 100 1 8 1 10 12 1 100 1 100 1 10 8 1 10 12 1 1 10 12 1 1 8 1 10 12 1 10 100 1 8 1 10 10 12 1 1 10 100 12 1 1 1 100 1 100 1 100 1 1 1 1 1 1 1 1 1 1 1 1 1 1 1 1 1 1 1 1 1 1 1 1 1 1 1 1 1 1 1 1 1 1 1 1 1 1 1 1 1 100 1 100 1 1 100 1 1 1 1 1 1 1 1 1 1 1 15 10 100 12 1 1 1 16 15 10 12 16 1 1 100 1 100 1 1
ciInstanceKlass java/lang/System 1 1 803 10 100 12 1 1 1 9 7 12 1 1 1 10 12 1 10 12 1 1 10 12 1 1 10 12 1 9 12 1 1 10 7 12 1 1 1 11 100 12 1 1 1 10 100 12 1 1 1 10 12 1 1 10 12 1 1 100 1 8 1 10 12 1 10 100 12 1 1 1 10 7 12 1 1 1 18 12 1 1 10 100 12 1 1 1 100 1 10 12 1 1 10 100 12 1 1 1 10 12 1 10 7 12 1 1 1 9 100 12 1 1 1 10 100 12 1 1 1 11 7 12 1 1 1 10 12 1 1 10 7 12 1 1 1 100 1 10 10 12 1 1 8 1 10 12 1 8 1 10 12 1 9 12 1 1 8 1 10 7 12 1 1 1 10 12 1 1 100 1 8 1 10 9 12 1 1 8 1 10 12 1 1 10 100 12 1 1 1 8 1 10 12 1 100 1 10 12 1 8 1 10 12 1 10 12 1 1 100 1 10 12 10 12 1 9 12 1 1 9 12 1 1 10 7 12 1 1 1 10 7 12 1 1 1 10 12 1 1 10 12 1 10 12 1 10 7 12 1 1 1 10 12 1 100 1 100 1 8 1 10 12 1 10 12 1 1 7 1 10 12 1 100 1 8 1 10 10 12 1 100 1 8 1 10 8 1 10 7 12 1 1 8 1 10 12 100 1 8 1 10 10 12 1 1 10 7 12 1 1 1 100 1 18 12 1 100 1 9 100 12 1 1 1 10 12 1 100 1 10 12 1 1 10 12 1 1 10 7 12 1 1 1 10 12 1 1 10 12 1 10 12 1 10 12 1 1 10 12 1 7 1 10 12 1 10 12 1 100 1 10 12 1 10 7 12 1 1 1 100 1 8 1 10 9 12 1 9 12 1 10 12 1 10 100 12 1 1 10 12 1 10 12 1 1 8 1 10 12 1 1 8 1 11 12 1 10 12 11 12 1 1 11 7 12 1 1 1 11 7 12 1 1 11 12 1 1 7 1 11 12 1 10 12 1 8 1 10 12 1 1 8 1 8 1 8 1 8 1 11 12 1 10 12 1 10 12 1 10 12 1 10 7 12 1 1 8 1 7 1 9 7 12 1 1 1 10 12 1 7 1 9 12 10 9 12 7 1 10 12 8 1 10 12 1 1 8 1 10 7 12 1 1 10 12 1 10 7 12 1 1 1 10 12 1 1 10 7 12 1 1 1 10 12 10 7 12 1 1 1 9 12 1 1 100 1 8 1 10 12 1 1 10 7 12 1 1 1 7 1 10 12 1 1 8 1 10 8 1 8 1 8 1 8 1 10 10 7 12 1 1 10 12 1 1 10 12 1 1 10 12 1 1 10 12 1 10 100 12 1 1 1 10 100 1 8 1 10 10 10 12 1 1 10 12 1 1 8 1 10 12 1 8 1 10 12 1 10 12 1 1 7 1 10 10 12 1 10 12 1 9 12 1 1 1 3 1 3 1 1 1 1 1 1 1 1 1 1 1 1 100 1 1 100 1 1 1 1 1 1 1 1 1 1 1 100 1 100 1 1 1 1 1 1 1 1 1 1 1 1 1 1 1 1 1 1 1 1 1 1 1 1 1 1 1 1 1 1 1 1 1 1 1 1 1 1 1 1 1 1 1 1 1 1 1 1 1 1 1 1 1 1 1 1 1 1 100 1 1 1 1 1 1 1 1 1 1 1 1 1 1 1 1 1 1 1 1 1 1 1 1 1 1 1 1 1 1 1 1 1 100 1 1 15 10 100 12 1 1 1 16 15 10 12 1 1 16 15 10 12 16 1 1 1 1 1 1 1 100 1 100 1 1
staticfield java/lang/System in Ljava/io/InputStream; java/io/BufferedInputStream
staticfield java/lang/System out Ljava/io/PrintStream; java/io/PrintStream
staticfield java/lang/System err Ljava/io/PrintStream; java/io/PrintStream
instanceKlass jdk/internal/reflect/DelegatingClassLoader
instanceKlass java/security/SecureClassLoader
ciInstanceKlass java/lang/ClassLoader 1 1 1098 9 7 12 1 1 1 10 7 12 1 1 1 9 12 1 1 10 7 12 1 1 1 7 1 10 12 1 1 10 12 1 1 9 12 1 1 10 12 1 1 100 1 10 12 1 10 12 1 1 10 7 12 1 1 1 100 1 8 1 10 12 1 10 7 12 1 1 1 10 100 12 1 10 7 1 10 7 1 7 1 7 1 10 12 1 10 12 1 9 12 1 1 10 10 7 12 1 1 1 9 12 1 1 9 12 1 9 12 1 1 9 12 1 9 12 1 1 9 12 1 1 7 1 10 12 1 9 12 1 1 10 12 1 1 10 7 12 1 1 1 9 12 1 9 12 1 1 9 12 1 10 12 1 1 9 12 10 12 1 1 7 1 10 8 1 10 12 1 1 10 12 1 10 7 1 7 1 10 12 1 1 10 7 12 1 1 1 8 1 10 12 1 10 12 1 10 12 1 1 10 12 1 1 10 12 1 1 10 12 1 1 10 12 1 1 10 12 1 100 1 10 12 1 10 100 12 1 1 1 10 12 1 1 10 12 1 10 12 1 10 12 1 10 12 1 10 12 1 1 10 10 12 1 10 12 1 10 100 12 1 1 10 12 1 1 10 12 1 1 10 12 1 100 1 10 12 1 100 1 10 12 1 10 100 12 1 1 1 10 10 12 1 1 10 12 1 1 100 1 8 1 10 8 1 10 12 1 10 12 1 100 1 8 1 10 12 1 1 10 12 1 1 10 10 12 1 1 10 12 1 1 10 12 1 1 10 7 1 10 12 1 1 10 12 1 1 10 12 1 1 10 12 1 1 10 12 1 1 10 12 1 1 10 12 1 10 7 12 1 1 1 10 12 1 10 12 1 10 12 1 1 10 12 1 10 12 1 10 12 1 10 12 1 1 10 12 1 10 12 1 1 8 1 9 12 1 10 12 1 1 8 1 8 1 10 7 12 1 1 100 1 10 10 12 10 12 1 10 12 1 10 12 1 10 12 1 1 10 7 12 1 1 10 12 1 10 7 1 7 1 10 12 1 1 10 12 1 10 7 1 10 12 1 100 1 18 12 1 10 100 12 1 1 1 10 100 12 1 1 1 10 7 12 1 1 10 12 1 1 10 12 1 10 12 1 1 100 1 10 12 1 10 12 1 1 10 7 12 1 1 10 12 1 8 1 100 1 10 10 12 1 9 12 1 10 7 12 1 1 10 12 1 100 1 8 1 10 12 1 10 8 1 8 1 10 12 1 1 10 12 1 1 10 12 1 1 10 100 12 1 1 1 100 1 100 1 10 12 1 1 100 1 100 1 10 100 12 1 1 10 12 1 10 12 1 1 10 12 1 10 12 1 1 10 12 1 1 9 100 12 1 1 1 10 12 1 1 10 12 1 10 12 1 10 12 1 1 10 12 1 8 1 10 12 1 7 1 18 12 1 1 10 12 1 1 10 12 1 10 12 1 10 12 1 8 1 10 12 1 10 12 1 18 12 1 11 100 12 1 1 1 100 1 10 12 1 1 10 12 1 10 11 12 1 1 10 18 10 12 1 1 11 100 12 1 18 12 1 11 12 1 1 10 12 10 12 1 1 10 12 1 1 100 1 8 1 10 10 12 1 8 1 8 1 10 100 12 1 1 10 12 1 100 1 10 10 12 1 8 1 8 1 8 1 10 12 1 10 12 1 1 10 12 1 10 100 12 1 1 1 11 100 12 1 1 100 1 10 11 10 12 1 10 12 1 10 12 1 1 9 100 12 1 1 9 12 1 1 9 12 9 12 1 9 12 1 9 12 1 8 10 12 1 1 10 7 12 1 1 1 10 12 1 1 10 12 1 1 10 12 1 10 10 12 1 11 12 1 1 10 100 12 1 1 1 100 1 10 12 1 10 12 1 10 12 1 1 1 1 1 1 1 1 1 1 1 1 1 1 1 1 1 1 1 1 1 1 1 1 1 1 1 1 100 1 1 1 1 1 1 1 1 1 1 1 1 1 1 1 1 1 1 1 1 1 100 1 1 1 1 1 1 1 1 1 1 100 1 1 1 1 1 1 1 1 1 1 1 1 1 1 1 1 1 1 1 1 1 1 1 1 1 1 1 1 1 1 1 1 1 1 1 1 1 1 1 1 1 100 1 1 1 1 1 1 1 1 1 1 1 1 1 1 1 1 1 1 100 1 1 1 1 1 1 1 1 1 1 1 1 1 1 1 1 1 1 1 1 1 1 1 1 1 1 1 1 1 1 1 1 1 1 1 1 1 1 1 1 1 1 1 1 1 1 1 1 1 1 1 100 1 1 1 1 1 1 1 1 1 1 1 1 1 1 1 1 1 1 1 1 1 1 1 1 1 1 1 1 1 1 1 1 1 1 1 1 1 1 1 1 1 1 1 1 1 1 15 10 7 12 1 1 1 16 1 15 10 12 16 1 16 15 10 12 16 1 16 1 15 10 12 16 15 10 12 16 15 10 12 16 1 1 100 1 100 1 1
staticfield java/lang/ClassLoader nocerts [Ljava/security/cert/Certificate; 0 [Ljava/security/cert/Certificate;
staticfield java/lang/ClassLoader $assertionsDisabled Z 1
ciInstanceKlass jdk/internal/reflect/DelegatingClassLoader 1 1 18 10 7 12 1 1 1 100 1 1 1 1 1 1 1 1 1 1
instanceKlass jdk/internal/loader/BuiltinClassLoader
ciInstanceKlass java/security/SecureClassLoader 1 1 102 10 7 12 1 1 1 7 1 10 12 1 9 7 12 1 1 1 10 12 1 10 12 1 10 12 1 1 10 12 1 1 10 12 1 7 1 10 7 1 10 12 1 7 1 10 12 1 11 7 12 1 1 1 7 1 11 12 1 10 12 1 1 1 1 1 1 1 1 1 1 1 1 1 1 1 1 1 1 1 1 1 1 1 1 1 1 1 1 1 1 1 1 1 1 1 1 100 1 1 1 1
instanceKlass jdk/internal/loader/ClassLoaders$BootClassLoader
instanceKlass jdk/internal/loader/ClassLoaders$PlatformClassLoader
instanceKlass jdk/internal/loader/ClassLoaders$AppClassLoader
ciInstanceKlass jdk/internal/loader/BuiltinClassLoader 1 1 737 9 7 12 1 1 1 10 7 12 1 1 1 10 7 12 1 1 1 9 12 1 1 9 12 1 1 7 1 10 12 1 9 12 1 10 12 1 9 12 1 10 7 12 1 1 1 10 7 12 1 1 1 10 7 12 1 1 1 11 7 12 1 1 1 100 1 100 1 10 10 12 1 1 8 1 10 12 1 10 12 7 1 10 12 1 10 12 1 1 11 7 12 1 1 1 11 7 12 1 1 1 11 12 1 1 7 1 8 1 8 1 10 9 12 1 1 10 7 12 1 1 11 12 1 1 10 12 1 1 10 12 1 1 10 12 1 1 10 7 12 1 1 1 10 12 1 10 7 12 1 1 1 10 12 1 1 11 7 12 1 1 1 10 7 12 1 1 7 1 10 7 12 1 1 1 10 12 1 100 1 8 1 10 12 1 1 10 8 1 10 12 1 1 10 12 1 1 10 12 1 1 11 7 12 1 1 11 12 1 7 1 10 11 12 1 1 11 10 12 1 1 7 1 10 12 1 10 7 12 1 10 12 1 7 1 10 12 1 10 7 12 1 1 1 100 1 10 12 1 1 11 12 1 100 1 100 1 10 12 1 10 12 1 1 100 1 100 1 10 12 1 10 12 1 18 12 1 1 10 12 1 10 12 1 1 18 100 1 10 7 12 1 1 1 7 1 10 10 12 1 1 10 12 1 1 10 12 1 1 10 12 1 9 12 1 1 100 1 10 10 12 1 1 10 12 1 1 10 12 1 10 12 10 12 1 1 10 12 1 1 10 12 1 1 10 12 1 10 12 1 1 18 12 1 7 1 10 12 1 1 10 12 1 10 12 1 1 10 12 1 100 1 10 12 1 7 1 10 12 1 10 7 12 1 1 1 10 12 1 11 12 1 7 1 10 12 1 7 1 100 1 10 12 1 10 12 1 11 12 1 1 10 12 1 1 10 12 1 1 10 12 1 1 10 12 1 1 10 12 1 10 12 1 10 12 1 10 12 1 8 1 10 12 1 1 10 7 12 1 1 10 12 1 100 1 8 1 8 1 10 10 12 1 8 1 8 1 10 7 12 1 1 1 11 7 12 1 1 1 9 7 12 1 1 1 10 7 12 1 1 1 9 12 1 9 12 1 9 12 1 9 12 1 9 12 1 9 12 1 10 7 12 1 1 1 8 1 10 12 1 7 1 10 12 1 1 10 12 1 7 1 10 11 12 1 1 10 12 10 12 1 10 12 1 100 1 10 12 1 10 12 1 10 10 12 1 10 7 12 1 1 8 1 10 7 12 1 1 10 12 1 1 1 1 1 1 1 1 1 1 1 1 1 1 1 1 1 1 1 1 1 1 1 1 1 1 1 1 1 1 1 1 1 1 1 1 1 1 1 1 1 1 1 1 1 1 1 1 1 1 1 1 1 1 1 1 100 1 1 1 1 1 1 1 1 1 1 1 1 1 1 1 1 1 1 100 1 100 1 1 1 1 1 1 1 1 1 1 1 1 1 1 1 1 1 1 1 1 1 1 1 1 1 1 1 1 1 1 1 1 1 1 1 1 1 1 1 1 1 1 1 1 1 1 1 1 1 1 1 100 1 1 15 10 100 12 1 1 1 16 15 10 12 16 15 10 12 16 15 10 12 16 1 1 1 100 1 1 1 1 1 100 1 100 1 1
staticfield jdk/internal/loader/BuiltinClassLoader packageToModule Ljava/util/Map; java/util/concurrent/ConcurrentHashMap
staticfield jdk/internal/loader/BuiltinClassLoader $assertionsDisabled Z 1
ciInstanceKlass java/security/AccessController 1 1 295 10 100 12 1 1 1 10 7 12 1 1 1 10 7 12 1 1 1 10 12 1 1 10 12 1 1 10 7 12 1 1 1 10 12 1 1 10 12 1 10 12 1 1 10 12 1 100 1 8 1 10 12 1 10 12 1 10 12 1 1 10 12 1 7 1 7 1 10 12 1 1 10 12 1 10 12 1 10 12 1 1 10 7 12 1 1 1 10 12 1 1 9 100 12 1 1 1 10 100 12 1 1 1 10 12 1 10 12 1 9 100 12 1 1 1 10 12 1 10 12 1 1 9 12 1 1 10 100 1 10 11 7 12 1 1 1 10 7 12 1 1 11 7 1 100 1 10 12 1 10 12 1 10 12 1 8 1 10 12 1 1 8 1 10 100 12 1 1 1 8 1 100 1 10 10 12 1 1 10 12 1 10 7 12 1 1 1 10 12 1 8 1 10 100 12 1 1 8 1 8 1 10 12 1 8 1 10 12 1 10 12 1 1 10 12 1 1 1 1 1 1 1 1 1 1 1 1 1 1 1 1 1 1 1 1 1 1 1 1 1 1 1 1 100 1 1 1 1 1 1 1 1 1 1 1 1 1 1 1 1 1 1 1 1 1 1 1 1 1 1 1 1 1 1 1 1 1 1 100 1 100 1 1 1 1 1 1 1 1 1 3 1 1 1
staticfield java/security/AccessController $assertionsDisabled Z 1
instanceKlass jdk/internal/reflect/GeneratedConstructorAccessor14
instanceKlass jdk/internal/reflect/GeneratedConstructorAccessor13
instanceKlass jdk/internal/reflect/GeneratedConstructorAccessor12
instanceKlass jdk/internal/reflect/GeneratedConstructorAccessor11
instanceKlass jdk/internal/reflect/GeneratedConstructorAccessor10
instanceKlass jdk/internal/reflect/GeneratedConstructorAccessor9
instanceKlass jdk/internal/reflect/GeneratedConstructorAccessor8
instanceKlass jdk/internal/reflect/GeneratedConstructorAccessor7
instanceKlass jdk/internal/reflect/GeneratedConstructorAccessor6
instanceKlass jdk/internal/reflect/GeneratedConstructorAccessor5
instanceKlass jdk/internal/reflect/GeneratedConstructorAccessor4
instanceKlass jdk/internal/reflect/GeneratedConstructorAccessor3
instanceKlass jdk/internal/reflect/GeneratedConstructorAccessor2
instanceKlass jdk/internal/reflect/BootstrapConstructorAccessorImpl
instanceKlass jdk/internal/reflect/GeneratedConstructorAccessor1
instanceKlass jdk/internal/reflect/DelegatingConstructorAccessorImpl
instanceKlass jdk/internal/reflect/NativeConstructorAccessorImpl
ciInstanceKlass jdk/internal/reflect/ConstructorAccessorImpl 1 1 27 10 7 12 1 1 1 100 1 100 1 1 1 1 1 1 1 1 1 100 1 100 1 100 1 1 1
instanceKlass jdk/internal/reflect/FieldAccessorImpl
instanceKlass jdk/internal/reflect/ConstructorAccessorImpl
instanceKlass jdk/internal/reflect/MethodAccessorImpl
ciInstanceKlass jdk/internal/reflect/MagicAccessorImpl 1 1 16 10 7 12 1 1 1 100 1 1 1 1 1 1 1 1
instanceKlass jdk/internal/reflect/GeneratedMethodAccessor2
instanceKlass jdk/internal/reflect/GeneratedMethodAccessor1
instanceKlass jdk/internal/reflect/DelegatingMethodAccessorImpl
instanceKlass jdk/internal/reflect/NativeMethodAccessorImpl
ciInstanceKlass jdk/internal/reflect/MethodAccessorImpl 1 1 25 10 7 12 1 1 1 100 1 100 1 1 1 1 1 1 1 1 1 100 1 100 1 1 1
ciInstanceKlass java/lang/Module 1 1 959 10 7 12 1 1 1 9 7 12 1 1 1 10 7 12 1 1 1 9 12 1 9 12 1 1 9 12 1 1 10 12 1 1 10 12 1 10 12 1 1 10 7 12 1 1 1 7 1 10 7 12 1 1 1 10 12 1 1 11 7 12 1 1 1 10 12 1 1 10 7 12 1 1 1 10 12 1 1 10 7 12 1 1 1 9 100 12 1 1 1 10 100 12 1 1 1 10 12 1 8 1 10 7 12 1 1 1 10 7 12 1 1 1 9 12 1 1 9 12 1 1 10 12 1 9 12 1 1 11 12 1 9 7 12 1 1 10 7 12 1 1 1 10 7 12 1 1 1 10 12 1 1 100 1 100 1 10 10 12 1 1 8 1 10 12 1 10 12 10 12 1 10 12 1 1 10 12 1 1 10 12 1 1 9 7 12 1 1 1 10 12 1 1 10 12 1 1 9 12 1 10 12 1 10 12 1 9 12 1 1 11 7 12 1 1 10 12 1 1 9 12 1 9 12 1 10 12 1 10 12 1 100 1 8 1 10 10 12 1 1 10 12 1 8 1 10 12 1 1 8 1 8 1 10 12 1 1 10 12 1 10 12 1 1 18 12 1 1 10 12 1 1 11 12 1 9 12 1 11 12 10 100 12 1 1 100 1 8 1 10 7 1 11 12 1 1 10 12 1 10 12 1 10 12 1 1 11 12 1 1 11 7 12 1 1 11 12 1 1 9 12 1 11 12 1 10 12 1 1 10 12 1 1 9 12 1 10 12 10 7 12 1 1 10 7 12 1 1 10 7 1 18 12 1 1 11 100 12 1 1 1 18 12 1 11 12 1 1 10 100 12 1 1 1 11 12 1 1 10 7 12 1 1 4 7 1 11 12 1 7 1 7 1 10 10 7 12 1 1 1 10 11 7 12 1 8 1 10 10 12 1 1 10 7 12 1 1 10 12 1 10 12 1 7 1 10 12 1 10 11 12 1 1 10 12 10 12 1 1 9 12 1 100 1 10 10 12 1 1 11 100 1 10 12 1 1 11 12 1 10 10 12 1 11 10 12 1 1 10 12 1 1 10 12 1 1 10 7 12 1 1 10 12 1 10 12 1 1 10 10 12 1 1 10 12 1 18 12 1 11 12 1 18 12 1 10 12 1 10 12 1 10 12 7 1 10 12 1 10 12 1 10 12 1 9 12 1 7 1 10 10 10 10 12 1 10 12 1 10 12 1 10 12 1 1 10 12 1 1 10 12 1 9 12 1 18 12 1 1 10 100 12 1 1 1 100 1 8 1 10 12 1 1 10 12 1 1 10 100 12 1 1 100 1 10 12 1 1 100 1 8 1 100 1 10 100 1 100 1 3 10 12 1 100 1 10 12 1 10 12 1 1 10 12 1 1 100 1 10 12 1 10 12 1 1 100 1 100 1 10 12 8 1 10 12 1 1 10 12 1 1 10 7 12 1 1 10 12 1 1 10 12 1 10 12 10 12 1 1 100 1 10 10 12 1 1 10 100 12 1 1 1 100 1 8 1 10 12 1 1 10 100 12 1 1 8 1 10 12 1 8 1 10 12 1 10 12 10 12 1 8 1 10 10 100 12 1 1 7 1 10 10 12 1 10 7 12 1 1 9 12 1 9 12 1 9 12 1 9 12 1 10 12 11 12 1 10 12 1 100 1 1 1 1 1 1 1 1 1 1 1 1 1 1 1 1 100 1 1 1 1 1 1 1 1 1 1 1 1 1 1 1 1 1 1 1 1 1 1 1 1 1 1 1 1 1 1 1 1 1 1 1 1 1 1 1 1 1 1 1 1 1 1 1 1 1 1 1 1 1 1 1 1 1 1 1 1 1 1 1 1 1 1 1 1 1 1 1 1 1 1 1 1 1 1 1 1 1 1 1 100 100 1 1 1 1 1 1 1 1 1 1 1 1 1 1 1 1 1 1 1 1 1 1 1 1 1 1 1 1 1 1 1 1 1 1 100 1 100 1 100 1 1 1 1 1 1 1 1 1 1 1 1 1 1 1 1 1 1 1 1 1 1 1 1 1 1 1 1 15 10 7 12 1 1 1 16 15 10 12 16 16 15 10 12 16 16 15 10 16 1 15 10 12 16 1 15 10 12 16 1 16 15 10 12 16 1 1 1 1 1 1 1 100 1 100 1 1
staticfield java/lang/Module ALL_UNNAMED_MODULE Ljava/lang/Module; java/lang/Module
staticfield java/lang/Module ALL_UNNAMED_MODULE_SET Ljava/util/Set; java/util/ImmutableCollections$Set12
staticfield java/lang/Module EVERYONE_MODULE Ljava/lang/Module; java/lang/Module
staticfield java/lang/Module EVERYONE_SET Ljava/util/Set; java/util/ImmutableCollections$Set12
staticfield java/lang/Module $assertionsDisabled Z 1
ciInstanceKlass java/util/ArrayList 1 1 492 10 7 12 1 1 1 7 1 9 7 12 1 1 1 9 12 1 100 1 100 1 10 8 1 10 12 1 1 10 12 1 10 12 1 1 10 12 1 9 12 1 11 7 12 1 1 1 9 12 1 1 10 12 1 1 7 10 7 12 1 1 1 9 12 1 10 12 1 10 12 1 1 10 7 12 1 1 1 10 7 12 1 1 1 10 12 1 1 10 12 1 1 10 12 1 1 10 12 1 10 12 1 1 100 1 100 1 10 12 1 10 7 12 1 1 1 10 7 12 1 1 10 12 1 10 12 10 12 1 1 10 12 1 1 10 12 1 1 7 1 10 12 1 1 10 12 1 1 10 12 1 100 1 10 11 12 1 1 11 7 12 1 1 1 11 12 1 10 12 1 10 12 1 10 12 1 1 100 1 10 12 1 1 10 10 12 1 1 10 12 1 8 1 8 1 8 1 8 1 10 12 1 1 10 12 1 1 11 12 1 100 1 10 100 12 1 1 10 12 1 10 12 1 1 10 100 12 1 1 10 12 1 10 100 12 1 1 1 11 100 12 1 1 1 10 12 1 100 1 8 1 10 7 1 10 12 1 7 1 10 12 1 10 12 1 1 7 1 10 12 1 10 12 1 1 11 7 12 1 1 7 1 10 12 1 10 12 1 1 11 7 12 1 1 10 12 1 1 10 12 1 1 10 12 1 1 10 12 1 1 11 100 12 1 1 10 12 1 1 100 1 100 1 100 1 1 1 1 5 0 1 3 1 1 1 1 1 1 1 1 1 1 1 1 1 1 1 1 1 1 1 1 1 1 1 1 1 1 1 1 1 1 1 1 1 1 1 1 1 1 1 1 1 1 1 1 1 1 1 1 1 1 1 1 1 1 1 1 1 1 1 1 1 1 1 1 1 1 1 1 1 1 1 1 1 1 1 1 1 1 1 1 1 1 1 1 1 1 1 1 1 1 1 1 1 1 1 1 100 1 1 1 1 100 1 1 1 1 1 1 1 1 1 1 1 1 1 1 1 1 1 1 1 1 1 1 1 1 1 1 1 1 1 100 1 1 1 1 1 1 1 1 1 1 1 1 1 1 1 1 1 1 100 1 100 1 1 1 1 1 1
staticfield java/util/ArrayList EMPTY_ELEMENTDATA [Ljava/lang/Object; 0 [Ljava/lang/Object;
staticfield java/util/ArrayList DEFAULTCAPACITY_EMPTY_ELEMENTDATA [Ljava/lang/Object; 0 [Ljava/lang/Object;
ciInstanceKlass java/util/concurrent/ConcurrentHashMap 1 1 1210 7 1 7 1 3 10 12 1 1 3 100 1 10 7 12 1 1 1 100 1 10 100 12 1 1 1 100 1 11 12 1 1 11 12 1 11 12 1 1 9 12 1 1 9 12 1 1 9 12 1 10 7 12 1 1 1 7 1 10 12 1 1 10 12 1 1 10 7 12 1 1 1 4 10 12 1 9 12 1 10 12 1 1 100 1 10 5 0 10 12 1 10 12 1 1 5 0 10 12 1 1 10 12 1 9 12 1 1 10 12 1 1 9 12 1 9 12 1 1 10 12 1 1 9 12 1 10 12 1 1 9 12 1 1 10 12 1 1 100 1 10 100 1 10 12 1 10 12 1 1 10 12 1 1 10 12 1 1 10 12 1 10 12 1 1 10 12 1 1 100 1 10 12 1 1 7 1 100 1 8 1 10 12 1 10 12 1 1 10 12 1 1 11 7 12 1 1 10 12 1 1 11 12 1 1 11 7 12 1 1 1 11 7 12 1 1 1 11 12 1 7 1 11 12 1 11 12 1 10 12 1 1 10 12 1 1 9 12 1 1 10 100 12 1 1 1 9 10 12 1 1 9 12 1 10 12 1 1 5 0 9 12 1 1 7 1 10 12 1 9 12 1 1 7 1 10 12 1 9 12 1 7 1 10 100 1 10 10 12 1 1 8 1 10 12 1 10 12 1 1 11 100 1 10 12 1 10 100 12 1 1 1 8 1 10 100 12 1 1 1 8 1 10 12 1 8 1 10 12 1 10 12 1 1 10 100 12 1 1 10 12 1 10 12 1 10 12 1 9 12 1 9 10 12 1 9 12 1 1 11 100 12 1 1 1 11 7 12 1 1 1 100 1 10 12 11 100 12 1 1 10 11 7 12 1 10 12 1 100 1 10 12 1 100 1 10 10 9 7 12 1 1 1 10 12 3 10 100 12 1 1 9 12 1 10 12 1 1 9 12 1 1 9 12 1 10 12 1 1 10 100 12 1 1 9 12 1 9 7 12 1 1 10 12 1 1 10 12 1 3 9 12 1 9 12 1 10 12 1 1 7 1 9 3 9 12 1 100 1 10 12 1 9 12 1 10 12 1 9 12 1 10 12 1 9 12 1 10 100 12 1 1 1 100 10 12 1 100 1 5 0 10 100 12 1 1 100 1 10 12 1 1 10 12 1 10 12 1 100 1 10 12 1 10 100 1 100 1 10 10 12 1 10 100 1 10 12 1 10 100 1 10 12 1 10 100 1 10 12 1 1 100 1 10 12 1 10 10 12 1 100 1 10 12 1 10 10 12 1 100 1 10 12 1 10 100 1 10 12 1 10 100 1 10 12 1 10 100 1 10 12 1 10 100 1 10 12 1 10 100 1 10 12 1 10 100 1 10 12 1 10 100 1 10 12 1 10 100 1 10 10 100 1 10 10 100 1 10 10 100 1 10 12 1 10 100 1 10 12 1 10 100 1 10 12 1 10 100 1 10 12 1 10 100 1 10 12 1 10 100 1 10 10 100 1 10 10 100 1 10 10 100 1 10 12 1 10 100 1 10 12 1 10 100 1 10 12 1 10 100 1 10 12 1 10 100 1 10 12 1 10 10 12 1 10 7 12 1 1 1 10 12 1 7 1 7 1 10 12 1 9 12 1 1 9 12 1 1 10 12 1 1 8 10 12 1 1 8 8 8 8 7 10 12 1 1 10 12 1 100 1 8 1 10 7 1 100 1 100 1 1 1 5 0 1 1 3 1 3 1 1 1 1 3 1 3 1 3 1 1 1 1 1 3 1 3 1 3 1 1 1 1 1 1 1 1 1 1 1 1 1 1 1 1 1 1 1 1 1 1 1 1 1 100 1 1 1 1 1 1 1 1 1 1 1 1 1 1 1 1 1 1 1 1 1 1 1 1 1 1 1 1 1 1 1 1 1 1 1 1 1 1 1 1 1 1 1 1 1 1 1 1 1 1 1 1 1 1 1 1 1 1 1 1 1 1 1 1 1 1 1 1 1 1 1 1 1 1 1 1 1 1 1 1 1 1 1 1 100 1 1 1 1 1 1 1 1 1 1 1 100 1 1 1 1 1 1 1 1 1 1 1 1 1 1 1 1 1 1 1 1 1 1 1 1 1 1 1 1 1 1 1 1 1 1 1 1 1 1 1 1 1 1 1 1 1 1 1 1 1 1 1 1 1 1 1 1 1 1 1 1 1 1 1 1 1 1 1 1 1 1 1 1 1 1 1 1 1 1 1 1 1 1 1 1 1 1 1 1 1 1 1 1 1 1 1 1 1 1 1 1 1 1 1 1 1 1 1 1 1 1 1 1 1 1 1 1 1 1 1 1 1 1 1 1 1 1 1 1 1 1 1 1 1 1 1 1 1 1 1 1 1 1 1 1 1 1 1 1 1 1 1 1 1 1 1 1 1 1 1 1 1 1 1 1 1 1 1 1 1 1 1 1 1 1 1 1 1 1 1 1 1 1 1 1 1 1 1 1 1 1 1 1 1 1 1 1 1 1 1 1 1 1 1 1 1 1 1 1 1 1 1 1 1 1 1 1 1 1 1 1 1 1 1 100 1 100 1 100 1 100 1 100 1 100 1 100 1 100 1 100 1 1 1 1 1 1 1 1 1 1 1 1 1 1 1 1 1 1 1 1 1 1 1 1 1 1 1 1 1 1 1 1 1 1 1 1 1 1 1 1 1 1 1 1 1 1 1 1 1 1 1 1 1 1 1 1 1 1
staticfield java/util/concurrent/ConcurrentHashMap NCPU I 16
staticfield java/util/concurrent/ConcurrentHashMap serialPersistentFields [Ljava/io/ObjectStreamField; 3 [Ljava/io/ObjectStreamField;
staticfield java/util/concurrent/ConcurrentHashMap U Ljdk/internal/misc/Unsafe; jdk/internal/misc/Unsafe
staticfield java/util/concurrent/ConcurrentHashMap SIZECTL J 20
staticfield java/util/concurrent/ConcurrentHashMap TRANSFERINDEX J 32
staticfield java/util/concurrent/ConcurrentHashMap BASECOUNT J 24
staticfield java/util/concurrent/ConcurrentHashMap CELLSBUSY J 36
staticfield java/util/concurrent/ConcurrentHashMap CELLVALUE J 144
staticfield java/util/concurrent/ConcurrentHashMap ABASE I 16
staticfield java/util/concurrent/ConcurrentHashMap ASHIFT I 2
ciInstanceKlass java/lang/String 1 1 1396 10 7 12 1 1 1 8 1 9 7 12 1 1 1 9 12 1 1 9 12 1 1 10 12 1 10 12 1 1 10 12 1 1 9 12 1 1 10 7 12 1 1 1 10 7 1 10 7 12 1 1 1 10 12 1 1 10 12 1 1 10 12 1 10 12 1 1 10 12 1 10 7 12 1 1 1 9 7 12 1 1 1 10 7 12 1 1 1 10 12 1 1 10 12 1 1 10 12 1 1 10 12 1 1 10 12 1 1 9 7 12 1 1 10 12 9 7 12 1 1 3 10 7 12 1 1 1 7 1 11 12 1 1 11 12 1 11 12 1 1 10 7 12 1 1 1 10 12 1 1 9 100 12 1 1 1 10 12 1 1 10 12 1 11 12 1 1 10 12 1 1 10 12 10 12 1 1 10 100 12 1 1 1 10 7 12 1 1 1 10 12 1 1 100 1 100 1 10 12 1 10 12 1 10 12 1 1 100 1 10 12 1 1 100 1 10 12 1 1 10 12 1 1 10 10 12 1 100 1 100 1 100 1 10 12 1 10 12 1 1 10 12 1 1 10 12 1 10 12 1 1 10 12 1 1 10 7 12 1 1 7 1 11 11 12 1 11 12 1 10 12 1 1 10 12 1 10 12 10 12 1 1 10 10 100 12 1 1 1 10 100 12 1 1 10 12 1 1 10 100 12 1 1 10 12 1 10 12 1 1 10 12 1 1 10 12 1 10 12 1 10 12 1 1 100 1 10 12 1 1 10 12 10 12 1 10 12 1 1 10 100 12 1 1 1 10 12 1 10 12 1 1 10 12 1 10 12 1 3 3 10 12 1 10 12 1 1 10 12 1 1 10 12 1 1 10 12 1 10 12 1 1 10 12 1 1 10 12 1 10 12 1 10 12 1 10 12 1 1 10 12 1 10 12 1 10 12 1 10 12 1 10 12 1 10 12 1 10 100 1 10 8 1 10 12 1 1 10 12 1 8 1 10 12 1 1 10 12 10 12 1 8 1 10 10 12 1 1 10 12 1 1 10 12 1 10 12 1 1 10 12 10 100 1 10 10 12 1 10 12 1 10 12 1 10 10 12 1 10 12 1 1 10 12 1 100 1 10 10 12 1 100 1 10 10 12 1 10 12 1 1 10 12 1 10 12 1 1 10 10 12 1 1 10 100 1 10 10 12 1 10 12 1 1 10 12 1 1 10 100 1 10 12 1 10 12 1 10 12 1 10 12 1 1 10 12 1 11 7 1 11 12 10 12 1 10 12 1 1 10 12 1 1 10 10 12 1 10 12 1 9 12 1 1 11 7 12 1 1 1 10 10 12 1 10 12 1 1 10 10 12 1 10 12 1 10 12 1 1 9 12 1 10 12 1 1 10 10 12 1 1 10 12 10 10 12 1 10 12 10 10 12 10 10 12 1 10 12 1 10 12 10 10 12 10 12 1 10 12 10 12 10 10 12 1 10 12 1 1 10 12 1 10 10 12 1 10 7 12 1 1 1 10 12 1 1 10 10 7 12 1 1 1 11 10 12 1 10 12 1 1 10 12 1 1 10 7 12 1 1 1 10 12 1 10 10 12 1 10 12 1 10 12 1 10 100 12 1 1 10 12 1 100 1 100 1 8 1 10 10 10 12 1 8 1 10 12 1 3 3 7 1 10 10 12 1 10 12 1 10 12 1 1 10 12 1 1 11 7 12 1 1 1 7 1 10 12 1 1 10 12 1 10 12 1 1 10 12 1 1 8 1 10 12 1 1 10 12 1 11 7 12 1 1 1 11 7 12 1 1 11 12 1 1 10 12 1 10 12 1 1 10 10 7 12 1 1 1 10 12 1 10 12 1 10 10 12 10 12 1 1 10 10 12 1 10 10 12 1 10 10 12 1 10 10 12 1 10 12 1 1 10 10 12 1 8 1 10 12 1 1 18 12 1 1 11 100 12 1 1 1 100 1 3 18 12 1 18 12 1 8 1 10 100 12 1 1 1 11 12 1 1 10 12 10 10 12 1 10 11 12 1 1 10 12 1 1 11 12 1 18 3 11 10 12 1 11 11 10 12 1 10 12 1 1 8 1 10 12 1 10 12 1 10 12 1 1 10 10 12 1 11 100 12 1 7 1 100 1 10 12 1 7 1 10 10 7 12 1 1 1 100 1 10 7 1 10 10 12 1 10 10 12 1 8 1 10 10 12 1 8 1 8 1 10 12 1 10 12 1 10 10 12 10 100 12 1 1 10 100 12 1 1 10 100 12 1 1 8 1 10 12 1 10 12 1 1 10 10 12 8 1 8 1 10 8 1 8 1 8 1 8 1 10 12 1 10 12 1 8 1 10 100 12 1 1 1 10 12 10 12 1 1 10 12 10 10 12 10 12 7 1 9 12 1 1 7 1 10 100 1 100 1 100 1 100 1 1 1 1 1 1 5 0 1 1 1 1 1 3 1 3 1 1 1 1 1 1 1 1 1 1 1 1 1 1 1 100 1 1 1 100 1 1 1 1 1 1 1 1 1 1 1 1 1 1 1 1 1 1 1 1 1 1 1 1 1 1 1 100 1 1 1 1 1 1 1 1 1 100 1 1 1 1 1 1 1 1 1 1 1 1 1 1 1 1 1 1 1 1 1 1 1 1 1 1 1 1 1 1 1 1 1 1 1 1 1 1 1 1 1 1 1 1 1 1 1 1 1 1 1 1 1 1 1 1 1 1 1 1 1 1 1 1 1 1 1 1 1 1 1 1 1 1 1 1 1 1 1 1 1 1 1 1 1 1 1 1 1 1 1 1 1 1 1 1 1 1 1 1 1 1 1 1 1 1 1 1 1 1 1 1 1 1 1 1 1 1 1 1 1 1 1 1 1 1 1 1 1 1 1 1 1 1 1 1 1 1 1 1 1 1 1 1 1 1 1 1 1 1 1 1 1 1 1 1 1 1 1 1 1 1 1 1 1 1 1 1 1 100 1 1 1 1 1 1 1 1 1 1 1 1 1 1 1 1 1 1 1 1 1 1 1 1 100 1 1 1 1 1 1 1 1 1 1 1 1 1 100 1 1 1 1 1 1 1 1 1 1 1 1 1 1 1 15 10 100 12 1 1 1 16 15 10 12 16 15 10 12 15 10 12 15 10 12 1 1 1 1 100 1 100 1 1 1
staticfield java/lang/String COMPACT_STRINGS Z 1
staticfield java/lang/String serialPersistentFields [Ljava/io/ObjectStreamField; 0 [Ljava/io/ObjectStreamField;
staticfield java/lang/String CASE_INSENSITIVE_ORDER Ljava/util/Comparator; java/lang/String$CaseInsensitiveComparator
ciInstanceKlass java/security/ProtectionDomain 1 1 324 10 7 12 1 1 1 9 7 12 1 1 1 7 1 10 9 12 1 1 9 12 1 1 9 12 1 1 10 7 12 1 1 7 1 9 12 1 9 12 1 1 7 1 9 12 1 1 9 12 1 10 100 12 1 1 10 100 12 1 1 1 10 12 1 1 10 12 1 9 12 1 9 100 12 1 1 10 12 1 1 10 100 1 10 12 1 1 8 1 100 1 8 1 10 12 1 10 10 100 12 1 1 1 10 12 1 1 8 1 11 8 1 10 12 1 8 1 8 1 10 12 1 1 10 12 1 10 12 1 1 10 12 1 8 1 10 12 1 8 1 8 1 10 100 12 1 1 1 9 100 12 1 1 1 10 12 1 1 9 100 12 1 1 1 10 100 12 1 1 1 100 1 100 1 10 12 1 10 100 12 1 1 1 10 100 1 10 12 1 10 12 1 1 11 100 12 1 1 11 12 1 100 1 11 100 12 1 1 1 10 12 1 10 11 12 1 1 11 12 1 1 10 12 1 10 7 12 1 1 10 100 12 1 1 11 12 1 10 12 8 1 8 1 10 7 12 1 1 1 7 1 10 10 7 12 1 1 1 1 1 1 1 1 1 1 100 1 1 100 1 1 1 1 1 1 1 1 1 1 1 1 1 1 1 1 1 1 1 1 1 1 1 1 1 1 1 1 1 1 1 1 1 1 1 1 1 1 1 1 1 1 100 1 1 1 1 1 100 1 1 1 1 1
staticfield java/security/ProtectionDomain filePermCompatInPD Z 0
ciInstanceKlass java/security/CodeSource 1 1 395 10 7 12 1 1 1 9 7 12 1 1 1 9 12 1 1 9 12 1 1 9 12 1 1 10 7 12 1 1 1 9 12 1 1 10 7 12 1 1 10 7 10 100 12 1 1 1 10 100 12 1 1 1 10 12 1 1 7 1 10 10 7 12 1 1 1 10 7 12 1 1 1 10 12 1 1 10 12 1 7 1 10 12 1 1 10 12 1 1 10 12 1 1 10 12 1 10 10 10 12 1 1 10 100 12 1 1 1 10 12 1 10 12 1 10 12 1 8 1 10 12 1 10 12 1 10 12 1 1 10 12 1 8 1 10 12 1 1 10 100 1 10 10 12 1 1 8 1 10 12 1 10 12 1 10 12 1 8 1 8 1 9 12 1 1 100 1 8 1 10 12 1 10 12 1 1 8 1 10 12 1 8 1 8 1 8 1 10 100 12 1 1 10 12 1 1 10 12 1 10 12 1 1 10 12 1 1 10 12 1 1 100 1 100 1 10 12 1 10 12 10 12 1 1 10 100 12 1 1 10 12 1 100 1 10 12 10 8 1 10 12 1 10 12 1 10 12 1 1 100 1 10 12 1 1 100 1 100 1 8 1 8 1 10 10 12 1 1 10 100 12 1 1 1 100 1 10 12 10 12 1 1 11 100 12 1 1 10 10 12 1 11 10 12 1 8 1 100 1 10 12 1 10 12 1 1 10 12 1 11 12 1 1 11 100 1 1 1 1 5 0 1 1 1 1 1 1 1 1 1 1 1 1 1 1 1 1 1 1 1 1 1 1 1 1 1 1 1 1 1 1 1 1 1 1 1 1 1 1 1 1 1 1 1 1 1 1 1 1 1 1 1 1 1 1 1 1 1 1 1 1 1 1 1 1 1 100 1 1 1 1 1 1 1
ciInstanceKlass java/lang/StringBuilder 1 1 409 10 7 12 1 1 1 10 12 1 10 12 1 10 12 1 1 10 7 12 1 1 1 10 7 12 1 1 1 10 12 1 10 12 1 10 12 1 10 12 1 10 12 1 10 12 1 10 12 1 10 12 1 10 12 1 10 12 1 10 12 1 10 12 1 10 12 1 10 12 1 1 10 12 1 10 12 1 1 10 12 1 1 10 12 1 10 12 1 10 12 1 10 12 1 10 12 1 10 12 1 10 12 1 10 12 10 12 1 10 12 1 10 12 1 10 12 1 1 10 12 1 10 12 1 10 12 10 12 1 1 10 12 1 1 9 12 1 1 9 12 1 1 10 7 12 1 1 1 10 7 1 10 100 12 1 1 1 10 12 1 10 12 1 1 10 12 1 1 10 10 12 1 1 10 100 12 1 1 10 12 1 10 12 1 1 100 1 100 1 8 1 10 10 12 1 1 10 12 1 1 10 12 1 10 12 1 10 12 1 10 12 1 10 12 1 10 12 1 10 12 1 10 12 1 10 12 1 10 12 1 10 12 1 10 12 1 10 12 1 10 12 1 10 12 1 1 10 12 1 1 10 12 1 10 12 1 10 12 1 10 12 10 12 10 12 1 10 12 1 10 12 1 10 12 10 12 1 10 12 1 10 12 1 10 12 1 10 12 1 10 12 1 10 12 1 10 12 1 10 12 1 1 10 12 1 10 12 1 1 10 12 1 10 12 1 1 10 12 1 10 12 1 1 10 12 1 10 12 1 10 12 1 10 10 12 1 10 12 1 100 1 100 1 100 1 1 1 1 5 0 1 1 1 1 1 1 1 1 1 1 1 1 1 1 1 1 1 1 1 1 1 1 1 1 1 1 1 1 1 1 1 1 1 1 1 1 1 1 1 1 1 1 1 100 1 1 1 100 1 1 1 1 1 1 1 1 1 1
ciInstanceKlass jdk/internal/loader/ClassLoaders 1 1 183 10 100 12 1 1 1 10 7 12 1 1 1 10 12 1 1 10 100 12 1 1 1 9 7 12 1 1 1 9 12 1 1 9 12 1 1 7 1 11 100 12 1 1 1 100 1 11 12 1 1 11 12 1 1 10 100 12 1 1 1 10 100 12 1 1 1 100 1 100 1 10 7 12 1 1 1 9 12 1 1 10 12 1 1 7 1 10 12 1 1 10 12 1 7 1 8 1 10 7 12 1 1 1 10 12 1 1 7 1 10 12 1 10 12 1 10 12 1 8 1 10 7 12 1 1 8 1 8 1 10 12 1 7 1 10 12 1 10 12 1 10 12 1 1 1 1 1 1 1 1 1 1 1 1 1 1 1 1 1 1 1 1 100 1 1 1 1 1 1 1 1 1 1 1 1 1 1 1 1 1 1 1
staticfield jdk/internal/loader/ClassLoaders JLA Ljdk/internal/access/JavaLangAccess; java/lang/System$2
staticfield jdk/internal/loader/ClassLoaders BOOT_LOADER Ljdk/internal/loader/ClassLoaders$BootClassLoader; jdk/internal/loader/ClassLoaders$BootClassLoader
staticfield jdk/internal/loader/ClassLoaders PLATFORM_LOADER Ljdk/internal/loader/ClassLoaders$PlatformClassLoader; jdk/internal/loader/ClassLoaders$PlatformClassLoader
staticfield jdk/internal/loader/ClassLoaders APP_LOADER Ljdk/internal/loader/ClassLoaders$AppClassLoader; jdk/internal/loader/ClassLoaders$AppClassLoader
ciInstanceKlass jdk/internal/misc/Unsafe 1 1 1285 10 7 12 1 1 1 9 7 12 1 1 1 9 12 1 1 10 12 1 1 10 7 12 1 1 1 10 12 1 1 10 12 1 1 10 12 1 1 10 12 1 1 10 12 1 1 10 12 1 1 10 12 1 1 10 12 1 1 10 12 1 1 10 12 1 1 10 12 1 1 10 12 1 1 10 12 1 1 10 12 1 10 12 1 100 1 10 10 12 1 1 10 12 1 1 5 0 10 12 1 1 10 12 1 1 10 7 12 1 1 1 10 12 1 1 10 12 1 10 12 1 10 12 1 1 10 12 1 1 10 12 1 10 12 1 100 1 100 1 10 8 1 10 12 1 1 10 12 1 8 1 10 12 1 1 10 12 1 10 12 1 10 12 1 1 10 12 1 10 12 1 1 10 12 1 1 10 12 1 10 12 1 10 12 1 10 12 1 1 10 12 1 10 12 1 10 12 1 1 10 12 1 5 0 5 0 5 0 10 12 1 10 12 1 10 12 1 10 12 1 10 12 1 10 12 1 10 12 1 10 12 1 10 12 1 1 10 12 1 10 12 1 100 1 8 1 10 100 1 10 10 12 1 1 10 12 1 1 10 12 1 10 12 1 1 10 12 1 1 10 12 1 10 12 1 1 10 12 1 9 7 12 1 1 9 12 1 100 1 10 10 12 1 1 8 1 10 8 1 8 1 10 12 1 1 9 7 12 1 1 1 9 100 1 9 7 1 9 7 1 9 9 100 1 9 100 1 9 100 1 10 12 1 1 10 12 1 1 10 12 1 1 10 12 1 1 5 0 5 0 9 12 1 1 10 12 1 10 12 1 10 12 1 1 10 12 1 1 10 12 1 8 1 3 10 12 1 1 10 12 1 1 10 12 1 10 12 1 1 10 12 1 1 10 12 1 10 12 1 10 12 1 10 12 1 10 12 1 10 12 1 1 10 12 1 1 10 12 1 10 12 1 10 12 1 10 12 1 10 12 1 10 12 1 1 10 12 1 1 10 12 1 10 12 1 10 12 1 10 12 1 10 12 1 10 12 1 1 10 12 1 1 10 12 1 1 10 12 1 1 10 12 1 10 12 1 10 12 1 10 12 1 10 12 1 10 12 1 10 12 1 1 10 12 1 1 10 12 1 10 12 1 10 12 1 10 12 1 10 12 1 10 12 1 10 12 1 1 10 12 1 1 10 12 1 10 12 1 10 12 1 10 12 1 10 12 1 10 12 1 10 12 1 10 12 1 1 10 12 1 10 12 1 10 12 1 10 12 1 10 12 1 1 10 12 1 10 12 1 10 12 1 10 12 1 10 12 1 10 12 1 10 12 1 10 12 1 1 10 12 1 10 12 1 10 12 1 10 12 1 10 12 1 10 12 1 1 10 12 1 10 12 1 10 12 1 1 10 12 1 10 12 1 10 12 1 10 12 1 10 12 1 10 12 1 10 12 1 10 12 1 10 12 1 10 12 1 10 12 1 10 12 1 10 12 1 10 12 1 10 12 1 10 12 1 10 12 1 10 12 1 10 12 1 10 12 1 10 12 1 10 12 1 100 1 10 100 1 10 9 12 1 5 0 10 12 1 1 5 0 10 12 1 5 0 10 12 1 10 12 1 10 12 1 1 10 12 1 1 10 12 1 10 12 1 10 12 1 10 12 1 1 10 12 1 10 12 1 10 12 1 10 12 1 10 12 1 1 10 12 1 10 12 1 10 12 1 10 12 1 1 10 12 1 10 12 1 10 12 1 1 10 12 1 10 12 1 10 12 1 10 12 1 1 10 12 1 10 10 12 1 1 10 12 1 10 12 1 1 10 12 1 10 12 5 0 5 0 5 0 10 12 1 1 10 12 1 10 12 1 10 12 10 100 12 1 1 8 1 100 1 11 12 1 1 8 1 11 12 1 1 10 100 12 1 1 10 12 1 10 12 1 10 12 1 10 12 1 10 12 1 1 10 12 1 10 12 1 10 12 1 10 12 1 10 12 1 10 12 1 10 7 1 10 12 1 9 12 1 7 1 9 12 1 7 1 9 12 1 7 1 9 12 1 7 1 9 12 1 7 1 9 12 1 7 1 9 12 1 7 1 9 12 1 7 1 9 12 1 10 12 1 9 12 1 9 12 1 9 12 1 9 12 1 9 12 1 9 12 1 9 12 1 9 12 1 9 12 1 9 12 1 1 1 3 1 1 1 1 1 1 1 1 1 1 1 1 1 1 1 1 1 1 1 1 1 1 1 1 1 1 1 1 1 1 1 1 1 1 1 1 1 1 1 1 1 1 1 1 1 1 1 1 1 1 1 1 1 1 1 1 1 1 1 1 1 1 1 1 1 1 1 1 1 1 1 1 1 1 1 1 1 1 1 1 1 1 1 1 1 1 1 1 1 100 1 1 1 1 1 1 1 1 1 1 1 1 1 1 1 1 1 1 1 1 1 1 1 1 1 1 1 1 1 1 1 1 1 1 1 1 1 1 1 1 1 1 1 1 1 1 1 1 1 1 1 1 1 1 1 1 1 1 1 1 1 1 1 1 1 1 1 1 1 1 1 1 1 1 1 1 1 1 1 1 1 1 1 1 1 1 1 1 1 1 1 1 1 1 1 1 1 1 1 1 1 1 1 1 1 1 1 1 1 1 1 1 1 1 1 1 1 1 1 1 1 1 1 1 1 1 1 1 1 1 1 1 1 1 1 1 1 1 1 1 1 1 1 1 1 1 1 1 1 1 1 1 1 1 1 1 1 1 1 1 1 1 1 1 1 1 1 1 1 1 1 1 1 1 1 1 1 1 1 1 1 1 1 1 1 1 1 1 1 1 1 1 1 1 1 1 1 1 1 1 1 1 1 1 1 1 1 3 1 1 1 1 1 1 1 1 1 1 1 1 1 1 1 1 1 1 1 1 1
staticfield jdk/internal/misc/Unsafe theUnsafe Ljdk/internal/misc/Unsafe; jdk/internal/misc/Unsafe
staticfield jdk/internal/misc/Unsafe ARRAY_BOOLEAN_BASE_OFFSET I 16
staticfield jdk/internal/misc/Unsafe ARRAY_BYTE_BASE_OFFSET I 16
staticfield jdk/internal/misc/Unsafe ARRAY_SHORT_BASE_OFFSET I 16
staticfield jdk/internal/misc/Unsafe ARRAY_CHAR_BASE_OFFSET I 16
staticfield jdk/internal/misc/Unsafe ARRAY_INT_BASE_OFFSET I 16
staticfield jdk/internal/misc/Unsafe ARRAY_LONG_BASE_OFFSET I 16
staticfield jdk/internal/misc/Unsafe ARRAY_FLOAT_BASE_OFFSET I 16
staticfield jdk/internal/misc/Unsafe ARRAY_DOUBLE_BASE_OFFSET I 16
staticfield jdk/internal/misc/Unsafe ARRAY_OBJECT_BASE_OFFSET I 16
staticfield jdk/internal/misc/Unsafe ARRAY_BOOLEAN_INDEX_SCALE I 1
staticfield jdk/internal/misc/Unsafe ARRAY_BYTE_INDEX_SCALE I 1
staticfield jdk/internal/misc/Unsafe ARRAY_SHORT_INDEX_SCALE I 2
staticfield jdk/internal/misc/Unsafe ARRAY_CHAR_INDEX_SCALE I 2
staticfield jdk/internal/misc/Unsafe ARRAY_INT_INDEX_SCALE I 4
staticfield jdk/internal/misc/Unsafe ARRAY_LONG_INDEX_SCALE I 8
staticfield jdk/internal/misc/Unsafe ARRAY_FLOAT_INDEX_SCALE I 4
staticfield jdk/internal/misc/Unsafe ARRAY_DOUBLE_INDEX_SCALE I 8
staticfield jdk/internal/misc/Unsafe ARRAY_OBJECT_INDEX_SCALE I 4
staticfield jdk/internal/misc/Unsafe ADDRESS_SIZE I 8
ciInstanceKlass java/util/Map 1 1 259 11 7 12 1 1 1 11 12 1 1 10 7 12 1 1 11 12 1 1 11 7 12 1 1 1 11 100 12 1 1 1 11 12 1 1 7 1 11 12 1 11 12 1 100 1 100 1 10 12 1 1 11 100 12 1 1 1 11 100 12 1 1 1 11 12 1 11 12 1 10 12 1 1 11 12 1 11 7 12 1 9 7 12 1 1 1 100 1 10 12 7 1 7 1 10 12 1 7 1 10 7 1 11 12 1 1 7 1 11 12 1 1 1 1 1 1 1 1 1 1 1 1 1 1 1 1 1 1 1 1 1 1 1 1 1 1 1 1 1 1 1 1 1 1 1 1 1 1 1 1 1 1 1 1 1 1 1 1 1 1 1 1 1 1 1 1 1 1 1 1 1 1 1 1 1 1 1 1 1 1 1 1 1 1 1 1 1 1 1 1 1 1 1 1 1 1 1 1 1 1 1 1 1 1 1 1 1 1 1 1 1 1 1 1 1 1 1 1 1 1 1 1 1 1 1 1 1 1 1 1 1 1 1 1 1 1 1 1 1 100 1 1 1 1 1 1 1 1 1 1 1 1 1 1 1 1 1 1
ciInstanceKlass java/lang/ThreadGroup 1 1 293 10 7 12 1 1 1 9 7 12 1 1 1 8 1 9 12 1 1 7 1 9 12 1 9 12 1 1 10 12 1 1 10 12 1 1 10 12 1 10 12 1 1 10 12 1 9 12 1 1 10 12 1 1 10 12 1 9 12 1 10 100 12 1 1 1 9 12 1 9 12 1 1 10 7 12 1 1 1 100 10 12 1 1 10 7 12 1 1 1 10 100 12 1 9 12 1 10 12 1 1 10 12 1 1 9 12 1 1 10 12 1 1 10 12 1 10 12 1 10 12 1 1 10 12 1 1 10 12 1 10 12 1 10 10 12 1 10 12 1 10 100 1 10 10 12 1 10 12 1 10 12 1 7 10 12 1 9 12 1 1 10 12 1 1 8 1 10 100 12 1 1 1 10 12 1 1 10 12 1 1 10 12 1 1 11 100 1 100 1 9 12 1 100 1 10 8 1 10 12 1 1 10 12 1 1 8 1 10 12 1 10 100 12 1 1 1 10 12 1 1 10 100 1 8 1 10 8 1 10 12 1 8 1 1 1 1 1 1 1 1 1 1 1 1 1 1 1 1 1 3 1 1 1 1 1 1 1 1 1 1 1 1 1 1 1 1 1 1 1 1 1 1 1 1 1 1 1 1 1 1 1 1 1 1 1 1 1 1 1 1 1 1
instanceKlass java/security/Provider
ciInstanceKlass java/util/Properties 1 1 651 10 7 12 1 1 1 100 1 10 7 12 1 1 7 1 10 12 1 9 12 1 1 9 12 1 1 9 12 1 1 10 7 12 1 1 1 10 12 1 1 8 1 10 7 12 1 1 1 7 1 10 12 1 10 12 1 1 8 1 10 12 1 7 1 10 12 10 12 1 1 9 12 1 1 10 12 1 1 7 1 10 12 1 10 12 1 10 12 1 1 100 1 8 1 10 12 1 10 12 1 10 12 1 1 10 12 1 100 1 3 10 10 100 12 1 1 1 10 12 1 10 12 1 1 8 1 10 12 1 10 12 1 1 8 1 10 100 12 1 1 10 12 1 1 10 12 1 10 12 1 1 100 1 10 12 1 10 12 1 1 100 1 9 100 12 1 1 1 10 12 1 10 12 1 1 100 1 10 10 10 12 1 1 11 7 12 1 1 1 11 7 12 1 1 1 11 12 1 1 7 1 11 12 1 11 12 1 10 12 1 1 8 1 10 12 1 10 12 1 100 1 10 10 12 1 1 10 100 12 1 1 9 100 12 1 1 10 12 1 1 10 100 12 1 1 1 100 1 100 1 100 1 10 8 1 8 1 10 12 1 10 12 1 10 12 1 1 10 10 12 1 1 10 12 1 1 100 1 10 10 12 1 11 7 12 1 1 10 7 12 1 1 1 8 1 10 100 12 1 1 11 8 1 10 100 1 11 10 12 1 10 12 1 10 12 1 10 12 1 1 10 12 1 1 10 12 1 1 10 12 1 10 12 1 10 10 12 1 10 12 1 10 12 1 10 10 12 1 1 10 12 1 1 7 1 10 10 12 1 10 12 1 10 12 1 10 12 1 10 12 1 1 10 12 1 1 10 12 1 10 12 1 10 12 1 1 10 12 10 12 1 1 10 12 1 1 10 12 1 10 12 1 1 10 12 1 1 10 12 100 1 10 11 100 12 1 1 4 11 10 12 1 1 10 100 12 1 1 11 12 1 10 12 1 1 10 100 12 1 1 10 12 1 100 1 8 1 10 12 1 10 10 100 12 1 1 1 100 1 6 0 10 12 1 1 11 100 12 1 1 1 10 12 1 10 12 1 1 1 1 1 5 0 1 1 1 1 1 1 1 1 1 1 1 1 1 1 1 1 1 1 1 1 1 1 1 1 1 1 1 1 1 1 1 1 1 1 1 1 1 1 1 1 100 1 1 1 1 1 1 1 1 1 1 1 1 1 1 1 1 1 1 1 1 100 1 1 1 1 1 1 1 100 1 100 1 1 1 1 100 1 1 1 1 1 1 1 1 1 1 1 1 1 1 1 1 1 1 1 1 1 1 1 1 1 1 1 1 1 1 1 1 1 1 1 1 1 1 1 1 1 1 1 1 1 1 1 1 1 1 1 1 1 1 1 1 1 1 1 1 1 1 1 1 1 1 1 1 1 1 1 1 1 1 1 1 100 1 1 1 1 1 1 1 1 1 100 1 1 1
staticfield java/util/Properties UNSAFE Ljdk/internal/misc/Unsafe; jdk/internal/misc/Unsafe
instanceKlass java/util/Hashtable
ciInstanceKlass java/util/Dictionary 1 1 36 10 7 12 1 1 1 100 1 1 1 1 1 1 1 1 1 1 1 1 1 1 1 1 1 1 1 1 1 1 1 1 1 1 1 1
instanceKlass java/util/Properties
ciInstanceKlass java/util/Hashtable 1 1 512 100 1 10 7 12 1 1 1 9 7 12 1 1 1 100 1 100 1 10 8 1 10 12 1 1 10 12 1 10 12 1 1 10 12 1 10 7 12 1 1 1 8 1 10 12 1 9 12 1 1 7 1 9 12 1 1 4 10 7 12 1 1 1 9 12 1 4 10 12 1 11 100 12 1 1 1 10 12 1 1 10 12 1 1 9 12 1 10 12 1 1 100 1 10 9 12 1 1 10 7 12 1 1 1 9 12 1 1 10 12 1 10 12 1 3 9 12 1 9 12 1 3 10 12 1 10 12 1 10 12 1 1 11 12 1 1 11 100 12 1 1 1 11 100 12 1 1 1 11 12 1 100 1 11 12 1 11 12 1 10 12 1 1 10 12 1 1 10 12 1 9 12 1 1 9 12 9 12 1 1 10 100 1 100 1 10 12 1 10 8 1 10 10 12 1 8 1 10 8 1 10 100 12 1 1 1 7 1 10 12 1 10 12 1 100 1 10 12 1 10 12 1 1 100 1 10 100 1 10 10 12 1 1 11 12 1 1 11 12 1 100 1 10 10 10 100 12 1 1 11 100 12 1 1 1 100 1 10 11 100 12 1 1 11 100 12 1 10 12 1 10 12 1 1 10 100 12 1 1 10 12 1 1 10 12 1 1 10 12 1 1 10 100 12 1 1 1 8 10 100 12 1 1 100 1 8 1 10 4 10 12 4 10 12 1 8 1 10 12 10 100 12 1 1 1 100 1 11 100 12 1 1 1 10 100 12 1 1 1 10 12 1 10 12 1 1 10 100 1 100 1 1 1 1 1 1 5 0 1 1 1 1 1 3 1 3 1 3 1 1 1 1 1 1 1 1 1 1 1 1 1 1 1 1 1 1 1 1 1 1 1 1 1 100 1 1 1 1 1 1 1 1 1 1 1 1 1 1 1 1 1 1 1 1 1 1 1 1 1 1 1 1 1 100 1 1 1 1 1 1 1 1 1 1 1 1 1 1 1 1 1 1 1 1 1 1 1 1 1 1 1 1 1 1 1 1 1 1 1 1 1 1 1 1 1 1 1 1 1 1 1 1 1 1 1 1 1 1 1 1 1 1 100 1 1 1 100 1 1 1 1 1 100 1 1 1 1 1 1 1 1 1 1 1 1 1 1 1 1 1 1
ciInstanceKlass java/util/Set 1 1 140 100 1 10 100 12 1 1 1 9 7 12 1 1 1 7 1 10 12 1 1 10 12 1 7 1 7 1 10 12 1 7 1 7 1 7 1 10 12 1 10 12 1 1 11 12 1 1 100 1 1 1 1 1 1 1 1 1 1 1 1 1 1 1 1 1 1 1 1 1 1 1 1 1 1 1 1 1 1 1 1 1 1 1 1 1 1 1 1 1 1 1 1 1 1 1 1 1 1 1 1 1 1 1 1 1 1 1 1 1 1 1 1 1 1 1 1 1 1 1 1 1 1 1 1 1 1 1 1 1 1 1 1 1 1 1 1 1 1 1
instanceKlass sun/nio/ch/ChannelInputStream
instanceKlass jdk/nio/zipfs/ZipFileSystem$EntryInputStream
instanceKlass com/sun/org/apache/xerces/internal/impl/XMLEntityManager$RewindableInputStream
instanceKlass java/util/jar/JarVerifier$VerifierStream
instanceKlass java/util/zip/ZipFile$ZipFileInputStream
instanceKlass java/io/FilterInputStream
instanceKlass java/io/FileInputStream
instanceKlass java/io/ByteArrayInputStream
ciInstanceKlass java/io/InputStream 1 1 184 100 1 10 7 12 1 1 1 100 1 10 10 7 12 1 1 1 10 7 12 1 1 1 10 12 1 100 1 3 10 12 1 1 100 1 8 1 10 12 1 10 7 12 1 1 1 3 100 1 8 1 10 10 7 12 1 1 1 7 1 10 11 7 12 1 1 1 10 12 1 1 11 12 1 1 11 7 12 1 1 1 11 12 1 1 7 1 10 7 12 1 1 1 5 0 10 12 1 10 12 1 1 100 1 10 8 1 10 8 1 8 1 10 12 1 1 10 100 12 1 1 1 100 1 1 1 1 3 1 3 1 1 1 1 1 1 1 1 1 1 1 1 1 1 1 1 1 1 1 1 1 1 1 1 1 1 1 1 1 1 1 1 1 1 1 1 1 1 1 1 1 1 1 1 1 1 1 1 1 1 1 1 1
ciInstanceKlass java/io/ByteArrayInputStream 1 1 117 10 7 12 1 1 1 9 7 12 1 1 1 9 12 1 1 9 12 1 9 12 1 10 100 12 1 1 1 10 7 12 1 1 1 10 7 12 1 1 1 10 100 12 1 1 1 10 12 1 1 3 10 100 1 10 100 12 1 1 1 9 12 1 1 100 1 10 10 7 12 1 1 1 1 1 1 1 1 1 1 1 1 1 1 1 1 1 1 1 1 1 1 1 1 1 1 1 1 1 1 1 100 1 1 1 1 1 1 1 1 1 1 1 1 1 1
staticfield java/io/ByteArrayInputStream $assertionsDisabled Z 1
instanceKlass java/util/concurrent/ForkJoinWorkerThread
instanceKlass java/util/logging/LogManager$Cleaner
instanceKlass jdk/internal/misc/InnocuousThread
instanceKlass java/lang/ref/Finalizer$FinalizerThread
instanceKlass java/lang/ref/Reference$ReferenceHandler
ciInstanceKlass java/lang/Thread 1 1 612 9 7 12 1 1 1 9 12 1 1 10 12 1 1 9 12 1 1 9 12 1 1 100 1 8 1 10 12 1 1 3 8 1 100 1 5 0 10 12 1 1 10 7 12 1 1 9 12 1 1 9 12 1 9 12 1 1 9 12 1 100 1 8 1 10 9 12 1 1 10 7 12 1 1 1 10 100 12 1 1 1 10 10 7 12 1 1 10 12 1 1 10 12 1 1 9 100 12 1 1 1 10 12 1 1 10 12 1 9 12 1 1 10 12 1 1 10 12 1 1 9 12 1 10 12 1 1 9 12 1 1 10 7 12 1 1 1 9 12 1 1 9 12 1 1 10 12 1 1 10 100 12 1 1 1 9 12 1 10 12 1 1 9 12 1 100 1 10 100 1 10 8 1 10 12 1 1 10 12 1 10 12 1 10 12 1 1 10 12 1 10 12 1 9 12 1 100 1 10 10 12 1 1 10 12 1 10 12 1 100 1 11 7 12 1 1 9 100 12 1 1 1 10 12 1 10 12 1 10 12 9 12 1 1 10 9 12 1 10 12 1 100 1 10 10 12 1 1 9 12 1 10 12 1 11 100 12 1 1 10 12 1 9 12 1 10 12 1 10 12 1 10 10 12 1 10 12 1 10 12 1 10 12 1 10 12 1 1 100 1 10 10 12 1 10 12 1 10 12 1 9 100 12 1 1 1 10 12 1 1 10 12 1 100 1 8 1 10 10 12 1 10 12 8 1 10 12 1 8 1 10 8 1 8 1 10 100 12 1 1 10 100 12 1 1 1 100 1 8 1 10 9 12 1 9 12 1 1 10 12 1 1 10 10 12 1 1 9 12 1 10 12 1 1 100 1 10 12 11 100 12 1 1 1 9 100 12 1 1 1 9 12 1 1 10 12 1 1 100 1 10 12 1 11 100 12 1 1 1 100 1 10 12 1 10 12 1 1 11 12 1 10 12 1 100 1 10 12 1 10 12 1 1 10 7 12 1 1 1 8 1 9 12 1 10 12 1 1 11 100 12 1 1 1 10 100 12 1 1 1 11 12 1 10 12 1 7 1 1 1 1 3 1 3 1 3 1 1 1 1 1 1 1 1 1 1 1 1 1 1 1 1 1 1 1 100 1 1 1 1 1 1 1 1 1 1 1 1 100 1 100 1 1 1 1 1 1 1 1 1 1 1 1 1 1 1 1 1 1 1 1 1 1 1 1 1 1 1 1 1 1 1 1 1 1 1 1 1 1 1 1 1 1 1 100 100 1 1 1 1 1 1 1 1 1 100 1 1 1 1 1 1 1 1 1 1 1 1 1 1 1 1 1 1 1 1 1 1 1 1 1 1 1 1 100 1 1 1 1 1 1 100 1 1 100 1 1 1 1 1 1
staticfield java/lang/Thread EMPTY_STACK_TRACE [Ljava/lang/StackTraceElement; 0 [Ljava/lang/StackTraceElement;
ciInstanceKlass java/lang/invoke/MethodHandleStatics 1 1 312 10 100 12 1 1 1 9 7 12 1 1 1 9 12 1 9 12 1 9 12 1 9 12 1 9 12 1 9 100 12 1 1 1 100 1 10 8 1 10 12 1 1 10 100 12 1 1 1 8 1 10 100 12 1 1 1 10 12 1 1 8 1 8 1 10 12 1 10 100 12 1 1 1 10 7 12 1 1 1 8 1 10 12 1 1 8 1 8 1 8 1 8 1 10 12 1 1 100 1 10 12 10 12 1 10 12 1 100 1 10 10 12 1 1 100 1 10 10 12 1 100 1 100 1 8 1 8 1 10 12 1 8 1 100 1 10 12 1 8 1 10 10 12 1 10 7 12 1 1 1 9 12 1 1 10 7 12 1 1 1 8 1 10 7 12 1 1 10 7 12 1 1 1 8 1 8 1 8 1 8 1 8 1 8 1 10 12 1 10 7 12 1 1 1 9 12 1 1 8 1 8 1 8 1 8 1 9 12 1 8 1 9 12 1 8 1 8 1 9 12 1 8 1 8 1 9 12 1 8 1 9 12 1 8 1 9 12 1 8 1 8 1 9 12 1 8 1 10 12 1 1 1 1 1 1 1 1 1 1 1 1 1 1 1 1 1 1 1 1 1 100 1 100 1 100 1 1 1 1 1 1 1 1 1 1 1 1 1 1 1 1 1 1 1 1 1 1 1 1 1 1 1 1 1 1 1 1 1 1 1 1
staticfield java/lang/invoke/MethodHandleStatics UNSAFE Ljdk/internal/misc/Unsafe; jdk/internal/misc/Unsafe
staticfield java/lang/invoke/MethodHandleStatics DEBUG_METHOD_HANDLE_NAMES Z 0
staticfield java/lang/invoke/MethodHandleStatics DUMP_CLASS_FILES Z 0
staticfield java/lang/invoke/MethodHandleStatics TRACE_INTERPRETER Z 0
staticfield java/lang/invoke/MethodHandleStatics TRACE_METHOD_LINKAGE Z 0
staticfield java/lang/invoke/MethodHandleStatics TRACE_RESOLVE Z 0
staticfield java/lang/invoke/MethodHandleStatics COMPILE_THRESHOLD I 0
staticfield java/lang/invoke/MethodHandleStatics LOG_LF_COMPILATION_FAILURE Z 0
staticfield java/lang/invoke/MethodHandleStatics DONT_INLINE_THRESHOLD I 30
staticfield java/lang/invoke/MethodHandleStatics PROFILE_LEVEL I 0
staticfield java/lang/invoke/MethodHandleStatics PROFILE_GWT Z 1
staticfield java/lang/invoke/MethodHandleStatics CUSTOMIZE_THRESHOLD I 127
staticfield java/lang/invoke/MethodHandleStatics VAR_HANDLE_GUARDS Z 1
staticfield java/lang/invoke/MethodHandleStatics MAX_ARITY I 255
staticfield java/lang/invoke/MethodHandleStatics VAR_HANDLE_IDENTITY_ADAPT Z 0
instanceKlass com/google/common/util/concurrent/ServiceManager$FailedService
instanceKlass com/google/common/util/concurrent/ServiceManager$EmptyServiceManagerWarning
instanceKlass apex/jorje/lsp/impl/document/BadLocationException
instanceKlass java/lang/Exception
instanceKlass java/lang/Error
ciInstanceKlass java/lang/Throwable 1 1 393 10 7 12 1 1 1 9 7 12 1 1 1 9 12 1 1 9 12 1 9 12 1 1 9 12 1 10 12 1 1 9 12 1 1 10 12 1 1 10 12 1 100 1 7 1 10 8 1 10 12 1 1 8 1 10 100 12 1 1 10 10 12 1 100 1 8 1 10 10 12 1 1 10 7 12 1 1 10 12 1 8 1 9 100 12 1 1 1 10 12 1 1 100 1 10 12 10 12 1 7 1 10 10 7 12 1 1 1 11 7 12 1 1 1 10 7 12 1 1 1 10 12 1 1 10 12 1 1 8 1 10 12 1 10 12 1 1 8 1 8 1 10 12 1 1 10 12 1 8 1 8 1 9 12 1 1 10 100 12 1 1 100 1 10 11 12 1 8 1 8 1 10 7 12 1 1 8 1 10 12 1 8 1 7 1 10 12 1 9 12 1 1 10 12 1 10 7 12 1 9 12 1 1 10 12 1 1 100 1 8 1 10 12 1 10 100 12 1 1 10 12 1 1 100 1 10 100 12 1 1 1 10 12 1 11 100 12 1 1 1 11 100 12 1 1 1 11 12 1 8 1 10 12 1 1 8 1 10 10 9 100 12 1 1 1 8 1 10 12 1 1 10 100 1 8 1 10 11 12 1 1 8 1 9 12 1 10 100 12 1 1 11 9 12 1 1 11 12 1 1 100 10 12 1 10 12 1 1 100 1 1 1 1 5 0 1 1 1 1 1 1 1 1 1 1 1 1 1 100 1 1 1 1 1 1 1 1 1 1 1 1 1 1 1 1 1 1 1 1 1 1 1 1 1 1 1 1 1 1 1 1 1 1 1 1 1 1 1 1 1 1 100 1 100 1 1 1 1 1 1 1 1 1 1 1 1 1 1 1 1 1 1
staticfield java/lang/Throwable UNASSIGNED_STACK [Ljava/lang/StackTraceElement; 0 [Ljava/lang/StackTraceElement;
staticfield java/lang/Throwable SUPPRESSED_SENTINEL Ljava/util/List; java/util/Collections$EmptyList
staticfield java/lang/Throwable EMPTY_THROWABLE_ARRAY [Ljava/lang/Throwable; 0 [Ljava/lang/Throwable;
staticfield java/lang/Throwable $assertionsDisabled Z 1
instanceKlass org/antlr/runtime/RecognitionException
instanceKlass sun/nio/fs/WindowsException
instanceKlass org/eclipse/jdt/internal/core/nd/db/BTree$BTreeKeyNotFoundException
instanceKlass java/net/URISyntaxException
instanceKlass java/text/ParseException
instanceKlass java/lang/CloneNotSupportedException
instanceKlass java/security/PrivilegedActionException
instanceKlass java/util/concurrent/TimeoutException
instanceKlass java/util/concurrent/ExecutionException
instanceKlass com/google/inject/internal/ErrorsException
instanceKlass com/google/inject/internal/InternalProvisionException
instanceKlass ch/qos/logback/core/boolex/EvaluationException
instanceKlass ch/qos/logback/core/util/PropertySetterException
instanceKlass java/lang/InterruptedException
instanceKlass javax/naming/NamingException
instanceKlass ch/qos/logback/core/model/processor/ModelHandlerException
instanceKlass ch/qos/logback/core/spi/ScanException
instanceKlass ch/qos/logback/core/joran/spi/ActionException
instanceKlass javax/xml/parsers/ParserConfigurationException
instanceKlass org/xml/sax/SAXException
instanceKlass java/security/GeneralSecurityException
instanceKlass ch/qos/logback/core/util/DynamicClassLoadingException
instanceKlass ch/qos/logback/core/util/IncompatibleClassException
instanceKlass ch/qos/logback/core/joran/spi/JoranException
instanceKlass java/io/IOException
instanceKlass java/lang/ReflectiveOperationException
instanceKlass java/lang/RuntimeException
ciInstanceKlass java/lang/Exception 1 1 40 10 7 12 1 1 1 10 12 1 10 12 1 10 12 1 10 12 1 100 1 1 1 1 5 0 1 1 1 1 1 1 1 1 1 1 1 1 1 1
instanceKlass java/lang/reflect/InvocationTargetException
instanceKlass java/lang/IllegalAccessException
instanceKlass java/lang/InstantiationException
instanceKlass java/lang/NoSuchFieldException
instanceKlass java/lang/NoSuchMethodException
instanceKlass java/lang/ClassNotFoundException
ciInstanceKlass java/lang/ReflectiveOperationException 1 1 34 10 7 12 1 1 1 10 12 1 10 12 1 10 12 1 100 1 1 1 1 5 0 1 1 1 1 1 1 1 1 1 1 1
instanceKlass com/google/common/util/concurrent/ExecutionError
instanceKlass java/lang/AssertionError
instanceKlass java/util/ServiceConfigurationError
instanceKlass java/lang/VirtualMachineError
instanceKlass java/lang/LinkageError
instanceKlass java/lang/ThreadDeath
ciInstanceKlass java/lang/Error 1 1 40 10 7 12 1 1 1 10 12 1 10 12 1 10 12 1 10 12 1 100 1 1 1 1 5 0 1 1 1 1 1 1 1 1 1 1 1 1 1 1
ciInstanceKlass java/lang/ThreadDeath 0 0 21 10 100 12 1 1 1 100 1 1 1 1 5 0 1 1 1 1 1 1 1
ciInstanceKlass java/lang/ClassNotFoundException 1 1 96 7 1 10 7 12 1 1 1 10 12 1 10 12 1 1 10 100 12 1 1 1 8 1 10 100 12 1 1 1 10 7 12 1 1 10 100 12 1 1 1 10 100 12 1 1 1 10 12 1 1 7 1 10 12 1 9 12 1 1 1 1 1 5 0 1 1 1 1 1 1 1 1 1 1 1 1 1 1 1 1 1 1 100 1 1 1 1 1 1 1 1 1 1 1 1
staticfield java/lang/ClassNotFoundException serialPersistentFields [Ljava/io/ObjectStreamField; 1 [Ljava/io/ObjectStreamField;
instanceKlass java/lang/ExceptionInInitializerError
instanceKlass java/lang/IncompatibleClassChangeError
instanceKlass java/lang/BootstrapMethodError
instanceKlass java/lang/NoClassDefFoundError
ciInstanceKlass java/lang/LinkageError 1 1 31 10 7 12 1 1 1 10 12 1 10 12 1 100 1 1 1 1 5 0 1 1 1 1 1 1 1 1 1 1 1
instanceKlass jdk/internal/misc/ThreadTracker$ThreadRef
instanceKlass sun/security/pkcs/SignerInfo$AlgorithmInfo
ciInstanceKlass java/lang/Record 1 1 22 10 7 12 1 1 1 100 1 1 1 1 1 1 1 1 1 1 1 1 1 1
ciInstanceKlass java/lang/StringLatin1 1 1 380 7 1 10 100 12 1 1 1 100 1 10 12 1 10 7 12 1 1 1 10 7 12 1 1 1 10 12 1 10 7 12 1 1 1 10 12 1 1 10 7 12 1 1 1 10 12 1 1 10 12 1 1 10 10 12 1 10 12 1 1 10 9 7 12 1 1 1 10 12 1 1 10 7 12 1 1 1 10 12 10 12 1 1 10 12 1 1 10 12 1 1 10 7 12 1 1 1 10 12 1 10 12 1 1 9 12 1 1 100 1 10 10 100 12 1 1 1 10 7 12 1 1 1 10 12 1 10 12 1 100 1 100 1 8 1 10 12 1 8 1 10 12 100 1 10 10 10 7 12 1 1 1 8 1 8 1 8 1 10 12 1 1 10 100 12 1 1 10 12 1 10 12 1 1 10 12 1 1 10 12 1 1 10 12 1 10 12 10 12 10 12 1 10 12 10 10 12 1 10 12 1 10 12 1 10 100 12 1 1 1 10 100 12 1 1 1 10 12 1 1 10 12 1 1 10 10 7 12 1 1 1 1 1 1 1 1 1 1 1 1 1 1 1 1 1 1 1 1 1 1 1 1 1 1 1 1 1 1 1 1 1 1 1 1 1 1 1 1 1 1 1 1 1 1 1 1 1 1 1 1 100 1 1 1 1 1 1 1 1 1 1 1 1 1 1 1 1 1 1 1 1 1 1 1 1 1 1 1 1 1 1 1 1 1 1 1 1 1 1 1 1 1 1 1 1 100 1 1 1 1 1 1 1 1 1 1 1 1 1 1 1 1 1 1 1 1 1 100 1 1 1 1 1 1 1 1 1 1 1 1 1 1 1 1 1 1 1 1 1 1 1 1 1 1 100 1 1 1 1
staticfield java/lang/StringLatin1 $assertionsDisabled Z 1
ciMethod java/lang/StringLatin1 regionMatchesCI ([BI[BII)Z 516 2092 6552 0 0
ciMethod java/lang/StringLatin1 regionMatchesCI_UTF16 ([BI[BII)Z 0 0 1 0 -1
ciInstanceKlass java/lang/StringUTF16 1 1 598 100 1 7 1 10 100 12 1 1 1 100 1 10 7 1 3 100 1 100 1 10 8 1 10 12 1 1 10 12 1 8 1 10 12 1 1 10 12 1 9 12 1 1 10 12 1 1 100 1 8 1 10 12 1 9 12 1 1 9 12 1 10 10 12 1 1 10 12 1 1 10 7 12 1 1 1 10 12 1 10 12 1 1 10 12 1 1 10 12 1 1 10 12 1 1 10 12 1 10 12 1 1 10 12 1 1 10 12 1 1 10 12 1 1 10 12 1 10 12 1 10 12 1 1 10 12 1 100 1 10 12 1 10 10 12 1 1 10 12 1 10 12 1 1 10 12 1 10 100 12 1 1 1 10 100 12 1 1 1 10 12 10 12 1 1 10 12 1 10 12 1 1 10 12 1 1 10 12 1 10 12 1 10 12 1 3 10 12 1 1 10 12 1 10 12 1 10 12 1 10 12 1 10 12 1 10 12 1 1 9 12 1 10 12 1 10 12 1 10 12 1 10 12 1 10 12 1 10 10 12 10 12 10 10 100 12 1 1 1 10 7 12 1 1 1 10 12 1 10 12 1 100 1 8 1 8 1 10 12 1 1 100 1 10 10 7 12 1 1 1 10 7 12 1 1 8 1 8 1 8 1 10 12 1 1 10 12 1 1 10 12 10 12 1 10 7 12 1 1 10 12 1 1 10 12 1 1 10 12 1 10 12 10 12 10 12 1 10 12 10 12 1 10 12 1 10 12 1 10 12 1 10 12 1 10 100 12 1 1 1 10 100 12 1 1 1 10 12 1 1 10 12 1 1 11 100 12 1 1 10 12 1 10 12 1 10 12 1 1 9 12 1 1 9 12 1 5 0 5 0 10 12 1 10 12 10 12 10 7 12 1 1 1 10 12 1 1 1 1 1 1 1 1 1 1 1 1 1 1 1 1 1 1 1 1 1 1 1 1 1 1 1 1 1 1 1 100 1 1 1 1 1 1 1 1 1 1 1 1 1 1 1 1 1 1 1 1 1 1 1 1 1 1 1 1 1 1 1 1 1 1 1 1 1 1 1 1 1 1 1 1 1 1 1 1 1 1 1 1 1 1 1 1 1 1 1 1 1 1 1 1 1 1 1 1 1 1 1 1 1 1 1 1 1 1 1 1 1 1 100 1 1 1 1 1 1 1 1 1 1 1 1 1 1 1 1 1 100 1 1 1 1 1 1 1 1 1 1 1 1 1 1 1 1 1 1 1 1 1 1 1 1 1 1 1 1 1 1 1 1 1 1 1 1 1 1 1 1 1 1 1 1 1 1 1 1 1 1 1 1 1 1 1 1 1 1 1 1 1 100 1 100 1 1 1 1 1
staticfield java/lang/StringUTF16 HI_BYTE_SHIFT I 0
staticfield java/lang/StringUTF16 LO_BYTE_SHIFT I 8
staticfield java/lang/StringUTF16 $assertionsDisabled Z 1
ciMethod java/lang/StringUTF16 regionMatchesCI ([BI[BII)Z 0 0 1 0 -1
ciMethod java/lang/StringUTF16 regionMatchesCI_Latin1 ([BI[BII)Z 0 0 1 0 -1
ciInstanceKlass java/lang/Boolean 1 1 151 10 7 12 1 1 1 9 7 12 1 1 1 10 12 1 1 10 12 1 8 1 10 7 12 1 1 9 12 1 1 9 12 1 8 1 10 12 1 1 10 12 1 1 10 7 12 1 1 1 100 1 100 1 10 12 1 1 9 100 12 1 1 9 12 10 100 12 1 1 1 10 12 1 1 8 1 10 7 12 1 1 1 9 12 1 1 100 1 100 1 100 1 1 1 1 1 1 5 0 1 1 1 1 1 1 1 1 1 1 3 1 1 1 1 1 1 1 1 1 1 1 1 1 1 1 1 1 1 1 1 100 1 1 1 1 1 1 1 1 1 1 100 1 1 1 1 1 1 1 1
staticfield java/lang/Boolean TRUE Ljava/lang/Boolean; java/lang/Boolean
staticfield java/lang/Boolean FALSE Ljava/lang/Boolean; java/lang/Boolean
staticfield java/lang/Boolean TYPE Ljava/lang/Class; java/lang/Class
instanceKlass java/util/concurrent/locks/AbstractQueuedSynchronizer
ciInstanceKlass java/util/concurrent/locks/AbstractOwnableSynchronizer 1 1 32 10 7 12 1 1 1 9 7 12 1 1 1 100 1 1 1 1 5 0 1 1 1 1 1 1 1 1 1 1 1 1
instanceKlass com/google/gson/internal/LazilyParsedNumber
instanceKlass java/math/BigDecimal
instanceKlass java/math/BigInteger
instanceKlass java/util/concurrent/atomic/AtomicLong
instanceKlass java/util/concurrent/atomic/AtomicInteger
instanceKlass java/lang/Long
instanceKlass java/lang/Integer
instanceKlass java/lang/Short
instanceKlass java/lang/Byte
instanceKlass java/lang/Double
instanceKlass java/lang/Float
ciInstanceKlass java/lang/Number 1 1 37 10 7 12 1 1 1 10 100 12 1 1 1 100 1 1 1 1 5 0 1 1 1 1 1 1 1 1 1 1 1 1 1 1 1 1 1
instanceKlass java/lang/LiveStackFrameInfo
ciInstanceKlass java/lang/StackFrameInfo 1 1 132 10 7 12 1 1 1 9 7 12 1 1 1 9 7 1 9 12 1 1 11 7 12 1 1 1 9 12 1 1 11 12 1 1 10 12 1 1 10 7 12 1 1 1 10 12 1 11 12 1 11 12 1 1 11 12 1 10 12 1 1 9 12 1 1 10 12 1 1 10 100 12 1 1 10 12 1 1 11 12 1 1 10 12 1 9 12 1 1 10 12 1 1 100 1 8 1 10 12 1 10 7 12 1 1 1 100 1 1 1 1 1 1 1 1 1 1 1 1 1 1 1 1 1 1 100 1 1 1 1 1 1
staticfield java/lang/StackFrameInfo JLIA Ljdk/internal/access/JavaLangInvokeAccess; java/lang/invoke/MethodHandleImpl$1
ciInstanceKlass java/lang/LiveStackFrameInfo 0 0 97 10 100 12 1 1 1 9 100 12 1 1 1 9 12 1 9 12 1 9 12 1 9 12 1 1 100 1 10 12 1 1 10 12 1 8 1 10 12 1 1 8 1 8 1 8 1 10 100 1 10 12 1 100 1 10 12 1 100 1 100 1 1 1 3 1 3 1 1 1 1 1 1 1 1 1 1 1 1 1 1 1 1 1 1 1 1 1 1 1 1 1 1 1 100 1 1
ciMethod java/lang/Boolean booleanValue ()Z 256 0 128 0 -1
ciInstanceKlass java/lang/Character 1 1 576 7 1 100 1 100 1 9 12 1 1 8 1 9 12 1 1 100 1 9 12 1 1 10 100 12 1 1 1 10 100 12 1 1 1 10 100 12 1 1 1 10 7 12 1 1 1 9 7 12 1 1 1 10 12 1 10 12 1 1 10 12 1 1 10 100 12 1 1 10 12 1 1 3 3 3 3 3 10 12 1 1 10 12 1 3 11 7 12 1 1 1 11 12 1 1 10 12 1 1 10 12 1 1 100 1 10 10 12 1 3 10 12 1 1 10 12 1 10 12 1 1 100 1 8 1 10 12 1 1 10 12 1 10 12 1 10 12 1 10 12 1 10 12 1 1 10 12 1 10 7 12 1 1 10 10 12 1 10 10 12 1 10 12 1 1 10 12 1 10 10 12 1 10 12 1 10 12 1 10 12 1 10 12 1 10 12 1 10 12 1 10 12 10 10 12 10 10 12 1 10 10 12 1 10 10 12 1 10 10 12 1 10 10 12 1 10 10 12 1 10 10 12 1 1 10 10 12 1 10 5 0 10 12 1 10 12 1 10 10 12 1 10 10 12 1 1 10 10 12 1 10 10 12 1 9 12 1 1 100 1 10 10 12 1 10 12 1 1 3 10 100 12 1 1 1 10 12 1 10 100 12 1 1 100 1 10 10 12 1 1 10 12 1 1 10 12 1 1 8 1 10 12 1 9 100 12 1 1 1 10 12 1 10 10 12 1 10 12 1 1 10 12 1 10 10 12 1 1 10 10 12 1 1 100 1 8 1 10 12 1 1 10 7 12 1 1 1 8 1 10 12 1 1 9 12 1 1 100 1 100 1 100 1 1 1 1 3 1 3 1 3 1 3 1 1 1 1 1 3 1 1 3 1 3 1 3 1 3 1 3 1 3 1 3 1 3 1 3 1 3 1 3 1 3 1 3 1 3 1 3 1 3 1 3 1 3 1 3 1 3 1 3 1 3 1 3 1 3 1 3 1 3 1 3 1 3 1 1 1 1 1 1 1 1 1 1 1 1 1 1 1 1 1 1 1 3 1 1 1 1 1 1 1 3 1 1 3 1 1 1 1 1 3 1 1 5 0 1 1 1 1 1 1 1 1 1 1 1 1 1 1 1 1 1 1 1 1 1 1 1 1 1 1 1 1 1 1 1 1 1 1 1 1 1 1 1 1 1 1 1 1 1 1 1 1 1 1 1 1 1 1 1 1 1 1 1 1 1 1 1 1 1 1 1 1 1 1 1 1 1 1 1 1 1 1 1 1 1 1 1 1 1 1 1 1 1 100 1 100 1 1 1 1 1 1
staticfield java/lang/Character TYPE Ljava/lang/Class; java/lang/Class
staticfield java/lang/Character $assertionsDisabled Z 1
ciMethod java/lang/Character toLowerCase (I)I 514 0 31949 0 288
ciInstanceKlass java/lang/CharacterDataLatin1 1 1 130 9 7 12 1 1 1 9 12 1 1 10 12 1 1 10 12 1 10 12 1 1 3 3 3 10 12 1 9 12 1 100 1 3 3 9 12 1 1 10 7 12 1 1 1 10 9 12 1 1 3 3 3 3 3 3 3 3 3 3 3 3 3 3 3 3 3 3 3 3 3 3 3 3 3 3 3 3 3 3 3 3 3 3 3 1 1 1 1 1 1 1 1 1 1 1 1 1 1 1 1 1 1 1 1 1 1 1 1 1 1 1 1 1 1 1 1 1 1 1 1 1 1 1 1 1 100 1 1 1
staticfield java/lang/CharacterDataLatin1 DIGITS [B 256
staticfield java/lang/CharacterDataLatin1 instance Ljava/lang/CharacterDataLatin1; java/lang/CharacterDataLatin1
staticfield java/lang/CharacterDataLatin1 A [I 256
staticfield java/lang/CharacterDataLatin1 B [B 256
instanceKlass java/lang/CharacterData00
instanceKlass java/lang/CharacterDataLatin1
ciInstanceKlass java/lang/CharacterData 1 1 80 10 7 12 1 1 1 10 100 12 1 1 1 9 7 12 1 1 1 9 7 12 1 1 9 100 12 1 1 9 100 1 9 100 1 9 100 1 9 100 1 9 100 1 1 1 1 1 1 1 1 1 1 1 1 1 1 1 1 1 1 1 1 1 1 1 1 1 1 1 1 1 1 1 1 1 1 1 1 1
ciInstanceKlass java/lang/CharacterData00 1 1 250 9 7 12 1 1 1 9 12 1 1 9 12 1 9 12 1 10 12 1 1 10 12 1 10 12 1 1 3 3 3 3 3 3 3 3 3 3 3 3 3 3 3 3 3 3 3 3 3 3 3 3 3 3 3 3 3 3 3 3 3 3 3 3 3 3 3 3 3 3 3 3 3 3 3 3 3 3 3 3 3 3 3 3 3 3 3 3 3 3 3 3 3 3 3 3 3 3 3 3 3 3 3 3 3 3 3 3 3 3 3 3 3 3 3 3 3 3 3 3 3 3 3 3 3 3 3 10 12 1 100 1 3 3 3 3 10 12 1 9 12 1 1 10 7 12 1 1 1 10 7 12 1 1 1 9 12 1 1 10 9 12 1 1 8 1 10 7 12 1 1 1 8 1 8 1 7 1 7 3 3 3 3 3 3 3 3 3 3 3 3 8 1 100 1 10 1 1 1 1 1 1 1 1 1 1 1 1 1 1 1 1 1 1 1 1 1 1 1 1 1 1 1 1 1 1 1 1 1 1 1 1 1 1 1 1 1 1 1 1 1 1 1 1 1 1 1 1 1 1
staticfield java/lang/CharacterData00 instance Ljava/lang/CharacterData00; java/lang/CharacterData00
staticfield java/lang/CharacterData00 charMap [[[C 103 [[[C
staticfield java/lang/CharacterData00 X [C 2048
staticfield java/lang/CharacterData00 Y [C 5856
staticfield java/lang/CharacterData00 A [I 972
staticfield java/lang/CharacterData00 B [C 972
staticfield java/lang/CharacterData00 $assertionsDisabled Z 1
ciMethod java/lang/CharacterData00 toLowerCase (I)I 572 0 13384 0 -1
ciMethod java/lang/CharacterData00 getProperties (I)I 554 0 22217 0 -1
ciMethod java/lang/CharacterData toLowerCase (I)I 0 0 1 0 -1
ciMethod java/lang/CharacterData of (I)Ljava/lang/CharacterData; 536 0 28074 0 128
ciMethod java/lang/CharacterDataLatin1 toLowerCase (I)I 586 0 5436 0 192
ciMethod java/lang/CharacterDataLatin1 toUpperCase (I)I 516 0 5388 0 192
ciMethod java/lang/CharacterDataLatin1 getProperties (I)I 672 0 38829 0 0
ciInstanceKlass java/lang/Float 1 1 223 7 1 100 1 10 100 12 1 1 1 10 100 12 1 1 1 4 100 1 10 12 1 1 10 12 1 1 8 1 8 1 10 100 12 1 1 1 10 12 1 1 10 12 1 1 10 4 4 4 10 7 12 1 1 9 12 1 1 10 12 1 1 10 12 1 10 12 1 10 12 1 1 10 12 1 10 12 1 3 10 12 1 1 10 12 1 1 10 12 1 10 100 12 1 1 1 10 12 1 1 10 12 1 1 8 1 10 7 12 1 1 1 9 12 1 1 100 1 100 1 100 1 1 1 1 1 4 1 1 1 4 1 1 3 1 3 1 3 1 3 1 1 1 1 5 0 1 1 1 1 1 1 1 1 1 1 7 1 1 1 1 1 1 1 1 1 1 1 1 1 3 1 1 1 1 1 1 1 1 1 1 1 1 1 1 1 1 1 1 1 1 1 1 1 1 1 1 1 1 1 1 1 1 1 1 1 1 1 1 7 1 1 1 1 1 1 1 100 1 100 1 1
staticfield java/lang/Float TYPE Ljava/lang/Class; java/lang/Class
ciInstanceKlass java/lang/Double 1 1 285 7 1 100 1 10 7 12 1 1 1 10 12 1 1 10 12 1 100 1 10 12 1 1 10 100 12 1 1 1 6 0 8 1 10 12 1 1 8 1 10 12 1 1 8 1 6 0 10 12 1 1 100 1 5 0 5 0 8 1 8 1 10 100 12 1 1 1 10 100 12 1 1 1 8 1 10 12 1 1 8 1 8 1 8 1 10 12 1 1 10 12 1 10 12 1 1 10 12 1 10 12 1 10 12 1 1 10 12 1 10 6 0 6 0 6 0 10 7 12 1 1 9 12 1 1 10 12 1 10 12 1 10 12 1 10 12 1 5 0 10 12 1 1 10 12 1 10 12 1 10 100 12 1 1 1 10 12 1 1 10 12 1 1 8 1 10 7 12 1 1 1 9 12 1 1 100 1 100 1 100 1 1 1 1 1 6 0 1 1 1 6 0 1 1 3 1 3 1 3 1 3 1 1 1 1 5 0 1 1 1 1 1 1 1 1 1 1 1 1 1 1 1 1 7 1 1 1 1 1 1 1 1 1 1 1 1 3 1 1 1 1 1 1 1 1 1 1 1 1 1 1 1 1 1 1 1 1 1 1 1 1 1 1 1 1 1 1 1 1 1 1 7 1 1 1 1 1 1 1 100 1 100 1 1
staticfield java/lang/Double TYPE Ljava/lang/Class; java/lang/Class
ciMethod java/lang/Double toString (D)Ljava/lang/String; 0 0 1 0 -1
ciInstanceKlass java/lang/Byte 1 1 215 7 1 100 1 10 100 12 1 1 1 9 12 1 1 8 1 9 12 1 1 100 1 10 12 1 1 10 12 1 1 10 100 12 1 1 1 10 100 12 1 1 1 9 7 12 1 1 1 10 12 1 1 7 1 100 1 10 12 1 1 8 1 10 12 1 1 8 1 10 12 1 10 12 1 10 12 1 10 12 1 1 10 12 1 10 12 1 10 12 1 1 10 8 1 8 1 10 7 1 9 12 1 1 10 12 1 10 12 1 1 10 12 1 1 10 12 1 1 10 12 1 5 0 10 12 1 1 8 1 10 7 12 1 1 1 9 12 1 1 100 1 100 1 1 1 3 1 3 1 1 1 1 3 1 3 1 1 5 0 1 1 1 1 1 1 1 1 1 1 1 1 1 1 1 1 1 1 1 1 1 1 1 1 1 1 1 1 1 1 1 1 1 1 1 1 1 1 1 1 1 1 1 1 1 1 1 1 1 1 1 1 1 1 1
staticfield java/lang/Byte TYPE Ljava/lang/Class; java/lang/Class
ciInstanceKlass java/lang/Short 1 1 224 7 1 100 1 100 1 10 100 12 1 1 1 10 12 1 1 7 1 100 1 10 12 1 1 8 1 10 12 1 1 8 1 10 12 1 10 12 1 10 12 1 10 12 1 1 10 12 1 1 10 12 1 9 12 1 1 8 1 9 12 1 1 100 1 10 12 1 1 10 12 1 10 100 12 1 1 1 10 100 12 1 1 1 9 7 12 1 1 1 10 12 1 10 12 1 1 10 8 1 8 1 10 7 1 9 12 1 1 10 12 1 10 12 1 1 10 12 1 1 10 12 1 1 10 12 1 3 3 5 0 10 12 1 1 8 1 10 7 12 1 1 1 9 12 1 1 100 1 100 1 1 1 3 1 3 1 1 1 1 3 1 3 1 1 5 0 1 1 1 1 1 1 1 1 1 1 1 1 1 1 1 1 1 1 1 1 1 1 1 1 1 1 1 3 1 1 1 1 1 1 1 1 1 1 1 1 1 1 1 1 1 1 1 1 1 1 1 1 1 1 1 1 1
staticfield java/lang/Short TYPE Ljava/lang/Class; java/lang/Class
ciInstanceKlass java/lang/Integer 1 1 445 7 1 100 1 7 1 7 1 10 12 1 1 9 12 1 1 9 12 1 1 10 100 12 1 1 1 10 12 1 1 10 100 12 1 1 1 10 10 12 1 1 10 100 12 1 1 1 10 12 1 10 12 1 1 10 7 12 1 1 1 10 12 1 1 10 12 1 1 10 12 1 10 12 1 10 12 1 1 10 10 12 1 9 12 1 1 9 12 1 7 1 8 1 10 12 1 100 1 10 12 1 8 1 10 12 1 1 10 12 1 8 1 10 12 1 8 1 10 12 1 1 3 10 12 1 1 3 10 12 1 1 10 12 1 1 10 7 12 1 1 1 11 7 1 100 1 10 11 10 12 1 1 8 1 10 12 1 1 8 1 100 1 10 12 1 1 10 12 1 1 5 0 8 1 10 12 1 10 12 1 10 12 1 10 12 1 1 7 1 9 12 1 1 9 12 1 1 10 12 1 10 7 1 9 12 1 10 12 1 10 12 1 10 12 1 1 10 7 12 1 1 1 100 1 100 1 10 12 1 1 10 12 1 1 8 1 8 1 10 12 1 1 8 1 8 1 8 1 8 1 8 1 8 1 10 12 1 10 12 1 10 12 1 5 0 3 3 3 3 10 12 1 3 10 12 1 10 100 12 1 1 1 10 12 1 1 10 12 1 1 8 1 10 7 12 1 1 1 9 12 1 1 3 3 3 3 3 3 9 12 1 1 100 1 100 1 100 1 1 1 1 1 1 1 3 1 3 1 1 5 0 1 1 1 1 1 1 1 1 1 100 1 1 1 1 1 1 1 1 1 1 1 1 1 1 1 1 1 1 1 1 1 1 1 1 1 1 1 1 1 1 1 1 1 1 1 1 1 1 1 3 1 1 1 1 1 1 1 1 1 1 1 1 1 1 1 1 100 1 1 1 1 1 1 1 1 1 1 1 1 1 1 1 1 1 1 1 1 1 1 1 1 1 1 1 1 1 1 1 7 1 1 1 1 1 1 1 1 1 100 1 100 1 1
staticfield java/lang/Integer TYPE Ljava/lang/Class; java/lang/Class
staticfield java/lang/Integer digits [C 36
staticfield java/lang/Integer DigitTens [B 100
staticfield java/lang/Integer DigitOnes [B 100
staticfield java/lang/Integer sizeTable [I 10
ciMethod java/lang/Integer intValue ()I 258 0 129 0 -1
ciInstanceKlass java/lang/Long 1 1 506 7 1 100 1 7 1 100 1 10 12 1 1 9 12 1 1 9 7 12 1 1 1 10 100 12 1 1 1 10 12 1 1 10 100 12 1 1 1 10 10 12 10 12 1 10 12 1 10 12 1 5 0 5 0 100 1 10 12 1 1 10 12 1 1 10 12 1 10 12 1 10 12 1 10 12 1 1 10 100 12 1 1 10 12 1 10 12 1 1 10 12 1 1 10 12 1 1 10 12 1 1 10 7 12 1 1 1 10 12 1 1 10 12 1 10 12 1 10 12 1 10 12 1 1 10 10 12 1 5 0 5 0 9 12 1 1 9 12 1 5 0 7 1 8 1 10 12 1 8 1 10 12 1 8 1 8 1 10 12 1 1 5 0 10 12 1 1 5 0 10 12 1 1 10 12 1 1 10 100 12 1 1 1 11 100 1 100 1 10 11 10 12 1 1 8 1 10 12 1 1 8 1 100 1 10 12 1 1 10 12 1 8 1 8 1 11 12 1 1 10 12 1 10 12 1 10 12 1 5 0 5 0 9 7 12 1 1 1 10 12 1 10 12 1 1 8 1 8 1 10 12 1 1 8 1 8 1 8 1 8 1 8 1 8 1 10 12 1 10 12 1 10 12 1 1 10 7 1 9 12 1 1 10 12 1 10 12 1 1 10 100 12 1 1 1 100 1 100 1 10 12 1 1 10 12 1 1 5 0 10 12 1 10 12 1 5 0 5 0 5 0 10 12 1 1 5 0 5 0 10 12 1 10 12 1 10 100 12 1 1 1 10 12 1 1 10 12 1 1 8 1 10 7 12 1 1 1 9 12 1 1 100 1 100 1 100 1 1 1 1 5 0 1 1 1 1 3 1 3 1 5 0 1 1 1 1 1 1 1 1 1 100 1 1 1 1 1 1 1 1 1 1 1 1 1 1 1 1 1 1 1 1 1 1 1 1 1 1 1 1 1 1 1 1 1 1 1 1 1 1 1 1 1 1 1 1 1 1 1 1 1 1 1 1 1 1 3 1 1 1 1 1 1 1 1 1 1 1 1 1 1 1 100 1 1 1 1 1 1 1 1 1 1 1 1 1 1 1 1 1 1 1 1 1 1 1 1 1 1 1 7 1 1 1 1 1 1 1 1 1 100 1 100 1 1
staticfield java/lang/Long TYPE Ljava/lang/Class; java/lang/Class
instanceKlass java/lang/ref/PhantomReference
instanceKlass java/lang/ref/FinalReference
instanceKlass java/lang/ref/WeakReference
instanceKlass java/lang/ref/SoftReference
ciInstanceKlass java/lang/ref/Reference 1 1 195 9 7 12 1 1 1 9 7 12 1 1 10 12 1 1 10 12 1 1 9 12 1 1 10 12 1 1 9 12 1 1 9 12 1 1 7 1 10 12 1 10 7 12 1 1 10 12 1 10 12 1 1 10 12 1 9 12 1 10 12 1 1 10 12 1 10 12 1 9 12 1 100 1 100 1 10 12 1 9 12 1 9 12 1 100 1 10 10 12 1 10 10 7 12 1 1 10 7 12 1 1 1 10 12 1 1 10 7 12 1 1 7 1 8 1 10 12 1 10 12 1 1 10 12 1 1 10 12 1 7 1 10 10 7 12 1 1 1 1 1 1 1 1 1 1 1 1 1 1 1 1 1 1 1 100 1 1 1 100 1 1 1 1 1 1 1 1 1 1 1 1 1 1 1 1 1 1 1 1 1 1 1 1 1 1 1 1 1 1 1 1 1 1 1
staticfield java/lang/ref/Reference processPendingLock Ljava/lang/Object; java/lang/Object
staticfield java/lang/ref/Reference $assertionsDisabled Z 1
instanceKlass sun/util/locale/provider/LocaleResources$ResourceReference
instanceKlass sun/util/resources/Bundles$BundleReference
instanceKlass java/util/ResourceBundle$BundleReference
instanceKlass sun/security/util/MemoryCache$SoftCacheEntry
instanceKlass java/lang/invoke/LambdaFormEditor$Transform
instanceKlass sun/util/locale/LocaleObjectCache$CacheEntry
ciInstanceKlass java/lang/ref/SoftReference 1 1 47 10 7 12 1 1 1 9 7 12 1 1 1 9 12 1 10 12 1 10 12 1 1 1 1 1 1 1 1 1 1 1 1 1 1 1 1 1 1 1 1 100 1 1 1 1 1
instanceKlass com/google/common/cache/LocalCache$WeakValueReference
instanceKlass java/util/ResourceBundle$KeyElementReference
instanceKlass com/google/common/collect/MapMakerInternalMap$AbstractWeakKeyEntry
instanceKlass com/google/common/cache/LocalCache$WeakEntry
instanceKlass java/util/logging/LogManager$LoggerWeakRef
instanceKlass java/util/logging/Level$KnownLevel
instanceKlass java/lang/WeakPairMap$WeakRefPeer
instanceKlass java/lang/ClassValue$Entry
instanceKlass java/lang/invoke/MethodType$ConcurrentWeakInternSet$WeakEntry
instanceKlass java/lang/ThreadLocal$ThreadLocalMap$Entry
instanceKlass java/util/WeakHashMap$Entry
ciInstanceKlass java/lang/ref/WeakReference 1 1 31 10 7 12 1 1 1 10 12 1 100 1 1 1 1 1 1 1 1 1 1 1 1 1 1 1 1 1 1 1 1
instanceKlass java/lang/ref/Finalizer
ciInstanceKlass java/lang/ref/FinalReference 1 1 47 10 7 12 1 1 1 10 7 12 1 1 1 10 12 1 1 100 1 8 1 10 12 1 1 1 1 1 1 1 1 1 1 1 1 1 1 1 1 1 1 1 1 1 1 1 1
ciInstanceKlass java/lang/ref/Finalizer 1 1 152 9 7 12 1 1 1 10 7 12 1 1 1 9 12 1 1 9 12 1 1 9 12 1 9 12 1 10 12 1 10 12 1 1 9 12 1 1 100 1 10 12 1 7 1 11 7 12 1 1 100 1 10 12 1 100 1 10 12 1 10 100 12 1 1 1 10 100 12 1 1 1 100 1 10 10 12 1 10 7 12 1 1 1 7 1 10 7 1 10 10 7 12 1 1 1 10 12 1 1 10 7 12 1 1 7 1 10 12 1 10 12 1 1 10 12 1 1 10 12 1 1 1 1 1 1 1 1 1 1 1 1 1 1 1 1 1 1 1 1 1 1 1 1 1 1 1 1 1 1 1 1
staticfield java/lang/ref/Finalizer lock Ljava/lang/Object; java/lang/Object
staticfield java/lang/ref/Finalizer $assertionsDisabled Z 1
instanceKlass jdk/internal/ref/PhantomCleanable
instanceKlass jdk/internal/ref/Cleaner
ciInstanceKlass java/lang/ref/PhantomReference 1 1 39 10 100 12 1 1 1 10 7 12 1 1 1 1 1 1 1 1 1 1 1 1 1 1 1 1 1 1 1 1 1 1 1 1 1 1 1 1 1
instanceKlass java/lang/reflect/Executable
instanceKlass java/lang/reflect/Field
ciInstanceKlass java/lang/reflect/AccessibleObject 1 1 398 10 7 12 1 1 1 9 100 12 1 1 1 10 100 12 1 1 1 10 7 12 1 1 10 7 12 1 1 1 10 7 12 1 1 1 10 12 1 1 10 12 1 1 9 12 1 1 100 1 10 7 12 1 1 1 11 12 1 100 1 10 12 1 7 1 100 1 10 12 1 10 12 1 1 7 1 10 7 12 1 1 1 10 12 1 1 7 1 10 12 1 1 7 1 10 10 10 7 12 1 1 1 10 12 1 1 10 12 1 10 12 1 10 12 1 1 10 12 1 8 1 100 1 10 10 12 1 1 8 1 10 12 1 10 12 1 8 1 8 1 8 1 8 1 8 1 8 1 100 1 10 12 1 10 12 1 9 12 1 1 10 12 1 1 10 12 1 10 11 100 1 100 1 8 1 10 10 12 1 10 12 1 1 8 1 10 12 1 8 1 10 12 1 1 10 100 1 8 1 10 11 7 12 1 1 10 12 1 1 10 12 1 1 10 12 1 1 9 12 1 1 100 1 10 12 1 7 1 10 12 1 10 12 1 1 10 100 1 10 12 1 10 12 10 12 1 10 12 1 1 10 12 1 10 12 1 1 10 12 1 9 12 1 10 100 12 1 1 8 1 10 100 12 1 1 1 8 1 10 100 12 1 1 1 9 12 1 100 1 10 7 1 10 10 7 12 1 1 1 7 1 10 10 7 12 1 1 1 7 1 9 12 1 1 1 1 1 1 1 1 1 1 1 1 1 1 1 1 1 1 1 1 1 1 1 1 1 1 1 1 1 1 1 1 1 1 1 1 1 1 1 1 1 1 1 1 1 1 1 1 1 1 1 1 1 1 1 1 1 1 1 1 1 1 1 1 1 1 1 1 1 1 1 1 1 1 1 1 1 1 1 1 1 1 1 1 1
staticfield java/lang/reflect/AccessibleObject reflectionFactory Ljdk/internal/reflect/ReflectionFactory; jdk/internal/reflect/ReflectionFactory
instanceKlass java/lang/reflect/Constructor
instanceKlass java/lang/reflect/Method
ciInstanceKlass java/lang/reflect/Executable 1 1 548 10 7 12 1 1 1 10 7 12 1 1 1 10 7 12 1 1 1 11 7 12 1 1 1 10 7 12 1 1 1 10 12 1 1 10 7 12 1 1 1 10 7 12 1 1 1 10 12 1 8 1 10 10 12 1 1 10 12 1 1 10 7 12 1 1 1 18 12 1 1 11 7 12 1 1 1 8 1 8 1 8 1 10 7 12 1 1 1 11 12 1 1 7 1 8 1 8 1 10 12 1 100 1 8 1 10 12 1 8 1 11 100 12 1 1 1 100 1 10 12 1 1 11 12 1 8 1 18 8 1 10 12 1 10 12 1 1 18 8 1 10 12 1 100 1 10 12 1 10 12 1 11 7 12 1 1 10 12 1 1 8 1 8 1 10 12 1 1 10 12 1 1 10 10 12 1 100 1 10 10 12 1 10 12 1 1 10 7 12 1 1 10 12 1 10 12 1 10 12 1 1 10 7 12 1 1 10 12 1 10 12 1 10 7 12 1 1 1 10 12 1 8 1 10 12 1 10 12 1 3 100 1 8 1 10 12 1 10 12 1 10 10 12 1 10 12 1 1 8 1 8 1 8 1 9 12 1 10 12 1 100 1 8 1 9 12 1 10 12 1 10 12 1 1 10 12 1 1 10 12 1 10 12 10 12 1 7 1 10 12 1 10 12 1 1 100 1 10 100 12 1 1 1 7 1 10 7 12 1 1 1 10 12 1 1 11 7 12 1 1 10 7 12 1 1 10 100 12 1 1 1 10 12 1 1 9 12 1 10 12 1 1 10 12 1 10 12 1 1 9 7 12 1 1 1 10 7 12 1 1 1 10 12 1 10 12 1 1 9 12 1 10 10 10 10 100 12 1 1 1 10 12 1 9 12 1 10 12 1 1 9 12 1 100 1 100 1 1 1 1 1 1 1 1 1 1 1 1 1 1 1 1 1 1 1 1 1 1 1 1 1 1 1 1 1 1 1 1 1 1 100 1 1 1 1 1 1 1 1 100 1 1 1 1 1 1 1 1 1 1 1 1 100 1 1 1 1 1 1 1 1 1 1 1 1 1 1 1 1 1 1 1 1 1 1 1 1 1 1 1 1 1 1 1 1 1 1 1 1 1 1 1 1 1 100 1 1 1 1 1 1 1 1 1 1 1 1 1 1 1 1 1 1 1 1 1 100 1 100 1 1 15 10 7 12 1 1 1 16 15 16 1 16 1 15 10 12 16 1 100 1 1 100 1 100 1 1
ciInstanceKlass java/lang/reflect/Constructor 1 1 433 10 7 12 1 1 1 10 7 12 1 1 9 7 12 1 1 1 10 12 1 1 10 12 1 1 10 7 12 1 1 9 12 1 1 10 7 12 1 1 1 9 12 1 1 9 12 1 1 9 12 1 9 12 1 1 9 12 1 9 12 1 1 9 12 1 1 9 12 1 100 1 8 1 10 12 1 10 12 1 9 12 1 1 10 7 12 1 1 10 7 12 1 1 1 10 12 1 1 10 12 1 1 10 12 1 7 1 100 1 8 1 10 10 12 1 10 12 1 10 12 1 1 10 12 1 1 9 100 12 1 1 1 10 7 12 1 1 10 12 1 1 10 12 1 10 12 1 1 10 7 12 1 1 1 10 100 12 1 1 10 12 1 1 10 12 1 10 100 12 1 1 1 8 1 10 10 12 1 100 1 8 1 10 12 1 10 12 1 1 10 12 1 1 10 12 1 10 12 1 10 12 1 1 10 12 1 1 9 12 1 1 10 12 1 1 10 12 1 1 10 12 1 8 1 10 12 1 1 11 7 12 1 1 1 10 12 1 1 10 12 1 10 12 1 9 12 1 1 10 7 12 1 1 1 10 12 1 1 10 12 1 1 10 12 1 1 10 12 1 1 10 12 1 9 100 12 1 1 10 12 1 10 12 1 10 12 1 100 1 8 1 10 10 12 1 1 10 12 1 10 10 12 1 1 10 12 1 1 10 100 12 1 1 1 11 100 12 1 1 1 10 12 1 1 9 100 12 1 1 1 10 100 12 1 1 1 10 12 1 1 1 1 1 1 1 1 1 1 1 1 1 1 1 1 1 1 1 1 1 1 1 1 1 1 1 1 1 1 1 1 1 1 1 1 1 1 1 1 1 1 1 1 1 1 1 1 1 1 1 100 1 100 1 100 1 100 1 1 1 1 1 1 1 1 1 1 1 1 1 1 1 1 1 1 1 1 1 1 1 1 1 1 1 1 1 1 1 1 1 100 1 1
ciInstanceKlass java/lang/reflect/Method 1 1 450 9 7 12 1 1 1 10 7 12 1 1 1 10 7 12 1 1 9 12 1 1 10 12 1 1 10 12 1 1 10 7 12 1 1 10 7 12 1 1 1 9 12 1 1 9 12 1 9 12 1 1 9 12 1 9 12 1 9 12 1 1 9 12 1 9 12 1 1 9 12 1 9 12 1 9 12 1 1 100 1 8 1 10 12 1 10 12 1 9 12 1 1 8 1 10 7 12 1 1 10 7 12 1 1 1 10 12 1 1 10 12 1 1 10 12 1 10 12 1 1 10 12 1 1 9 100 12 1 1 1 10 12 1 1 10 12 10 7 12 1 1 10 12 1 1 10 12 1 10 12 1 10 12 1 10 7 12 1 1 1 10 12 1 1 10 7 1 10 7 12 1 1 1 10 7 12 1 1 10 12 1 1 10 12 1 1 10 12 1 10 7 12 1 1 1 10 12 1 10 8 1 10 12 1 10 12 1 7 1 8 1 8 1 8 1 10 12 1 10 12 1 1 10 12 1 1 10 10 12 1 1 10 12 1 11 100 1 9 12 1 1 10 12 1 1 10 12 1 10 12 1 1 10 12 1 1 11 7 12 1 1 1 10 12 1 10 12 1 10 12 1 10 12 1 10 12 1 9 12 1 1 10 7 12 1 1 1 10 12 1 1 10 7 12 1 1 1 10 7 12 1 1 1 10 7 12 1 1 1 11 7 12 1 1 1 10 7 12 1 1 1 7 1 100 1 100 1 10 12 1 10 12 1 1 10 12 1 100 1 8 1 10 12 1 10 10 12 1 1 10 12 1 1 10 12 1 1 10 12 1 1 8 1 10 12 1 1 1 1 1 1 1 1 1 1 1 1 1 1 1 1 1 1 1 1 1 1 1 1 1 1 1 1 1 1 1 1 1 1 1 1 1 1 1 1 1 1 1 1 1 1 1 1 1 1 1 1 1 100 1 100 1 100 1 1 1 1 1 1 1 1 1 1 1 1 1 1 1 1 1 1 1 1 1 1 1 1 1 1
ciInstanceKlass java/lang/reflect/Field 1 1 437 9 7 12 1 1 1 10 12 1 1 10 7 12 1 1 1 10 7 12 1 1 9 12 1 1 10 12 1 1 10 12 1 1 10 7 12 1 1 10 7 12 1 1 1 9 12 1 1 9 12 1 9 12 1 9 12 1 1 9 12 1 1 9 12 1 9 12 1 1 9 12 1 1 100 1 8 1 10 12 1 10 12 1 9 12 1 1 9 12 1 10 12 1 10 7 12 1 1 10 12 1 1 10 12 1 1 10 12 1 10 12 1 1 7 1 10 12 1 1 10 12 1 1 10 12 1 1 10 12 1 10 12 1 10 7 1 10 7 12 1 1 100 1 10 8 1 10 12 1 1 10 12 1 1 8 1 10 12 10 12 1 8 1 8 1 10 11 100 1 9 12 1 10 12 1 1 10 12 1 1 11 7 12 1 1 1 11 12 1 1 11 12 1 1 11 12 1 1 11 12 1 1 11 12 1 1 11 12 1 1 11 12 1 1 11 12 1 1 11 12 1 1 11 12 1 1 11 12 1 1 11 12 1 1 11 12 1 1 11 12 1 1 11 12 1 1 11 12 1 1 11 12 1 1 10 12 1 10 100 12 1 1 10 12 1 10 12 1 1 10 12 9 12 1 1 10 7 12 1 1 1 10 12 1 1 10 7 12 1 1 10 12 1 1 11 7 1 10 12 1 100 1 10 100 12 1 1 1 10 7 12 1 1 1 9 12 1 10 7 12 1 1 1 11 7 12 1 1 1 10 12 1 1 10 12 1 1 9 100 12 1 1 1 10 100 12 1 1 1 10 12 1 1 100 1 1 1 1 1 1 1 1 1 1 1 1 1 1 1 1 1 1 1 1 1 1 1 1 1 1 1 1 1 1 1 1 1 1 1 100 1 1 1 1 1 1 1 1 1 1 1 1 1 1 1 1 1 1 1 1 1 1 1 1 1 1 1 1 1 1 1 1 1 1 100 1 1 1 1 1 1 1 1 100 1 1
ciInstanceKlass java/lang/reflect/Parameter 1 1 226 10 7 12 1 1 1 9 7 12 1 1 1 9 12 1 1 9 12 1 1 9 12 1 10 12 1 1 10 12 1 1 10 7 12 1 1 1 100 1 10 10 12 1 1 11 100 12 1 1 1 10 12 1 10 100 12 1 1 1 10 12 1 1 10 12 1 10 12 1 8 1 8 1 10 100 12 1 1 1 10 12 1 10 12 10 12 1 8 1 10 12 1 9 12 1 1 10 12 1 1 9 12 1 1 10 12 1 1 10 12 1 1 10 12 1 1 10 12 1 10 10 12 1 10 100 12 1 1 1 10 12 1 1 11 100 12 1 1 10 100 12 1 1 100 1 10 100 12 1 1 1 10 12 1 1 10 12 1 1 10 12 1 1 10 12 1 1 9 12 1 100 1 10 11 12 1 1 11 12 1 1 100 1 1 1 1 1 1 1 1 1 1 1 1 1 1 1 1 1 1 1 1 1 1 1 1 1 1 1 1 1 1 1 1 1 1 1 1 1 1 100 1 1 1 1
ciInstanceKlass java/lang/StringBuffer 1 1 470 10 7 12 1 1 1 10 12 1 10 12 1 10 12 1 1 9 7 12 1 1 1 10 12 1 1 10 12 1 10 12 1 1 9 12 1 1 10 12 1 10 12 1 1 10 12 1 1 10 12 1 10 12 1 1 10 12 1 10 12 1 1 10 12 1 1 10 100 12 1 1 1 10 12 1 1 10 12 1 10 12 1 10 12 1 10 12 1 10 12 1 10 12 1 10 12 1 10 12 1 10 12 1 10 12 1 10 12 1 10 12 1 10 12 1 10 12 1 1 10 12 1 10 12 1 1 10 12 1 1 10 10 12 1 1 10 12 1 10 12 1 10 12 1 10 12 1 10 12 1 10 12 1 10 12 10 12 1 10 12 1 10 12 1 10 12 1 1 10 12 1 10 12 1 10 10 12 1 1 10 12 1 1 9 12 1 1 10 7 12 1 1 1 10 100 1 10 10 100 12 1 1 1 10 10 12 1 10 8 10 100 12 1 1 1 8 10 12 1 8 1 10 12 1 10 12 1 10 100 12 1 1 1 10 100 12 1 1 1 7 1 10 12 100 1 8 1 10 10 12 1 1 10 12 1 1 10 12 1 1 10 12 1 10 12 1 10 12 1 10 12 1 10 12 1 10 12 1 10 12 1 10 12 1 10 12 1 10 12 1 10 12 1 10 12 1 10 12 1 10 12 1 10 12 1 10 12 1 10 12 10 12 10 12 1 10 12 1 10 12 1 10 12 10 12 1 10 12 1 10 12 1 10 12 1 10 12 1 10 12 1 10 12 1 10 12 1 10 12 1 10 12 1 10 12 1 7 1 10 12 1 9 7 12 1 1 1 9 7 1 9 12 1 1 100 1 100 1 100 1 1 1 1 5 0 1 1 1 1 1 1 1 1 1 1 1 1 1 1 1 1 1 1 1 1 1 1 1 1 1 1 1 1 1 1 1 1 1 1 1 1 1 1 1 1 1 1 1 1 1 1 1 1 1 1 1 1 1 1 1 1 1 1 1 1 100 1 1 1 1 1 100 1 1 1 1 1 1 1 1 1 1 1 1 1 1 1 1 1
staticfield java/lang/StringBuffer serialPersistentFields [Ljava/io/ObjectStreamField; 3 [Ljava/io/ObjectStreamField;
instanceKlass java/lang/StringBuilder
instanceKlass java/lang/StringBuffer
ciInstanceKlass java/lang/AbstractStringBuilder 1 1 547 7 1 7 1 10 7 12 1 1 1 9 7 12 1 1 1 9 12 1 9 12 1 1 9 12 1 1 10 7 12 1 1 1 10 12 1 1 3 3 10 12 1 10 12 1 1 11 7 1 100 1 100 1 10 8 1 10 12 1 10 12 1 10 12 1 1 10 12 1 10 12 1 10 12 1 9 12 1 1 10 12 1 1 10 7 12 1 1 1 10 10 12 1 10 12 1 10 12 1 1 10 12 1 1 10 7 12 1 1 1 10 7 12 1 1 1 100 1 8 1 10 10 12 1 1 100 1 10 12 10 12 1 1 10 10 12 1 1 10 12 1 1 10 12 1 1 10 12 1 1 100 1 10 10 12 1 10 100 12 1 1 1 10 12 1 1 10 12 1 10 12 1 1 10 10 12 1 1 10 12 10 12 1 10 12 1 1 10 12 1 1 10 12 1 1 10 12 1 10 10 12 1 1 10 12 1 10 12 1 1 8 1 10 12 1 1 10 12 1 10 12 1 10 12 1 10 12 1 10 12 1 10 12 1 10 7 12 1 1 10 12 1 10 12 1 10 100 12 1 1 1 10 12 1 10 12 1 10 12 1 10 12 1 10 12 1 1 10 12 1 10 12 1 1 10 12 1 1 10 10 7 12 1 1 1 10 12 1 10 12 1 10 12 1 1 10 12 1 10 12 1 10 12 1 10 12 1 10 12 1 10 12 1 10 12 1 10 12 1 10 12 1 1 10 12 1 10 12 1 10 12 10 12 1 1 18 12 1 1 100 1 10 100 12 1 1 1 18 10 12 1 1 10 12 1 10 12 1 1 11 12 1 10 12 1 10 12 1 10 10 12 1 10 8 1 8 1 8 1 10 10 100 1 10 12 1 100 1 10 100 1 10 100 1 1 1 3 1 1 1 1 1 1 1 1 1 1 100 1 1 1 1 1 1 1 1 1 1 1 1 1 1 1 1 1 1 1 1 1 1 1 1 1 1 1 1 1 1 1 1 1 1 1 1 1 1 1 1 1 1 1 1 1 1 1 1 1 1 1 1 1 1 1 1 1 1 1 1 1 1 1 1 1 1 1 1 1 1 1 1 1 1 1 1 1 1 1 1 1 1 1 1 1 1 1 1 1 1 1 1 1 1 1 1 1 100 1 1 100 1 1 1 1 1 100 1 1 1 1 1 1 15 10 100 12 1 1 1 16 1 15 10 12 16 15 10 12 1 1 1 1 100 1 100 1 1
staticfield java/lang/AbstractStringBuilder EMPTYVALUE [B 0
ciInstanceKlass java/lang/SecurityManager 0 0 576 10 100 12 1 1 1 9 100 12 1 1 1 10 100 12 1 1 1 100 1 8 1 10 12 1 10 12 1 1 10 100 12 1 1 1 10 100 1 10 100 1 10 9 100 12 1 1 1 10 100 12 1 1 1 10 12 1 1 10 100 12 1 1 100 1 8 1 10 9 12 1 1 9 12 1 8 1 9 12 1 100 1 10 8 1 10 12 1 1 10 12 1 10 12 1 1 100 1 10 10 12 1 1 100 1 8 1 10 12 1 8 1 8 1 8 1 8 1 8 1 8 1 10 12 1 8 1 8 1 8 1 8 1 8 1 10 100 12 1 1 1 10 12 1 1 8 1 100 1 8 1 10 8 1 8 1 8 1 8 1 8 1 10 100 12 1 1 8 1 100 1 8 1 8 1 10 8 1 10 12 1 100 1 8 1 10 10 12 1 1 10 12 1 10 12 1 10 12 1 10 100 12 1 1 1 10 12 1 10 100 12 1 1 11 100 12 1 1 1 18 12 1 1 11 100 12 1 1 1 18 12 1 1 11 12 1 1 18 18 11 12 1 18 12 1 11 12 1 1 9 12 1 1 9 12 1 9 12 1 9 12 1 100 1 10 100 12 1 1 10 12 1 10 12 1 18 12 1 18 10 100 12 1 1 1 18 12 1 10 12 1 18 18 8 1 10 12 1 9 12 1 1 11 100 12 1 1 1 8 1 100 1 10 12 1 10 12 1 1 10 12 1 1 9 12 1 1 10 12 1 10 12 1 1 8 1 100 1 10 9 12 1 8 1 10 12 1 8 1 100 1 10 10 100 12 1 1 10 100 1 9 100 12 1 1 1 11 12 1 1 10 12 1 11 12 1 10 12 1 100 1 10 10 12 1 1 10 12 1 1 1 1 1 1 1 1 1 1 1 100 1 1 1 1 1 1 1 1 1 1 1 1 1 1 1 1 1 1 1 1 1 1 1 1 1 1 1 1 1 1 1 1 1 1 1 1 1 1 1 1 1 1 1 1 1 1 1 1 1 1 1 1 1 1 1 1 3 1 1 1 1 1 1 1 1 1 1 100 1 1 1 1 1 1 1 1 1 1 1 1 1 1 1 1 1 1 1 1 1 1 1 1 1 1 1 1 1 1 1 1 1 1 1 1 1 1 15 10 100 12 1 1 1 16 15 10 100 12 1 1 1 16 1 16 15 10 12 16 1 15 10 12 16 15 11 100 1 16 1 16 1 15 10 12 16 15 10 12 16 15 10 12 1 16 1 15 11 12 1 15 10 12 16 15 10 16 1 1 1 1 100 1 100 1 1
instanceKlass java/time/DateTimeException
instanceKlass java/nio/file/FileSystemAlreadyExistsException
instanceKlass java/nio/file/FileSystemNotFoundException
instanceKlass org/eclipse/jdt/internal/core/nd/db/IndexException
instanceKlass org/eclipse/jdt/internal/core/nd/db/OperationCanceledException
instanceKlass org/eclipse/lsp4j/jsonrpc/ResponseErrorException
instanceKlass java/util/MissingResourceException
instanceKlass apex/jorje/services/exception/UnhandledException
instanceKlass apex/jorje/services/exception/CompilationException
instanceKlass java/util/ConcurrentModificationException
instanceKlass apex/jorje/lsp/impl/apexoas/OASServiceException
instanceKlass org/eclipse/lsp4j/jsonrpc/JsonRpcException
instanceKlass org/eclipse/lsp4j/jsonrpc/MessageIssueException
instanceKlass apex/jorje/semantic/exception/UnexpectedCodePathException
instanceKlass java/lang/TypeNotPresentException
instanceKlass com/google/inject/internal/aop/GlueException
instanceKlass com/google/gson/JsonParseException
instanceKlass com/google/common/cache/CacheLoader$InvalidCacheLoadException
instanceKlass com/google/common/util/concurrent/UncheckedExecutionException
instanceKlass java/util/NoSuchElementException
instanceKlass com/google/inject/CreationException
instanceKlass com/google/inject/ProvisionException
instanceKlass com/google/inject/ConfigurationException
instanceKlass java/lang/reflect/UndeclaredThrowableException
instanceKlass ch/qos/logback/core/LogbackException
instanceKlass java/lang/SecurityException
instanceKlass java/lang/UnsupportedOperationException
instanceKlass java/lang/IllegalStateException
instanceKlass java/lang/IndexOutOfBoundsException
instanceKlass java/lang/IllegalArgumentException
instanceKlass java/lang/ArithmeticException
instanceKlass java/lang/NullPointerException
instanceKlass java/lang/IllegalMonitorStateException
instanceKlass java/lang/ArrayStoreException
instanceKlass java/lang/ClassCastException
ciInstanceKlass java/lang/RuntimeException 1 1 40 10 7 12 1 1 1 10 12 1 10 12 1 10 12 1 10 12 1 100 1 1 1 1 5 0 1 1 1 1 1 1 1 1 1 1 1 1 1 1
instanceKlass java/util/regex/PatternSyntaxException
instanceKlass java/nio/file/InvalidPathException
instanceKlass java/nio/file/ProviderMismatchException
instanceKlass java/lang/NumberFormatException
instanceKlass java/nio/charset/UnsupportedCharsetException
ciInstanceKlass java/lang/IllegalArgumentException 1 1 35 10 7 12 1 1 1 10 12 1 10 12 1 10 12 1 100 1 1 1 1 5 0 1 1 1 1 1 1 1 1 1 1 1 1
ciInstanceKlass java/lang/ArithmeticException 1 1 26 10 100 12 1 1 1 10 12 1 100 1 1 1 1 5 0 1 1 1 1 1 1 1 1 1
ciInstanceKlass java/lang/NullPointerException 1 1 52 10 100 12 1 1 1 10 12 1 9 100 12 1 1 1 10 12 1 1 9 12 1 1 10 12 1 1 10 12 1 1 1 1 5 0 1 1 1 1 1 1 1 1 100 1 100 1 100 1 1 1
instanceKlass com/google/gson/internal/LinkedTreeMap
instanceKlass apex/common/collect/AbstractHashedMap
instanceKlass com/google/common/collect/Maps$ViewCachingAbstractMap
instanceKlass com/google/common/collect/MapMakerInternalMap
instanceKlass com/google/common/cache/LocalCache
instanceKlass java/util/Collections$SingletonMap
instanceKlass java/util/EnumMap
instanceKlass java/util/TreeMap
instanceKlass java/util/IdentityHashMap
instanceKlass java/util/WeakHashMap
instanceKlass java/util/Collections$EmptyMap
instanceKlass sun/util/PreHashedMap
instanceKlass java/util/HashMap
instanceKlass java/util/ImmutableCollections$AbstractImmutableMap
instanceKlass java/util/concurrent/ConcurrentHashMap
ciInstanceKlass java/util/AbstractMap 1 1 192 10 7 12 1 1 1 10 7 12 1 1 1 11 7 12 1 1 1 10 11 12 1 1 11 7 12 1 1 1 11 12 1 1 7 1 11 12 1 10 12 1 1 11 12 1 100 1 10 11 12 1 11 7 1 10 12 1 1 11 12 1 9 12 1 1 7 1 10 12 1 9 12 1 1 100 1 10 11 11 12 1 1 11 12 1 100 1 100 1 11 12 1 8 1 7 1 10 10 12 1 1 8 1 10 12 1 10 12 1 1 10 12 1 1 1 1 1 1 1 1 1 1 1 1 1 1 1 1 1 1 1 1 1 1 1 1 1 1 1 1 1 1 1 1 1 1 1 1 1 1 1 1 100 1 1 1 1 1 1 1 1 1 1 1 1 1 1 1 1 100 1 1 1 1 1 1 1 1 1 100 1 100 1 100 1 100 1 1 1 1 1
ciInstanceKlass java/util/Collections$EmptyList 1 1 150 10 7 12 1 1 1 10 7 12 1 1 1 10 12 1 1 11 100 12 1 1 1 7 1 100 1 100 1 10 8 1 10 12 1 1 10 12 1 10 12 1 1 10 12 1 100 1 11 10 100 12 1 1 1 10 7 12 1 1 1 9 12 1 1 100 1 100 1 100 1 1 1 1 5 0 1 1 1 1 1 1 1 1 1 1 1 1 1 1 1 1 1 1 1 1 1 1 1 1 1 1 1 1 1 1 1 1 1 1 1 1 1 1 1 1 1 1 1 1 1 1 1 1 1 1 1 1 1 1 1 1 1 1 1 1 1 1 1 1 1 1 1 1 1 1 1 1 1 1
ciInstanceKlass java/security/AccessControlContext 1 1 373 9 7 12 1 1 1 9 12 1 1 10 100 12 1 1 1 8 1 10 100 12 1 1 1 10 7 12 1 1 1 9 12 1 9 12 1 1 9 12 1 1 10 7 12 1 1 100 1 10 12 1 11 100 12 1 1 1 11 12 1 11 12 1 11 12 1 1 100 1 11 12 1 1 10 12 1 10 100 12 1 1 1 9 100 12 1 1 1 10 100 12 1 1 1 11 100 12 1 1 1 10 7 1 100 1 8 1 10 12 1 10 12 1 1 7 1 10 7 12 1 1 1 9 12 1 9 12 1 9 12 1 9 12 1 1 9 12 1 1 9 12 1 9 12 1 10 7 12 1 1 1 9 12 1 10 12 1 1 10 12 1 1 8 1 10 12 1 1 10 12 1 1 10 100 12 1 1 1 100 1 10 10 12 1 1 10 100 12 1 1 1 10 8 1 10 100 12 1 1 8 1 10 100 12 1 1 8 1 8 1 10 12 1 8 1 10 12 1 8 1 10 12 1 10 12 1 10 12 1 1 8 1 8 1 100 1 10 12 1 10 12 1 1 100 1 10 12 1 8 1 10 12 1 10 12 1 10 8 1 10 12 1 1 10 12 1 1 10 12 1 1 10 12 1 1 10 12 1 10 12 1 10 12 1 10 12 1 1 10 10 10 12 1 1 1 1 1 1 1 1 1 1 1 1 1 1 1 1 1 1 1 1 1 1 1 1 100 1 1 1 1 1 1 1 1 1 1 1 1 1 1 1 1 1 1 1 1 1 1 1 1 1 1 1 1 1 1 1 1 1 1 1 1 1 1 1 1 1 1 1 1 1 1 1 1 1 1 1 1 3 1 1
ciInstanceKlass java/net/URL 1 1 743 10 7 12 1 1 1 10 12 1 10 7 12 1 1 9 12 1 1 9 12 1 10 7 12 1 1 1 10 12 1 1 10 12 1 1 9 12 1 1 10 7 12 1 1 1 8 1 10 12 1 1 100 1 10 10 12 1 1 8 1 10 12 1 1 9 12 1 100 1 8 1 10 12 1 10 12 1 8 1 9 12 1 10 12 1 1 9 12 1 10 12 1 10 12 1 9 12 1 9 12 1 8 1 9 12 1 10 12 1 1 8 1 9 12 1 1 10 12 1 1 10 7 12 1 1 1 8 1 10 12 1 7 1 10 12 1 10 12 1 10 12 1 10 12 1 1 10 12 1 1 8 1 10 12 1 1 10 12 1 8 1 9 12 1 8 1 10 12 1 10 7 12 1 1 1 100 1 10 12 1 10 12 1 1 10 7 12 1 1 1 100 1 8 1 10 10 12 1 8 1 10 12 1 1 10 12 1 10 12 1 10 12 1 10 12 1 10 12 1 8 1 10 12 1 10 10 7 12 1 1 1 10 12 1 9 100 12 1 1 1 10 100 12 1 1 1 9 12 1 1 10 12 1 10 100 12 1 1 1 100 1 100 1 10 12 1 10 12 1 10 12 1 10 12 1 10 12 1 10 12 10 10 10 12 1 100 1 10 12 1 10 12 1 1 8 1 9 100 12 1 1 1 10 100 12 1 1 1 10 12 1 1 9 100 12 1 1 1 10 12 1 1 100 1 10 12 1 10 12 1 10 10 12 1 1 10 12 1 1 10 12 1 10 12 1 10 12 1 10 100 12 1 1 1 10 12 1 1 10 12 1 9 12 1 1 9 12 1 1 100 1 8 1 10 10 12 1 9 12 1 1 10 7 12 1 1 8 1 10 100 12 1 1 8 1 10 12 1 1 10 12 1 8 1 8 1 10 7 12 1 1 1 100 1 10 100 12 1 1 1 10 12 1 10 12 1 100 1 10 9 12 1 1 10 7 12 1 1 8 1 10 12 1 1 100 1 10 10 100 12 1 1 1 8 9 100 12 1 1 1 10 12 1 10 12 1 10 12 1 10 12 1 10 100 12 1 1 11 7 12 1 1 10 12 1 10 12 1 9 12 1 10 12 1 1 10 100 12 1 1 10 100 12 1 1 1 8 10 100 12 1 1 100 1 10 8 8 10 12 1 8 8 8 100 1 10 12 1 9 12 1 1 10 12 1 10 12 1 1 10 12 1 10 12 10 12 1 1 10 12 1 1 10 10 10 12 1 10 12 1 10 12 1 10 12 1 10 12 1 10 10 12 1 100 1 8 1 10 10 10 12 1 1 10 12 1 10 12 1 1 8 1 7 1 10 10 10 7 1 10 12 1 9 7 12 1 1 1 9 12 1 1 7 1 10 10 7 12 1 1 1 100 1 1 1 1 1 5 0 1 1 1 1 1 1 1 1 1 1 1 1 1 1 1 1 1 1 1 1 1 1 1 1 1 1 1 1 1 1 1 1 1 1 1 1 1 1 1 100 1 1 1 1 1 1 1 1 1 1 1 1 1 1 1 1 1 1 1 1 1 1 1 1 1 1 1 1 1 1 1 1 1 1 1 1 1 100 1 1 1 1 1 1 1 1 1 1 1 1 1 1 1 1 100 1 1 1 1 1 1 1 1 1 1 1 1 1 1 1 1 1 1
staticfield java/net/URL defaultFactory Ljava/net/URLStreamHandlerFactory; java/net/URL$DefaultFactory
staticfield java/net/URL streamHandlerLock Ljava/lang/Object; java/lang/Object
staticfield java/net/URL serialPersistentFields [Ljava/io/ObjectStreamField; 7 [Ljava/io/ObjectStreamField;
ciInstanceKlass java/util/jar/Manifest 1 1 336 10 7 12 1 1 1 7 1 10 9 7 12 1 1 1 7 1 10 9 12 1 1 9 12 1 1 10 12 1 10 12 1 1 10 12 1 1 10 12 1 1 10 12 1 1 11 7 1 11 12 1 1 10 12 1 1 10 100 12 1 1 1 100 1 100 1 10 8 1 10 12 1 1 10 12 1 1 10 12 1 10 12 1 11 100 1 10 12 1 10 12 1 1 11 12 1 1 10 12 1 11 12 1 1 11 100 12 1 1 1 11 100 12 1 1 11 12 1 1 100 1 10 12 1 8 1 11 12 1 7 1 10 12 1 1 11 12 1 10 12 1 10 12 1 10 100 12 1 1 1 8 1 10 12 1 1 10 9 7 12 1 1 1 10 12 1 1 10 100 12 1 10 12 1 10 12 1 9 100 12 1 1 1 8 1 10 12 1 8 1 8 1 7 1 10 12 1 10 12 1 10 12 1 1 100 1 8 1 10 12 1 1 8 1 10 10 12 1 1 8 1 10 12 1 1 10 7 12 1 1 1 10 12 1 10 11 12 1 1 10 12 1 10 7 12 1 1 1 10 12 1 1 10 12 1 1 11 10 12 1 11 10 12 1 100 1 1 1 1 1 1 1 1 1 1 1 1 1 1 1 1 1 1 1 1 1 1 1 1 1 1 1 1 1 1 1 1 1 1 1 1 1 1 1 1 1 1 1 100 1 1 1 1 1 1 1 1 1 1 1 1 1 1 100 1 1 1 1 1 1 1 1 1 1 1
ciInstanceKlass java/util/Objects 1 1 151 10 7 12 1 1 1 100 1 8 1 10 12 1 10 12 1 1 10 7 12 1 1 1 10 12 1 1 10 12 1 10 100 12 1 1 1 10 12 1 1 11 100 12 1 1 1 100 1 10 10 12 1 8 1 10 7 12 1 1 1 8 1 100 1 11 12 1 1 8 1 10 7 12 1 1 1 10 12 1 1 10 12 1 10 12 1 10 12 1 10 12 1 1 1 1 1 1 1 1 1 1 1 1 1 1 1 1 1 1 1 1 1 1 1 1 1 1 1 1 1 1 1 1 1 1 1 1 1 1 1 1 1 1 1 1 1 1 1 1 1 1 1 1 1 1 1 1 1 1 1
ciInstanceKlass java/util/Collection 1 1 115 11 100 12 1 1 1 100 1 11 7 12 1 1 1 10 100 12 1 1 1 11 12 1 1 11 100 12 1 1 1 11 12 1 1 11 100 12 1 1 1 11 12 1 1 10 7 12 1 1 1 11 12 1 10 7 12 1 1 1 100 1 100 1 1 1 1 1 1 1 1 1 1 1 1 1 1 1 1 1 1 1 1 1 1 1 1 1 1 1 1 1 1 1 1 1 1 1 1 1 1 1 1 1 1 1 1 1 1 1 1 1 1 1 1
instanceKlass com/google/common/collect/Collections2$TransformedCollection
instanceKlass apex/common/collect/AbstractHashedMap$Values
instanceKlass com/google/common/collect/Collections2$FilteredCollection
instanceKlass com/google/common/collect/AbstractMultiset
instanceKlass com/google/common/collect/Maps$Values
instanceKlass com/google/common/collect/AbstractMultimap$Values
instanceKlass com/google/common/collect/AbstractMapBasedMultimap$WrappedCollection
instanceKlass java/util/TreeMap$Values
instanceKlass com/google/common/collect/Multimaps$Entries
instanceKlass com/google/common/collect/ImmutableCollection
instanceKlass java/util/IdentityHashMap$Values
instanceKlass java/util/HashMap$Values
instanceKlass java/util/AbstractQueue
instanceKlass java/util/LinkedHashMap$LinkedValues
instanceKlass java/util/ArrayDeque
instanceKlass java/util/AbstractSet
instanceKlass java/util/ImmutableCollections$AbstractImmutableCollection
instanceKlass java/util/AbstractList
ciInstanceKlass java/util/AbstractCollection 1 1 160 10 7 12 1 1 1 10 7 12 1 1 1 10 12 1 1 11 7 12 1 1 1 11 12 1 1 10 12 1 1 10 100 12 1 1 1 10 12 1 1 10 12 1 1 10 7 12 1 1 10 7 12 1 1 1 7 1 10 100 12 1 1 1 10 100 12 1 1 1 100 1 10 11 12 1 11 7 1 10 12 1 10 12 1 10 100 12 1 1 1 11 8 1 7 1 10 10 12 1 1 8 1 10 12 1 10 12 1 1 1 1 1 1 1 1 1 1 1 1 1 1 1 1 1 1 1 1 1 1 1 1 1 1 1 1 1 1 1 1 1 1 1 1 1 1 1 1 1 1 1 1 1 1 1 1 1 1 1 1
ciInstanceKlass java/util/List 1 1 217 10 100 12 1 1 1 11 100 12 1 1 1 11 100 12 1 1 1 11 12 1 1 11 100 12 1 1 11 12 1 1 11 12 1 1 10 100 12 1 1 1 100 1 100 1 10 12 1 1 100 1 10 100 12 1 1 1 9 7 12 1 1 1 7 1 10 12 10 12 1 7 1 10 12 1 1 10 12 1 10 12 1 1 100 1 1 1 1 1 1 1 1 1 1 1 1 1 1 1 1 1 1 1 1 1 1 1 1 1 1 1 1 1 1 1 1 1 1 1 1 1 1 1 1 1 1 1 1 1 1 1 1 1 1 100 1 100 1 1 1 1 1 1 1 1 1 1 1 1 1 1 1 1 1 1 1 1 1 1 1 1 1 1 1 1 1 1 1 1 1 1 1 1 1 1 1 1 1 1 1 1 1 1 1 1 1 1 1 1 1 1 1 1 1 1 1 1 1 1 1 1 1 1 1 1 1 1 1 1 100 1 1 100 1 1 1
instanceKlass com/google/common/collect/Lists$TransformingRandomAccessList
instanceKlass java/util/Collections$SingletonList
instanceKlass java/util/ArrayList$SubList
instanceKlass java/util/Vector
instanceKlass sun/security/jca/ProviderList$ServiceList
instanceKlass sun/security/jca/ProviderList$3
instanceKlass java/util/AbstractSequentialList
instanceKlass java/util/Arrays$ArrayList
instanceKlass java/util/Collections$EmptyList
instanceKlass java/util/ArrayList
ciInstanceKlass java/util/AbstractList 1 1 218 10 7 12 1 1 1 9 7 12 1 1 1 10 12 1 1 10 12 1 1 100 1 10 10 12 1 1 11 100 12 1 1 1 11 12 1 1 11 12 1 10 7 12 1 1 1 10 12 1 11 12 1 11 12 1 11 12 1 10 12 1 1 10 12 1 1 11 100 12 1 1 1 11 7 1 11 100 1 10 12 1 100 1 10 12 1 10 12 1 1 100 1 100 1 10 12 1 100 1 10 100 1 100 1 10 8 1 10 12 1 1 10 12 1 10 12 1 1 10 12 1 8 1 100 1 8 1 8 1 8 1 10 100 1 11 10 10 12 1 11 12 1 10 12 1 1 8 1 8 1 1 1 1 1 1 1 1 1 1 1 1 1 1 1 1 1 1 1 1 1 1 1 1 1 1 1 1 1 1 1 1 1 1 1 1 1 1 1 1 1 1 1 1 1 1 1 1 1 1 1 1 1 1 1 1 1 1 100 1 100 1 1 1 1 1 1 1
ciMethod java/util/Objects equals (Ljava/lang/Object;Ljava/lang/Object;)Z 784 0 236913 0 -1
ciMethod java/util/Objects requireNonNull (Ljava/lang/Object;)Ljava/lang/Object; 1024 0 1137189 0 -1
ciInstanceKlass java/lang/AssertionStatusDirectives 0 0 24 10 100 12 1 1 1 100 1 1 1 1 1 1 1 1 1 1 1 1 1 1 1 1
ciInstanceKlass java/lang/invoke/MethodHandleNatives$CallSiteContext 1 1 49 10 7 12 1 1 1 7 1 10 10 7 12 1 1 1 10 7 12 1 1 1 10 7 12 1 1 1 100 1 1 1 1 1 1 1 1 1 1 1 1 1 1 1 1 1 100 1 1
ciInstanceKlass jdk/internal/invoke/NativeEntryPoint 0 0 92 10 100 12 1 1 1 9 100 12 1 1 1 10 100 12 1 1 1 100 1 9 12 1 9 12 1 9 12 1 1 9 12 1 1 9 12 1 1 100 1 8 1 10 12 1 11 100 12 1 1 1 10 12 1 1 10 12 1 11 100 12 1 1 11 12 1 10 12 1 1 10 12 1 1 1 1 1 1 1 1 1 1 1 1 1 1 1 1 1 1 1
instanceKlass java/lang/invoke/VolatileCallSite
instanceKlass java/lang/invoke/MutableCallSite
instanceKlass java/lang/invoke/ConstantCallSite
ciInstanceKlass java/lang/invoke/CallSite 1 1 302 10 7 12 1 1 1 10 7 12 1 1 1 9 7 12 1 1 1 10 12 1 1 9 12 1 1 10 7 12 1 1 1 10 12 1 100 1 10 12 1 1 10 12 1 1 9 100 12 1 1 1 10 100 12 1 1 10 12 1 1 100 1 100 1 10 10 100 12 1 1 1 10 12 1 1 8 1 10 12 1 10 12 1 1 10 12 1 10 12 1 1 10 12 1 1 10 10 100 12 1 1 10 12 1 1 9 12 1 9 100 12 1 1 1 8 1 10 7 12 1 1 1 10 12 1 1 100 1 10 12 1 1 9 12 1 8 1 100 1 10 12 1 10 12 1 100 1 8 1 10 10 12 1 10 12 1 1 100 1 10 12 1 1 10 12 1 10 12 1 10 12 1 1 10 12 1 1 9 12 1 1 8 10 12 1 1 9 12 1 1 100 1 10 10 12 1 10 100 12 1 1 1 10 12 1 1 10 12 1 1 10 12 1 10 7 12 1 1 1 100 1 8 1 10 10 12 10 12 1 1 100 1 100 1 100 1 8 1 10 12 1 10 7 12 1 1 1 1 1 1 1 1 1 1 1 1 1 1 1 1 1 1 1 1 1 1 1 1 1 1 1 1 1 1 1 1 1 1 1 1 1 1 1 1 1 1 1 1 1 1 1 1 1 1 1 1 1 1 1 1 1
staticfield java/lang/invoke/CallSite $assertionsDisabled Z 1
ciInstanceKlass java/lang/invoke/VolatileCallSite 0 0 37 10 100 12 1 1 1 10 12 1 10 100 12 1 1 1 10 12 1 10 12 1 1 1 1 1 1 1 1 1 1 1 1 1 1 1 1
ciInstanceKlass java/lang/invoke/MethodType 1 1 771 7 1 10 7 12 1 1 1 9 12 1 1 9 12 1 1 9 12 1 1 10 7 12 1 1 1 9 7 12 1 1 8 1 10 100 12 1 1 1 9 7 1 9 7 1 10 12 1 1 100 1 10 8 1 10 12 1 1 10 12 1 10 12 1 1 100 1 8 1 10 12 1 100 1 10 10 12 1 10 12 1 1 10 12 1 1 11 7 12 1 1 1 9 12 1 11 12 1 1 7 7 1 10 7 12 1 1 1 10 12 1 9 12 1 1 10 7 12 1 1 10 12 1 1 10 7 12 1 1 1 10 7 12 1 1 1 10 12 1 9 12 1 1 10 12 1 1 100 1 10 12 1 1 10 12 1 1 10 12 1 1 10 12 1 1 10 12 1 1 10 12 1 10 12 1 10 12 1 1 10 12 1 8 1 8 1 10 12 1 1 9 12 1 1 100 1 10 10 12 1 1 10 12 1 10 12 1 1 10 12 1 1 10 12 1 10 12 1 1 10 12 1 8 1 10 12 1 1 10 100 12 1 1 1 10 12 1 10 12 1 1 10 12 1 10 12 1 10 12 1 1 10 12 1 10 12 1 9 12 1 10 12 1 10 10 12 1 1 10 12 1 9 12 1 1 10 12 1 1 10 12 1 1 10 12 1 1 10 12 1 1 7 1 10 12 10 12 1 10 12 1 100 1 8 1 8 1 8 1 10 12 1 10 12 1 10 12 1 10 11 12 1 1 11 12 1 10 100 12 1 1 1 9 12 1 10 12 1 10 12 1 1 10 12 1 1 10 12 1 10 12 1 10 100 12 1 1 1 10 12 1 1 10 12 1 10 12 1 10 12 1 10 9 12 1 1 7 1 10 12 1 10 12 1 1 9 100 12 1 1 1 10 100 12 1 1 1 10 100 12 1 1 1 10 12 1 1 10 100 12 1 1 1 10 12 1 1 8 1 10 7 12 1 1 1 11 12 1 1 9 12 1 1 10 12 1 1 10 12 1 10 12 1 1 10 12 1 1 10 100 12 1 1 100 1 10 12 1 1 11 100 12 1 1 1 18 12 1 1 11 12 1 1 18 12 1 11 12 1 100 1 11 100 12 1 1 10 12 1 100 1 10 12 1 10 100 12 1 1 10 12 1 1 9 12 1 1 9 100 12 1 1 1 10 100 12 1 1 1 9 12 1 10 100 12 1 1 10 12 1 100 10 12 1 1 10 12 1 10 7 1 7 1 9 12 1 1 100 1 100 1 100 1 1 1 5 0 1 1 1 1 1 1 1 3 1 3 1 3 1 1 1 1 1 1 1 1 1 1 1 1 1 1 1 1 1 1 1 1 1 1 1 1 1 1 1 1 1 1 1 1 1 1 1 1 1 1 1 1 1 1 1 1 1 1 1 1 1 1 1 1 1 1 1 1 1 1 1 1 1 1 1 1 1 1 1 1 1 1 1 1 1 1 1 1 1 1 1 1 1 1 1 1 1 1 1 1 1 1 1 1 1 1 1 1 1 1 1 1 1 1 1 1 1 1 1 1 1 1 1 1 1 1 1 1 1 1 1 1 1 1 1 1 1 1 1 100 1 100 1 1 1 1 1 1 1 1 1 1 1 1 1 100 1 1 1 100 1 1 1 1 1 1 1 1 1 1 1 1 1 1 1 1 1 1 1 1 1 15 10 100 12 1 1 1 16 15 10 12 16 16 15 10 12 16 1 1 1 1 100 1 1 100 1 1 100 1 100 1 1
staticfield java/lang/invoke/MethodType internTable Ljava/lang/invoke/MethodType$ConcurrentWeakInternSet; java/lang/invoke/MethodType$ConcurrentWeakInternSet
staticfield java/lang/invoke/MethodType NO_PTYPES [Ljava/lang/Class; 0 [Ljava/lang/Class;
staticfield java/lang/invoke/MethodType objectOnlyTypes [Ljava/lang/invoke/MethodType; 20 [Ljava/lang/invoke/MethodType;
staticfield java/lang/invoke/MethodType METHOD_HANDLE_ARRAY [Ljava/lang/Class; 1 [Ljava/lang/Class;
staticfield java/lang/invoke/MethodType serialPersistentFields [Ljava/io/ObjectStreamField; 0 [Ljava/io/ObjectStreamField;
staticfield java/lang/invoke/MethodType $assertionsDisabled Z 1
ciInstanceKlass java/lang/BootstrapMethodError 0 0 45 10 100 12 1 1 1 10 12 1 10 12 1 10 100 12 1 1 1 10 100 12 1 1 1 1 1 1 5 0 1 1 1 1 1 1 1 1 1 1 1 100 1 1 1
ciInstanceKlass jdk/internal/loader/ClassLoaders$AppClassLoader 1 1 119 8 1 10 7 12 1 1 1 10 7 12 1 1 1 10 100 12 1 1 1 10 12 1 1 10 100 12 1 1 1 10 12 1 1 10 12 1 1 7 1 8 1 10 12 10 7 12 1 1 1 10 100 12 1 1 10 12 1 1 10 12 1 1 10 7 12 1 1 1 100 1 10 12 1 1 1 1 1 1 1 1 1 1 1 1 1 1 1 1 1 1 1 1 1 100 1 1 1 1 1 1 1 1 1 1 1 1 1 1 1 1 1 1 1 100 1 1 1
ciInstanceKlass jdk/internal/loader/ClassLoaders$PlatformClassLoader 1 1 42 8 1 10 7 12 1 1 1 10 7 12 1 1 1 100 1 10 12 1 100 1 1 1 1 1 1 1 1 1 1 1 1 1 1 100 1 1 1 100 1 1
ciInstanceKlass java/lang/ArrayStoreException 1 1 26 10 100 12 1 1 1 10 12 1 100 1 1 1 1 5 0 1 1 1 1 1 1 1 1 1
ciInstanceKlass java/lang/ClassCastException 1 1 26 10 100 12 1 1 1 10 12 1 100 1 1 1 1 5 0 1 1 1 1 1 1 1 1 1
ciInstanceKlass java/lang/NoClassDefFoundError 0 0 26 10 100 12 1 1 1 10 12 1 100 1 1 1 1 5 0 1 1 1 1 1 1 1 1 1
ciInstanceKlass java/lang/IllegalMonitorStateException 1 1 26 10 100 12 1 1 1 10 12 1 100 1 1 1 1 5 0 1 1 1 1 1 1 1 1 1
ciInstanceKlass java/lang/StackOverflowError 1 1 26 10 100 12 1 1 1 10 12 1 100 1 1 1 1 5 0 1 1 1 1 1 1 1 1 1
instanceKlass java/lang/StackOverflowError
instanceKlass java/lang/OutOfMemoryError
instanceKlass java/lang/InternalError
ciInstanceKlass java/lang/VirtualMachineError 1 1 34 10 100 12 1 1 1 10 12 1 10 12 1 10 12 1 100 1 1 1 1 5 0 1 1 1 1 1 1 1 1 1 1 1
ciInstanceKlass java/lang/OutOfMemoryError 1 1 26 10 100 12 1 1 1 10 12 1 100 1 1 1 1 5 0 1 1 1 1 1 1 1 1 1
ciInstanceKlass java/lang/InternalError 0 0 34 10 100 12 1 1 1 10 12 1 10 12 1 10 12 1 100 1 1 1 1 5 0 1 1 1 1 1 1 1 1 1 1 1
ciInstanceKlass java/lang/StackTraceElement 1 1 224 10 7 12 1 1 1 10 7 12 1 1 9 12 1 1 9 12 1 1 9 12 1 9 12 1 8 1 10 100 12 1 1 1 7 1 9 12 1 8 1 9 12 1 9 12 1 9 12 1 1 8 1 10 12 1 1 10 12 1 7 1 10 10 12 1 1 8 1 10 12 1 1 10 12 1 8 1 8 1 8 1 10 12 1 8 1 8 1 10 12 1 8 1 8 1 10 12 1 1 10 12 1 10 12 1 1 10 12 1 9 12 1 1 10 7 12 1 1 1 10 12 1 1 7 1 10 12 1 1 10 7 12 1 1 10 7 12 1 1 1 10 7 12 1 1 10 7 12 1 1 10 10 12 1 1 10 12 1 10 12 1 1 100 1 1 1 1 1 3 1 3 1 1 5 0 1 1 1 1 1 1 1 1 1 1 1 1 1 1 1 1 1 1 1 1 1 1 1 1 1 1 100 1 100 1 1 1 1 1 1 1 1 1 1 100 1 1 1 1 1 1 1 1
instanceKlass java/nio/CharBuffer
instanceKlass java/nio/IntBuffer
instanceKlass java/nio/LongBuffer
instanceKlass java/nio/ByteBuffer
ciInstanceKlass java/nio/Buffer 1 1 224 100 1 10 7 12 1 1 1 9 7 12 1 1 1 9 12 1 9 12 1 1 9 12 1 9 12 1 1 10 12 1 1 10 12 1 1 10 12 100 1 100 1 10 8 1 10 12 1 1 10 12 1 8 1 8 1 10 12 1 1 10 12 1 8 1 9 12 1 1 100 1 8 1 10 12 1 8 1 8 1 9 12 10 12 1 8 1 8 1 8 1 10 12 1 8 1 8 1 8 1 100 1 10 100 1 10 100 1 10 100 1 10 10 100 12 1 1 1 10 11 100 12 1 1 10 7 12 1 1 1 10 7 12 1 1 1 9 12 1 1 10 7 12 1 1 1 9 12 1 1 7 1 10 10 7 12 1 1 1 1 1 3 1 1 1 1 1 1 1 1 1 1 1 1 1 1 1 1 1 1 100 1 1 1 1 1 1 1 1 1 1 1 1 1 1 1 1 1 1 1 1 1 1 1 1 1 1 1 1 1 1 1 1 1 1 1 1 1 1 1 1 1 1
staticfield java/nio/Buffer UNSAFE Ljdk/internal/misc/Unsafe; jdk/internal/misc/Unsafe
staticfield java/nio/Buffer SCOPED_MEMORY_ACCESS Ljdk/internal/misc/ScopedMemoryAccess; jdk/internal/misc/ScopedMemoryAccess
staticfield java/nio/Buffer $assertionsDisabled Z 1
ciInstanceKlass jdk/internal/misc/UnsafeConstants 1 1 34 10 100 12 1 1 1 9 7 12 1 1 1 9 12 1 9 12 1 1 9 12 1 9 12 1 1 1 1 1 1 1 1 1
staticfield jdk/internal/misc/UnsafeConstants ADDRESS_SIZE0 I 8
staticfield jdk/internal/misc/UnsafeConstants PAGE_SIZE I 4096
staticfield jdk/internal/misc/UnsafeConstants BIG_ENDIAN Z 0
staticfield jdk/internal/misc/UnsafeConstants UNALIGNED_ACCESS Z 1
staticfield jdk/internal/misc/UnsafeConstants DATA_CACHE_LINE_FLUSH_SIZE I 0
instanceKlass java/lang/invoke/DelegatingMethodHandle
instanceKlass java/lang/invoke/BoundMethodHandle
instanceKlass java/lang/invoke/DirectMethodHandle
ciInstanceKlass java/lang/invoke/MethodHandle 1 1 641 100 1 9 7 12 1 1 1 10 7 12 1 1 1 10 7 12 1 1 1 7 1 7 1 10 12 1 1 9 12 1 1 10 12 1 10 12 1 1 10 12 1 1 10 100 12 1 1 1 10 12 1 1 10 12 1 1 11 100 12 1 1 1 10 12 1 1 10 12 1 10 12 1 9 12 1 1 10 12 1 1 100 1 100 1 10 8 1 10 12 1 1 10 12 1 8 1 10 12 1 1 10 12 1 10 7 12 1 1 1 10 12 1 10 12 1 1 10 12 1 1 10 12 1 1 10 12 1 1 10 7 12 1 1 1 10 100 12 1 1 1 7 1 10 12 1 1 10 12 1 1 10 12 1 1 8 1 10 7 12 1 1 1 8 1 10 12 1 1 10 12 1 1 10 12 1 1 10 12 1 8 1 10 12 1 1 8 1 10 12 1 8 1 10 100 12 1 1 1 9 12 1 1 100 1 10 9 100 12 1 1 1 9 100 1 8 1 10 12 1 1 10 12 1 10 12 1 1 10 12 1 10 12 1 1 10 12 1 10 12 1 1 10 12 1 10 12 1 1 10 12 1 1 8 1 10 12 1 1 8 1 10 12 1 10 12 1 1 10 12 1 10 12 1 10 12 1 1 9 100 12 1 1 1 10 12 1 1 11 12 1 10 12 1 10 12 1 1 10 100 12 1 1 1 100 1 11 12 1 10 100 1 11 12 1 100 1 10 12 1 11 12 1 9 100 12 1 1 1 11 12 1 1 11 100 12 1 1 1 10 12 1 1 9 12 1 11 12 1 9 12 1 9 12 1 9 12 1 11 12 1 1 9 12 1 9 12 1 9 12 1 9 12 1 9 12 1 9 12 1 9 12 1 8 1 10 12 1 10 12 1 8 1 10 12 1 10 12 1 10 10 7 12 1 1 10 12 1 1 100 1 8 1 10 12 1 1 10 12 1 1 10 12 1 10 12 1 100 1 10 100 12 1 1 1 10 12 1 9 7 12 1 1 1 10 12 1 1 10 12 1 1 8 1 9 12 1 9 12 1 1 9 12 1 1 10 12 1 7 1 10 12 1 10 12 1 1 9 12 1 1 9 12 1 1 10 7 12 1 1 1 11 7 12 1 1 9 12 1 10 12 1 1 9 12 1 10 12 1 8 10 12 1 1 8 1 1 1 1 1 1 100 1 1 1 1 1 1 1 1 1 1 1 1 1 1 1 1 1 1 1 1 1 1 1 1 1 1 1 1 1 1 1 1 1 1 1 1 1 1 1 1 1 1 1 1 1 1 1 1 1 1 1 1 1 1 1 1 1 1 1 1 1 1 1 1 1 1 1 1 1 100 1 1 1 1 1 1 1 1 1 100 1 1 1 1 1 1 1 1 1 1 1 1 1 1 1 1 1 1 1 1 1 1 1 1 1 1 1 100 1 1 100 1 1 100 1 1 1 1
staticfield java/lang/invoke/MethodHandle FORM_OFFSET J 20
staticfield java/lang/invoke/MethodHandle UPDATE_OFFSET J 13
staticfield java/lang/invoke/MethodHandle $assertionsDisabled Z 1
instanceKlass java/lang/ProcessEnvironment
instanceKlass java/util/LinkedHashMap
ciInstanceKlass java/util/HashMap 1 1 610 10 7 12 1 1 1 7 1 10 12 1 1 100 1 10 7 12 1 1 1 100 1 11 12 1 1 11 12 1 11 12 1 1 10 7 12 1 1 1 7 1 3 10 7 12 1 1 1 100 1 100 1 10 8 1 10 12 1 1 10 12 1 10 12 1 1 10 12 1 10 7 12 1 1 1 8 1 10 12 1 9 12 1 1 10 12 1 9 12 1 1 4 10 12 1 10 12 1 1 11 7 12 1 1 9 12 1 1 4 10 12 1 1 11 12 1 1 11 7 12 1 1 1 11 7 12 1 1 1 11 12 1 1 7 1 11 12 1 11 12 1 10 12 1 10 12 1 1 9 12 10 12 1 1 9 7 12 1 1 1 9 12 9 12 1 10 12 1 1 9 12 1 7 1 10 12 1 1 10 12 1 1 10 12 1 1 10 12 1 1 10 12 1 1 9 12 1 10 12 1 1 3 10 12 1 1 10 12 1 1 9 12 1 1 9 10 12 1 1 10 12 1 1 10 12 1 1 10 12 1 9 12 1 1 7 1 10 12 1 10 12 1 10 7 12 1 1 1 7 1 9 12 1 1 7 1 10 9 12 7 1 10 100 1 10 11 7 12 1 1 1 100 1 10 11 7 12 1 1 11 100 12 1 1 1 10 12 1 100 1 100 1 10 12 1 10 12 1 10 12 1 10 100 12 1 1 10 12 1 1 10 12 1 1 10 100 12 1 1 1 8 10 100 12 1 1 1 100 1 10 4 10 100 12 1 1 1 4 10 12 1 10 100 12 1 1 1 10 12 1 8 1 4 10 100 12 1 1 1 100 1 11 100 12 1 1 1 10 12 1 10 12 1 10 10 12 1 1 100 1 100 1 1 1 1 5 0 1 3 1 1 1 3 1 3 1 3 1 1 1 1 1 1 1 1 1 1 1 1 1 1 1 1 1 1 1 1 1 1 100 1 1 1 1 1 1 1 1 1 1 1 1 1 1 1 1 1 1 1 1 1 1 1 1 1 1 1 1 1 1 1 1 100 1 1 1 1 1 1 1 1 1 1 1 1 1 1 1 1 1 1 1 1 1 1 1 1 1 1 1 1 1 1 1 1 1 1 1 1 1 1 1 1 1 1 1 1 1 1 1 1 1 1 100 1 1 1 1 1 1 1 1 1 1 1 1 1 1 1 1 1 1 1 1 1 1 1 1 1 1 1 1 1 1 1 1 1 1 1 1 1 1 1 1 1 1 1 1 1 1 1 1 100 1 1 1 1 1 1 1 1 100 1 1 1 1 1 1 1 1 1 1 1 1 1 1 100 1 100 1 100 1 100 1 100 1 100 1 100 1 100 1 1 1 1 1 1 1 1 1 1 1 1 1 1 1 1 1 1
instanceKlass apex/common/collect/LinkedCaseInsensitiveMap
instanceKlass ch/qos/logback/classic/pattern/NamedConverter$NameCache
ciInstanceKlass java/util/LinkedHashMap 1 1 289 9 7 12 1 1 1 9 12 1 9 7 12 1 1 9 12 1 10 7 12 1 1 1 10 12 1 1 10 12 1 1 9 12 1 1 9 12 1 1 9 12 1 10 12 1 1 7 1 10 10 12 1 1 10 12 1 10 12 1 1 9 12 1 1 9 12 1 10 100 12 1 1 1 10 12 1 10 12 1 10 12 10 12 1 1 10 100 12 1 1 1 10 12 1 1 10 12 1 1 9 7 1 10 12 1 9 12 1 1 7 1 10 12 1 9 12 1 1 7 1 10 9 12 1 7 1 10 100 1 10 11 100 12 1 1 1 100 1 10 11 100 12 1 1 1 100 1 1 1 1 5 0 1 1 1 1 1 1 1 1 1 1 1 1 1 1 1 1 1 1 1 1 1 1 1 1 1 1 1 1 1 1 1 1 1 1 1 1 1 1 1 1 1 1 1 1 1 1 1 1 1 1 1 100 1 1 1 1 1 1 1 1 1 1 1 1 1 1 1 1 1 1 1 1 1 1 1 1 1 100 1 1 1 1 1 1 1 1 100 1 1 1 1 1 100 1 1 1 1 1 1 1 1 1 1 1 1 1 1 1 1 1 1 1 1 1 1 100 1 100 1 100 1 100 1 1 1 1 1 100 1 1 1 1 1 1 1 1
ciMethod java/util/HashMap remove (Ljava/lang/Object;)Ljava/lang/Object; 516 0 11951 0 0
ciMethod java/util/HashMap afterNodeRemoval (Ljava/util/HashMap$Node;)V 512 0 1281 0 -1
instanceKlass java/lang/invoke/DirectMethodHandle$Interface
instanceKlass java/lang/invoke/DirectMethodHandle$Special
instanceKlass java/lang/invoke/DirectMethodHandle$Constructor
instanceKlass java/lang/invoke/DirectMethodHandle$Accessor
ciInstanceKlass java/lang/invoke/DirectMethodHandle 1 1 940 7 1 7 1 100 1 7 1 7 1 10 7 12 1 1 1 10 7 12 1 1 1 100 1 10 12 1 10 12 1 1 10 7 12 1 1 10 12 1 1 10 12 1 10 12 1 7 1 10 12 1 1 10 12 1 1 10 12 1 10 12 1 1 10 7 12 1 1 1 10 12 1 9 12 1 1 100 1 10 9 12 1 1 9 12 1 10 12 1 10 12 1 10 12 1 1 10 12 1 10 12 1 10 12 1 10 7 12 1 1 1 10 12 1 10 12 1 1 8 1 10 12 1 1 7 1 10 12 1 7 1 10 10 12 1 10 12 1 10 12 1 10 7 12 1 1 1 10 12 1 1 100 1 10 12 1 10 12 1 7 1 10 12 1 10 12 1 1 10 12 1 1 10 12 1 8 10 100 12 1 1 1 10 12 1 10 12 1 10 12 1 1 10 12 1 9 7 12 1 1 1 7 1 10 12 1 10 7 12 1 1 1 10 12 1 10 12 1 1 9 12 1 1 100 1 10 8 1 10 12 1 1 10 12 1 10 12 1 10 10 12 1 10 12 1 10 12 1 10 12 1 10 12 1 1 10 12 1 10 12 1 1 10 12 1 10 12 1 1 10 10 7 12 1 1 1 10 12 1 10 12 1 1 10 12 1 10 12 1 1 8 1 9 7 12 1 1 1 8 1 9 12 1 9 12 1 8 1 9 12 1 9 12 1 8 1 9 12 1 9 12 1 8 1 10 12 1 10 12 1 1 9 12 1 1 7 1 10 12 1 1 100 1 10 7 12 1 1 1 10 12 1 1 10 12 1 10 12 1 1 7 1 10 12 1 1 10 12 1 10 12 1 1 7 1 10 12 1 1 10 7 12 1 1 1 10 12 1 10 12 1 10 12 1 9 12 1 1 10 7 1 9 12 9 12 1 10 7 12 1 1 1 10 12 1 7 1 7 1 7 1 9 12 1 1 10 7 12 1 10 12 1 1 10 12 1 100 1 10 12 1 10 12 1 1 9 100 12 1 1 1 10 12 1 1 100 1 10 100 12 1 1 1 10 12 1 10 12 1 8 1 9 12 1 9 12 1 10 12 1 9 12 1 1 10 100 12 1 1 1 9 12 1 1 9 12 1 1 10 12 1 10 12 1 10 12 1 10 12 1 10 12 1 1 10 12 1 10 7 12 1 1 9 12 1 10 12 1 10 12 1 10 12 1 10 12 1 1 10 12 1 1 9 12 1 1 10 12 1 1 9 7 12 1 1 1 9 12 1 9 12 1 9 12 1 9 12 1 9 12 1 9 12 1 9 12 1 9 12 1 9 12 1 9 12 1 9 12 1 9 12 1 9 12 1 9 12 1 9 12 1 9 12 1 9 12 1 9 12 1 9 12 1 9 12 1 9 12 1 9 12 1 9 12 1 9 12 1 9 12 1 9 12 1 9 12 1 9 12 1 9 12 1 9 12 1 9 12 1 9 12 1 9 12 1 9 12 1 9 12 1 9 12 1 8 1 9 12 1 1 9 12 1 1 10 12 1 10 12 1 1 9 7 1 10 12 1 9 12 1 1 10 12 10 12 1 10 12 1 10 12 1 10 8 1 8 1 8 1 8 1 10 12 1 1 9 12 1 1 10 12 1 10 100 12 1 1 1 8 9 12 1 1 10 12 1 1 8 1 8 8 9 12 1 8 1 8 8 8 8 8 1 8 10 12 1 10 12 1 8 1 8 1 10 12 1 10 12 1 10 12 1 10 12 1 1 7 1 1 1 1 3 1 3 1 3 1 3 1 3 1 3 1 3 1 3 1 3 1 3 1 1 1 1 1 1 1 1 1 1 3 1 3 1 1 1 1 3 1 1 1 1 1 1 1 1 1 1 1 1 1 1 1 1 1 1 1 1 1 1 1 1 1 1 1 1 1 1 1 1 1 1 1 1 1 1 1 1 1 1 1 1 1 1 1 1 1 1 1 1 1 1 1 1 100 1 1 1 1 1 1 1 1 1 1 1 1 100 1 1 1 1 1 1 1 1 1 1 1 1 1 1 1 1 1 1 1 1 1 1 1 1 1 1 1 1 1 1 1 1 1 1 1 1 1 1 1 1 1 1 1 1 1 1 1 1 1 1 1
staticfield java/lang/invoke/DirectMethodHandle IMPL_NAMES Ljava/lang/invoke/MemberName$Factory; java/lang/invoke/MemberName$Factory
staticfield java/lang/invoke/DirectMethodHandle FT_UNCHECKED_REF I 8
staticfield java/lang/invoke/DirectMethodHandle ACCESSOR_FORMS [Ljava/lang/invoke/LambdaForm; 132 [Ljava/lang/invoke/LambdaForm;
staticfield java/lang/invoke/DirectMethodHandle ALL_WRAPPERS [Lsun/invoke/util/Wrapper; 10 [Lsun/invoke/util/Wrapper;
staticfield java/lang/invoke/DirectMethodHandle NFS [Ljava/lang/invoke/LambdaForm$NamedFunction; 12 [Ljava/lang/invoke/LambdaForm$NamedFunction;
staticfield java/lang/invoke/DirectMethodHandle OBJ_OBJ_TYPE Ljava/lang/invoke/MethodType; java/lang/invoke/MethodType
staticfield java/lang/invoke/DirectMethodHandle LONG_OBJ_TYPE Ljava/lang/invoke/MethodType; java/lang/invoke/MethodType
staticfield java/lang/invoke/DirectMethodHandle $assertionsDisabled Z 1
ciInstanceKlass java/lang/invoke/LambdaForm 1 1 1052 100 1 9 7 12 1 1 1 10 7 12 1 1 1 10 7 12 1 1 9 12 1 1 9 12 1 1 10 12 1 1 100 1 10 9 12 1 10 12 1 1 9 12 1 10 7 12 1 1 1 9 12 1 9 12 1 9 12 1 1 9 12 1 10 12 1 1 7 1 10 12 1 10 100 12 1 1 1 10 100 12 1 1 1 10 12 1 10 12 1 1 9 100 12 1 1 1 10 12 1 1 9 12 1 10 12 1 1 10 12 1 10 12 1 1 10 12 1 1 10 100 12 1 1 1 7 1 10 10 12 1 1 8 1 10 12 1 10 12 1 10 12 1 1 7 1 10 7 12 1 1 1 10 12 1 1 10 12 1 10 12 1 1 9 12 1 1 9 12 1 9 12 1 1 10 12 1 9 12 1 10 100 12 1 1 1 10 12 1 1 10 12 1 9 12 1 1 10 100 12 1 1 1 10 12 1 10 12 1 10 12 1 10 12 1 10 12 1 10 12 1 1 10 12 1 10 12 1 1 8 1 10 12 1 10 12 1 8 1 8 1 9 12 1 9 12 1 9 12 1 1 10 12 1 1 10 12 1 9 12 1 10 12 1 1 10 7 12 1 1 1 10 12 1 1 10 12 1 10 12 1 10 12 1 1 9 12 1 10 12 1 8 1 8 1 8 1 8 1 8 1 8 1 8 1 8 1 10 12 1 9 12 1 7 1 10 12 1 1 9 12 1 10 12 1 10 12 1 1 10 12 10 12 1 10 12 1 1 10 12 1 1 10 10 12 1 1 10 12 1 1 7 1 8 1 10 12 1 1 10 12 1 10 12 1 1 10 8 1 10 12 1 1 8 1 8 1 8 1 10 12 1 9 12 1 1 10 12 1 1 10 12 1 1 100 1 10 12 1 1 10 12 1 10 7 12 1 1 1 10 12 1 1 9 12 1 1 8 1 10 100 12 1 1 1 10 7 12 1 1 10 12 10 10 12 1 1 9 12 1 8 10 12 1 1 100 1 10 12 1 1 10 12 1 9 7 12 1 1 9 12 1 1 8 1 10 100 12 1 1 10 12 1 1 100 1 100 1 10 10 12 1 1 10 12 1 1 8 1 8 1 100 1 8 1 10 12 10 12 1 10 12 1 10 12 1 1 8 1 8 1 9 100 12 1 1 1 10 12 1 10 12 1 1 8 1 8 1 8 1 100 1 8 1 100 1 8 1 100 1 8 1 10 12 1 8 1 9 10 7 12 1 1 1 10 12 1 9 12 1 1 10 12 1 10 10 12 1 10 12 1 10 12 1 10 12 1 1 10 12 1 10 12 1 1 10 12 1 1 10 12 1 1 8 1 100 10 12 1 10 12 1 9 12 1 1 10 7 12 1 1 8 1 8 1 100 1 8 1 8 1 8 1 8 1 8 1 8 1 8 1 8 1 10 12 1 1 10 12 1 1 10 12 1 10 12 1 8 1 8 1 8 1 10 12 1 8 1 10 12 1 8 1 8 1 8 1 8 1 8 1 10 12 1 10 12 1 10 12 1 1 10 7 12 1 1 1 10 12 1 10 12 1 10 12 1 10 12 1 10 12 1 10 12 1 10 12 1 9 12 1 1 8 1 10 12 1 1 9 12 1 1 10 12 1 1 9 12 1 9 12 1 1 9 12 1 9 12 1 1 7 1 10 7 12 1 1 1 9 12 1 10 12 1 10 12 1 8 1 10 12 1 9 12 1 1 7 1 10 7 12 1 1 1 8 1 100 1 10 12 1 9 12 1 9 12 1 10 12 1 10 12 1 10 7 12 1 1 1 10 12 1 9 7 12 1 1 10 12 1 1 10 12 1 10 12 1 9 12 10 12 1 10 10 12 1 9 9 12 1 7 9 12 1 1 10 12 1 1 9 12 1 10 12 1 10 7 1 9 1 1 1 1 3 1 3 1 3 1 1 1 1 1 1 1 1 1 1 1 1 1 1 1 1 1 1 1 1 1 1 1 1 1 1 1 1 1 1 1 1 1 1 1 1 1 1 1 1 1 1 1 1 1 1 1 1 1 1 1 1 1 1 1 1 100 1 1 1 1 1 1 1 1 1 1 1 1 1 1 1 1 1 1 1 1 1 1 1 1 1 1 1 1 1 1 1 1 1 1 1 1 1 1 1 1 1 1 1 1 1 1 1 1 1 1 1 1 1 1 1 1 1 1 1 100 1 1 1 1 1 1 1 1 1 1 1 1 1 1 1 1 1 1 1 1 1 1 1 1 1 1 1 1 1 1 1 1 1 1 100 1 1 1 1 1 1 1 1 1 1 1 1 1 1 1 1 1 1 1 1 1 1 100 1 1 1 100 1 1 100 1 1 1 1 1 1 1 1 1 1 1
staticfield java/lang/invoke/LambdaForm COMPILE_THRESHOLD I 0
staticfield java/lang/invoke/LambdaForm INTERNED_ARGUMENTS [[Ljava/lang/invoke/LambdaForm$Name; 5 [[Ljava/lang/invoke/LambdaForm$Name;
staticfield java/lang/invoke/LambdaForm IMPL_NAMES Ljava/lang/invoke/MemberName$Factory; java/lang/invoke/MemberName$Factory
staticfield java/lang/invoke/LambdaForm LF_identity [Ljava/lang/invoke/LambdaForm; 6 [Ljava/lang/invoke/LambdaForm;
staticfield java/lang/invoke/LambdaForm LF_zero [Ljava/lang/invoke/LambdaForm; 6 [Ljava/lang/invoke/LambdaForm;
staticfield java/lang/invoke/LambdaForm NF_identity [Ljava/lang/invoke/LambdaForm$NamedFunction; 6 [Ljava/lang/invoke/LambdaForm$NamedFunction;
staticfield java/lang/invoke/LambdaForm NF_zero [Ljava/lang/invoke/LambdaForm$NamedFunction; 6 [Ljava/lang/invoke/LambdaForm$NamedFunction;
staticfield java/lang/invoke/LambdaForm createFormsLock Ljava/lang/Object; java/lang/Object
staticfield java/lang/invoke/LambdaForm DEBUG_NAME_COUNTERS Ljava/util/HashMap; null
staticfield java/lang/invoke/LambdaForm DEBUG_NAMES Ljava/util/HashMap; null
staticfield java/lang/invoke/LambdaForm TRACE_INTERPRETER Z 0
staticfield java/lang/invoke/LambdaForm $assertionsDisabled Z 1
ciInstanceKlass java/lang/invoke/MethodHandleNatives 1 1 684 100 1 10 7 12 1 1 1 9 7 12 1 1 1 10 12 1 1 100 1 10 10 12 1 1 10 12 1 10 12 1 8 1 8 1 8 1 8 1 8 1 8 1 8 1 8 1 8 1 8 1 10 12 1 1 7 1 10 7 12 1 1 1 10 100 12 1 1 1 7 1 10 10 12 1 1 8 1 10 12 1 8 1 10 12 1 1 8 1 10 12 1 1 9 100 12 1 1 1 8 1 10 100 12 1 1 1 100 1 10 12 100 1 100 1 8 1 7 1 10 10 12 1 7 1 9 7 12 1 1 10 12 1 1 10 12 1 10 7 12 1 1 1 7 1 10 12 1 1 10 7 12 1 1 1 10 12 1 10 12 1 1 10 12 1 1 9 12 1 8 1 10 12 1 8 1 10 12 1 8 1 8 1 8 1 100 1 10 12 1 8 1 10 12 1 1 10 12 1 10 100 12 1 1 1 100 1 8 1 10 100 12 1 1 1 7 1 8 1 10 12 1 8 1 8 1 8 1 8 1 8 1 10 12 1 1 10 12 1 1 10 12 1 10 12 1 1 10 12 1 1 7 1 10 12 1 100 1 100 1 10 12 1 10 12 1 8 1 8 1 10 10 12 1 1 10 12 1 1 8 1 10 100 12 1 1 1 8 1 8 1 10 12 1 1 10 7 12 1 1 1 100 1 10 12 1 1 7 1 9 12 1 1 10 7 12 1 1 1 10 10 12 1 9 12 1 10 12 1 1 9 12 1 9 12 1 10 12 1 1 10 12 1 10 12 1 1 7 1 7 1 10 12 1 1 10 12 1 10 12 1 1 10 7 12 1 1 1 10 12 1 8 1 10 12 1 10 12 1 10 12 1 1 10 12 1 10 7 12 1 1 1 10 12 1 1 100 1 8 1 10 9 7 12 1 1 1 10 12 1 1 10 12 1 1 100 1 10 12 1 1 10 12 1 1 100 1 100 1 10 10 100 1 100 1 10 100 1 10 10 12 1 1 10 100 1 10 12 1 10 12 1 10 12 1 1 10 12 1 1 10 12 1 1 10 12 1 10 12 1 1 10 8 1 100 1 10 12 1 10 12 1 10 12 1 10 12 1 10 12 1 1 10 12 1 9 12 1 1 10 7 12 1 1 1 9 12 1 1 11 7 12 1 1 1 10 12 1 10 12 1 10 10 12 1 10 7 12 1 1 1 1 1 1 1 1 1 1 1 1 1 1 1 100 1 1 1 1 1 1 1 1 1 1 1 1 1 1 1 1 1 1 1 1 1 1 1 1 1 1 1 1 1 1 1 1 1 1 1 1 1 1 1 1 1 1 1 1 1 1 1 1 1 1 1 1 1 1 1 1 1 1 1 1 1 1 1 1 1 1 1 1 1 1 1 1 1 1 1 1 1 1 1 1 1 1 1 1 1 1 1 1 1 1 1 1 1 1 1 1 1 1 100 1 1 1 1 1 1 1 1 1 1 1 1 1 1 1 1 1 1 1 1 1 1 1 1 1 1 1 1 100 1 1 1 1 1 1 1 100 1 1 1
staticfield java/lang/invoke/MethodHandleNatives JLA Ljdk/internal/access/JavaLangAccess; java/lang/System$2
staticfield java/lang/invoke/MethodHandleNatives $assertionsDisabled Z 1
ciInstanceKlass java/util/Collections 1 1 852 10 7 12 1 1 1 11 7 12 1 1 1 7 1 11 12 1 1 7 1 10 12 1 1 10 12 1 11 12 1 1 100 1 11 12 1 1 11 12 1 1 10 12 1 11 100 12 1 1 11 12 1 1 11 12 1 10 12 1 10 12 1 10 12 11 100 12 1 1 1 10 12 1 1 11 12 1 11 12 1 1 9 12 1 1 100 1 10 10 12 1 1 10 12 1 1 11 12 1 1 10 12 1 11 12 1 100 1 8 1 10 12 1 11 7 12 1 1 1 11 7 1 11 12 1 1 10 12 1 1 10 12 1 10 12 1 1 10 12 1 11 12 1 1 10 12 1 1 10 12 1 1 10 12 1 1 10 12 1 1 7 1 10 12 1 7 1 10 12 1 100 1 10 12 1 100 1 10 12 1 7 1 7 1 10 12 10 7 1 10 12 1 100 1 10 12 1 100 1 10 12 1 100 1 10 10 12 1 7 1 10 10 12 1 100 1 10 100 1 10 7 1 10 100 1 10 10 12 1 10 7 1 10 100 1 10 100 1 10 100 1 10 12 1 10 100 12 1 1 1 100 1 100 1 10 12 1 100 1 10 12 1 100 1 10 12 1 100 1 10 12 1 100 1 10 12 1 100 1 10 100 1 10 12 1 100 1 10 12 1 100 1 10 12 1 9 7 12 1 1 1 9 100 12 1 1 9 7 12 1 1 1 9 12 1 1 9 12 1 1 9 12 1 1 9 12 1 1 9 12 1 1 7 1 10 12 7 1 10 7 1 10 7 1 10 7 1 10 12 1 100 1 100 1 10 8 1 10 12 1 1 10 12 1 10 12 1 1 10 100 1 10 12 1 9 100 12 1 1 1 9 100 12 1 1 1 100 1 9 12 1 1 10 12 7 1 10 100 1 10 11 100 12 1 1 11 12 1 10 12 1 7 1 11 11 12 1 11 7 1 10 100 1 10 100 12 1 1 1 100 1 10 12 1 7 1 10 7 1 10 7 1 10 1 1 1 3 1 3 1 3 1 3 1 3 1 3 1 3 1 3 1 1 1 1 1 1 1 1 1 1 1 1 1 1 1 1 1 1 1 1 1 1 1 1 1 1 1 1 1 1 1 1 1 1 1 1 1 1 1 1 1 1 1 1 1 1 1 1 1 1 1 1 1 1 1 1 1 1 1 1 1 1 1 1 1 1 1 1 1 1 1 1 1 1 1 1 1 1 1 1 1 1 1 1 1 1 1 1 1 1 1 1 1 1 1 1 1 1 1 1 1 1 1 1 1 1 1 1 1 1 1 1 1 1 1 1 1 1 1 1 1 1 1 1 1 1 1 1 1 1 1 1 1 1 1 1 1 1 1 1 1 1 1 1 1 1 1 1 1 1 1 1 1 1 1 1 1 1 1 1 1 1 1 1 1 1 1 1 1 1 1 1 1 1 1 1 1 1 1 1 1 1 1 1 1 1 1 1 1 1 1 1 1 1 1 1 1 1 1 1 1 1 1 1 1 1 1 1 1 1 1 1 1 1 1 1 1 1 1 1 1 1 1 1 1 1 1 1 1 1 1 1 1 1 1 1 1 1 1 1 1 1 1 1 1 1 1 1 1 1 1 1 1 1 1 1 1 1 1 1 1 1 1 1 1 1 1 1 1 1 1 1 1 1 1 1 1 1 1 1 1 1 1 1 1 1 1 1 1 1 1 1 1 1 1 1 1 1 1 1 1 1 1 1 1 1 1 1 1 1 1 100 1 100 1 100 1 100 1 100 1 100 1 100 1 100 1 100 1 100 1 100 1 100 1 100 1 1 1 1 1 1 1 1 1 1 1 1 1 1 1 1 1 1 1 1 1 1 1 1 1 1 1 1 1 1 1 1 1 1 1 1 1 1 1 100 1 1 1 1 1 1 1 1 1 1 1 1 1 1
staticfield java/util/Collections EMPTY_SET Ljava/util/Set; java/util/Collections$EmptySet
staticfield java/util/Collections EMPTY_LIST Ljava/util/List; java/util/Collections$EmptyList
staticfield java/util/Collections EMPTY_MAP Ljava/util/Map; java/util/Collections$EmptyMap
ciInstanceKlass jdk/internal/reflect/CallerSensitive 0 0 17 100 1 100 1 100 1 1 1 1 1 1 1 1 1 1 1
ciInstanceKlass jdk/internal/reflect/ConstantPool 1 1 142 10 100 12 1 1 1 9 7 12 1 1 1 10 12 1 1 10 12 1 1 10 12 1 10 12 1 1 10 12 1 1 10 12 1 10 12 1 1 10 12 1 10 12 1 1 10 12 1 10 12 1 10 12 1 10 12 1 1 10 12 1 1 10 12 1 1 10 12 1 1 10 12 1 10 12 1 1 10 100 12 1 1 1 8 11 7 12 1 1 1 10 7 12 1 1 1 1 1 1 1 1 1 1 1 1 1 1 1 1 1 1 1 1 1 1 1 1 1 1 1 1 1 1 1 1 1 1 1 1 1 1 1 1 1 1 1 1 1 1 1 1
instanceKlass jdk/internal/reflect/UnsafeQualifiedStaticFieldAccessorImpl
ciInstanceKlass jdk/internal/reflect/UnsafeStaticFieldAccessorImpl 1 1 47 10 7 12 1 1 1 9 7 12 1 1 1 10 7 12 1 1 1 9 12 1 1 8 11 7 12 1 1 1 10 7 12 1 1 1 1 1 1 1 1 1 1 1 1 1 1
instanceKlass jdk/internal/reflect/UnsafeFieldAccessorImpl
ciInstanceKlass jdk/internal/reflect/FieldAccessorImpl 1 1 59 10 7 12 1 1 1 100 1 100 1 1 1 1 1 1 1 1 1 100 1 1 1 1 1 1 1 1 1 1 1 1 1 1 1 1 1 1 1 100 1 1 1 1 1 1 1 1 1 1 1 1 1 1 1 1 1 1 1
instanceKlass jdk/internal/reflect/UnsafeBooleanFieldAccessorImpl
instanceKlass jdk/internal/reflect/UnsafeQualifiedFieldAccessorImpl
instanceKlass jdk/internal/reflect/UnsafeObjectFieldAccessorImpl
instanceKlass jdk/internal/reflect/UnsafeStaticFieldAccessorImpl
ciInstanceKlass jdk/internal/reflect/UnsafeFieldAccessorImpl 1 1 254 10 7 12 1 1 1 9 7 12 1 1 1 10 7 12 1 1 1 10 7 12 1 1 1 9 12 1 1 10 7 12 1 1 1 9 12 1 1 10 12 1 10 12 1 9 12 1 10 12 1 1 10 7 12 1 1 10 7 12 1 1 1 10 12 1 1 100 1 10 10 12 1 1 10 12 1 1 8 1 10 10 12 1 100 1 8 1 10 12 1 8 1 10 12 1 8 1 10 12 1 100 1 10 12 1 1 10 8 1 10 12 1 1 8 1 10 100 12 1 1 8 1 10 100 12 1 1 8 1 10 100 12 1 1 8 1 10 100 12 1 1 8 1 10 100 12 1 1 8 1 10 100 12 1 1 8 1 10 100 12 1 1 8 1 10 100 12 1 1 10 12 1 1 8 1 8 1 8 1 8 1 8 1 8 1 10 100 12 1 1 1 8 1 8 1 8 1 10 12 10 12 1 1 1 1 1 1 1 1 1 1 1 1 1 1 1 1 1 1 1 1 1 1 1 1 1 1 1 1 1 1 1 1 1 1 1 1 1 1 1 1 1 1 1 1 1 1 1 1 1 1 1 1
staticfield jdk/internal/reflect/UnsafeFieldAccessorImpl unsafe Ljdk/internal/misc/Unsafe; jdk/internal/misc/Unsafe
ciInstanceKlass jdk/internal/reflect/NativeConstructorAccessorImpl 1 1 126 10 7 12 1 1 1 9 7 12 1 1 1 9 12 1 1 10 7 12 1 1 1 10 7 12 1 1 1 10 7 12 1 1 1 9 12 1 9 12 1 1 9 12 1 1 10 7 12 1 1 1 7 1 10 10 12 1 1 10 12 1 10 12 1 10 12 1 1 9 12 1 1 10 7 12 1 1 1 100 1 10 12 1 1 10 12 1 1 8 10 12 1 1 1 1 1 1 1 1 1 1 1 1 1 1 1 1 1 1 1 1 1 1 100 1 100 1 100 1 1 1 1 1 1 1
staticfield jdk/internal/reflect/NativeConstructorAccessorImpl U Ljdk/internal/misc/Unsafe; jdk/internal/misc/Unsafe
staticfield jdk/internal/reflect/NativeConstructorAccessorImpl GENERATED_OFFSET J 16
ciInstanceKlass java/lang/invoke/ConstantCallSite 1 1 65 10 7 12 1 1 1 9 7 12 1 1 1 9 12 1 1 10 7 12 1 1 1 10 12 1 100 1 10 12 9 12 1 1 100 1 10 10 12 1 1 10 12 1 1 1 1 1 1 1 1 1 1 1 1 1 100 1 1 1 1 1 1 1 1
staticfield java/lang/invoke/ConstantCallSite UNSAFE Ljdk/internal/misc/Unsafe; jdk/internal/misc/Unsafe
ciInstanceKlass java/lang/invoke/MutableCallSite 0 0 63 10 100 12 1 1 1 10 12 1 9 100 12 1 1 1 10 12 1 10 12 1 1 9 12 1 1 10 100 12 1 1 1 10 100 12 1 1 1 10 12 1 1 1 1 1 1 1 1 1 1 1 1 1 1 1 1 1 1 100 1 1 1
instanceKlass java/lang/invoke/VarHandleInts$FieldStaticReadOnly
instanceKlass java/lang/invoke/VarHandleLongs$FieldInstanceReadOnly
instanceKlass java/lang/invoke/VarHandleReferences$Array
instanceKlass java/lang/invoke/VarHandleReferences$FieldInstanceReadOnly
instanceKlass java/lang/invoke/VarHandleInts$FieldInstanceReadOnly
instanceKlass java/lang/invoke/VarHandleByteArrayAsLongs$ByteArrayViewVarHandle
instanceKlass java/lang/invoke/VarHandleByteArrayAsInts$ByteArrayViewVarHandle
instanceKlass java/lang/invoke/VarHandleReferences$FieldStaticReadOnly
ciInstanceKlass java/lang/invoke/VarHandle 1 1 390 10 7 12 1 1 1 10 7 12 1 1 9 12 1 1 9 12 1 1 100 1 10 8 1 10 12 1 1 10 7 12 1 1 1 10 12 1 1 10 100 12 1 1 1 9 100 12 1 1 1 10 12 1 1 10 100 12 1 1 1 10 12 1 1 9 12 1 10 12 1 9 12 1 1 10 7 12 1 1 10 12 1 9 7 12 1 1 1 9 12 1 1 10 12 1 1 100 1 100 1 10 8 1 10 12 1 1 10 12 1 8 1 10 12 1 10 12 1 10 12 1 1 9 7 12 1 1 1 10 12 1 10 12 1 1 10 12 1 10 10 100 12 1 1 1 10 12 1 1 10 12 1 1 10 100 12 1 1 1 10 100 12 1 1 1 10 100 12 1 1 1 9 12 1 1 10 9 12 1 1 10 12 1 10 12 1 10 12 1 1 10 12 1 10 100 12 1 1 1 9 12 1 1 10 12 1 1 9 12 1 10 12 1 10 12 1 10 100 12 1 1 100 1 10 9 7 12 1 1 1 9 12 1 1 10 7 12 1 1 1 10 12 1 10 12 1 10 12 1 10 12 1 10 12 1 10 12 1 1 7 1 10 10 7 12 1 1 1 9 12 1 1 8 10 12 1 1 7 1 10 12 1 1 100 1 1 1 1 1 1 1 1 1 1 1 1 1 1 1 1 1 1 1 1 1 1 1 1 1 1 1 1 1 1 1 1 1 1 1 1 1 1 1 1 1 1 1 1 1 1 1 1 1 1 1 1 1 1 1 1 1 1 1 1 1 1 1 1 1 1 1 1 1 1 1 1 1 1 1 1 1 1 1 1 1 1 1 1 1 1 1 1 1 100 1 100 1 100 1 1 1 1 1 1 1 100 1 1 1
staticfield java/lang/invoke/VarHandle AIOOBE_SUPPLIER Ljava/util/function/BiFunction; jdk/internal/util/Preconditions$1
staticfield java/lang/invoke/VarHandle VFORM_OFFSET J 16
staticfield java/lang/invoke/VarHandle $assertionsDisabled Z 1
ciInstanceKlass java/lang/invoke/MemberName 1 1 757 7 1 7 1 100 1 9 12 1 1 10 7 12 1 1 1 9 12 1 1 10 12 1 1 10 12 1 1 10 12 1 1 10 12 1 10 12 1 1 10 7 12 1 1 1 10 12 1 9 100 12 1 1 10 12 1 100 1 100 1 10 12 1 8 1 10 12 1 1 10 12 1 10 12 1 1 10 12 1 9 12 1 1 8 1 10 100 12 1 1 1 7 1 10 10 12 1 1 100 1 100 1 10 12 1 1 9 12 1 1 100 1 8 1 10 12 1 10 12 1 10 12 1 10 12 1 10 12 1 1 10 12 1 10 12 1 10 12 1 1 10 12 1 1 10 12 1 8 1 8 1 8 1 10 100 12 1 1 1 10 12 1 9 12 1 1 3 10 12 1 10 12 1 10 12 1 10 10 7 12 1 1 1 10 12 1 10 12 1 10 12 1 10 12 1 7 1 8 10 12 1 1 10 12 1 1 8 1 9 100 1 8 9 100 1 10 12 1 1 10 12 1 10 12 1 8 1 10 12 1 1 10 12 1 10 12 1 10 12 1 10 12 1 1 100 1 10 12 1 1 10 12 1 8 1 10 12 1 10 12 1 8 1 10 12 1 1 10 12 1 1 100 1 10 12 1 1 10 12 8 1 8 1 100 1 10 12 1 10 100 12 1 1 1 100 1 10 12 10 12 1 10 12 1 10 12 1 10 12 1 10 10 12 1 10 12 1 10 12 1 3 10 12 1 3 10 12 1 3 3 3 3 3 3 3 100 1 10 12 1 10 7 12 1 1 1 10 12 1 3 9 12 1 10 12 1 1 3 10 12 1 10 10 7 12 1 1 1 10 12 1 1 10 100 1 10 10 12 1 10 12 1 10 12 1 10 10 12 1 1 10 12 1 10 12 1 10 12 1 100 1 10 10 10 12 100 1 10 10 10 12 1 1 10 12 1 1 10 10 12 1 8 10 100 1 10 12 1 10 100 1 10 12 1 10 12 1 10 12 1 10 10 12 1 10 12 1 1 10 12 1 1 10 12 1 10 12 1 10 12 1 100 1 10 12 1 1 100 1 8 1 10 7 1 10 12 1 10 12 10 12 1 1 10 12 1 10 12 1 8 1 8 1 8 1 8 1 10 12 1 10 12 1 10 12 1 1 8 1 8 1 10 12 1 8 1 10 10 12 1 10 12 1 8 1 8 1 10 10 12 1 8 1 10 100 12 1 1 1 8 1 10 12 1 10 12 1 1 10 12 1 8 1 8 1 8 1 8 1 100 1 10 8 1 8 1 8 1 8 1 10 12 1 100 1 100 1 100 1 10 100 1 10 100 1 10 100 12 1 1 1 9 7 12 1 1 1 100 1 100 1 1 1 1 1 1 1 3 1 3 1 3 1 3 1 3 1 3 1 1 1 1 1 1 1 1 3 1 3 1 1 1 1 3 1 1 1 1 1 1 1 1 1 1 1 1 1 1 1 1 1 1 1 1 1 1 1 1 1 1 1 1 1 1 1 1 1 1 1 1 1 1 1 1 1 1 1 1 1 1 1 1 1 1 1 1 1 1 1 1 1 1 1 1 1 1 1 1 1 1 1 1 1 1 1 1 1 1 1 1 1 1 1 1 1 1 1 1 1 1 1 1 1 1 1 1 1 1 1 1 1 1 1 1 1 1 1 1 1 1 100 1 1 1 1 1 1 1 1 1 1 1 1 1 1 1
staticfield java/lang/invoke/MemberName $assertionsDisabled Z 1
ciInstanceKlass java/lang/invoke/ResolvedMethodName 1 1 16 10 100 12 1 1 1 100 1 1 1 1 1 1 1 1
ciInstanceKlass java/lang/StackWalker 1 1 235 9 7 12 1 1 1 10 7 12 1 1 1 7 1 10 7 12 1 1 1 10 12 1 1 11 7 12 1 1 1 10 12 1 1 10 12 1 1 10 12 1 1 100 1 8 1 10 12 1 10 12 1 10 12 1 10 7 12 1 1 9 12 1 1 9 12 1 1 9 12 1 1 9 12 1 1 10 12 1 1 9 12 1 1 10 7 12 1 1 1 11 12 1 1 100 1 8 1 10 10 100 12 1 1 9 12 1 1 10 12 1 1 10 7 12 1 1 1 10 7 12 1 1 1 18 12 1 1 100 1 8 1 10 10 12 1 1 10 100 12 1 1 1 9 7 12 1 1 11 100 12 1 1 1 10 12 1 1 1 1 1 1 1 1 1 1 1 1 1 1 1 1 1 1 1 1 1 1 1 1 1 1 1 1 1 1 1 1 1 1 1 1 1 1 1 1 1 1 1 1 1 1 1 1 1 1 1 100 1 1 15 10 100 12 1 1 1 16 15 10 12 16 1 1 1 1 1 1 1 100 1 100 1 1
staticfield java/lang/StackWalker DEFAULT_EMPTY_OPTION Ljava/util/EnumSet; java/util/RegularEnumSet
staticfield java/lang/StackWalker DEFAULT_WALKER Ljava/lang/StackWalker; java/lang/StackWalker
instanceKlass java/lang/StackStreamFactory$StackFrameTraverser
ciInstanceKlass java/lang/StackStreamFactory$AbstractStackWalker 1 1 306 7 1 100 1 3 10 7 12 1 1 1 10 7 12 1 1 10 7 12 1 1 1 9 12 1 1 10 12 1 1 9 12 1 1 9 12 1 1 9 12 1 1 9 12 1 9 7 12 1 1 1 10 7 12 1 1 1 10 12 1 1 9 12 1 1 10 7 12 1 1 1 10 12 1 1 9 12 1 1 9 100 12 1 1 1 100 1 10 8 1 10 12 1 1 10 12 1 8 1 10 12 1 1 10 100 12 1 1 1 100 1 8 1 10 12 1 8 1 10 12 9 7 12 1 1 1 10 7 12 1 1 9 12 1 8 1 5 0 8 1 8 1 9 12 1 1 10 12 1 1 10 12 1 1 10 12 1 9 12 1 10 12 1 10 12 1 10 12 1 10 12 1 1 10 12 1 10 12 1 1 8 1 10 12 1 10 12 1 10 12 1 10 12 1 1 8 1 10 12 1 1 10 12 1 1 10 12 1 1 10 12 1 10 12 1 10 7 12 1 1 1 9 12 1 8 1 10 12 1 10 12 1 10 12 1 10 12 1 10 12 1 10 12 1 10 12 1 1 10 12 1 1 10 12 1 1 10 12 1 8 1 1 1 1 1 1 1 1 1 1 1 1 1 1 1 1 1 1 100 1 1 1 1 100 1 1 1 1 1 1 1 1 1 1 1 1 1 1 1 1 1 1 1 1 1
ciInstanceKlass jdk/internal/module/Modules 1 1 504 10 100 12 1 1 1 9 7 12 1 1 1 11 7 12 1 1 1 11 12 1 1 11 12 1 1 11 12 1 1 11 12 1 11 12 1 11 12 1 11 12 1 11 12 1 1 10 100 12 1 1 1 10 100 12 1 1 1 18 12 1 1 10 100 12 1 1 1 100 1 10 100 12 1 1 1 10 100 12 1 1 1 10 100 12 1 1 10 12 1 1 11 12 1 9 12 1 1 11 100 12 1 1 1 10 12 1 1 10 10 12 1 10 9 12 1 1 10 7 12 1 1 10 12 1 1 10 100 12 1 1 100 1 11 100 12 1 1 1 10 100 12 1 1 1 11 100 12 1 1 10 12 1 1 10 100 12 1 1 10 100 12 1 1 1 10 12 1 1 10 12 1 1 11 12 1 1 18 12 1 1 11 100 12 1 1 10 100 12 1 1 1 11 100 12 1 1 1 100 1 11 12 1 1 11 100 12 1 1 1 11 12 1 1 10 12 1 1 10 100 12 1 1 18 12 1 1 11 12 1 1 18 12 1 1 11 12 1 1 10 12 1 18 18 10 12 1 1 9 12 1 1 11 100 12 1 1 1 100 1 10 11 12 1 11 12 1 1 11 12 1 1 10 100 1 10 12 1 1 10 100 12 1 1 10 12 1 1 11 12 10 12 1 1 100 1 10 18 12 1 10 12 1 1 100 1 8 1 10 12 1 10 100 12 1 1 18 12 1 11 11 12 10 12 1 10 10 100 1 18 12 1 10 10 10 7 12 1 1 10 7 12 1 1 1 10 12 1 1 1 1 1 1 1 1 1 1 1 1 1 1 1 1 1 1 1 1 1 1 1 1 1 1 1 1 1 1 1 1 1 100 1 1 1 1 1 1 1 1 1 1 1 1 1 1 1 1 1 1 1 1 1 1 1 1 1 1 1 1 1 1 1 1 1 1 1 100 1 1 1 1 1 1 1 1 1 1 1 1 1 1 1 1 1 1 1 1 1 1 1 15 10 100 12 1 1 1 16 15 10 12 1 16 16 15 10 12 1 16 1 16 1 15 10 12 1 16 1 16 1 15 10 12 16 1 15 10 16 1 15 10 12 16 1 15 10 12 16 15 10 12 16 15 10 12 1 1 1 100 1 100 1 1
staticfield jdk/internal/module/Modules JLA Ljdk/internal/access/JavaLangAccess; java/lang/System$2
staticfield jdk/internal/module/Modules JLMA Ljdk/internal/access/JavaLangModuleAccess; java/lang/module/ModuleDescriptor$1
staticfield jdk/internal/module/Modules $assertionsDisabled Z 1
ciInstanceKlass java/lang/invoke/Invokers$Holder 1 1 99 1 100 1 100 1 1 1 1 1 1 1 7 1 7 1 7 1 1 12 10 1 1 12 10 1 1 12 10 1 1 100 1 1 12 9 1 1 1 12 10 1 1 1 12 10 1 1 12 10 1 1 1 12 10 1 1 100 1 1 12 10 1 1 12 10 1 1 12 10 1 12 10 1 1 12 10 1 1 12 10 1 12 10 1 12 10 12 10 1 1 12 10 1 12 10 1 1 1
ciInstanceKlass java/lang/invoke/DirectMethodHandle$Holder 1 1 483 1 100 1 100 1 1 1 1 1 1 1 7 1 1 12 10 1 12 10 1 7 1 7 1 1 12 10 1 1 1 1 12 10 1 1 12 10 1 1 12 10 1 1 12 10 1 1 12 10 1 1 12 10 1 1 12 10 1 1 12 10 1 1 12 10 1 1 12 10 1 1 12 10 1 1 12 10 1 1 12 10 1 1 12 10 1 1 12 10 1 1 12 10 1 1 12 10 1 1 12 10 1 1 12 10 1 1 12 10 1 1 12 10 1 1 12 10 1 1 12 10 1 1 12 10 1 1 12 10 1 1 12 10 1 1 12 10 1 1 12 10 1 1 12 10 1 1 12 10 1 1 1 12 10 1 1 12 10 1 1 1 1 12 10 1 1 12 10 1 1 12 10 1 1 12 10 1 1 12 10 1 1 12 10 1 1 12 10 1 1 12 10 1 1 12 10 1 1 12 10 12 10 12 10 12 10 1 1 12 10 12 10 12 10 1 1 12 10 12 10 12 10 12 10 1 1 12 10 1 1 12 10 1 1 12 10 1 1 12 10 1 1 12 10 1 1 12 10 1 1 12 10 1 1 12 10 1 1 12 10 1 1 12 10 1 1 12 10 1 1 12 10 1 1 12 10 12 10 12 10 12 10 1 12 10 1 1 12 10 1 1 12 10 1 1 1 1 12 10 12 10 1 1 12 10 1 12 10 12 10 1 1 12 10 1 12 10 12 10 1 1 1 12 10 1 12 10 1 100 1 1 12 9 1 100 1 12 10 1 12 10 1 1 1 12 10 1 12 10 1 1 12 10 1 12 10 1 1 1 12 10 1 12 10 1 1 12 10 1 12 10 1 1 12 10 1 12 10 1 1 12 10 1 12 10 1 1 12 10 1 12 10 1 1 12 10 1 12 10 1 1 12 10 1 12 10 1 1 12 10 1 12 10 1 1 1 12 10 1 12 10 1 1 1 12 10 1 12 10 1 1 1 1 12 10 1 12 10 1 1 1 12 10 1 12 10 1 1 1 1 1 12 10 1 12 10 1 1 1 12 10 1 12 10 1 1 1 12 10 1 12 10 1 1 12 10 1 12 10 1 1 1
ciMethod java/lang/invoke/DirectMethodHandle$Holder newInvokeSpecial (Ljava/lang/Object;Ljava/lang/Object;)Ljava/lang/Object; 518 0 243917 0 -1
ciMethod java/lang/invoke/Invokers$Holder linkToTargetMethod (Ljava/lang/Object;Ljava/lang/Object;)Ljava/lang/Object; 524 0 263003 0 -1
ciInstanceKlass java/util/Locale 1 1 1155 9 7 12 1 1 1 7 1 10 12 1 1 9 12 1 1 11 7 12 1 1 1 10 7 12 1 1 9 12 1 1 9 12 1 1 100 1 10 10 12 1 1 8 1 10 12 1 1 10 12 1 1 10 12 1 10 12 1 10 12 1 11 12 1 1 9 7 12 1 1 1 10 100 1 10 9 12 1 1 10 7 12 1 1 9 7 12 1 1 1 9 12 1 10 12 1 1 9 12 1 1 9 12 1 100 1 8 1 10 12 1 9 12 1 10 12 1 10 12 1 1 10 7 12 1 1 1 8 1 8 1 10 7 12 1 1 1 8 1 10 12 10 7 12 1 1 1 10 12 1 1 10 12 1 8 1 8 1 8 1 8 1 10 12 1 1 10 7 12 1 1 100 1 9 12 1 1 10 12 1 1 9 12 1 10 12 1 9 12 1 10 12 1 9 12 1 10 12 1 9 12 1 10 12 1 1 10 7 12 1 1 1 10 12 1 1 7 1 10 10 12 1 1 10 100 1 10 12 1 1 10 12 1 1 8 1 10 12 1 8 1 10 100 12 1 1 1 100 1 8 1 10 12 1 10 100 12 1 1 1 9 100 12 1 1 1 10 12 1 1 8 1 10 100 12 1 1 1 9 12 1 1 100 1 8 1 10 12 1 1 10 12 1 1 10 100 12 1 1 1 9 12 1 8 1 10 12 1 10 10 10 12 1 10 10 12 1 1 10 12 1 1 100 1 7 1 10 8 1 10 12 1 1 10 12 1 10 12 1 10 10 100 12 1 1 1 10 12 1 1 10 100 12 1 1 1 10 12 1 10 12 1 10 12 1 8 1 10 12 1 10 12 1 10 12 10 12 1 10 8 1 9 12 1 10 7 12 1 1 1 10 10 12 1 10 8 1 10 12 1 10 10 12 1 10 12 1 1 11 7 12 1 1 1 11 7 12 1 1 11 12 1 1 10 12 1 10 12 1 10 12 1 10 8 1 10 12 1 1 10 12 1 1 10 12 1 1 10 12 1 100 1 8 1 8 1 10 8 1 10 8 1 8 1 10 12 1 1 10 12 1 10 12 1 1 10 12 1 1 10 12 1 10 12 1 100 1 10 12 1 1 8 1 9 100 12 1 1 1 10 7 12 1 1 10 12 1 1 10 12 1 10 100 12 1 1 1 10 12 1 1 10 12 1 1 8 1 10 100 12 1 1 10 12 1 1 10 12 1 8 1 100 1 10 12 1 10 12 1 1 10 100 12 1 1 1 10 12 1 1 11 100 12 1 1 1 18 12 1 1 11 100 12 1 1 1 18 12 1 1 11 12 1 1 18 12 1 10 12 1 10 12 1 10 12 1 1 11 12 1 1 100 100 1 10 10 12 1 1 8 1 10 12 1 100 1 100 1 10 12 1 9 12 1 1 10 12 1 10 10 12 1 10 100 1 8 1 10 10 12 1 10 12 1 10 10 8 1 8 1 8 1 9 12 1 10 12 1 10 12 1 8 1 10 12 1 10 12 1 10 100 12 1 1 18 12 1 10 12 1 8 1 10 12 1 10 12 1 8 1 10 100 12 1 1 1 11 12 1 1 18 12 1 11 12 1 1 10 12 1 10 100 12 1 1 1 8 1 10 100 12 1 1 8 1 8 1 8 1 8 1 8 1 10 12 1 10 12 1 10 100 12 1 1 1 10 100 12 1 1 100 1 10 12 1 10 10 12 1 10 12 1 10 8 1 10 12 1 1 8 1 8 1 9 12 1 8 1 8 1 9 12 1 10 100 12 1 1 1 9 100 12 1 1 1 10 10 12 1 10 10 12 1 1 10 12 1 1 100 1 10 12 1 1 10 12 1 1 10 7 12 1 1 7 1 10 10 12 1 1 9 12 1 9 12 1 9 12 1 9 12 1 9 12 1 9 12 1 9 12 1 9 12 1 9 12 1 9 12 1 9 12 1 9 12 1 9 12 1 9 12 1 9 12 1 9 12 1 9 12 1 9 12 1 9 12 1 9 12 1 9 12 1 10 12 7 1 10 12 1 9 12 1 1 9 12 1 1 100 1 100 1 1 1 1 1 1 3 1 3 1 1 5 0 1 3 1 3 1 3 1 3 1 3 1 3 1 1 1 1 1 1 1 1 1 1 1 1 1 1 1 1 1 1 1 1 1 1 1 1 1 1 1 1 1 1 1 1 1 1 1 1 1 1 1 1 1 1 1 1 1 1 1 1 1 1 1 1 1 1 1 1 1 1 1 1 100 1 1 1 1 1 1 1 1 1 1 1 1 1 1 1 1 1 1 1 1 1 1 1 1 1 1 1 1 1 1 1 1 1 1 1 1 1 1 1 100 1 1 1 1 1 1 1 1 1 1 1 1 1 1 1 1 1 1 100 1 1 1 1 1 1 1 1 100 1 1 100 1 1 1 1 1 1 1 1 1 1 1 1 1 1 1 1 1 1 1 1 1 1 1 1 1 1 1 1 1 1 100 1 100 1 100 1 100 1 100 1 1 15 10 100 12 1 1 1 16 15 10 12 16 16 15 16 15 10 12 15 10 12 16 15 10 12 16 1 1 1 1 1 1 100 1 1 1 1 1 1 1 100 1 100 1 1
staticfield java/util/Locale ENGLISH Ljava/util/Locale; java/util/Locale
staticfield java/util/Locale FRENCH Ljava/util/Locale; java/util/Locale
staticfield java/util/Locale GERMAN Ljava/util/Locale; java/util/Locale
staticfield java/util/Locale ITALIAN Ljava/util/Locale; java/util/Locale
staticfield java/util/Locale JAPANESE Ljava/util/Locale; java/util/Locale
staticfield java/util/Locale KOREAN Ljava/util/Locale; java/util/Locale
staticfield java/util/Locale CHINESE Ljava/util/Locale; java/util/Locale
staticfield java/util/Locale SIMPLIFIED_CHINESE Ljava/util/Locale; java/util/Locale
staticfield java/util/Locale TRADITIONAL_CHINESE Ljava/util/Locale; java/util/Locale
staticfield java/util/Locale FRANCE Ljava/util/Locale; java/util/Locale
staticfield java/util/Locale GERMANY Ljava/util/Locale; java/util/Locale
staticfield java/util/Locale ITALY Ljava/util/Locale; java/util/Locale
staticfield java/util/Locale JAPAN Ljava/util/Locale; java/util/Locale
staticfield java/util/Locale KOREA Ljava/util/Locale; java/util/Locale
staticfield java/util/Locale UK Ljava/util/Locale; java/util/Locale
staticfield java/util/Locale US Ljava/util/Locale; java/util/Locale
staticfield java/util/Locale CANADA Ljava/util/Locale; java/util/Locale
staticfield java/util/Locale CANADA_FRENCH Ljava/util/Locale; java/util/Locale
staticfield java/util/Locale ROOT Ljava/util/Locale; java/util/Locale
staticfield java/util/Locale CONSTANT_LOCALES Ljava/util/Map; java/util/HashMap
staticfield java/util/Locale CHINA Ljava/util/Locale; java/util/Locale
staticfield java/util/Locale PRC Ljava/util/Locale; java/util/Locale
staticfield java/util/Locale TAIWAN Ljava/util/Locale; java/util/Locale
staticfield java/util/Locale serialPersistentFields [Ljava/io/ObjectStreamField; 6 [Ljava/io/ObjectStreamField;
staticfield java/util/Locale $assertionsDisabled Z 1
instanceKlass java/util/ListResourceBundle
instanceKlass java/util/PropertyResourceBundle
instanceKlass sun/util/resources/Bundles$1
instanceKlass java/util/ResourceBundle$2
ciInstanceKlass java/util/ResourceBundle 1 1 820 9 7 12 1 1 1 10 7 12 1 1 1 9 12 1 1 9 12 1 1 10 12 1 1 7 1 7 1 10 12 1 100 1 7 1 10 8 1 10 12 1 1 10 12 1 1 10 7 12 1 1 1 8 1 10 12 1 10 12 1 10 7 12 1 1 1 18 12 1 1 10 7 12 1 1 1 7 1 10 12 1 1 10 12 1 1 9 12 1 1 9 12 1 100 1 10 10 7 12 1 1 10 7 12 1 1 1 10 12 1 1 10 12 1 1 10 12 1 1 10 12 1 10 12 1 1 100 1 10 10 12 1 10 12 1 1 10 7 12 1 1 1 9 7 12 1 1 1 10 7 12 1 1 1 100 1 8 1 10 12 1 10 12 1 100 1 8 1 10 10 12 1 10 12 1 10 100 1 10 100 12 1 1 1 9 100 12 1 1 1 10 100 12 1 1 1 7 1 10 12 1 9 12 1 1 11 7 12 1 1 7 1 10 12 1 10 12 1 1 10 12 1 100 1 10 12 1 1 10 12 1 1 100 1 8 1 10 10 12 1 1 8 1 10 12 1 1 9 12 1 10 12 1 1 11 7 12 1 1 1 11 12 1 10 12 1 1 10 12 1 1 10 12 1 1 10 7 12 1 1 1 11 12 1 9 12 1 1 10 7 12 1 1 1 100 1 11 12 1 1 11 12 1 10 12 1 1 10 12 1 1 9 12 1 10 12 1 11 12 1 8 1 10 7 12 1 1 1 10 12 1 1 10 12 1 1 10 12 1 10 12 1 1 10 12 1 1 10 10 12 1 10 12 1 10 12 1 1 10 12 1 1 10 12 1 1 10 12 1 1 10 12 1 1 8 1 10 12 1 10 12 1 11 12 1 1 11 7 12 1 1 11 12 1 10 12 1 8 1 10 8 1 10 7 12 1 1 1 10 12 1 8 1 100 1 100 1 10 12 1 1 10 100 12 1 1 1 100 1 10 12 1 1 10 12 1 10 12 1 1 8 1 8 1 7 1 10 12 1 100 1 10 12 1 10 8 1 10 12 1 8 1 10 12 1 10 12 1 1 10 12 1 1 9 12 1 1 9 12 1 1 8 1 8 1 8 1 10 12 1 10 10 12 1 9 12 1 10 12 1 1 10 12 1 1 5 0 10 12 1 10 12 1 11 12 1 1 10 12 1 11 12 1 10 12 1 1 5 0 8 1 10 12 1 11 12 1 1 18 12 1 1 11 7 12 1 1 1 18 12 1 10 12 1 11 12 1 100 1 10 11 12 1 1 9 12 1 10 12 1 1 11 100 12 1 1 11 12 1 11 12 1 100 1 8 1 10 9 12 1 9 12 1 1 10 100 12 1 1 1 10 12 1 10 12 1 7 1 10 10 7 12 1 1 1 7 1 10 7 1 10 12 1 10 8 1 8 1 10 7 12 1 1 1 10 7 12 1 1 10 12 1 1 1 1 3 1 1 1 1 1 1 1 1 1 1 1 1 1 1 1 1 1 1 1 1 1 1 1 1 1 1 1 1 1 1 1 1 1 1 1 1 1 1 1 1 1 1 1 1 1 1 1 1 1 1 1 1 1 1 1 1 1 1 1 1 1 1 1 1 1 1 1 1 1 1 1 1 1 1 1 1 1 100 1 1 1 1 1 1 1 1 1 1 1 1 1 1 1 1 1 1 1 1 1 1 1 1 1 1 1 1 1 1 1 1 1 1 1 1 1 1 1 1 1 1 1 1 1 1 1 1 100 1 100 1 100 1 100 1 100 1 1 15 10 7 12 1 1 1 16 15 10 16 16 15 10 12 16 1 15 10 12 1 1 1 1 1 1 1 1 1 1 1 100 1 100 1 1
staticfield java/util/ResourceBundle NONEXISTENT_BUNDLE Ljava/util/ResourceBundle; java/util/ResourceBundle$2
staticfield java/util/ResourceBundle cacheList Ljava/util/concurrent/ConcurrentMap; java/util/concurrent/ConcurrentHashMap
staticfield java/util/ResourceBundle referenceQueue Ljava/lang/ref/ReferenceQueue; java/lang/ref/ReferenceQueue
staticfield java/util/ResourceBundle TRACE_ON Z 0
staticfield java/util/ResourceBundle $assertionsDisabled Z 1
ciMethod java/util/ResourceBundle handleGetObject (Ljava/lang/String;)Ljava/lang/Object; 0 0 1 0 -1
ciMethod java/util/ResourceBundle getObject (Ljava/lang/String;)Ljava/lang/Object; 4152 0 41579 0 -1
ciMethod java/util/ResourceBundle getString (Ljava/lang/String;)Ljava/lang/String; 82 0 54273 0 -1
ciMethod java/util/Locale getDefault (Ljava/util/Locale$Category;)Ljava/util/Locale; 318 0 39990 0 -1
ciInstanceKlass java/util/Collections$UnmodifiableCollection$1 1 1 70 9 7 12 1 1 1 10 7 12 1 1 1 9 7 12 1 1 1 11 7 12 1 1 1 9 12 1 1 11 7 12 1 1 1 11 12 1 1 100 1 10 11 12 1 1 1 1 1 1 1 1 1 1 1 1 1 1 1 1 1 1 1 1 1 1 100 1 1 1
ciInstanceKlass java/util/Optional 1 1 185 9 7 12 1 1 1 10 7 12 1 1 1 9 12 1 1 10 7 12 1 1 1 10 12 1 100 1 8 1 10 12 1 11 7 12 1 1 11 100 12 1 1 10 12 1 1 11 100 12 1 1 1 10 12 1 1 11 7 12 1 1 10 12 1 1 11 7 12 1 1 1 11 7 12 1 1 11 12 1 1 100 1 10 12 1 1 10 12 1 1 100 1 10 8 1 10 12 1 1 10 12 1 8 1 10 12 1 1 8 1 1 1 1 1 1 1 1 1 1 1 1 1 1 1 1 1 1 1 1 1 1 1 1 1 1 1 1 1 1 1 1 1 1 1 1 1 1 1 1 1 1 1 1 1 1 1 1 1 1 1 1 1 1 1 1 1 1 1 1 1 1 1 1 1 1 1 100 1 1 1 1 1 1 1
staticfield java/util/Optional EMPTY Ljava/util/Optional; java/util/Optional
ciMethod java/util/Optional of (Ljava/lang/Object;)Ljava/util/Optional; 6 0 92 0 -1
ciMethod java/util/Optional filter (Ljava/util/function/Predicate;)Ljava/util/Optional; 530 0 22158 0 0
ciMethod java/util/Optional empty ()Ljava/util/Optional; 520 0 170585 0 -1
ciMethod java/util/Optional isPresent ()Z 530 0 211918 0 96
ciMethod java/util/Optional orElse (Ljava/lang/Object;)Ljava/lang/Object; 512 0 179463 0 96
instanceKlass sun/nio/fs/WindowsPath$WindowsPathWithAttributes
ciInstanceKlass sun/nio/fs/WindowsPath 1 1 608 100 1 10 7 12 1 1 1 9 7 12 1 1 1 9 12 1 1 9 12 1 1 9 12 1 10 7 12 1 1 1 10 7 12 1 1 10 12 1 10 12 10 12 1 10 12 1 7 1 10 12 1 100 1 100 1 10 12 1 10 12 1 10 12 1 1 10 12 1 1 10 7 12 1 1 1 9 12 1 1 10 100 12 1 1 1 10 12 1 100 1 8 1 10 12 1 10 100 12 1 1 1 10 12 1 9 7 12 1 1 10 9 12 1 10 12 1 1 10 100 12 1 1 10 12 1 8 1 10 12 1 1 100 1 10 10 12 1 1 10 12 1 10 12 1 10 12 1 9 12 1 10 12 1 10 12 1 1 10 12 1 1 10 10 12 1 1 8 1 8 1 8 1 10 12 1 1 10 7 12 1 1 1 8 1 8 1 10 12 1 8 1 10 12 1 8 1 10 12 1 1 10 12 1 1 9 12 1 9 12 1 100 1 10 100 1 10 10 12 1 10 12 1 10 12 1 1 10 12 1 1 10 12 1 100 1 8 1 10 10 12 1 8 1 10 12 1 10 12 1 10 7 12 1 1 1 10 12 1 1 10 12 1 1 8 1 10 12 1 8 1 8 1 10 10 10 12 1 10 12 1 9 100 12 1 1 1 10 12 1 10 9 12 1 1 7 1 10 10 7 12 1 1 1 10 12 1 10 12 1 10 12 1 1 7 10 12 1 10 12 1 10 10 7 12 1 1 1 10 12 1 1 9 12 1 1 3 3 10 12 1 1 10 12 1 10 12 1 1 10 12 1 10 12 1 1 3 10 100 12 1 1 1 10 12 1 8 1 10 12 1 1 10 7 12 1 1 1 10 12 1 10 100 12 1 1 10 12 1 10 12 1 10 7 12 1 1 1 8 1 10 12 1 100 1 100 1 10 10 10 12 1 10 12 10 7 12 1 1 1 10 7 12 1 1 1 100 1 10 100 12 1 1 1 100 1 9 100 12 1 1 1 10 100 12 1 1 8 1 10 12 1 1 10 12 1 1 10 12 1 10 12 1 10 12 1 10 12 1 100 1 1 1 3 1 3 1 1 1 1 1 1 1 1 1 1 1 1 1 1 100 1 1 1 1 1 100 1 1 1 1 1 1 1 1 1 1 1 1 1 1 1 1 1 1 1 1 1 1 1 1 1 1 1 1 1 1 1 1 1 1 1 1 1 100 1 1 1 1 1 1 1 1 1 1 1 1 1 1 1 1 1 1 1 1 1 1 1 1 1 1 1 1 1 1 1 1 1 1 1 1 1 1 1 1 1 1 1 1 1 1 1 100 1 100 1 1 1 1 1 1 1 1 1 1 1 1 1 100 1 100 1 1 1 100 1 1
instanceKlass java/util/LinkedHashMap$Entry
ciInstanceKlass java/util/HashMap$Node 1 1 95 10 7 12 1 1 1 9 7 12 1 1 1 9 12 1 1 9 12 1 9 12 1 1 100 1 10 10 12 1 1 8 1 10 12 1 10 12 1 1 10 100 12 1 1 1 100 1 11 12 1 1 10 12 1 1 11 12 1 1 1 1 1 1 1 1 1 1 1 1 1 1 1 1 1 1 1 1 1 1 1 1 1 1 1 1 1 1 100 1 1 1 100 1 1
instanceKlass java/util/HashMap$TreeNode
ciInstanceKlass java/util/LinkedHashMap$Entry 1 1 41 10 7 12 1 1 1 100 1 1 1 1 1 1 1 1 1 1 1 1 1 1 1 1 1 1 1 1 1 1 1 1 1 1 100 1 1 100 1 1 1
ciInstanceKlass java/util/HashMap$TreeNode 1 1 250 7 1 10 7 12 1 1 1 9 7 12 1 1 1 9 12 1 1 9 12 1 9 12 1 1 9 12 1 1 10 12 1 1 100 1 10 12 1 9 12 1 9 12 1 9 12 1 1 10 7 12 1 1 1 10 12 1 1 10 12 1 1 10 12 1 1 10 12 1 1 10 12 1 1 10 7 12 1 1 1 10 7 12 1 1 1 10 7 12 1 1 1 9 12 1 10 12 1 1 10 12 1 1 10 12 1 1 10 12 1 1 9 7 1 10 12 1 1 10 12 1 1 10 12 1 10 12 1 1 10 12 1 10 12 1 10 12 1 1 1 1 1 1 1 1 1 1 1 1 1 1 1 1 1 1 1 1 1 1 1 1 1 1 100 1 1 1 1 1 1 1 1 1 1 1 1 1 1 1 1 1 1 1 1 1 1 1 1 1 1 1 1 1 1 1 1 1 1 1 1 1 1 1 1 1 1 1 1 1 1 1 1 1 1 1 1 1 1 1 1 1 1 1 1 1 1 1 1 1 1 1 1 1 1 1 1 1 1 1 1 1 1 1 1 100 1 1 1 1
staticfield java/util/HashMap$TreeNode $assertionsDisabled Z 1
ciInstanceKlass java/util/Locale$Category 1 1 93 7 1 9 12 1 1 9 12 1 9 12 1 1 10 100 12 1 1 10 7 12 1 1 1 10 12 1 1 9 12 1 1 9 12 1 9 12 1 9 12 1 9 12 1 8 8 1 8 1 8 1 8 1 8 1 10 12 1 8 8 1 8 1 8 1 8 1 8 1 10 12 1 1 1 1 1 1 1 1 1 1 1 1 1 1 1 1 1 100 1 1 1
staticfield java/util/Locale$Category DISPLAY Ljava/util/Locale$Category; java/util/Locale$Category
staticfield java/util/Locale$Category FORMAT Ljava/util/Locale$Category; java/util/Locale$Category
staticfield java/util/Locale$Category $VALUES [Ljava/util/Locale$Category; 2 [Ljava/util/Locale$Category;
ciInstanceKlass java/lang/invoke/DirectMethodHandle$Constructor 1 1 90 10 7 12 1 1 1 9 7 12 1 1 1 9 12 1 1 9 12 1 1 10 100 12 1 1 1 100 1 10 12 1 9 12 1 9 12 1 10 12 1 10 12 1 1 9 12 1 1 10 12 1 1 10 7 12 1 1 1 1 1 1 1 1 1 1 1 1 1 1 100 1 100 1 1 1 1 1 1 1 1 1 1 1 1 1 1 1 1 1
staticfield java/lang/invoke/DirectMethodHandle$Constructor $assertionsDisabled Z 1
ciInstanceKlass java/util/function/Predicate 1 1 101 10 7 12 1 1 1 18 12 1 1 18 12 1 18 18 12 1 18 12 1 11 7 12 1 1 10 100 12 1 1 1 11 12 1 1 1 1 1 1 1 1 1 1 1 1 1 1 1 1 1 1 1 1 1 1 1 1 1 1 1 1 1 1 1 1 1 1 1 1 1 15 10 7 12 1 1 1 16 15 11 12 15 11 12 15 11 12 15 10 12 1 15 11 12 1 100 1 100 1 1
ciMethod java/util/function/Predicate test (Ljava/lang/Object;)Z 0 0 1 0 -1
instanceKlass java/util/ArrayList$ListItr
ciInstanceKlass java/util/ArrayList$Itr 1 1 103 9 7 12 1 1 1 10 7 12 1 1 1 9 12 1 1 9 7 12 1 1 9 12 1 9 12 1 9 12 1 10 12 1 100 1 10 9 12 1 1 100 1 10 100 1 10 10 12 1 1 100 1 10 100 12 1 1 1 10 12 1 1 11 100 12 1 1 1 100 1 1 1 1 1 1 1 1 1 1 1 1 1 1 1 100 1 1 1 1 1 1 1 1 1 1 1 1 1 1 1 1 1
ciMethod java/util/ArrayList$Itr hasNext ()Z 614 0 5436 0 96
ciMethod java/util/ArrayList$Itr next ()Ljava/lang/Object; 596 0 5461 0 256
ciMethod java/util/ArrayList$Itr <init> (Ljava/util/ArrayList;)V 512 0 34776 0 352
ciMethod java/util/ArrayList$Itr checkForComodification ()V 600 0 5463 0 0
instanceKlass java/util/Collections$UnmodifiableList
instanceKlass java/util/Collections$UnmodifiableSet
ciInstanceKlass java/util/Collections$UnmodifiableCollection 1 1 136 10 7 12 1 1 1 100 1 10 9 7 12 1 1 1 11 7 12 1 1 1 11 12 1 1 11 12 1 1 11 12 1 1 11 12 1 11 12 1 10 12 1 1 7 1 10 12 1 100 1 10 11 12 1 1 11 12 1 1 11 12 1 1 11 12 1 1 11 12 1 100 1 1 1 1 5 0 1 1 1 1 1 1 1 1 1 1 1 1 1 1 1 1 1 1 1 1 1 1 1 1 1 1 1 1 1 1 1 1 1 1 1 1 1 1 1 1 1 1 1 1 1 1 1 1 1 1 1 1 1 1 100 1 1 1
ciInstanceKlass java/util/Collections$EmptyIterator 1 1 57 10 7 12 1 1 1 100 1 10 100 1 10 10 100 12 1 1 1 7 1 10 9 12 1 1 100 1 1 1 1 1 1 1 1 1 1 1 1 1 1 1 1 1 1 1 1 1 1 1 1 1 1 100 1 1 1
staticfield java/util/Collections$EmptyIterator EMPTY_ITERATOR Ljava/util/Collections$EmptyIterator; java/util/Collections$EmptyIterator
ciMethod java/util/Collections$EmptyIterator hasNext ()Z 256 0 128 0 0
ciMethod java/util/Collections$UnmodifiableCollection iterator ()Ljava/util/Iterator; 4222 0 79699 0 480
instanceKlass java/util/Collections$UnmodifiableRandomAccessList
ciInstanceKlass java/util/Collections$UnmodifiableList 1 1 127 10 7 12 1 1 1 9 7 12 1 1 1 11 7 12 1 1 1 11 12 1 1 11 12 1 1 100 1 10 12 1 11 12 1 1 11 12 1 10 12 1 1 100 1 10 12 1 11 12 1 1 10 12 1 100 1 100 1 10 1 1 1 5 0 1 1 1 1 1 1 1 1 1 1 1 1 1 1 1 1 1 1 1 1 1 1 1 1 1 1 1 1 1 1 1 1 1 1 1 1 1 1 1 1 1 1 1 1 1 1 1 1 1 1 100 1 1 1 1 1 100 1 1 1 1 1
ciInstanceKlass java/util/Collections$UnmodifiableRandomAccessList 1 1 52 10 7 12 1 1 1 100 1 9 12 1 1 11 100 12 1 1 1 10 100 1 1 1 1 5 0 1 1 1 1 1 1 1 1 1 1 1 1 1 1 1 1 1 1 1 1 100 1 1 1 1
ciInstanceKlass java/lang/invoke/BoundMethodHandle$Species_LL 1 1 73 1 7 1 7 1 1 1 1 1 1 1 1 12 9 1 1 1 12 10 12 9 12 9 1 1 12 10 1 1 1 100 1 7 1 1 12 10 1 7 1 1 12 10 1 1 1 12 10 1 1 1 12 10 1 1 1 12 10 1 1 1 12 10 1 1 1 12 10 1 1 1 1
instanceKlass java/text/NumberFormat
instanceKlass java/text/MessageFormat
instanceKlass java/text/DateFormat
ciInstanceKlass java/text/Format 1 1 140 10 7 12 1 1 1 7 1 10 7 1 10 12 1 10 7 12 1 1 1 10 12 1 1 10 12 1 10 12 1 1 100 1 10 10 12 1 1 9 12 1 1 100 1 8 1 9 12 1 10 12 1 10 12 1 1 100 1 100 1 10 12 1 100 1 10 12 1 10 12 1 1 10 12 1 10 12 1 1 10 12 1 100 1 100 1 1 1 1 5 0 1 1 1 1 1 1 1 1 1 1 1 1 1 1 1 1 1 1 1 1 1 1 1 1 1 1 1 1 1 1 1 1 1 1 1 1 100 1 100 1 1 100 1 100 1 1 1 1
ciInstanceKlass java/text/DecimalFormat 1 1 1223 7 1 10 7 12 1 1 1 7 1 10 9 7 12 1 1 1 8 1 9 12 1 1 9 12 1 8 1 9 12 1 9 12 1 9 12 1 1 9 12 1 1 9 12 1 1 9 12 1 9 12 1 9 12 1 1 10 12 1 1 9 12 1 10 12 1 9 12 1 10 12 1 9 12 1 10 12 1 9 12 1 9 7 12 1 1 1 9 12 1 9 12 1 9 12 1 9 12 1 9 100 12 1 1 1 10 100 12 1 1 1 100 1 10 100 12 1 1 1 100 1 10 12 1 1 10 12 1 1 10 100 12 1 1 1 10 7 12 1 1 1 10 12 1 1 10 12 1 1 7 1 100 1 100 1 100 1 100 1 100 1 10 12 1 7 1 10 12 1 1 10 12 1 1 100 1 10 12 1 10 12 1 10 12 1 1 10 12 1 100 1 8 1 10 12 1 9 100 12 1 1 1 10 7 12 1 1 1 10 12 1 10 12 1 1 10 7 12 1 1 1 10 12 1 1 10 12 1 10 12 1 1 10 12 1 1 9 12 1 10 100 12 1 1 1 100 1 10 10 12 1 1 10 12 1 10 12 1 10 12 1 1 9 7 12 1 1 1 11 7 12 1 1 1 10 12 1 1 9 12 1 10 12 1 10 12 1 10 12 1 10 12 1 10 12 1 9 12 1 10 12 1 1 10 12 1 1 10 12 1 5 0 10 12 1 1 10 12 1 10 12 1 10 12 1 10 12 1 1 10 12 1 1 10 12 1 10 12 1 10 10 10 10 3 10 12 1 10 12 1 1 10 12 1 10 10 12 10 12 1 100 1 10 10 100 1 100 1 8 1 10 10 12 1 10 12 1 1 10 12 1 1 10 12 1 1 9 12 1 1 100 1 10 10 12 1 1 9 12 1 10 12 1 10 12 1 9 12 1 1 9 12 1 6 0 6 0 9 12 1 1 10 7 12 1 1 9 12 1 9 12 1 10 10 7 12 1 1 1 9 12 1 1 10 12 1 1 9 12 1 9 12 1 9 12 1 9 12 1 9 12 1 9 12 1 10 12 1 10 12 1 6 0 6 0 6 0 6 0 6 0 6 0 10 12 1 1 9 100 12 1 1 9 12 1 9 12 1 9 12 1 9 12 1 10 12 1 1 10 12 1 10 100 12 1 1 1 6 0 10 12 1 1 10 12 1 1 10 12 1 10 12 1 1 10 12 1 1 10 12 1 10 12 1 10 12 1 1 6 0 6 0 10 12 1 1 10 12 1 10 10 10 12 1 1 10 12 1 9 12 1 9 12 1 10 12 1 9 12 1 9 12 1 11 12 1 9 12 1 10 12 1 9 12 1 10 12 1 9 12 1 10 12 1 9 12 1 9 12 1 9 12 1 10 12 1 1 10 12 1 10 12 1 9 100 12 1 1 10 12 1 1 6 0 10 12 1 10 12 1 1 6 0 6 0 10 12 1 10 12 1 10 12 1 100 1 10 12 1 10 12 1 10 12 1 1 10 12 1 10 12 1 10 12 1 9 12 1 1 9 12 1 1 10 12 9 12 1 10 12 1 1 10 12 1 1 10 100 12 1 1 1 10 12 1 10 100 1 10 12 1 9 12 1 9 12 1 1 10 12 1 1 9 12 1 9 12 1 9 12 1 9 12 1 9 12 1 9 12 1 9 12 1 10 12 1 7 1 10 8 1 10 12 1 10 12 1 10 10 10 10 12 1 1 10 10 10 12 1 10 10 12 1 1 10 12 1 10 12 1 10 12 1 10 12 1 10 12 1 10 12 1 9 12 1 9 12 1 9 12 1 100 1 10 10 12 1 10 12 1 10 12 1 1 100 10 12 1 1 10 12 1 10 12 1 1 10 12 1 10 12 1 10 12 1 10 12 1 10 12 1 10 12 1 8 1 8 1 10 12 1 10 12 1 10 12 1 8 1 8 1 8 1 8 1 10 12 1 8 1 8 1 8 1 8 1 8 1 8 1 8 1 8 1 8 1 10 12 1 10 12 1 10 12 1 10 12 1 10 10 12 1 10 12 1 10 10 10 10 10 12 1 1 10 12 1 1 10 10 12 1 1 10 100 12 1 1 10 10 12 1 1 100 1 8 1 10 10 7 12 1 1 1 1 3 1 3 1 3 1 3 1 1 3 1 3 1 3 1 3 1 3 1 3 1 3 1 1 3 1 3 1 3 1 3 1 3 1 1 1 1 5 0 1 1 1 1 1 1 1 1 1 1 1 1 1 1 1 1 1 1 1 1 1 1 1 1 1 1 1 1 1 1 1 1 1 100 1 100 1 1 1 1 1 1 1 1 1 1 1 1 1 1 1 1 1 100 1 1 1 1 1 1 1 1 1 1 1 1 1 1 1 1 1 1 1 1 1 1 1 1 1 1 1 1 1 1 1 1 1 1 1 1 1 1 1 1 1 1 1 1 1 1 1 1 1 1 1 1 1 1 1 1 1 1 1 1 1 1 1 1 1 1 1 1 1 1 1 1 1 100 1 1 1 1 1 1 1 1 1 1 1 1 1 1 100 1 1 1 1 1 1 1 1 1 1 1 1 1 1 1 1 1 1 1 1 1 1 1 1 1 1 1 1 1 1 1 1 1 1 1 1 1 1 1 1 1 1 1 1 1 1 1 1 1 1 1 1 1 1 1 1 1 1 1 1 1 1 1 1 1 1 1 1 1 1 1 1 1 1 1 1 1 1 1 1 100 1 100 1 1 1 1 1 1 1 100 1 1 1 1 1
staticfield java/text/DecimalFormat $assertionsDisabled Z 1
ciMethod java/text/Format format (Ljava/lang/Object;)Ljava/lang/String; 4186 0 19003 0 -1
ciMethod java/text/Format <init> ()V 1622 0 47256 0 -1
ciMethod java/util/HashMap$TreeNode getTreeNode (ILjava/lang/Object;)Ljava/util/HashMap$TreeNode; 4 0 80 0 0
ciMethod java/util/HashMap$TreeNode removeTreeNode (Ljava/util/HashMap;[Ljava/util/HashMap$Node;Z)V 0 0 1 0 -1
ciMethod java/util/HashMap$TreeNode root ()Ljava/util/HashMap$TreeNode; 0 0 1 0 -1
ciMethod java/util/HashMap$TreeNode find (ILjava/lang/Object;Ljava/lang/Class;)Ljava/util/HashMap$TreeNode; 10 12 666 0 -1
ciMethod java/util/Collections$UnmodifiableCollection$1 next ()Ljava/lang/Object; 512 0 23640 0 352
ciMethod java/util/Collections$UnmodifiableCollection$1 hasNext ()Z 518 0 12164 0 160
ciMethod java/util/Collections$UnmodifiableCollection$1 <init> (Ljava/util/Collections$UnmodifiableCollection;)V 510 0 77844 0 0
ciMethod java/util/Collections emptyIterator ()Ljava/util/Iterator; 512 0 58676 0 0
ciMethod java/lang/invoke/DirectMethodHandle allocateInstance (Ljava/lang/Object;)Ljava/lang/Object; 308 0 395981 0 0
ciMethod java/lang/invoke/DirectMethodHandle constructorMethod (Ljava/lang/Object;)Ljava/lang/Object; 308 0 395981 0 0
ciMethod java/util/HashMap removeNode (ILjava/lang/Object;Ljava/lang/Object;ZZ)Ljava/util/HashMap$Node; 28 0 11795 0 0
ciMethod java/util/HashMap getNode (Ljava/lang/Object;)Ljava/util/HashMap$Node; 858 20 76327 0 672
ciMethod java/util/HashMap hash (Ljava/lang/Object;)I 964 0 187201 0 192
ciMethod java/util/LinkedHashMap get (Ljava/lang/Object;)Ljava/lang/Object; 512 0 56407 0 800
ciMethod java/util/LinkedHashMap afterNodeAccess (Ljava/util/HashMap$Node;)V 1606 0 998 0 0
ciMethod java/util/LinkedHashMap afterNodeRemoval (Ljava/util/HashMap$Node;)V 1510 0 703 0 0
ciMethod java/util/List get (I)Ljava/lang/Object; 0 0 1 0 -1
ciMethod java/util/List isEmpty ()Z 0 0 1 0 -1
ciMethod java/util/List size ()I 0 0 1 0 -1
ciMethod java/util/Collection iterator ()Ljava/util/Iterator; 0 0 1 0 -1
ciMethod java/util/Collection isEmpty ()Z 0 0 1 0 -1
ciMethod java/util/Collection add (Ljava/lang/Object;)Z 0 0 1 0 -1
ciMethod java/util/Collections$EmptyList iterator ()Ljava/util/Iterator; 516 0 53297 0 64
ciMethod java/util/Map containsKey (Ljava/lang/Object;)Z 0 0 1 0 -1
ciMethod java/util/Map put (Ljava/lang/Object;Ljava/lang/Object;)Ljava/lang/Object; 0 0 1 0 -1
ciMethod java/util/Map get (Ljava/lang/Object;)Ljava/lang/Object; 0 0 1 0 -1
ciMethod java/util/Map remove (Ljava/lang/Object;)Ljava/lang/Object; 0 0 1 0 -1
ciMethod jdk/internal/misc/Unsafe allocateInstance (Ljava/lang/Class;)Ljava/lang/Object; 256 0 128 0 -1
ciMethod java/lang/StringBuilder <init> ()V 158 0 106553 0 -1
ciMethod java/lang/StringBuilder toString ()Ljava/lang/String; 166 0 101855 0 -1
ciMethod java/lang/StringBuilder append (Ljava/lang/String;)Ljava/lang/StringBuilder; 314 0 147841 0 -1
ciMethod java/lang/String isEmpty ()Z 512 0 209112 0 96
ciMethod java/lang/String length ()I 826 0 1719015 0 96
ciMethod java/lang/String coder ()B 1024 0 1996833 0 64
ciMethod java/lang/String regionMatches (ZILjava/lang/String;II)Z 138 0 6552 0 0
ciMethod java/lang/String regionMatches (ILjava/lang/String;II)Z 4302 378 19088 0 -1
ciMethod java/lang/String equalsIgnoreCase (Ljava/lang/String;)Z 514 0 17434 0 1888
ciMethod java/util/ArrayList iterator ()Ljava/util/Iterator; 512 0 31350 0 192
ciMethod java/lang/Enum ordinal ()I 258 0 129 0 -1
ciMethod java/util/Iterator hasNext ()Z 0 0 1 0 -1
ciMethod java/util/Iterator next ()Ljava/lang/Object; 0 0 1 0 -1
ciMethod java/lang/Class getName ()Ljava/lang/String; 512 0 34237 0 -1
ciMethod java/lang/Object getClass ()Ljava/lang/Class; 256 0 128 0 -1
ciMethod java/lang/Object <init> ()V 1024 0 5814866 0 128
ciInstanceKlass sun/security/util/ObjectIdentifier 1 1 406 10 100 12 1 1 1 9 7 12 1 1 1 9 12 1 1 100 1 8 1 10 12 1 1 100 1 10 12 1 1 9 12 1 1 10 12 1 1 10 12 1 1 10 100 10 12 1 1 9 12 1 1 10 12 1 1 9 100 12 1 1 1 10 100 12 1 1 10 7 12 1 10 7 12 1 1 1 10 12 1 1 10 12 1 1 10 12 1 100 1 10 10 12 1 1 10 12 1 10 12 1 1 10 12 1 1 10 12 1 1 10 12 1 10 12 1 1 10 7 12 1 1 1 10 12 10 12 1 10 12 10 12 1 10 12 1 10 7 12 1 1 1 9 12 1 1 100 1 100 1 7 1 10 8 1 10 12 1 1 10 12 1 1 10 10 12 1 10 100 12 1 1 1 10 100 12 1 1 1 3 9 12 1 1 10 7 12 1 1 1 10 10 12 1 1 10 7 12 1 1 100 1 10 12 1 10 7 12 1 1 1 10 7 12 1 1 1 10 12 1 1 10 12 1 1 10 12 1 5 0 10 12 1 5 0 10 12 1 1 10 12 1 1 10 12 10 12 1 8 1 10 12 1 10 12 1 9 12 1 100 1 8 1 10 12 1 8 1 10 12 1 10 12 1 1 8 1 10 8 1 8 1 8 1 10 12 1 9 12 1 1 8 1 5 0 8 1 8 1 8 1 8 1 8 1 8 1 10 7 12 1 1 1 10 100 1 1 1 3 1 1 5 0 1 1 1 1 1 1 1 1 1 1 1 1 1 1 100 1 1 1 1 1 1 1 1 1 1 1 1 1 1 1 1 1 1 1 1 1 1 1 1 1 1 1 1 1 1 1 1 1 1 1 1 1 1 1 1 1 1 1 1 1 1 1 1 1 1 1 1 1 1 1 1 1 1 1 1 1 1 1 1 1 1 1
staticfield sun/security/util/ObjectIdentifier $assertionsDisabled Z 1
ciInstanceKlass java/util/LinkedHashMap$LinkedValueIterator 1 1 46 9 7 12 1 1 1 10 7 12 1 1 1 10 12 1 1 9 7 12 1 1 1 100 1 1 1 1 1 1 1 1 1 1 1 1 1 1 1 1 100 1 1 1 1 1
ciInstanceKlass java/lang/AssertionError 0 0 79 10 100 12 1 1 1 10 12 1 10 100 12 1 1 1 10 100 1 100 1 10 12 1 1 10 12 1 10 12 1 10 12 1 10 12 1 10 12 1 10 12 1 10 12 1 1 1 1 5 0 1 1 1 1 1 1 1 1 1 1 100 1 1 1 1 1 1 1 1 1 1 1 1 1 1 1 1 1
ciInstanceKlass java/util/NoSuchElementException 0 0 34 10 100 12 1 1 1 10 12 1 10 12 1 10 12 1 100 1 1 1 1 5 0 1 1 1 1 1 1 1 1 1 1 1
instanceKlass java/nio/file/DirectoryIteratorException
ciInstanceKlass java/util/ConcurrentModificationException 0 0 34 10 100 12 1 1 1 10 12 1 10 12 1 10 12 1 100 1 1 1 1 5 0 1 1 1 1 1 1 1 1 1 1 1
ciInstanceKlass java/util/function/Predicate$$Lambda$251+0x00000269b20ddf90 1 1 23 1 7 1 7 1 7 1 1 1 1 1 12 10 12 9 1 1 1 12 11 1 1
ciInstanceKlass java/util/MissingResourceException 0 0 40 10 100 12 1 1 1 9 100 12 1 1 1 9 12 1 10 12 1 1 1 1 5 0 1 1 1 1 1 1 1 1 1 1 1 1 1 1 1 1
ciInstanceKlass java/util/PropertyResourceBundle 1 1 143 7 1 8 1 9 7 12 1 1 1 10 7 12 1 1 1 9 100 12 1 1 1 10 12 1 1 7 1 8 1 10 12 1 1 10 10 12 1 10 12 1 10 7 12 1 1 7 1 10 10 12 1 7 1 10 12 1 9 12 1 1 100 1 10 11 7 12 1 1 1 9 12 1 1 100 1 11 12 1 1 10 12 1 1 10 12 1 8 1 8 1 10 7 12 1 1 1 9 7 12 1 1 1 10 12 1 1 1 1 1 1 1 1 1 1 1 1 1 100 1 100 1 1 100 1 1 1 1 1 1 1 1 100 1 100 1 1 1 1 1 1 1
staticfield java/util/PropertyResourceBundle encoding Ljava/lang/String; ""ciInstanceKlass com/google/common/base/Preconditions 1 1 226 10 100 10 10 10 10 100 10 10 10 100 10 10 100 10 10 8 10 100 10 10 8 100 10 8 10 10 10 8 10 10 8 10 8 8 8 7 1 1 1 1 1 1 1 1 1 1 1 1 1 1 1 1 1 1 1 1 1 1 1 1 1 1 1 1 1 1 1 1 1 1 1 1 1 1 1 1 1 1 1 1 1 1 1 1 1 1 1 1 1 1 1 1 1 1 1 1 1 1 1 1 1 1 1 1 1 1 1 1 1 1 1 1 1 1 1 1 1 1 1 1 1 1 1 1 1 1 1 1 1 1 1 1 1 1 1 1 1 1 1 1 1 1 1 1 1 1 1 1 1 1 1 1 1 1 1 1 1 1 1 1 1 1 1 1 1 1 1 1 1 1 12 1 100 12 12 100 12 1 100 12 100 12 100 12 1 1 12 1 12 1 1 12 1 12 12 12 1 12 12 1 12 1 1 1 1 1 1 1 1 1 1 1 1 1 1 1 1 1 1 1 1 1 1 1
ciInstanceKlass com/google/common/base/Platform 1 1 228 10 10 10 10 11 100 10 10 10 100 10 9 8 100 10 10 10 8 10 10 9 11 11 7 10 9 9 8 10 8 8 10 10 100 8 8 8 10 10 8 100 10 7 10 10 10 100 1 1 1 1 1 1 1 1 1 1 1 1 1 1 1 1 1 1 1 1 1 1 1 1 1 1 1 1 1 1 1 100 1 1 1 1 1 1 1 1 1 1 1 1 7 1 1 1 1 1 1 1 1 1 1 1 1 1 1 1 1 1 1 1 1 1 1 3 12 7 12 100 12 100 12 100 12 1 12 12 7 12 1 12 100 12 1 1 100 12 12 12 1 12 100 12 12 100 12 12 1 12 12 100 12 1 7 12 1 1 12 100 12 1 1 1 1 100 12 12 1 1 1 12 12 12 1 1 1 1 1 1 1 1 1 1 1 1 1 1 1 1 1 1 1 1 1 1 1 1 1 1 1 1 1 1 1 1 1 1 1 1 1 1 1 1 1 1 1 1 1 1 1 1 1 1 1 1 1 1
staticfield com/google/common/base/Platform logger Ljava/util/logging/Logger; java/util/logging/Logger
staticfield com/google/common/base/Platform patternCompiler Lcom/google/common/base/PatternCompiler; com/google/common/base/Platform$JdkPatternCompiler
instanceKlass com/google/common/collect/SinglePrependList
instanceKlass com/google/common/collect/SingleAppendList
instanceKlass com/google/common/collect/PairList
instanceKlass com/google/common/collect/ImmutableList$SubList
instanceKlass com/google/common/collect/RegularImmutableList
instanceKlass com/google/common/collect/ImmutableList$ReverseImmutableList
instanceKlass com/google/common/collect/SingletonImmutableList
instanceKlass com/google/common/collect/RegularImmutableMap$Values
instanceKlass com/google/common/collect/Lists$StringAsImmutableList
instanceKlass com/google/common/collect/ImmutableAsList
ciInstanceKlass com/google/common/collect/ImmutableList 1 1 462 10 9 7 10 7 10 100 3 8 10 10 10 7 10 11 10 7 10 10 10 10 11 11 10 11 10 7 10 10 10 10 10 7 100 10 100 10 10 10 10 10 10 10 7 10 10 10 10 7 10 10 10 11 10 10 10 10 10 7 10 100 10 18 10 100 10 10 10 100 8 10 100 10 8 10 10 10 10 7 7 100 1 1 1 1 1 1 1 1 1 1 1 1 1 1 1 1 1 1 1 1 1 1 1 1 1 1 1 1 1 1 1 1 1 1 1 1 1 1 1 1 1 1 1 1 1 1 1 1 1 1 1 1 1 1 1 1 1 1 1 1 1 1 1 1 1 1 1 1 1 1 1 1 1 1 1 1 1 1 1 1 1 1 1 1 1 1 1 1 1 1 1 1 1 1 1 1 1 1 1 1 1 1 1 1 1 1 1 1 1 1 1 1 1 1 1 1 1 1 1 1 1 1 1 1 1 1 1 1 1 1 1 1 1 1 1 1 1 1 1 1 1 1 1 1 1 1 1 1 1 1 1 1 1 1 1 1 1 1 1 1 1 1 1 1 1 1 1 1 1 1 1 1 1 1 1 1 1 1 1 1 1 1 1 1 1 1 1 1 1 1 1 1 1 1 1 1 1 1 1 1 1 1 1 1 1 1 1 1 3 1 100 12 12 1 12 1 12 1 1 7 12 7 12 12 1 12 7 12 12 1 12 12 12 12 7 12 12 12 12 1 12 12 12 12 7 12 1 100 12 7 12 7 12 12 12 12 7 12 12 1 12 12 12 1 12 12 12 100 12 7 12 12 12 12 12 1 1 1 15 16 15 12 7 12 1 12 12 12 1 1 12 1 100 12 12 12 12 1 1 1 1 1 1 1 1 1 1 1 1 1 1 1 1 1 1 1 1 1 1 1 1 1 1 1 1 1 1 1 1 1 1 1 1 1 1 1 1 1 1 1 1 1 1 1 1 10 11 1 1 1 1 1 1 1 1 1 1 1 1 1 7 12 1 1 100 1 1 100 1 1 1 100 1 8 1 1 12 10 1 1
instanceKlass com/google/common/collect/ImmutableEnumSet
instanceKlass com/google/common/collect/ImmutableSet$CachingAsList
instanceKlass com/google/common/collect/SingletonImmutableSet
ciInstanceKlass com/google/common/collect/ImmutableSet 1 1 332 7 100 100 7 10 9 7 10 7 10 7 3 8 10 10 100 9 10 10 10 10 7 10 10 10 10 10 7 10 7 10 11 7 10 7 10 11 10 11 11 7 10 10 10 10 10 7 10 10 10 10 10 10 10 10 100 10 10 8 10 10 3 10 6 0 3 8 10 100 1 1 1 100 1 7 1 1 1 100 1 100 1 1 1 1 3 1 1 1 1 1 1 1 1 1 1 1 1 1 1 1 1 1 1 1 1 1 1 1 1 1 1 1 1 1 1 1 1 1 1 1 1 1 1 1 1 1 1 1 1 1 1 1 1 1 1 1 1 1 1 1 1 1 1 1 1 1 1 1 1 1 1 1 1 1 1 1 1 1 1 1 1 1 1 1 1 1 1 1 1 1 1 1 1 1 1 1 1 1 1 1 1 1 1 1 1 1 1 1 1 1 1 1 1 1 1 1 1 1 1 1 1 1 3 1 1 1 1 1 100 12 7 12 1 12 1 12 1 1 7 12 7 12 1 7 12 7 12 7 12 12 12 1 12 12 12 12 12 1 12 1 12 12 1 12 1 12 100 12 12 100 12 12 1 12 12 12 7 12 12 7 12 12 12 100 12 12 1 12 100 12 12 1 12 1 1 1 1 1 1 1 1 1 1 1 1 1 1 1 1 1 1 1 1 1 1 1 1 1 1 1 1 1 1 1 1 1 1 1 1 1 1 1 1 1 1 1 1 1 1 1 1 1 1 1 1 1 1 1 1 1
ciInstanceKlass com/google/common/collect/RegularImmutableSet 1 1 132 10 9 9 9 9 10 10 10 100 10 10 10 100 10 10 7 9 7 10 9 7 1 1 1 1 1 1 1 1 1 1 1 1 1 1 1 1 1 1 1 1 1 1 1 1 1 1 1 1 1 1 100 1 1 1 1 1 1 1 1 1 1 1 1 1 1 1 1 1 1 1 1 100 1 1 1 1 1 1 1 1 1 1 1 1 1 1 1 1 3 1 12 12 12 12 12 7 12 12 7 12 1 100 12 100 12 12 1 12 12 1 12 1 12 12 1 1 1 1 1 1 1 1 1 1 1 1 1 1 1 1
staticfield com/google/common/collect/RegularImmutableSet EMPTY_ARRAY [Ljava/lang/Object; 0 [Ljava/lang/Object;
staticfield com/google/common/collect/RegularImmutableSet EMPTY Lcom/google/common/collect/RegularImmutableSet; com/google/common/collect/RegularImmutableSet
ciInstanceKlass com/google/common/collect/Iterators 1 1 541 10 10 9 9 10 100 100 10 11 11 10 10 11 11 11 10 100 10 10 8 10 10 10 8 8 100 10 10 10 10 11 10 100 10 10 10 100 10 7 10 10 10 100 10 100 10 10 10 100 10 7 10 10 10 10 100 10 10 10 8 10 7 10 10 10 100 10 8 10 8 8 10 10 8 10 8 10 8 100 10 100 10 10 10 10 7 10 7 10 100 10 100 10 100 10 100 8 8 100 10 100 7 100 1 1 1 1 1 7 1 1 1 1 1 1 1 1 1 1 1 1 1 1 1 1 1 1 1 1 1 1 1 1 1 1 1 1 1 1 1 1 1 1 1 1 1 1 1 1 1 1 1 1 1 1 1 1 1 1 1 1 1 1 1 1 1 1 1 1 1 1 1 1 1 1 1 1 1 1 1 1 1 1 1 1 1 1 1 1 1 1 1 1 1 1 1 1 1 1 1 1 1 1 1 1 1 1 1 1 1 1 1 1 1 1 1 1 1 1 1 1 1 1 1 1 1 1 1 1 1 1 1 1 1 1 1 1 1 1 1 1 1 1 1 1 1 1 1 1 1 1 1 1 1 1 1 1 1 1 1 1 1 1 1 1 1 1 1 1 1 1 1 1 1 1 1 1 1 1 1 1 1 1 1 1 1 1 1 1 1 1 1 1 1 1 1 1 1 1 1 1 1 1 1 1 1 1 1 1 1 1 1 1 1 1 1 1 1 1 1 1 1 1 1 1 1 1 1 1 1 1 1 1 1 1 1 1 1 1 1 1 1 1 1 1 1 1 1 1 1 1 1 1 1 1 1 1 1 1 1 1 1 1 1 1 1 1 1 1 1 3 12 12 12 12 7 12 1 1 12 12 12 100 12 12 7 12 12 7 12 100 12 1 12 1 12 12 12 1 1 1 12 12 100 12 100 12 12 12 1 12 12 12 1 12 1 12 12 100 12 12 1 12 12 1 12 1 12 100 12 12 12 1 100 12 12 12 1 12 12 12 1 12 1 12 1 1 12 1 12 1 12 1 1 12 1 12 12 12 1 12 1 12 1 12 1 1 1 1 12 1 1 1 1 1 1 1 1 1 1 1 1 1 1 1 1 1 1 1 1 1 1 1 1 1 1 1 1 1 1 1 1 1 1 1 1 1 1 1 1 1 1 1 1 1 1 1 1 1 1 1 1 1 1 1 1 1 1 1 1 1 1 1 1 1 1 1 1 1 1
instanceKlass com/google/common/collect/AbstractSequentialIterator
instanceKlass com/google/common/collect/ImmutableMultimap$2
instanceKlass com/google/common/collect/ImmutableMultimap$1
instanceKlass com/google/common/collect/ImmutableMap$1
instanceKlass com/google/common/collect/Maps$8
instanceKlass com/google/common/collect/Iterators$10
instanceKlass com/google/common/collect/Iterators$MergingIterator
instanceKlass com/google/common/collect/Iterators$4
instanceKlass com/google/common/collect/Iterators$1
instanceKlass com/google/common/collect/Iterators$9
instanceKlass com/google/common/collect/UnmodifiableListIterator
instanceKlass com/google/common/collect/AbstractIterator
ciInstanceKlass com/google/common/collect/UnmodifiableIterator 1 1 51 10 100 10 100 7 100 1 1 1 1 1 1 1 1 1 1 1 1 1 1 1 1 1 1 1 1 1 1 1 1 1 12 1 1 1 1 1 100 1 8 1 1 12 10 1 1 1 8 1 1
instanceKlass com/google/common/collect/Iterators$5
ciInstanceKlass com/google/common/collect/AbstractIterator 1 1 95 10 9 9 9 9 10 9 10 10 10 9 9 10 100 10 10 7 7 7 1 7 1 1 1 1 1 1 1 1 1 1 1 1 1 1 1 1 1 1 1 1 1 1 1 1 1 1 1 1 1 1 1 1 1 1 1 1 1 1 12 12 12 12 12 7 12 12 12 12 12 12 12 12 1 7 12 1 1 1 1 1 1 1 1 1 1 1 1 1 1 1 1 1 1
ciInstanceKlass com/google/common/collect/Iterators$5 1 1 62 9 9 10 11 11 11 10 7 7 1 1 1 1 1 1 1 1 1 1 1 1 1 1 1 1 1 1 1 1 1 1 1 1 1 1 1 100 12 12 12 12 7 12 12 7 12 12 1 1 1 1 1 1 1 1 1 1 1 1 1 1
ciInstanceKlass com/google/common/collect/Iterators$9 1 1 45 9 10 9 100 10 7 7 1 1 1 1 1 1 1 1 1 1 1 1 1 1 1 1 1 1 1 1 1 1 1 1 1 100 12 12 12 12 1 1 1 1 1 1 1
ciInstanceKlass com/google/common/collect/Multimap 1 1 141 10 11 18 11 11 11 11 100 100 1 1 1 1 1 1 1 1 1 1 1 1 1 1 1 1 1 1 1 1 1 1 1 1 1 1 1 1 1 1 1 1 1 1 1 1 1 1 1 1 1 1 1 1 1 1 1 1 100 1 1 1 1 1 1 1 1 1 1 1 1 1 1 1 1 1 1 1 1 1 1 1 1 1 1 1 1 1 1 1 1 1 1 1 100 12 12 1 15 16 15 16 12 100 12 12 12 100 12 1 1 100 1 1 1 1 10 1 11 1 1 1 1 1 1 1 1 1 1 1 100 12 12 1 1 100 1 1 100 1 1
instanceKlass com/google/common/collect/AbstractListMultimap
instanceKlass com/google/common/collect/AbstractSetMultimap
ciInstanceKlass com/google/common/collect/AbstractMapBasedMultimap 1 1 456 10 9 10 9 10 11 10 11 11 11 11 7 11 11 10 10 11 11 10 11 11 100 8 10 11 10 10 11 11 11 10 10 11 10 100 10 7 7 10 100 10 7 11 100 10 7 100 10 7 100 10 10 10 7 10 100 10 11 18 100 10 10 7 10 10 7 7 10 100 10 7 10 11 11 18 10 18 11 7 10 100 10 100 10 18 11 11 11 11 18 10 10 7 7 100 1 1 1 1 100 1 1 1 1 1 1 100 1 100 1 100 1 1 1 1 1 1 1 1 1 1 1 5 0 1 1 1 1 1 1 1 1 1 1 1 1 1 1 1 100 1 1 1 1 1 1 1 1 1 1 1 1 1 1 1 1 1 1 1 1 1 1 1 1 1 1 1 1 1 1 1 1 1 1 1 1 1 1 1 1 1 1 1 1 1 1 1 1 1 1 1 1 1 1 1 1 1 1 1 1 1 1 1 1 1 1 1 1 1 1 1 1 1 1 1 1 1 1 1 1 100 1 1 1 1 1 1 1 1 1 1 1 1 1 1 1 1 1 1 1 1 1 1 1 1 1 1 1 1 1 1 1 1 1 1 1 1 1 1 1 1 1 1 1 1 1 1 12 12 12 12 12 7 12 7 12 12 12 12 12 1 12 12 12 12 12 12 12 12 1 1 12 100 12 12 12 12 12 12 100 12 12 1 12 1 1 12 1 1 12 1 12 1 1 12 1 1 12 100 12 1 1 12 1 12 12 1 15 16 15 16 12 1 100 12 100 1 1 12 12 1 1 1 1 1 1 12 100 15 16 12 16 15 16 12 12 1 1 1 16 15 12 12 100 12 12 12 15 16 12 12 12 1 1 1 1 1 1 1 1 1 1 1 1 1 1 1 1 1 1 1 1 1 1 1 1 1 1 1 1 1 1 1 1 1 1 1 1 1 1 1 1 10 1 1 1 1 1 1 1 1 1 1 10 1 1 10 1 1 1 10 1 1 1 1 1 10 1 1 1 1 100 12 12 12 12 12 1 1 100 1 1 100 1 1
ciInstanceKlass com/google/common/base/Supplier 1 0 23 100 100 100 1 1 1 1 1 1 1 1 1 1 1 1 1 1 1 1 1 1 1
instanceKlass apex/jorje/semantic/symbol/member/method/signature/SignatureEquivalence
instanceKlass apex/jorje/semantic/symbol/type/TypeInfoEquivalence
instanceKlass com/google/common/base/PairwiseEquivalence
instanceKlass com/google/common/base/FunctionalEquivalence
instanceKlass com/google/common/base/Equivalence$Identity
instanceKlass com/google/common/base/Equivalence$Equals
ciInstanceKlass com/google/common/base/Equivalence 1 1 117 10 10 10 10 100 10 7 10 100 10 100 10 9 9 7 7 100 100 1 7 1 7 1 1 1 1 1 1 1 1 1 1 1 1 1 1 1 1 1 1 1 1 1 1 1 1 1 1 1 1 1 1 1 1 1 1 1 1 1 1 1 1 1 1 1 1 1 1 1 1 1 1 1 1 1 1 1 3 1 1 1 1 1 1 1 1 1 1 1 12 12 12 12 1 12 1 12 1 12 1 12 12 12 1 1 1 1 1 1 1 1 1 1 1 1 1
ciInstanceKlass com/google/common/base/Equivalence$Equals 1 1 52 10 10 10 9 7 10 7 100 1 1 1 1 1 1 1 5 0 1 1 1 1 1 1 1 1 1 1 1 1 1 1 1 1 1 1 1 1 1 12 7 12 12 12 1 1 1 1 1 1 1 1
staticfield com/google/common/base/Equivalence$Equals INSTANCE Lcom/google/common/base/Equivalence$Equals; com/google/common/base/Equivalence$Equals
ciInstanceKlass com/google/common/base/Equivalence$Identity 1 1 47 10 10 9 7 10 7 100 1 1 1 1 1 1 1 5 0 1 1 1 1 1 1 1 1 1 1 1 1 1 1 1 1 1 1 1 1 1 12 7 12 12 1 1 1 1 1
staticfield com/google/common/base/Equivalence$Identity INSTANCE Lcom/google/common/base/Equivalence$Identity; com/google/common/base/Equivalence$Identity
ciInstanceKlass com/google/common/base/Predicate 1 1 39 11 100 100 100 1 1 1 1 1 1 1 1 1 1 1 1 1 1 1 1 1 1 1 1 1 1 1 1 1 1 1 1 1 1 12 1 1 1
instanceKlass com/google/common/collect/ArrayListMultimapGwtSerializationDependencies
ciInstanceKlass com/google/common/collect/AbstractListMultimap 1 1 124 10 10 7 10 10 10 10 10 10 10 10 10 10 10 10 10 7 7 100 1 1 1 5 0 1 1 1 1 1 1 1 1 1 1 1 1 1 1 1 1 1 1 1 1 1 1 1 1 1 1 1 1 1 1 1 1 1 1 1 1 1 1 1 1 1 1 1 1 1 1 1 1 1 1 1 1 1 1 1 1 1 1 1 1 1 1 1 1 1 1 1 1 1 12 100 12 1 12 12 12 12 12 12 12 12 12 12 12 12 12 1 1 1 1 1 1 1 1 100 1 1 1 1
instanceKlass com/google/common/collect/ArrayListMultimap
ciInstanceKlass com/google/common/collect/ArrayListMultimapGwtSerializationDependencies 1 1 28 10 100 7 1 1 1 1 1 1 1 1 1 1 1 1 1 1 1 1 1 1 1 1 3 12 1 1
ciInstanceKlass com/google/common/collect/ArrayListMultimap 1 1 258 7 10 10 10 10 10 8 10 9 11 11 10 7 10 10 11 11 11 11 100 10 10 10 10 10 10 10 10 10 10 10 10 10 10 10 10 10 10 10 10 10 10 10 10 10 10 10 10 10 10 10 7 1 1 1 3 1 1 1 1 1 5 0 1 1 1 1 1 1 1 1 1 1 1 1 1 1 1 1 1 1 1 1 1 1 1 1 1 1 1 100 1 1 1 1 1 1 1 1 1 1 1 100 1 1 1 1 1 1 1 1 100 1 1 1 1 1 1 1 100 1 1 1 1 1 1 1 1 1 1 1 1 1 1 1 1 1 1 1 1 1 1 1 1 1 1 1 1 1 1 1 1 1 1 1 1 1 1 1 1 1 1 1 1 1 3 1 1 12 12 12 7 12 12 7 12 12 12 100 12 12 1 12 12 100 12 12 12 12 1 12 100 12 100 12 100 12 12 100 12 12 12 12 12 12 12 12 12 12 12 12 12 12 12 12 12 12 12 12 12 12 1 1 1 1 1 1 1 1 1 1 1 1 1 1 1 1 1 1 1 1 1 1 1 1 1 1 1 1 1 1 1 1 1 1 1 1
ciInstanceKlass com/google/common/collect/SingletonImmutableList 1 1 123 10 10 9 10 10 10 11 10 10 10 10 10 100 10 10 10 10 10 10 7 7 1 1 1 1 1 1 1 1 1 1 1 1 1 1 1 1 1 1 1 1 1 1 1 1 1 1 1 1 1 1 1 1 1 1 1 1 1 1 1 1 1 1 1 1 1 1 1 3 1 12 7 12 12 12 7 12 7 12 7 12 12 12 100 12 100 12 12 1 12 12 12 12 12 1 1 1 1 1 1 1 1 1 1 1 1 1 1 1 1 1 1 1 1 1 1 1 1 1 1 1 1
ciInstanceKlass com/google/common/collect/RegularImmutableList 1 1 90 10 9 10 10 100 10 10 7 7 10 9 7 1 1 1 1 1 1 1 1 1 1 1 1 1 1 1 1 1 1 1 1 1 1 1 1 1 1 1 1 1 1 1 1 1 1 1 1 1 1 1 1 1 1 1 1 1 1 1 1 1 1 1 1 3 1 12 12 7 12 7 12 1 7 12 12 1 1 12 12 1 1 1 1 1 1 1 1 1
staticfield com/google/common/collect/RegularImmutableList EMPTY Lcom/google/common/collect/ImmutableList; com/google/common/collect/RegularImmutableList
ciInstanceKlass apex/jorje/semantic/symbol/type/naming/TypeNameProvider 1 0 11 100 1 100 1 1 1 1 1 1 1
ciInstanceKlass apex/jorje/semantic/symbol/type/TypeInfo 1 1 90 18 12 1 1 9 7 12 1 1 1 18 9 12 1 100 1 7 1 1 1 1 1 1 1 1 1 1 1 1 1 1 1 1 1 1 1 1 1 1 1 1 1 1 1 1 1 1 1 1 1 1 1 1 1 1 1 1 1 1 15 10 7 12 1 1 1 16 1 15 11 12 1 16 1 15 11 12 1 1 100 1 100 1 1 100 1 100 1 1
staticfield apex/jorje/semantic/symbol/type/TypeInfo TO_APEX_NAME Ljava/util/function/Function; apex/jorje/semantic/symbol/type/TypeInfo$$Lambda$292+0x00000269b21ea798
staticfield apex/jorje/semantic/symbol/type/TypeInfo TO_BYTECODE_NAME Ljava/util/function/Function; apex/jorje/semantic/symbol/type/TypeInfo$$Lambda$293+0x00000269b21ea9d0
ciInstanceKlass apex/jorje/data/Locatable 1 1 20 9 7 12 1 1 1 100 1 100 1 1 1 1 1 1 1 1 1 1
ciInstanceKlass apex/jorje/semantic/ast/modifier/AnnotationParameter 1 1 385 10 7 12 1 1 1 9 7 12 1 1 1 9 12 1 1 9 12 1 1 9 12 1 1 9 12 1 1 10 12 1 10 7 12 1 1 1 10 12 1 1 10 100 12 1 1 1 10 7 12 1 1 1 9 12 1 1 100 1 10 12 1 10 12 1 1 10 7 12 1 1 1 11 7 12 1 1 1 9 12 1 1 10 7 12 1 1 18 12 1 1 10 100 12 1 1 1 10 100 12 1 1 1 11 100 12 1 1 10 100 12 1 1 100 1 10 10 7 1 11 12 1 1 8 1 10 100 12 1 1 1 10 12 1 1 8 1 10 12 1 9 7 12 1 1 1 10 7 12 1 1 1 9 12 1 1 10 7 12 1 1 1 7 1 10 12 1 9 100 12 1 1 1 9 12 1 9 12 1 9 12 1 9 12 1 9 12 1 9 12 1 9 12 1 10 12 1 1 10 7 12 1 1 9 12 1 100 1 9 12 1 9 12 1 100 1 10 12 1 1 18 12 1 10 12 1 9 12 18 100 1 9 12 18 11 12 1 1 11 7 12 1 1 10 7 12 1 1 18 12 1 1 11 7 12 1 1 1 9 12 1 1 7 1 10 7 1 10 7 1 10 7 1 10 7 1 10 7 1 10 7 1 10 100 1 1 1 1 1 1 1 1 1 1 1 1 1 1 1 1 1 1 1 1 1 1 1 1 1 1 1 1 1 1 1 1 1 1 1 1 1 1 1 1 1 1 1 1 1 1 1 1 1 1 1 1 1 1 1 1 1 1 1 1 1 1 1 15 10 100 12 1 1 8 1 8 1 8 1 8 1 15 10 7 12 1 1 1 16 15 10 12 16 1 1 1 100 1 1 100 1 100 1 1
staticfield apex/jorje/semantic/ast/modifier/AnnotationParameter NAME_COMPARATOR Ljava/util/Comparator; java/util/Comparator$$Lambda$200+0x00000269b20d2308
staticfield apex/jorje/semantic/ast/modifier/AnnotationParameter GET_VALUE Lapex/jorje/data/ast/AnnotationValue$MatchBlock; apex/jorje/semantic/ast/modifier/AnnotationParameter$1
staticfield apex/jorje/semantic/ast/modifier/AnnotationParameter IS_TRUE Lapex/jorje/data/ast/AnnotationValue$MatchBlock; apex/jorje/semantic/ast/modifier/AnnotationParameter$2
staticfield apex/jorje/semantic/ast/modifier/AnnotationParameter IS_BOOLEAN Lapex/jorje/data/ast/AnnotationValue$MatchBlock; apex/jorje/semantic/ast/modifier/AnnotationParameter$3
staticfield apex/jorje/semantic/ast/modifier/AnnotationParameter IS_INTEGER Lapex/jorje/data/ast/AnnotationValue$MatchBlock; apex/jorje/semantic/ast/modifier/AnnotationParameter$4
staticfield apex/jorje/semantic/ast/modifier/AnnotationParameter IS_VALID_STRING Lapex/jorje/data/ast/AnnotationValue$MatchBlock; apex/jorje/semantic/ast/modifier/AnnotationParameter$5
staticfield apex/jorje/semantic/ast/modifier/AnnotationParameter GET_INTEGER Lapex/jorje/data/ast/AnnotationValue$MatchBlock; apex/jorje/semantic/ast/modifier/AnnotationParameter$6
staticfield apex/jorje/semantic/ast/modifier/AnnotationParameter GET_STRING Lapex/jorje/data/ast/AnnotationValue$MatchBlock; apex/jorje/semantic/ast/modifier/AnnotationParameter$7
staticfield apex/jorje/semantic/ast/modifier/AnnotationParameter $assertionsDisabled Z 1
instanceKlass apex/jorje/semantic/ast/modifier/ModifierInfo
ciInstanceKlass apex/jorje/semantic/ast/modifier/ModifierGroup 1 1 311 10 7 12 1 1 1 10 7 12 1 1 1 9 7 12 1 1 1 10 12 1 1 9 12 1 1 10 12 1 1 9 12 1 1 9 12 1 1 10 12 1 11 7 12 1 1 1 7 1 9 12 1 7 1 10 9 12 1 1 10 7 12 1 1 1 9 12 1 1 7 1 10 12 1 10 7 12 1 1 1 9 12 1 1 10 12 1 1 11 12 1 1 9 12 1 1 10 11 12 1 1 11 7 12 1 1 11 12 1 1 7 1 9 12 1 10 12 1 1 100 1 10 11 7 12 1 1 1 11 7 12 1 1 1 11 100 1 100 1 10 11 12 1 11 12 1 1 10 12 1 1 8 1 10 12 1 10 12 1 10 12 1 9 100 12 1 1 1 9 100 12 1 1 1 10 12 1 1 9 12 1 10 12 1 1 10 12 1 1 10 12 1 10 100 12 1 1 1 8 10 100 12 1 1 8 10 12 1 8 1 10 12 1 1 8 1 11 7 12 1 1 11 12 100 1 10 12 1 11 12 1 1 100 1 10 12 1 11 12 1 1 10 7 12 1 1 10 7 12 1 1 1 9 12 1 100 1 1 1 1 1 1 1 1 1 1 1 1 1 1 1 1 1 1 1 1 1 1 1 1 1 1 1 1 1 1 1 1 1 1 1 1 1 1 1 1 1 1 1 1 1 1 1 1 100 1 100 1 1 1
staticfield apex/jorje/semantic/ast/modifier/ModifierGroup MODIFIERS_INTERNER Lcom/google/common/collect/Interner; com/google/common/collect/Interners$InternerImpl
staticfield apex/jorje/semantic/ast/modifier/ModifierGroup MODIFIER_TYPES_INTERNER Lcom/google/common/collect/Interner; com/google/common/collect/Interners$InternerImpl
staticfield apex/jorje/semantic/ast/modifier/ModifierGroup $assertionsDisabled Z 1
instanceKlass apex/jorje/semantic/ast/modifier/Modifier
instanceKlass apex/jorje/semantic/ast/modifier/Annotation
ciInstanceKlass apex/jorje/semantic/ast/modifier/ModifierOrAnnotation 1 1 104 10 7 12 1 1 1 9 7 12 1 1 1 10 12 1 1 11 100 12 1 1 1 10 100 12 1 1 1 18 12 1 9 12 1 1 100 1 1 1 1 1 1 1 1 1 1 1 1 1 1 1 1 1 1 1 1 100 1 1 1 1 1 15 10 7 12 1 1 1 16 1 15 10 12 16 1 100 1 100 1 1 1 100 1 8 1 1 12 10 1 1 1 8 1 1 1 8 1 1 1 8 1 1
staticfield apex/jorje/semantic/ast/modifier/ModifierOrAnnotation NAME_COMPARATOR Ljava/util/Comparator; apex/jorje/semantic/ast/modifier/ModifierOrAnnotation$$Lambda$266+0x00000269b21dc000
ciInstanceKlass apex/jorje/semantic/symbol/member/method/signature/Signature 1 1 197 10 7 12 1 1 1 9 7 12 1 1 1 10 100 12 1 1 1 10 12 1 100 1 10 10 7 12 1 1 1 10 12 1 1 9 12 1 1 9 12 1 1 9 12 1 10 7 12 1 1 1 9 12 1 1 9 12 1 1 10 7 12 1 1 1 9 12 1 9 12 1 9 12 1 10 7 12 1 1 11 7 12 1 1 7 1 10 100 12 1 1 1 10 100 12 1 1 1 10 100 12 1 1 1 10 12 1 1 10 100 12 1 1 1 10 12 1 1 10 12 1 10 12 1 1 10 7 12 1 1 1 18 12 1 18 1 1 1 1 1 1 1 1 1 1 1 100 1 100 1 1 1 1 1 1 1 1 1 1 1 1 1 1 1 1 1 1 1 1 1 1 1 15 10 7 12 1 1 1 16 15 10 12 16 15 10 7 12 1 1 1 100 1 100 1 1
staticfield apex/jorje/semantic/symbol/member/method/signature/Signature CREATE_APEX_NAME Lapex/common/base/Initializer; apex/jorje/semantic/symbol/member/method/signature/Signature$$Lambda$287+0x00000269b21e7650
staticfield apex/jorje/semantic/symbol/member/method/signature/Signature CREATE_TYPE_DESCRIPTOR Lapex/common/base/Initializer; apex/jorje/semantic/symbol/member/method/signature/Signature$$Lambda$288+0x00000269b21e7a68
staticfield apex/jorje/semantic/symbol/member/method/signature/Signature $assertionsDisabled Z 1
ciInstanceKlass apex/jorje/data/Location 1 0 14 100 1 100 1 100 1 1 1 1 1 1 1 1
ciInstanceKlass apex/jorje/semantic/symbol/type/ModifierOrAnnotationTypeInfo 1 0 21 100 1 100 1 100 1 1 1 1 1 1 1 1 1 1 1 1 1 1 1
ciInstanceKlass apex/jorje/semantic/compiler/SourceInfo 1 1 36 100 1 100 1 1 1 1 1 1 1 1 1 1 1 1 1 1 1 1 1 1 1 1 1 1 1 1 1 1 1 1 100 1 1 1
ciInstanceKlass apex/jorje/semantic/compiler/SourceFile 1 1 154 10 7 12 1 1 1 9 7 12 1 1 1 9 7 1 9 12 1 1 9 9 12 1 1 9 9 12 1 1 9 9 12 1 9 9 12 1 1 9 9 12 1 9 9 12 1 9 9 12 1 9 9 12 1 1 10 7 12 1 1 1 10 7 12 1 1 1 10 7 12 1 1 1 10 12 1 9 12 1 9 12 1 9 9 12 1 1 9 9 12 1 9 9 12 1 9 9 12 1 1 9 10 10 12 1 1 100 1 1 1 1 1 1 1 1 1 1 1 1 1 1 1 1 1 1 1 1 1 1 1 1 1 1 1 1 1 1 1 1 1 1 1 1 1 1 1 1 1 1 1 100 1 1
ciInstanceKlass apex/jorje/semantic/symbol/member/Member 1 0 22 100 1 100 1 100 1 1 1 1 1 1 1 1 1 1 1 1 100 1 1 1
ciInstanceKlass apex/jorje/semantic/symbol/member/method/MethodInfo 1 0 80 100 1 100 1 100 1 1 1 1 1 1 1 1 1 1 1 1 1 1 1 1 1 1 1 1 1 1 1 1 1 1 1 1 1 1 1 1 1 1 1 1 1 1 1 1 1 1 1 1 1 1 1 100 1 100 1 1 1 100 1 8 1 1 12 10 1 1 1 8 1 1 1 8 1 1 1 8 1 1
ciInstanceKlass apex/jorje/semantic/compiler/sfdc/AccessEvaluator 1 1 67 100 1 100 1 1 1 1 1 1 1 1 1 1 1 1 1 1 1 1 1 1 1 1 1 1 1 1 1 1 1 1 1 1 1 1 1 1 1 1 1 1 1 1 1 1 1 1 1 1 1 1 1 1 1 1 1 1 1 1 1 1 100 1 100 1 1
ciInstanceKlass apex/jorje/semantic/symbol/resolver/SymbolResolver 1 0 70 100 1 100 1 1 1 1 1 1 1 1 1 1 1 1 1 1 1 1 1 1 1 1 1 1 1 1 1 1 1 1 1 1 1 1 1 1 1 1 1 1 1 1 1 1 1 1 1 1 1 1 1 1 1 1 1 1 1 1 100 1 100 1 1 100 1 100 1 1
ciInstanceKlass apex/jorje/semantic/compiler/ApexCompiler 1 1 526 10 7 12 1 1 1 9 7 12 1 1 1 9 7 1 9 12 1 1 9 12 1 9 12 1 9 9 12 1 1 9 9 12 1 1 9 7 1 10 9 12 1 1 9 12 1 10 7 12 1 1 1 9 12 1 1 10 7 12 1 1 1 10 7 12 1 1 1 9 12 1 10 12 1 9 12 1 7 1 10 12 1 9 12 1 1 7 1 10 12 1 9 12 1 1 9 12 1 10 9 100 12 1 1 1 10 12 1 1 9 12 1 1 9 12 1 1 100 1 10 7 1 10 12 1 1 11 7 12 1 1 1 10 12 1 11 12 1 1 11 7 12 1 1 1 11 12 1 1 7 1 7 1 10 12 1 11 7 12 1 1 1 10 12 1 1 10 12 1 1 10 12 1 1 10 100 12 1 1 10 12 1 1 11 100 12 1 1 10 12 1 1 10 100 12 1 1 1 11 7 12 1 1 10 10 12 1 1 10 12 1 1 10 12 1 10 100 12 1 1 1 11 100 12 1 1 10 12 1 1 10 100 12 1 1 1 11 12 1 11 7 12 1 1 1 11 7 12 1 1 1 18 12 1 1 11 12 1 1 7 1 10 100 12 1 1 1 11 10 12 1 10 12 1 11 12 1 1 18 11 100 12 1 1 1 11 10 100 12 1 1 1 11 12 1 1 18 12 1 1 11 12 1 1 18 12 1 11 100 12 1 1 1 10 100 12 1 1 18 18 11 12 1 10 12 1 11 12 1 11 12 1 100 1 18 12 1 1 11 12 1 1 18 18 10 100 12 1 1 1 11 12 1 10 12 1 10 12 1 10 100 12 1 10 7 12 1 1 100 1 100 1 1 1 1 1 1 1 1 1 1 1 1 1 1 1 1 1 1 1 1 1 1 1 1 1 1 1 1 1 1 1 1 1 1 1 1 1 1 1 1 1 1 1 1 1 1 1 1 1 1 1 1 1 1 1 1 1 1 1 1 1 1 1 1 1 1 1 1 1 1 1 1 1 1 1 1 1 1 1 1 1 1 1 1 1 1 1 1 1 15 10 7 12 1 1 1 16 1 15 10 7 12 1 1 16 1 15 16 1 16 1 15 10 12 16 16 15 10 12 15 10 12 16 15 11 16 1 16 15 10 12 16 15 10 12 16 15 1 1 100 1 100 1 1 100 1 100 1 1 100 1 100 1 1
staticfield apex/jorje/semantic/compiler/ApexCompiler $assertionsDisabled Z 1
ciInstanceKlass apex/jorje/semantic/compiler/Namespace 1 1 163 10 7 12 1 1 1 10 7 12 1 1 1 8 1 10 7 12 1 1 1 7 1 10 12 1 1 9 7 12 1 1 1 9 12 1 10 7 12 1 1 1 18 12 1 1 9 12 1 9 7 12 1 1 1 10 12 1 1 9 12 1 1 11 7 12 1 1 1 100 1 10 10 7 12 1 1 9 12 1 10 12 1 1 9 12 1 18 10 12 1 10 12 1 1 10 12 1 1 10 7 12 1 1 1 10 7 12 1 1 1 100 1 1 1 1 5 0 1 1 1 1 1 1 1 1 1 1 1 1 1 1 1 1 1 1 1 1 1 1 1 1 1 1 1 1 1 15 10 100 12 1 1 8 1 8 1 1 100 1 100 1 1
staticfield apex/jorje/semantic/compiler/Namespace $assertionsDisabled Z 1
ciInstanceKlass com/google/common/base/Strings 1 1 262 10 10 10 10 10 10 100 10 10 10 10 8 10 8 100 8 10 10 10 10 7 10 11 10 11 10 11 11 10 10 10 100 8 10 8 10 10 10 8 8 8 10 100 10 10 10 10 8 10 9 8 10 10 10 8 8 8 100 1 1 1 1 1 1 1 1 1 1 1 1 1 1 1 1 1 1 1 1 1 1 1 1 1 1 1 1 1 1 1 1 1 1 1 1 1 1 100 1 1 1 1 1 1 1 1 1 1 1 1 1 1 1 1 1 1 1 1 1 1 1 1 1 1 1 1 1 1 1 1 1 1 1 1 1 1 100 100 1 1 1 1 12 7 12 12 12 7 12 12 1 12 12 12 12 1 12 1 1 1 12 12 12 7 12 1 12 100 100 12 12 12 12 100 12 12 12 1 1 12 1 12 12 12 1 1 1 1 12 100 12 12 100 12 1 12 12 1 12 12 1 1 1 1 1 1 1 1 1 1 1 1 1 1 1 1 1 1 1 1 1 1 1 1 1 1 1 1 1 1 1 1 1 1 1 1 1 1 1 1 1 1 1 1 1 1 1 1 1 1 1 1 1 1 1 1 1 1 1 1 1 1
instanceKlass apex/jorje/semantic/exception/SemanticException
instanceKlass apex/jorje/services/exception/ParseException
ciInstanceKlass apex/jorje/services/exception/CompilationException 1 1 32 10 7 12 1 1 1 10 12 1 100 1 100 1 1 1 1 5 0 1 1 1 1 1 1 1 1 1 1 1 1 1
ciInstanceKlass apex/jorje/semantic/symbol/type/TypeInfoEquivalence 1 1 321 10 7 12 1 1 1 11 7 12 1 1 1 11 12 1 1 7 1 10 7 12 1 1 1 11 12 1 1 10 7 12 1 1 10 100 12 1 1 1 10 7 12 1 1 1 10 7 12 1 1 1 11 12 1 11 12 1 100 1 11 12 1 1 10 100 1 10 100 12 1 1 1 10 100 12 1 1 1 10 12 1 11 7 12 1 1 1 18 12 1 1 11 7 12 1 1 1 10 7 12 1 1 1 11 12 1 1 11 7 12 1 1 1 10 100 12 1 1 1 11 18 11 10 7 12 1 1 1 9 7 12 1 1 1 10 12 1 1 11 12 1 1 10 12 1 10 12 1 11 12 1 1 11 100 12 1 1 10 7 12 1 1 1 10 7 12 1 1 1 9 12 1 11 12 1 1 9 100 12 1 1 1 11 12 1 10 7 12 1 1 1 9 7 12 1 1 1 10 12 1 10 12 1 1 10 12 1 10 12 1 10 12 1 10 100 12 1 1 1 10 12 1 1 10 8 1 10 12 1 1 10 12 1 10 12 1 1 1 1 1 1 1 1 1 1 1 1 1 1 1 1 1 1 1 1 1 1 1 1 1 1 1 1 1 1 1 1 1 1 1 1 1 1 1 1 1 1 1 1 1 1 1 1 1 1 1 1 1 1 1 1 1 1 1 1 1 1 15 10 7 12 1 1 1 16 1 15 16 1 15 10 12 16 1 1 100 1 100 1 1
ciInstanceKlass apex/jorje/semantic/symbol/type/CodeUnitDetails 1 1 72 11 7 12 1 1 1 10 7 12 1 1 1 100 1 100 1 100 1 1 1 1 1 1 1 1 1 1 1 1 1 1 1 1 1 1 1 1 1 1 1 1 100 1 8 1 1 12 10 1 1 1 8 1 1 1 8 1 1 8 1 1 8 1 1 8 1 1 1 8 1 1
ciInstanceKlass apex/jorje/semantic/symbol/type/TypeInfos 1 1 381 100 1 10 7 12 1 1 1 10 7 12 1 1 1 10 7 12 1 1 1 9 7 12 1 1 1 10 12 1 1 9 7 12 1 1 1 10 12 1 1 9 7 12 1 1 1 10 12 1 1 10 12 1 1 9 7 12 1 1 8 1 10 12 1 1 7 1 8 1 10 12 1 8 1 10 12 1 9 12 1 9 9 12 8 1 7 1 8 1 8 1 9 12 9 9 12 1 9 12 8 1 7 1 8 1 8 1 9 12 1 9 9 12 8 1 8 1 10 12 1 9 12 1 9 12 7 1 7 1 8 1 8 1 9 12 1 9 9 12 7 1 7 1 8 1 9 12 1 9 9 12 7 1 7 1 8 1 9 12 1 9 9 12 7 1 7 1 8 1 9 12 1 9 9 12 7 1 7 1 8 1 9 12 1 9 9 12 7 1 9 12 1 9 7 1 8 1 9 12 8 1 7 1 8 1 8 1 9 12 1 9 9 12 7 1 8 1 9 12 1 9 7 1 8 1 9 12 8 1 7 1 8 1 8 1 9 12 1 9 9 12 10 7 12 1 1 8 1 10 7 1 8 1 10 7 1 9 7 12 1 1 1 10 12 1 1 9 7 12 1 1 1 10 12 1 1 9 7 1 10 9 12 1 10 10 12 1 9 12 1 8 1 8 1 9 7 1 9 12 1 9 12 8 1 8 1 9 12 1 9 12 9 7 1 9 12 1 9 12 10 7 12 1 1 7 1 10 7 1 10 7 12 1 1 1 10 10 10 7 1 9 12 1 1 8 1 7 1 8 1 8 1 9 12 1 10 7 12 1 1 10 12 1 10 9 12 1 1 1 1 1 1 1 1 1 1 100 1 100 1
staticfield apex/jorje/semantic/symbol/type/TypeInfos OBJECT Lapex/jorje/semantic/symbol/type/ScalarTypeInfo; apex/jorje/semantic/symbol/type/ScalarTypeInfo
staticfield apex/jorje/semantic/symbol/type/TypeInfos BLOB Lapex/jorje/semantic/symbol/type/ScalarTypeInfo; apex/jorje/semantic/symbol/type/ScalarTypeInfo
staticfield apex/jorje/semantic/symbol/type/TypeInfos CURRENCY Lapex/jorje/semantic/symbol/type/ScalarTypeInfo; apex/jorje/semantic/symbol/type/ScalarTypeInfo
staticfield apex/jorje/semantic/symbol/type/TypeInfos ID Lapex/jorje/semantic/symbol/type/ScalarTypeInfo; apex/jorje/semantic/symbol/type/ScalarTypeInfo
staticfield apex/jorje/semantic/symbol/type/TypeInfos VOID Lapex/jorje/semantic/symbol/type/ScalarTypeInfo; apex/jorje/semantic/symbol/type/ScalarTypeInfo
staticfield apex/jorje/semantic/symbol/type/TypeInfos DECIMAL Lapex/jorje/semantic/symbol/type/ScalarTypeInfo; apex/jorje/semantic/symbol/type/ScalarTypeInfo
staticfield apex/jorje/semantic/symbol/type/TypeInfos DOUBLE Lapex/jorje/semantic/symbol/type/ScalarTypeInfo; apex/jorje/semantic/symbol/type/ScalarTypeInfo
staticfield apex/jorje/semantic/symbol/type/TypeInfos LONG Lapex/jorje/semantic/symbol/type/ScalarTypeInfo; apex/jorje/semantic/symbol/type/ScalarTypeInfo
staticfield apex/jorje/semantic/symbol/type/TypeInfos INTEGER Lapex/jorje/semantic/symbol/type/ScalarTypeInfo; apex/jorje/semantic/symbol/type/ScalarTypeInfo
staticfield apex/jorje/semantic/symbol/type/TypeInfos BOOLEAN Lapex/jorje/semantic/symbol/type/ScalarTypeInfo; apex/jorje/semantic/symbol/type/ScalarTypeInfo
staticfield apex/jorje/semantic/symbol/type/TypeInfos STRING Lapex/jorje/semantic/symbol/type/ScalarTypeInfo; apex/jorje/semantic/symbol/type/ScalarTypeInfo
staticfield apex/jorje/semantic/symbol/type/TypeInfos TIME Lapex/jorje/semantic/symbol/type/ScalarTypeInfo; apex/jorje/semantic/symbol/type/ScalarTypeInfo
staticfield apex/jorje/semantic/symbol/type/TypeInfos DATE_TIME Lapex/jorje/semantic/symbol/type/ScalarTypeInfo; apex/jorje/semantic/symbol/type/ScalarTypeInfo
staticfield apex/jorje/semantic/symbol/type/TypeInfos DATE Lapex/jorje/semantic/symbol/type/ScalarTypeInfo; apex/jorje/semantic/symbol/type/ScalarTypeInfo
staticfield apex/jorje/semantic/symbol/type/TypeInfos LIST Lapex/jorje/semantic/symbol/type/GenericTypeInfo; apex/jorje/semantic/symbol/type/GenericTypeInfo
staticfield apex/jorje/semantic/symbol/type/TypeInfos SET Lapex/jorje/semantic/symbol/type/GenericTypeInfo; apex/jorje/semantic/symbol/type/GenericTypeInfo
staticfield apex/jorje/semantic/symbol/type/TypeInfos MAP Lapex/jorje/semantic/symbol/type/GenericTypeInfo; apex/jorje/semantic/symbol/type/GenericTypeInfo
staticfield apex/jorje/semantic/symbol/type/TypeInfos EXCEPTION Lapex/jorje/semantic/symbol/type/StandardTypeInfo; apex/jorje/semantic/symbol/type/StandardTypeInfoImpl
staticfield apex/jorje/semantic/symbol/type/TypeInfos SOBJECT Lapex/jorje/semantic/symbol/type/ScalarTypeInfo; apex/jorje/semantic/symbol/type/ScalarTypeInfo
instanceKlass apex/jorje/lsp/impl/index/symbol/VirtualStandardTypeInfo
instanceKlass apex/jorje/semantic/symbol/type/VfComponentTypeInfo
instanceKlass apex/jorje/semantic/symbol/type/SObjectTypeInfo
instanceKlass apex/jorje/semantic/symbol/type/FlowInterviewTypeInfo
instanceKlass apex/jorje/semantic/symbol/type/StandardAnnotationTypeInfo
instanceKlass apex/jorje/semantic/symbol/type/StandardTypeInfoImpl
instanceKlass apex/jorje/semantic/symbol/type/ArgumentTypeInfo
instanceKlass apex/jorje/semantic/symbol/type/InternalTypeInfo
instanceKlass apex/jorje/semantic/symbol/type/ModifierTypeInfo
instanceKlass apex/jorje/semantic/symbol/type/GenericTypeInfo
instanceKlass apex/jorje/semantic/symbol/type/ScalarTypeInfo
ciInstanceKlass apex/jorje/semantic/symbol/type/AbstractTypeInfo 1 1 226 10 7 12 1 1 1 10 7 12 1 1 1 9 7 12 1 1 1 10 12 1 1 9 7 1 9 12 1 9 9 12 1 10 7 12 1 1 1 7 1 9 10 12 1 1 9 12 1 9 12 1 1 9 9 12 1 1 9 9 12 1 1 9 9 12 1 1 9 9 12 1 1 9 9 12 1 9 9 12 1 7 1 9 9 12 1 9 9 12 1 1 9 9 12 1 1 9 9 12 1 9 9 12 1 1 10 7 12 1 1 1 9 12 1 1 9 12 1 100 1 8 1 10 12 1 8 1 8 1 8 1 8 1 8 1 8 1 8 1 11 12 1 7 1 7 1 7 1 10 7 12 1 1 1 7 1 10 12 1 10 7 12 1 1 1 7 1 10 100 1 1 1 1 1 1 1 1 1 1 1 1 1 1 1 1 1 1 1 1 1 1 1 1 1 1 1 1 1 1 1 1 1 1 1 1 1 1 1 1 1 1 1 1 1 1 1 1 1 100 1 1 1 100 1 1
staticfield apex/jorje/semantic/symbol/type/AbstractTypeInfo TYPE_INFO_WRAPPER Lcom/google/common/base/Equivalence; apex/jorje/semantic/symbol/type/TypeInfoEquivalence
staticfield apex/jorje/semantic/symbol/type/AbstractTypeInfo $assertionsDisabled Z 1
ciInstanceKlass apex/jorje/semantic/symbol/type/ScalarTypeInfo 1 1 44 10 7 12 1 1 1 7 1 10 12 1 11 7 12 1 1 1 100 1 1 1 1 1 1 1 1 1 1 1 1 1 1 1 1 1 1 1 1 1 1 100 1 1
ciInstanceKlass apex/jorje/semantic/symbol/type/GenericTypeInfo 1 1 152 10 7 12 1 1 1 9 7 12 1 1 1 9 7 1 9 12 1 1 9 10 7 12 1 1 1 9 12 1 9 12 1 1 9 10 12 1 10 12 1 1 9 7 12 1 1 1 10 12 1 1 10 7 12 1 1 1 10 7 12 1 1 11 7 12 1 1 1 7 1 10 12 1 1 10 12 1 10 12 1 10 12 1 1 11 100 12 1 1 1 11 100 12 1 1 11 12 1 1 11 7 12 1 1 1 10 7 12 1 1 1 9 12 1 1 1 1 1 1 1 1 1 1 1 1 1 1 1 1 1 1 1 1 1 1 1 1 1 1 1 1 1 1 1 1 1 1 1 100 1 1
staticfield apex/jorje/semantic/symbol/type/GenericTypeInfo MAX_SIZE Ljava/lang/Integer; java/lang/Integer
ciInstanceKlass com/google/common/collect/MoreMaps 1 1 98 10 7 10 10 9 10 10 10 11 7 10 10 10 11 10 11 7 10 7 7 1 1 1 1 1 1 1 1 1 1 1 1 1 1 1 1 1 1 1 1 1 1 7 1 1 1 1 1 1 1 1 1 1 1 1 1 1 1 1 1 1 1 1 12 1 7 12 12 12 12 12 12 12 1 12 12 12 12 12 1 1 1 1 1 1 1 1 1 1 1 1 1 1 1 1 1 1
staticfield com/google/common/collect/MoreMaps UNMODIFIABLE_MAP Ljava/lang/Class; java/lang/Class
ciInstanceKlass apex/jorje/semantic/symbol/member/method/MethodTable 1 0 32 100 1 100 1 1 1 1 1 1 1 1 1 1 1 1 1 1 1 1 1 1 1 1 1 1 1 1 1 1 1 1
ciInstanceKlass apex/jorje/semantic/symbol/type/parent/ParentTable 1 0 34 100 1 100 1 1 1 1 1 1 1 1 1 1 1 1 1 1 1 1 1 1 1 1 1 1 1 1 1 100 1 100 1 1
ciInstanceKlass apex/common/base/Initializer 1 0 12 100 100 1 1 1 1 1 1 1 1 1
ciInstanceKlass apex/common/base/Initializers$MemoizingInitializer 1 1 90 10 9 100 10 9 9 11 9 10 18 7 10 7 7 7 1 1 1 1 1 1 1 1 1 1 1 1 1 1 1 1 1 1 1 1 1 1 1 1 1 1 1 100 1 1 1 100 1 1 1 1 1 1 12 12 1 12 12 12 12 12 1 15 8 12 1 7 12 1 1 1 1 1 10 1 1 1 1 1 1 100 12 1 100 1 1 100 1 1
staticfield apex/common/base/Initializers$MemoizingInitializer $assertionsDisabled Z 1
ciInstanceKlass apex/common/base/Initializers$OfInstanceInitializer 1 1 59 10 9 18 7 7 100 1 1 1 1 1 1 1 1 1 1 1 1 1 1 1 1 1 1 1 1 1 1 1 1 1 1 1 100 12 12 1 15 8 12 1 1 1 1 1 10 1 1 1 100 12 1 100 1 1 100 1 1
ciInstanceKlass apex/jorje/semantic/symbol/type/BasicType 1 1 248 7 1 9 12 1 1 9 12 1 9 12 1 9 12 1 9 12 1 9 12 1 9 12 1 9 12 1 9 12 1 9 12 1 9 12 1 9 12 1 9 12 1 9 12 1 9 12 1 9 12 1 9 12 1 9 12 1 9 12 1 9 12 1 9 12 1 9 12 1 9 12 1 9 12 1 9 12 1 9 12 1 9 12 1 1 10 7 12 1 1 10 7 12 1 1 1 10 12 1 1 10 12 1 1 10 12 1 9 7 12 1 1 1 9 9 12 1 1 9 10 12 1 9 100 12 1 1 1 10 12 1 1 10 12 1 1 10 12 1 10 12 1 10 12 1 8 7 1 8 1 8 1 10 12 1 10 12 1 1 8 8 1 8 8 1 8 8 1 8 8 1 8 8 1 8 10 8 8 1 8 8 8 8 8 8 1 9 7 12 1 1 10 12 1 1 8 8 1 8 8 1 8 8 8 8 8 8 8 1 8 8 8 8 8 10 12 1 1 1 1 1 1 1 1 1 1 1 1 1 1 1 1 1 1 1 1 1 1 1 1 1 1 1 1 1 1 1
staticfield apex/jorje/semantic/symbol/type/BasicType INTEGER Lapex/jorje/semantic/symbol/type/BasicType; apex/jorje/semantic/symbol/type/BasicType
staticfield apex/jorje/semantic/symbol/type/BasicType LONG Lapex/jorje/semantic/symbol/type/BasicType; apex/jorje/semantic/symbol/type/BasicType
staticfield apex/jorje/semantic/symbol/type/BasicType DOUBLE Lapex/jorje/semantic/symbol/type/BasicType; apex/jorje/semantic/symbol/type/BasicType
staticfield apex/jorje/semantic/symbol/type/BasicType DECIMAL Lapex/jorje/semantic/symbol/type/BasicType; apex/jorje/semantic/symbol/type/BasicType
staticfield apex/jorje/semantic/symbol/type/BasicType BOOLEAN Lapex/jorje/semantic/symbol/type/BasicType; apex/jorje/semantic/symbol/type/BasicType
staticfield apex/jorje/semantic/symbol/type/BasicType STRING Lapex/jorje/semantic/symbol/type/BasicType; apex/jorje/semantic/symbol/type/BasicType
staticfield apex/jorje/semantic/symbol/type/BasicType VOID Lapex/jorje/semantic/symbol/type/BasicType; apex/jorje/semantic/symbol/type/BasicType
staticfield apex/jorje/semantic/symbol/type/BasicType APEX_OBJECT Lapex/jorje/semantic/symbol/type/BasicType; apex/jorje/semantic/symbol/type/BasicType
staticfield apex/jorje/semantic/symbol/type/BasicType LIST Lapex/jorje/semantic/symbol/type/BasicType; apex/jorje/semantic/symbol/type/BasicType
staticfield apex/jorje/semantic/symbol/type/BasicType LIST_ITERATOR Lapex/jorje/semantic/symbol/type/BasicType; apex/jorje/semantic/symbol/type/BasicType
staticfield apex/jorje/semantic/symbol/type/BasicType SET Lapex/jorje/semantic/symbol/type/BasicType; apex/jorje/semantic/symbol/type/BasicType
staticfield apex/jorje/semantic/symbol/type/BasicType MAP Lapex/jorje/semantic/symbol/type/BasicType; apex/jorje/semantic/symbol/type/BasicType
staticfield apex/jorje/semantic/symbol/type/BasicType TIME Lapex/jorje/semantic/symbol/type/BasicType; apex/jorje/semantic/symbol/type/BasicType
staticfield apex/jorje/semantic/symbol/type/BasicType DATE Lapex/jorje/semantic/symbol/type/BasicType; apex/jorje/semantic/symbol/type/BasicType
staticfield apex/jorje/semantic/symbol/type/BasicType DATE_TIME Lapex/jorje/semantic/symbol/type/BasicType; apex/jorje/semantic/symbol/type/BasicType
staticfield apex/jorje/semantic/symbol/type/BasicType OBJECT Lapex/jorje/semantic/symbol/type/BasicType; apex/jorje/semantic/symbol/type/BasicType
staticfield apex/jorje/semantic/symbol/type/BasicType ID Lapex/jorje/semantic/symbol/type/BasicType; apex/jorje/semantic/symbol/type/BasicType
staticfield apex/jorje/semantic/symbol/type/BasicType BLOB Lapex/jorje/semantic/symbol/type/BasicType; apex/jorje/semantic/symbol/type/BasicType
staticfield apex/jorje/semantic/symbol/type/BasicType NULL Lapex/jorje/semantic/symbol/type/BasicType; apex/jorje/semantic/symbol/type/BasicType
staticfield apex/jorje/semantic/symbol/type/BasicType ANNOTATION Lapex/jorje/semantic/symbol/type/BasicType; apex/jorje/semantic/symbol/type/BasicType
staticfield apex/jorje/semantic/symbol/type/BasicType SOBJECT Lapex/jorje/semantic/symbol/type/BasicType; apex/jorje/semantic/symbol/type/BasicType
staticfield apex/jorje/semantic/symbol/type/BasicType JAVA Lapex/jorje/semantic/symbol/type/BasicType; apex/jorje/semantic/symbol/type/BasicType
staticfield apex/jorje/semantic/symbol/type/BasicType CURRENCY Lapex/jorje/semantic/symbol/type/BasicType; apex/jorje/semantic/symbol/type/BasicType
staticfield apex/jorje/semantic/symbol/type/BasicType VF_COMPONENT Lapex/jorje/semantic/symbol/type/BasicType; apex/jorje/semantic/symbol/type/BasicType
staticfield apex/jorje/semantic/symbol/type/BasicType FLOW_INTERVIEW Lapex/jorje/semantic/symbol/type/BasicType; apex/jorje/semantic/symbol/type/BasicType
staticfield apex/jorje/semantic/symbol/type/BasicType MODIFIER Lapex/jorje/semantic/symbol/type/BasicType; apex/jorje/semantic/symbol/type/BasicType
staticfield apex/jorje/semantic/symbol/type/BasicType $VALUES [Lapex/jorje/semantic/symbol/type/BasicType; 26 [Lapex/jorje/semantic/symbol/type/BasicType;
ciInstanceKlass apex/jorje/services/Version 1 1 711 7 1 9 12 1 1 9 12 1 9 12 1 9 12 1 9 12 1 9 12 1 9 12 1 9 12 1 9 12 1 9 12 1 9 12 1 9 12 1 9 12 1 9 12 1 9 12 1 9 12 1 9 12 1 9 12 1 9 12 1 9 12 1 9 12 1 9 12 1 9 12 1 9 12 1 9 12 1 9 12 1 9 12 1 9 12 1 9 12 1 9 12 1 9 12 1 9 12 1 9 12 1 9 12 1 9 12 1 9 12 1 9 12 1 9 12 1 9 12 1 9 12 1 9 12 1 9 12 1 9 12 1 9 12 1 9 12 1 9 12 1 9 12 1 9 12 1 9 12 1 9 12 1 9 12 1 9 12 1 9 12 1 9 12 1 9 12 1 9 12 1 9 12 1 9 12 1 9 12 1 9 12 1 9 12 1 9 12 1 9 12 1 9 12 1 9 12 1 9 12 1 9 12 1 1 10 7 12 1 1 10 7 12 1 1 1 10 12 1 1 9 12 1 1 9 12 1 9 12 1 1 10 7 12 1 1 11 100 12 1 1 1 10 12 1 1 9 12 1 1 10 12 1 1 100 1 10 100 12 1 1 18 12 1 1 10 12 1 10 12 1 1 10 12 1 10 7 12 1 1 1 8 6 0 6 0 10 12 1 8 6 0 6 0 8 6 0 6 0 8 6 0 6 0 8 6 0 6 0 8 6 0 6 0 8 6 0 6 0 8 6 0 6 0 8 6 0 6 0 8 6 0 6 0 8 6 0 6 0 8 6 0 6 0 8 6 0 6 0 8 6 0 6 0 8 6 0 6 0 8 6 0 6 0 8 6 0 6 0 8 6 0 6 0 8 6 0 6 0 8 6 0 6 0 8 6 0 6 0 8 6 0 6 0 8 6 0 6 0 8 6 0 6 0 8 6 0 6 0 8 6 0 6 0 8 6 0 6 0 8 6 0 6 0 8 6 0 6 0 8 6 0 6 0 8 6 0 6 0 8 6 0 6 0 8 6 0 6 0 8 6 0 6 0 8 6 0 6 0 8 6 0 6 0 8 6 0 6 0 8 6 0 6 0 8 6 0 6 0 8 6 0 6 0 8 6 0 6 0 8 6 0 6 0 8 6 0 6 0 8 6 0 6 0 8 6 0 6 0 8 6 0 6 0 8 6 0 6 0 8 6 0 6 0 8 6 0 6 0 8 6 0 6 0 8 6 0 6 0 8 6 0 6 0 8 6 0 6 0 8 6 0 6 0 8 6 0 6 0 8 6 0 6 0 8 6 0 6 0 8 6 0 6 0 8 6 0 6 0 8 6 0 6 0 8 6 0 6 0 8 6 0 6 0 8 6 0 6 0 8 6 0 6 0 8 6 0 6 0 8 6 0 6 0 10 12 1 1 9 12 1 9 12 1 9 12 1 9 12 1 9 12 1 10 12 1 10 7 12 1 1 1 18 12 1 1 10 7 12 1 1 1 1 1 1 1 1 1 1 1 1 1 1 1 1 1 1 1 1 1 1 1 1 1 1 1 1 1 1 1 1 1 1 1 15 10 100 12 1 1 8 1 15 10 7 12 1 1 1 16 15 10 12 16 1 100 1 100 1 1
staticfield apex/jorje/services/Version V140 Lapex/jorje/services/Version; apex/jorje/services/Version
staticfield apex/jorje/services/Version V142 Lapex/jorje/services/Version; apex/jorje/services/Version
staticfield apex/jorje/services/Version V144 Lapex/jorje/services/Version; apex/jorje/services/Version
staticfield apex/jorje/services/Version V146 Lapex/jorje/services/Version; apex/jorje/services/Version
staticfield apex/jorje/services/Version V148 Lapex/jorje/services/Version; apex/jorje/services/Version
staticfield apex/jorje/services/Version V150 Lapex/jorje/services/Version; apex/jorje/services/Version
staticfield apex/jorje/services/Version V150_1 Lapex/jorje/services/Version; apex/jorje/services/Version
staticfield apex/jorje/services/Version V152 Lapex/jorje/services/Version; apex/jorje/services/Version
staticfield apex/jorje/services/Version V154 Lapex/jorje/services/Version; apex/jorje/services/Version
staticfield apex/jorje/services/Version V156 Lapex/jorje/services/Version; apex/jorje/services/Version
staticfield apex/jorje/services/Version V158 Lapex/jorje/services/Version; apex/jorje/services/Version
staticfield apex/jorje/services/Version V160 Lapex/jorje/services/Version; apex/jorje/services/Version
staticfield apex/jorje/services/Version V162 Lapex/jorje/services/Version; apex/jorje/services/Version
staticfield apex/jorje/services/Version V164 Lapex/jorje/services/Version; apex/jorje/services/Version
staticfield apex/jorje/services/Version V166 Lapex/jorje/services/Version; apex/jorje/services/Version
staticfield apex/jorje/services/Version V168 Lapex/jorje/services/Version; apex/jorje/services/Version
staticfield apex/jorje/services/Version V170 Lapex/jorje/services/Version; apex/jorje/services/Version
staticfield apex/jorje/services/Version V172 Lapex/jorje/services/Version; apex/jorje/services/Version
staticfield apex/jorje/services/Version V174 Lapex/jorje/services/Version; apex/jorje/services/Version
staticfield apex/jorje/services/Version V176 Lapex/jorje/services/Version; apex/jorje/services/Version
staticfield apex/jorje/services/Version V178 Lapex/jorje/services/Version; apex/jorje/services/Version
staticfield apex/jorje/services/Version V180 Lapex/jorje/services/Version; apex/jorje/services/Version
staticfield apex/jorje/services/Version V182 Lapex/jorje/services/Version; apex/jorje/services/Version
staticfield apex/jorje/services/Version V184 Lapex/jorje/services/Version; apex/jorje/services/Version
staticfield apex/jorje/services/Version V186 Lapex/jorje/services/Version; apex/jorje/services/Version
staticfield apex/jorje/services/Version V188 Lapex/jorje/services/Version; apex/jorje/services/Version
staticfield apex/jorje/services/Version V190 Lapex/jorje/services/Version; apex/jorje/services/Version
staticfield apex/jorje/services/Version V192 Lapex/jorje/services/Version; apex/jorje/services/Version
staticfield apex/jorje/services/Version V194 Lapex/jorje/services/Version; apex/jorje/services/Version
staticfield apex/jorje/services/Version V196 Lapex/jorje/services/Version; apex/jorje/services/Version
staticfield apex/jorje/services/Version V198 Lapex/jorje/services/Version; apex/jorje/services/Version
staticfield apex/jorje/services/Version V200 Lapex/jorje/services/Version; apex/jorje/services/Version
staticfield apex/jorje/services/Version V202 Lapex/jorje/services/Version; apex/jorje/services/Version
staticfield apex/jorje/services/Version V204 Lapex/jorje/services/Version; apex/jorje/services/Version
staticfield apex/jorje/services/Version V206 Lapex/jorje/services/Version; apex/jorje/services/Version
staticfield apex/jorje/services/Version V208 Lapex/jorje/services/Version; apex/jorje/services/Version
staticfield apex/jorje/services/Version V210 Lapex/jorje/services/Version; apex/jorje/services/Version
staticfield apex/jorje/services/Version V212 Lapex/jorje/services/Version; apex/jorje/services/Version
staticfield apex/jorje/services/Version V214 Lapex/jorje/services/Version; apex/jorje/services/Version
staticfield apex/jorje/services/Version V216 Lapex/jorje/services/Version; apex/jorje/services/Version
staticfield apex/jorje/services/Version V218 Lapex/jorje/services/Version; apex/jorje/services/Version
staticfield apex/jorje/services/Version V220 Lapex/jorje/services/Version; apex/jorje/services/Version
staticfield apex/jorje/services/Version V222 Lapex/jorje/services/Version; apex/jorje/services/Version
staticfield apex/jorje/services/Version V224 Lapex/jorje/services/Version; apex/jorje/services/Version
staticfield apex/jorje/services/Version V226 Lapex/jorje/services/Version; apex/jorje/services/Version
staticfield apex/jorje/services/Version V228 Lapex/jorje/services/Version; apex/jorje/services/Version
staticfield apex/jorje/services/Version V230 Lapex/jorje/services/Version; apex/jorje/services/Version
staticfield apex/jorje/services/Version V232 Lapex/jorje/services/Version; apex/jorje/services/Version
staticfield apex/jorje/services/Version V234 Lapex/jorje/services/Version; apex/jorje/services/Version
staticfield apex/jorje/services/Version V236 Lapex/jorje/services/Version; apex/jorje/services/Version
staticfield apex/jorje/services/Version V238 Lapex/jorje/services/Version; apex/jorje/services/Version
staticfield apex/jorje/services/Version V240 Lapex/jorje/services/Version; apex/jorje/services/Version
staticfield apex/jorje/services/Version V242 Lapex/jorje/services/Version; apex/jorje/services/Version
staticfield apex/jorje/services/Version V244 Lapex/jorje/services/Version; apex/jorje/services/Version
staticfield apex/jorje/services/Version V246 Lapex/jorje/services/Version; apex/jorje/services/Version
staticfield apex/jorje/services/Version V248 Lapex/jorje/services/Version; apex/jorje/services/Version
staticfield apex/jorje/services/Version V250 Lapex/jorje/services/Version; apex/jorje/services/Version
staticfield apex/jorje/services/Version V252 Lapex/jorje/services/Version; apex/jorje/services/Version
staticfield apex/jorje/services/Version V254 Lapex/jorje/services/Version; apex/jorje/services/Version
staticfield apex/jorje/services/Version V256 Lapex/jorje/services/Version; apex/jorje/services/Version
staticfield apex/jorje/services/Version V258 Lapex/jorje/services/Version; apex/jorje/services/Version
staticfield apex/jorje/services/Version V260 Lapex/jorje/services/Version; apex/jorje/services/Version
staticfield apex/jorje/services/Version V262 Lapex/jorje/services/Version; apex/jorje/services/Version
staticfield apex/jorje/services/Version V264 Lapex/jorje/services/Version; apex/jorje/services/Version
staticfield apex/jorje/services/Version V266 Lapex/jorje/services/Version; apex/jorje/services/Version
staticfield apex/jorje/services/Version V268 Lapex/jorje/services/Version; apex/jorje/services/Version
staticfield apex/jorje/services/Version MIN Lapex/jorje/services/Version; apex/jorje/services/Version
staticfield apex/jorje/services/Version MAX Lapex/jorje/services/Version; apex/jorje/services/Version
staticfield apex/jorje/services/Version CURRENT Lapex/jorje/services/Version; apex/jorje/services/Version
staticfield apex/jorje/services/Version COMPILER_RELEASE Lapex/jorje/services/Version; apex/jorje/services/Version
staticfield apex/jorje/services/Version POST_RELEASE Lapex/jorje/services/Version; apex/jorje/services/Version
staticfield apex/jorje/services/Version FROM_INTERNAL Ljava/util/Map; com/google/common/collect/RegularImmutableMap
staticfield apex/jorje/services/Version $VALUES [Lapex/jorje/services/Version; 66 [Lapex/jorje/services/Version;
staticfield apex/jorje/services/Version $assertionsDisabled Z 1
ciInstanceKlass apex/jorje/semantic/bcl/ObjectMethods 1 1 232 100 1 10 100 12 1 1 1 10 7 12 1 1 1 9 7 12 1 1 1 10 7 12 1 1 1 9 7 12 1 1 1 10 12 1 1 9 7 12 1 1 1 10 12 1 1 11 7 12 1 1 1 8 1 10 100 12 1 1 1 11 12 1 1 11 100 12 1 1 1 10 100 12 1 1 1 100 1 10 12 1 1 10 100 12 1 1 1 11 12 1 9 12 1 9 7 12 1 1 1 11 7 12 1 1 1 9 12 1 9 12 1 10 12 1 9 12 1 10 12 1 10 12 1 10 12 1 1 10 7 12 1 1 1 9 12 1 8 1 10 12 1 1 7 1 10 12 1 1 9 12 1 8 1 18 12 1 10 7 12 1 1 1 18 18 18 12 1 10 7 12 1 1 9 12 1 1 1 1 1 1 1 1 1 1 1 1 1 1 1 1 1 1 1 1 1 1 1 1 1 1 15 10 7 12 1 1 1 16 15 10 12 16 15 10 12 15 10 12 16 1 15 10 12 16 1 100 1 100 1 1
staticfield apex/jorje/semantic/bcl/ObjectMethods HASH_CODE_METHOD Lcom/google/common/base/Supplier; com/google/common/base/Suppliers$NonSerializableMemoizingSupplier
staticfield apex/jorje/semantic/bcl/ObjectMethods EQUALS_METHOD Lcom/google/common/base/Supplier; com/google/common/base/Suppliers$NonSerializableMemoizingSupplier
staticfield apex/jorje/semantic/bcl/ObjectMethods TO_STRING_METHOD Lcom/google/common/base/Supplier; com/google/common/base/Suppliers$NonSerializableMemoizingSupplier
staticfield apex/jorje/semantic/bcl/ObjectMethods METHODS Lapex/common/base/Initializer; apex/common/base/Initializers$MemoizingInitializer
ciInstanceKlass com/google/common/base/Suppliers$NonSerializableMemoizingSupplier 1 1 105 10 10 7 9 9 10 11 9 10 10 10 100 10 8 10 8 10 8 8 7 7 1 1 1 1 1 1 1 1 1 1 1 1 1 1 1 1 1 1 1 1 1 1 1 1 1 1 1 100 1 1 1 1 1 1 1 1 1 1 1 12 7 12 1 12 12 7 12 12 12 7 12 100 12 12 1 12 1 12 1 12 1 1 100 1 1 1 1 1 1 1 1 1 1 1 1 1 1 1 1 1 1 1 1
ciInstanceKlass apex/jorje/semantic/symbol/type/ModifierTypeInfo 1 1 104 10 7 12 1 1 1 9 7 12 1 1 1 9 7 1 9 12 1 1 9 9 12 1 1 9 10 12 1 11 100 12 1 1 1 10 100 12 1 1 1 11 7 12 1 1 1 7 1 11 100 12 1 1 100 1 10 10 12 1 1 100 1 1 1 1 1 1 1 1 1 1 1 1 1 1 1 1 1 1 1 1 1 1 1 1 1 1 1 1 1 1 1 1 1 1 1 1 1 1 1 100 1 1
ciInstanceKlass apex/jorje/data/Locations 1 1 285 10 100 12 1 1 1 10 7 12 1 1 1 9 7 12 1 1 1 10 12 1 1 9 12 1 1 11 7 12 1 1 1 11 12 1 11 12 1 11 12 1 11 7 1 9 7 12 1 1 1 10 7 12 1 1 1 9 7 12 1 9 12 1 1 10 7 12 1 1 9 12 1 1 11 7 12 1 1 1 9 12 1 1 10 7 12 1 1 11 7 12 1 1 1 10 7 12 1 1 1 10 12 1 1 10 7 12 1 1 1 10 12 1 9 12 1 1 10 100 12 1 1 9 12 1 1 10 100 12 1 1 9 12 1 1 10 100 12 1 1 9 100 12 1 1 1 9 12 1 1 10 100 12 1 1 9 12 1 1 10 7 12 1 1 1 9 12 1 1 10 100 12 1 1 7 1 10 12 1 9 12 1 10 7 12 1 1 1 1 1 1 1 1 1 1 1 1 1 1 1 1 1 1 1 1 1 1 1 1 1 1 1 1 1 1 1 1 1 1 1 1 1 1 1 1 1 1 1 1 1 1 1 1 1 1 1 1 1 1 1 1 1 1 1 1 1 1 1 1 1 1 1 1 1 1 1 1 1 1 1 1 1 1 100 1 1 100 1 100 1 1 100 1 100 1 100 1 100 1 100 1 100 1 1
staticfield apex/jorje/data/Locations NONE Lapex/jorje/data/Location; apex/jorje/data/PositionLocation
staticfield apex/jorje/data/Locations ANONYMOUS_BLOCK Lapex/jorje/data/Location; apex/jorje/data/PositionLocation
staticfield apex/jorje/data/Locations EXTERNAL Lapex/common/tuple/IntPair; apex/common/tuple/IntPair
ciInstanceKlass apex/common/tuple/IntPair 1 1 106 10 9 9 9 10 7 10 10 10 8 10 8 10 7 18 10 7 100 1 1 1 1 1 1 1 1 1 1 1 1 1 1 1 1 1 1 1 1 1 1 1 1 1 1 1 1 1 1 1 1 12 12 12 12 12 1 7 12 12 100 12 100 12 12 1 1 15 16 15 16 12 12 1 1 1 1 1 1 1 1 1 1 1 1 1 1 1 1 1 10 10 1 1 1 7 12 12 1 1 100 1 1 100 1 1
staticfield apex/common/tuple/IntPair INTERNER Lapex/common/tuple/IntPairInterner; apex/common/tuple/IntPairInterner
ciInstanceKlass apex/jorje/semantic/symbol/type/ModifierTypeInfos 1 1 223 10 100 12 1 1 1 10 7 12 1 1 1 8 1 10 7 12 1 1 1 7 1 10 10 12 1 1 10 12 1 1 9 7 12 1 1 1 8 1 7 1 10 9 12 1 8 1 7 1 10 9 12 1 8 1 10 12 1 1 7 1 10 9 12 1 8 1 7 1 10 9 12 1 8 1 9 7 12 1 1 1 10 12 1 9 12 1 8 1 100 1 10 12 1 1 7 1 10 9 12 1 8 1 7 1 10 9 12 1 8 1 9 12 1 8 1 9 12 1 8 1 7 1 10 9 12 1 8 1 7 1 10 9 12 1 8 1 7 1 10 9 12 1 8 1 7 1 10 9 12 1 8 1 7 1 10 9 12 1 8 1 7 1 10 9 12 1 8 1 7 1 10 9 12 1 8 1 7 1 10 9 12 1 8 1 7 1 10 9 12 1 8 1 7 1 10 9 12 1 8 1 7 1 10 9 12 1 1 1 1 1 1 1 1 1 1 1 1 100 1 100 1
staticfield apex/jorje/semantic/symbol/type/ModifierTypeInfos INHERITED_SHARING Lapex/jorje/semantic/symbol/type/ModifierTypeInfo; apex/jorje/semantic/symbol/type/ModifierTypeInfo
staticfield apex/jorje/semantic/symbol/type/ModifierTypeInfos WITHOUT_SHARING Lapex/jorje/semantic/symbol/type/ModifierTypeInfo; apex/jorje/semantic/symbol/type/ModifierTypeInfo
staticfield apex/jorje/semantic/symbol/type/ModifierTypeInfos WITH_SHARING Lapex/jorje/semantic/symbol/type/ModifierTypeInfo; apex/jorje/semantic/symbol/type/ModifierTypeInfo
staticfield apex/jorje/semantic/symbol/type/ModifierTypeInfos OVERRIDE Lapex/jorje/semantic/symbol/type/ModifierTypeInfo; apex/jorje/semantic/symbol/type/ModifierTypeInfo
staticfield apex/jorje/semantic/symbol/type/ModifierTypeInfos GLOBAL Lapex/jorje/semantic/symbol/type/ModifierTypeInfo; apex/jorje/semantic/symbol/type/ModifierTypeInfo
staticfield apex/jorje/semantic/symbol/type/ModifierTypeInfos EXPLICIT_STATEMENT_EXECUTED Lapex/jorje/semantic/symbol/type/ModifierTypeInfo; apex/jorje/semantic/symbol/type/ModifierTypeInfo
staticfield apex/jorje/semantic/symbol/type/ModifierTypeInfos PUBLIC Lapex/jorje/semantic/symbol/type/ModifierTypeInfo; apex/jorje/semantic/symbol/type/ModifierTypeInfo
staticfield apex/jorje/semantic/symbol/type/ModifierTypeInfos PRIVATE Lapex/jorje/semantic/symbol/type/ModifierTypeInfo; apex/jorje/semantic/symbol/type/ModifierTypeInfo
staticfield apex/jorje/semantic/symbol/type/ModifierTypeInfos LEGACY_DEFAULT_GETTER Lapex/jorje/semantic/symbol/type/ModifierTypeInfo; apex/jorje/semantic/symbol/type/ModifierTypeInfo
staticfield apex/jorje/semantic/symbol/type/ModifierTypeInfos LEGACY_DEFAULT_SETTER Lapex/jorje/semantic/symbol/type/ModifierTypeInfo; apex/jorje/semantic/symbol/type/ModifierTypeInfo
staticfield apex/jorje/semantic/symbol/type/ModifierTypeInfos HIDDEN Lapex/jorje/semantic/symbol/type/ModifierTypeInfo; apex/jorje/semantic/symbol/type/ModifierTypeInfo
staticfield apex/jorje/semantic/symbol/type/ModifierTypeInfos PROTECTED Lapex/jorje/semantic/symbol/type/ModifierTypeInfo; apex/jorje/semantic/symbol/type/ModifierTypeInfo
staticfield apex/jorje/semantic/symbol/type/ModifierTypeInfos VIRTUAL Lapex/jorje/semantic/symbol/type/ModifierTypeInfo; apex/jorje/semantic/symbol/type/ModifierTypeInfo
staticfield apex/jorje/semantic/symbol/type/ModifierTypeInfos ABSTRACT Lapex/jorje/semantic/symbol/type/ModifierTypeInfo; apex/jorje/semantic/symbol/type/ModifierTypeInfo
staticfield apex/jorje/semantic/symbol/type/ModifierTypeInfos STATIC Lapex/jorje/semantic/symbol/type/ModifierTypeInfo; apex/jorje/semantic/symbol/type/ModifierTypeInfo
staticfield apex/jorje/semantic/symbol/type/ModifierTypeInfos TEST_METHOD Lapex/jorje/semantic/symbol/type/ModifierTypeInfo; apex/jorje/semantic/symbol/type/ModifierTypeInfo
staticfield apex/jorje/semantic/symbol/type/ModifierTypeInfos WEB_SERVICE Lapex/jorje/semantic/symbol/type/ModifierTypeInfo; apex/jorje/semantic/symbol/type/ModifierTypeInfo
staticfield apex/jorje/semantic/symbol/type/ModifierTypeInfos FINAL Lapex/jorje/semantic/symbol/type/ModifierTypeInfo; apex/jorje/semantic/symbol/type/ModifierTypeInfo
staticfield apex/jorje/semantic/symbol/type/ModifierTypeInfos TRANSIENT Lapex/jorje/semantic/symbol/type/ModifierTypeInfo; apex/jorje/semantic/symbol/type/ModifierTypeInfo
staticfield apex/jorje/semantic/symbol/type/ModifierTypeInfos BRIDGE Lapex/jorje/semantic/symbol/type/ModifierTypeInfo; apex/jorje/semantic/symbol/type/ModifierTypeInfo
staticfield apex/jorje/semantic/symbol/type/ModifierTypeInfos ACC_INTERFACE Lapex/jorje/semantic/symbol/type/ModifierTypeInfo; apex/jorje/semantic/symbol/type/ModifierTypeInfo
ciInstanceKlass apex/jorje/semantic/symbol/type/UnitType 1 1 152 7 1 9 12 1 1 9 12 1 9 12 1 9 12 1 9 12 1 9 12 1 9 12 1 9 12 1 1 10 7 12 1 1 10 7 12 1 1 1 10 12 1 1 18 12 1 1 10 7 12 1 1 1 9 12 1 1 11 100 12 1 100 1 10 100 12 1 1 1 8 8 1 10 12 1 8 8 1 8 8 1 8 8 1 8 8 1 8 8 1 8 8 1 10 12 1 1 7 1 10 12 1 9 12 1 1 1 1 1 1 1 1 1 1 1 1 1 1 1 1 1 1 1 1 1 1 1 1 15 10 7 12 1 1 1 16 15 10 12 16 1 100 1 100 1 1 100 1 100 1 1
staticfield apex/jorje/semantic/symbol/type/UnitType CLASS Lapex/jorje/semantic/symbol/type/UnitType; apex/jorje/semantic/symbol/type/UnitType
staticfield apex/jorje/semantic/symbol/type/UnitType INTERFACE Lapex/jorje/semantic/symbol/type/UnitType; apex/jorje/semantic/symbol/type/UnitType
staticfield apex/jorje/semantic/symbol/type/UnitType ENUM Lapex/jorje/semantic/symbol/type/UnitType; apex/jorje/semantic/symbol/type/UnitType
staticfield apex/jorje/semantic/symbol/type/UnitType TRIGGER Lapex/jorje/semantic/symbol/type/UnitType; apex/jorje/semantic/symbol/type/UnitType
staticfield apex/jorje/semantic/symbol/type/UnitType ANNOTATION Lapex/jorje/semantic/symbol/type/UnitType; apex/jorje/semantic/symbol/type/UnitType
staticfield apex/jorje/semantic/symbol/type/UnitType ANONYMOUS Lapex/jorje/semantic/symbol/type/UnitType; apex/jorje/semantic/symbol/type/UnitType
staticfield apex/jorje/semantic/symbol/type/UnitType UNRESOLVED Lapex/jorje/semantic/symbol/type/UnitType; apex/jorje/semantic/symbol/type/UnitType
staticfield apex/jorje/semantic/symbol/type/UnitType TO_UNIT_TYPE Lapex/jorje/data/ast/CompilationUnit$MatchBlock; apex/jorje/semantic/symbol/type/UnitType$1
staticfield apex/jorje/semantic/symbol/type/UnitType $VALUES [Lapex/jorje/semantic/symbol/type/UnitType; 7 [Lapex/jorje/semantic/symbol/type/UnitType;
ciInstanceKlass apex/jorje/semantic/symbol/type/parent/StandardParentTable 1 1 222 10 7 12 1 1 1 9 7 12 1 1 1 9 12 1 10 7 12 1 1 1 9 12 1 1 10 7 12 1 1 9 12 1 1 10 9 12 1 1 9 12 1 100 1 8 1 10 12 1 8 1 8 1 18 12 1 1 10 7 12 1 1 1 8 1 11 7 12 1 1 1 11 7 12 1 1 8 1 8 1 8 1 10 12 1 1 11 12 1 1 10 7 12 1 1 1 11 7 12 1 1 1 11 7 12 1 1 11 12 1 1 11 12 8 1 11 12 1 1 10 12 1 1 10 12 1 10 100 12 1 1 1 8 10 100 12 1 1 8 10 12 1 1 10 7 12 1 1 10 12 1 10 7 12 1 1 1 9 12 1 1 1 1 1 1 1 1 1 1 1 1 1 1 1 1 1 1 1 1 1 1 1 1 1 1 1 1 1 1 1 1 1 1 15 10 7 12 1 1 1 16 1 15 10 7 12 1 1 16 1 1 1 100 1 1 1 100 1 100 1 1
staticfield apex/jorje/semantic/symbol/type/parent/StandardParentTable EMPTY Lapex/common/base/Initializer; apex/common/base/Initializers$OfInstanceInitializer
staticfield apex/jorje/semantic/symbol/type/parent/StandardParentTable $assertionsDisabled Z 1
instanceKlass apex/common/base/VoidResult
ciInstanceKlass apex/common/base/Result 1 1 120 10 9 9 7 10 10 9 10 100 10 10 10 10 10 100 10 10 18 18 7 1 1 1 1 1 1 1 1 1 1 1 1 1 1 1 1 1 1 1 1 1 1 1 1 1 1 1 1 1 1 1 1 1 1 1 1 1 1 1 1 1 1 1 1 12 12 12 1 7 12 12 12 7 12 1 12 7 12 12 12 12 1 12 12 1 15 8 12 8 1 1 1 1 1 1 1 1 1 1 1 1 1 1 1 1 10 1 1 1 100 12 1 100 1 1 1 100 1 1
staticfield apex/common/base/Result NONE Lapex/common/base/Result; apex/common/base/Result
ciInstanceKlass apex/common/base/VoidResult 1 1 44 10 9 7 10 10 10 7 1 1 1 1 1 1 1 1 1 1 1 1 1 1 1 1 1 1 1 1 1 1 1 12 12 1 12 12 100 12 1 1 1 1 1 1
staticfield apex/common/base/VoidResult NONE Lapex/common/base/VoidResult; apex/common/base/VoidResult
instanceKlass apex/jorje/semantic/symbol/member/method/StandardMethodTable
ciInstanceKlass apex/jorje/semantic/symbol/member/method/MemoizingMethodTable 1 1 252 10 7 12 1 1 1 18 12 1 1 10 7 12 1 1 1 9 7 12 1 1 1 18 9 12 1 18 9 12 1 18 9 12 1 18 9 12 1 18 9 12 1 10 12 1 1 11 7 12 1 1 7 1 10 12 1 1 9 12 1 1 10 7 12 1 1 18 12 1 1 10 7 12 1 1 1 9 12 1 9 12 1 10 12 1 11 12 1 9 12 1 9 12 1 9 12 1 11 7 1 11 12 1 1 11 7 12 1 1 10 7 12 1 1 1 11 12 1 1 11 7 12 1 1 11 12 1 1 10 7 12 1 1 11 12 1 1 9 7 12 1 1 1 10 7 12 1 1 1 18 12 1 1 18 11 7 12 1 1 1 11 12 1 18 18 1 1 1 1 1 1 1 1 1 1 1 1 1 1 1 1 1 1 1 1 1 1 1 1 1 1 1 1 1 1 1 1 1 1 1 1 1 15 10 7 12 1 1 1 16 15 10 12 16 15 10 12 15 10 12 15 10 12 15 10 12 15 10 12 16 1 15 11 12 16 15 10 12 15 15 10 12 15 10 12 1 100 1 100 1 1
staticfield apex/jorje/semantic/symbol/member/method/MemoizingMethodTable STATICS_ONLY Ljava/util/function/Predicate; apex/jorje/semantic/symbol/member/method/MemoizingMethodTable$$Lambda$248+0x00000269b21d0d00
staticfield apex/jorje/semantic/symbol/member/method/MemoizingMethodTable CONSTRUCTORS_ONLY Ljava/util/function/Predicate; apex/jorje/semantic/symbol/member/method/MemoizingMethodTable$$Lambda$249+0x00000269b21d0f48
staticfield apex/jorje/semantic/symbol/member/method/MemoizingMethodTable INSTANCE_ONLY Ljava/util/function/Predicate; java/util/function/Predicate$$Lambda$251+0x00000269b20ddf90
staticfield apex/jorje/semantic/symbol/member/method/MemoizingMethodTable STATICS_AND_INSTANCE Ljava/util/function/Predicate; java/util/function/Predicate$$Lambda$251+0x00000269b20ddf90
staticfield apex/jorje/semantic/symbol/member/method/MemoizingMethodTable USER_CONSTRUCTORS Ljava/util/function/Predicate; apex/jorje/semantic/symbol/member/method/MemoizingMethodTable$$Lambda$252+0x00000269b21d1190
staticfield apex/jorje/semantic/symbol/member/method/MemoizingMethodTable SYSTEM_CONSTRUCTORS Ljava/util/function/Predicate; apex/jorje/semantic/symbol/member/method/MemoizingMethodTable$$Lambda$253+0x00000269b21d13d8
ciInstanceKlass apex/jorje/semantic/symbol/member/method/StandardMethodTable 1 1 514 10 7 12 1 1 1 7 1 10 9 7 12 1 1 1 10 7 12 1 1 1 9 12 1 1 9 12 1 1 10 7 12 1 1 1 9 12 1 9 12 1 9 12 1 9 12 1 9 12 1 100 1 10 12 1 1 18 12 1 1 10 12 1 9 7 12 1 1 1 10 7 12 1 1 1 10 100 12 1 1 1 8 1 10 12 1 1 10 7 12 1 1 1 100 1 10 7 12 1 1 1 18 10 12 1 18 12 1 1 10 12 1 1 10 7 12 1 1 1 10 12 1 1 11 7 12 1 1 7 1 10 12 1 8 1 11 12 1 8 1 11 12 1 1 9 7 12 1 1 1 10 7 12 1 1 1 11 12 1 1 11 7 12 1 1 100 1 8 1 11 12 1 1 10 12 1 10 12 1 10 12 1 1 10 12 1 10 7 12 1 1 10 7 12 1 1 1 11 12 1 1 11 12 1 1 11 12 1 1 11 12 1 1 10 7 12 1 1 1 8 1 7 1 11 12 1 10 7 12 1 1 1 10 12 1 1 10 12 1 1 11 7 1 10 7 12 1 1 1 10 12 1 1 10 12 1 10 12 1 10 12 1 18 12 1 1 10 12 1 1 10 7 12 1 1 18 12 1 10 12 1 1 8 1 10 7 1 11 12 1 1 11 7 12 1 1 11 12 1 1 18 12 1 11 12 1 1 10 12 1 11 12 1 10 7 12 1 1 7 1 10 11 12 1 10 12 1 1 10 100 12 1 1 11 10 12 1 1 10 12 1 1 10 12 1 10 12 1 1 11 100 12 1 1 8 1 10 12 1 7 1 10 11 12 1 10 100 12 1 1 1 10 12 1 10 7 12 1 1 10 10 12 1 1 10 7 12 1 1 1 9 12 1 1 1 1 1 1 1 1 1 1 1 1 1 1 1 1 1 1 1 1 1 1 1 1 1 1 1 1 1 1 1 1 1 1 1 1 1 1 100 1 1 1 1 1 1 1 1 1 1 1 1 1 1 1 1 1 1 1 1 1 100 1 1 1 1 1 1 1 1 1 1 1 1 1 1 1 1 15 10 100 12 1 1 8 1 8 1 15 10 7 12 1 1 1 16 15 10 12 16 1 16 15 10 12 16 16 15 16 15 10 12 16 1 100 1 1 100 1 100 1 1
staticfield apex/jorje/semantic/symbol/member/method/StandardMethodTable EMPTY Lapex/common/base/Initializer; apex/common/base/Initializers$OfInstanceInitializer
staticfield apex/jorje/semantic/symbol/member/method/StandardMethodTable $assertionsDisabled Z 1
ciInstanceKlass apex/jorje/semantic/symbol/member/method/MemoizingMethodTable$$Lambda$254+0x00000269b21d1620 1 1 23 1 7 1 7 1 100 1 1 12 10 1 1 1 7 1 7 1 1 12 10 1 1
ciInstanceKlass apex/jorje/semantic/symbol/member/method/MemoizingMethodTable$$Lambda$256+0x00000269b21d1a50 1 1 23 1 7 1 7 1 100 1 1 12 10 1 1 1 7 1 7 1 1 12 10 1 1
ciInstanceKlass apex/jorje/semantic/ast/modifier/ModifierGroup$AllSupplier 1 1 68 10 7 12 1 1 1 9 7 12 1 1 1 9 7 12 1 1 1 11 7 12 1 1 1 10 7 12 1 1 1 11 7 12 1 1 1 7 1 10 12 1 1 100 1 1 1 1 1 1 1 1 1 1 1 1 1 1 1 1 1 1 1 100 1 100 1 1
ciInstanceKlass com/google/common/base/Equivalence$Wrapper 1 1 112 10 10 10 7 9 9 7 10 10 10 10 10 100 10 10 8 8 10 7 100 1 1 1 1 1 1 1 1 1 1 1 1 5 0 1 1 1 1 1 1 1 1 1 1 1 1 1 1 1 1 1 1 1 1 1 1 1 1 1 1 1 1 100 1 1 1 1 1 1 1 1 1 1 12 12 7 12 1 12 12 1 12 12 12 100 12 12 1 12 12 1 1 12 1 1 1 1 1 1 1 1 1 1 1 1 1 1 1 1 1 1
ciInstanceKlass apex/jorje/semantic/symbol/type/ModifierTypeInfos$5 1 1 111 10 7 12 1 1 1 10 7 12 1 1 1 9 7 12 1 1 1 10 7 12 1 1 1 7 1 7 1 9 12 1 1 9 12 1 9 12 1 9 12 1 9 12 1 9 12 1 9 12 1 10 7 12 1 1 1 10 12 1 1 7 1 10 12 1 1 10 12 1 1 10 12 1 10 12 1 10 7 12 1 1 1 10 12 1 1 10 12 1 1 10 7 12 1 100 1 1 1 1 1 1 1 1 1 1 1 1 1 1 1
ciInstanceKlass apex/jorje/semantic/symbol/type/InternalTypeInfo 1 1 86 10 7 12 1 1 1 8 1 10 7 12 1 1 1 10 7 12 1 1 1 10 7 12 1 1 10 12 1 1 10 7 12 1 1 1 9 12 1 1 9 7 12 1 1 9 10 12 1 11 7 12 1 1 1 1 1 1 1 1 1 1 1 1 1 1 1 1 1 1 1 1 1 1 1 1 1 1 1 1 1 1 1 100 1 1
ciInstanceKlass apex/jorje/semantic/symbol/type/InternalTypeInfos 1 1 726 100 1 100 1 10 100 12 1 1 1 9 7 12 1 1 1 10 7 12 1 1 1 9 12 1 1 7 1 10 10 7 12 1 1 1 8 1 10 7 12 1 1 1 9 7 12 1 1 1 10 12 1 1 10 12 1 1 10 12 1 10 12 1 1 11 7 12 1 1 1 8 1 11 12 1 1 10 7 12 1 1 7 1 10 7 12 1 1 1 10 12 1 1 9 7 12 1 1 1 7 1 9 12 1 7 1 9 7 12 1 1 1 10 12 1 1 9 12 1 10 12 1 9 12 1 8 1 10 12 1 1 8 1 10 12 1 9 12 1 8 1 8 1 9 7 12 1 1 10 12 1 1 9 12 8 1 10 12 1 10 12 1 9 12 1 1 8 1 9 12 1 8 1 9 12 1 8 1 9 12 1 8 1 8 1 9 12 1 8 1 8 1 9 12 1 8 1 8 1 9 7 12 1 1 1 10 12 1 1 9 12 8 1 8 1 9 7 12 1 1 10 12 1 1 9 12 1 8 1 8 1 9 12 1 8 1 8 1 9 12 1 8 1 8 1 9 12 1 8 1 8 1 9 12 1 8 1 8 1 9 12 1 8 1 8 1 9 12 1 9 12 1 8 1 8 1 9 12 9 12 1 8 1 8 1 9 12 1 8 1 8 1 9 12 1 8 1 8 1 7 1 9 7 12 1 1 1 10 12 1 1 9 12 1 8 1 8 1 9 12 1 8 1 8 1 9 12 1 8 1 8 1 18 12 1 1 10 7 12 1 1 1 10 12 1 9 12 1 8 1 8 1 9 12 1 8 1 8 1 9 12 1 8 1 8 1 9 12 1 8 1 8 1 9 12 1 9 12 8 1 8 1 9 12 1 8 1 8 1 9 12 1 8 1 8 1 9 12 1 8 1 8 1 9 12 1 8 1 8 1 9 12 1 8 1 8 1 9 12 1 8 1 8 1 9 12 1 8 1 8 1 9 12 1 8 1 8 1 9 12 1 8 1 8 1 9 12 1 8 1 8 1 9 12 1 8 1 8 1 9 12 1 9 12 1 100 1 8 1 8 1 9 12 1 8 1 8 1 9 12 1 9 12 1 8 1 8 1 9 12 1 8 1 8 1 9 12 1 9 12 1 8 1 8 1 9 7 1 9 12 1 8 1 8 1 9 12 1 8 1 8 1 9 12 1 8 1 8 1 9 12 1 8 1 8 1 10 7 12 1 1 9 12 1 8 1 8 1 9 12 1 9 12 1 8 1 8 1 9 12 1 8 1 8 1 9 12 1 8 1 8 1 9 12 1 8 1 8 1 9 12 1 8 1 8 1 9 12 1 8 1 8 1 9 12 1 8 1 8 1 9 12 1 9 12 1 8 1 8 1 9 12 1 8 1 8 1 9 12 1 8 1 8 1 9 12 1 8 1 8 1 18 10 12 1 9 12 1 18 9 12 1 8 1 8 1 9 12 1 8 1 8 1 9 12 1 8 1 8 1 9 12 1 8 1 8 1 9 12 1 1 1 1 1 1 1 1 1 1 1 1 1 1 1 1 1 1 1 1 1 15 10 7 12 1 1 1 16 1 15 10 12 16 15 10 12 16 15 10 12 1 1 100 1 100 1 100 1 100 1 100 1 100 1 1
staticfield apex/jorje/semantic/symbol/type/InternalTypeInfos THROWABLE Lapex/jorje/semantic/symbol/type/InternalTypeInfo; apex/jorje/semantic/symbol/type/InternalTypeInfo
staticfield apex/jorje/semantic/symbol/type/InternalTypeInfos CLASS Lapex/jorje/semantic/symbol/type/InternalTypeInfo; apex/jorje/semantic/symbol/type/InternalTypeInfo
staticfield apex/jorje/semantic/symbol/type/InternalTypeInfos ENUM Lapex/jorje/semantic/symbol/type/InternalTypeInfo; apex/jorje/semantic/symbol/type/InternalTypeInfo
staticfield apex/jorje/semantic/symbol/type/InternalTypeInfos TRIGGER Lapex/jorje/semantic/symbol/type/InternalTypeInfo; apex/jorje/semantic/symbol/type/InternalTypeInfo
staticfield apex/jorje/semantic/symbol/type/InternalTypeInfos NULL Lapex/jorje/semantic/symbol/type/InternalTypeInfo; apex/jorje/semantic/symbol/type/InternalTypeInfo
staticfield apex/jorje/semantic/symbol/type/InternalTypeInfos PRIMITIVE_BOOLEAN Lapex/jorje/semantic/symbol/type/TypeInfo; apex/jorje/semantic/symbol/type/InternalTypeInfo
staticfield apex/jorje/semantic/symbol/type/InternalTypeInfos PRIMITIVE_INTEGER Lapex/jorje/semantic/symbol/type/TypeInfo; apex/jorje/semantic/symbol/type/InternalTypeInfo
staticfield apex/jorje/semantic/symbol/type/InternalTypeInfos PRIMITIVE_LONG Lapex/jorje/semantic/symbol/type/TypeInfo; apex/jorje/semantic/symbol/type/InternalTypeInfo
staticfield apex/jorje/semantic/symbol/type/InternalTypeInfos PRIMITIVE_DOUBLE Lapex/jorje/semantic/symbol/type/TypeInfo; apex/jorje/semantic/symbol/type/InternalTypeInfo
staticfield apex/jorje/semantic/symbol/type/InternalTypeInfos SFDC_ADDITIONAL_TYPE Lapex/jorje/semantic/symbol/type/TypeInfo; apex/jorje/semantic/symbol/type/InternalTypeInfo
staticfield apex/jorje/semantic/symbol/type/InternalTypeInfos SFDC_MODIFIERS Lapex/jorje/semantic/symbol/type/TypeInfo; apex/jorje/semantic/symbol/type/InternalTypeInfo
staticfield apex/jorje/semantic/symbol/type/InternalTypeInfos SYSTEM Lapex/jorje/semantic/symbol/type/InternalTypeInfo; apex/jorje/semantic/symbol/type/InternalTypeInfo
staticfield apex/jorje/semantic/symbol/type/InternalTypeInfos SYSTEM_STATUS_CODE Lapex/jorje/semantic/symbol/type/InternalTypeInfo; apex/jorje/semantic/symbol/type/InternalTypeInfo
staticfield apex/jorje/semantic/symbol/type/InternalTypeInfos SYSTEM_TYPE Lapex/jorje/semantic/symbol/type/InternalTypeInfo; apex/jorje/semantic/symbol/type/InternalTypeInfo
staticfield apex/jorje/semantic/symbol/type/InternalTypeInfos SYSTEM_PATTERN Lapex/jorje/semantic/symbol/type/InternalTypeInfo; apex/jorje/semantic/symbol/type/InternalTypeInfo
staticfield apex/jorje/semantic/symbol/type/InternalTypeInfos SYSTEM_REST_RESPONSE Lapex/jorje/semantic/symbol/type/InternalTypeInfo; apex/jorje/semantic/symbol/type/InternalTypeInfo
staticfield apex/jorje/semantic/symbol/type/InternalTypeInfos SYSTEM_REST_REQUEST Lapex/jorje/semantic/symbol/type/InternalTypeInfo; apex/jorje/semantic/symbol/type/InternalTypeInfo
staticfield apex/jorje/semantic/symbol/type/InternalTypeInfos SYSTEM_MATCHER Lapex/jorje/semantic/symbol/type/InternalTypeInfo; apex/jorje/semantic/symbol/type/InternalTypeInfo
staticfield apex/jorje/semantic/symbol/type/InternalTypeInfos SYSTEM_SCHEDULABLE Lapex/jorje/semantic/symbol/type/InternalTypeInfo; apex/jorje/semantic/symbol/type/InternalTypeInfo
staticfield apex/jorje/semantic/symbol/type/InternalTypeInfos SYSTEM_SCHEMA Lapex/jorje/semantic/symbol/type/InternalTypeInfo; apex/jorje/semantic/symbol/type/InternalTypeInfo
staticfield apex/jorje/semantic/symbol/type/InternalTypeInfos SYSTEM_QUEUEABLE Lapex/jorje/semantic/symbol/type/InternalTypeInfo; apex/jorje/semantic/symbol/type/InternalTypeInfo
staticfield apex/jorje/semantic/symbol/type/InternalTypeInfos SYSTEM_SCHEDULABLE_CONTEXT Lapex/jorje/semantic/symbol/type/InternalTypeInfo; apex/jorje/semantic/symbol/type/InternalTypeInfo
staticfield apex/jorje/semantic/symbol/type/InternalTypeInfos SYSTEM_ITERABLE Lapex/jorje/semantic/symbol/type/InternalTypeInfo; apex/jorje/semantic/symbol/type/InternalTypeInfo
staticfield apex/jorje/semantic/symbol/type/InternalTypeInfos SYSTEM_ITERATOR Lapex/jorje/semantic/symbol/type/InternalTypeInfo; apex/jorje/semantic/symbol/type/InternalTypeInfo
staticfield apex/jorje/semantic/symbol/type/InternalTypeInfos SYSTEM_COMPARATOR Lapex/jorje/semantic/symbol/type/InternalTypeInfo; apex/jorje/semantic/symbol/type/InternalTypeInfo
staticfield apex/jorje/semantic/symbol/type/InternalTypeInfos SYSTEM_ACCESSLEVEL Lapex/jorje/semantic/symbol/type/InternalTypeInfo; apex/jorje/semantic/symbol/type/InternalTypeInfo
staticfield apex/jorje/semantic/symbol/type/InternalTypeInfos SYSTEM_PAGE_REFERENCE Lapex/jorje/semantic/symbol/type/InternalTypeInfo; apex/jorje/semantic/symbol/type/InternalTypeInfo
staticfield apex/jorje/semantic/symbol/type/InternalTypeInfos SYSTEM_VERSION Lapex/jorje/semantic/symbol/type/InternalTypeInfo; apex/jorje/semantic/symbol/type/InternalTypeInfo
staticfield apex/jorje/semantic/symbol/type/InternalTypeInfos PACKAGE_VERSION Lapex/jorje/semantic/symbol/type/InternalTypeInfo; apex/jorje/semantic/symbol/type/InternalTypeInfo
staticfield apex/jorje/semantic/symbol/type/InternalTypeInfos DATABASE Lapex/jorje/semantic/symbol/type/InternalTypeInfo; apex/jorje/semantic/symbol/type/InternalTypeInfo
staticfield apex/jorje/semantic/symbol/type/InternalTypeInfos DATABASE_DML_OPTIONS Lapex/jorje/semantic/symbol/type/InternalTypeInfo; apex/jorje/semantic/symbol/type/InternalTypeInfo
staticfield apex/jorje/semantic/symbol/type/InternalTypeInfos DATABASE_ERROR Lapex/jorje/semantic/symbol/type/InternalTypeInfo; apex/jorje/semantic/symbol/type/InternalTypeInfo
staticfield apex/jorje/semantic/symbol/type/InternalTypeInfos DATABASE_DELETE_RESULT Lapex/jorje/semantic/symbol/type/InternalTypeInfo; apex/jorje/semantic/symbol/type/InternalTypeInfo
staticfield apex/jorje/semantic/symbol/type/InternalTypeInfos DATABASE_SAVE_RESULT Lapex/jorje/semantic/symbol/type/InternalTypeInfo; apex/jorje/semantic/symbol/type/InternalTypeInfo
staticfield apex/jorje/semantic/symbol/type/InternalTypeInfos DATABASE_UPSERT_RESULT Lapex/jorje/semantic/symbol/type/InternalTypeInfo; apex/jorje/semantic/symbol/type/InternalTypeInfo
staticfield apex/jorje/semantic/symbol/type/InternalTypeInfos DATABASE_UNDELETE_RESULT Lapex/jorje/semantic/symbol/type/InternalTypeInfo; apex/jorje/semantic/symbol/type/InternalTypeInfo
staticfield apex/jorje/semantic/symbol/type/InternalTypeInfos DATABASE_MERGE_RESULT Lapex/jorje/semantic/symbol/type/InternalTypeInfo; apex/jorje/semantic/symbol/type/InternalTypeInfo
staticfield apex/jorje/semantic/symbol/type/InternalTypeInfos DATABASE_QUERY_LOCATOR Lapex/jorje/semantic/symbol/type/InternalTypeInfo; apex/jorje/semantic/symbol/type/InternalTypeInfo
staticfield apex/jorje/semantic/symbol/type/InternalTypeInfos DATABASE_QUERY_LOCATOR_CHUNK_ITERATOR Lapex/jorje/semantic/symbol/type/InternalTypeInfo; apex/jorje/semantic/symbol/type/InternalTypeInfo
staticfield apex/jorje/semantic/symbol/type/InternalTypeInfos DATABASE_QUERY_LOCATOR_ITERATOR Lapex/jorje/semantic/symbol/type/InternalTypeInfo; apex/jorje/semantic/symbol/type/InternalTypeInfo
staticfield apex/jorje/semantic/symbol/type/InternalTypeInfos DATABASE_BATCHABLE Lapex/jorje/semantic/symbol/type/InternalTypeInfo; apex/jorje/semantic/symbol/type/InternalTypeInfo
staticfield apex/jorje/semantic/symbol/type/InternalTypeInfos MESSAGING_INBOUND_EMAIL_HANDLER Lapex/jorje/semantic/symbol/type/InternalTypeInfo; apex/jorje/semantic/symbol/type/InternalTypeInfo
staticfield apex/jorje/semantic/symbol/type/InternalTypeInfos SOBJECT_METHODS Lapex/jorje/semantic/symbol/type/InternalTypeInfo; apex/jorje/semantic/symbol/type/InternalTypeInfo
staticfield apex/jorje/semantic/symbol/type/InternalTypeInfos SOBJECT_USER Lapex/jorje/semantic/symbol/type/InternalTypeInfo; apex/jorje/semantic/symbol/type/InternalTypeInfo
staticfield apex/jorje/semantic/symbol/type/InternalTypeInfos SOBJECT_AGGREGATE_RESULT Lapex/jorje/semantic/symbol/type/InternalTypeInfo; apex/jorje/semantic/symbol/type/InternalTypeInfo
staticfield apex/jorje/semantic/symbol/type/InternalTypeInfos APEX_PAGES_COMPONENT Lapex/jorje/semantic/symbol/type/InternalTypeInfo; apex/jorje/semantic/symbol/type/InternalTypeInfo
staticfield apex/jorje/semantic/symbol/type/InternalTypeInfos SYSTEM_LABEL Lapex/jorje/semantic/symbol/type/InternalTypeInfo; apex/jorje/semantic/symbol/type/InternalTypeInfo
staticfield apex/jorje/semantic/symbol/type/InternalTypeInfos SYSTEM_QUICK_ACTION Lapex/jorje/semantic/symbol/type/InternalTypeInfo; apex/jorje/semantic/symbol/type/InternalTypeInfo
staticfield apex/jorje/semantic/symbol/type/InternalTypeInfos APEX_PAGES_EXPRESSIONS Lapex/jorje/semantic/symbol/type/InternalTypeInfo; apex/jorje/semantic/symbol/type/InternalTypeInfo
staticfield apex/jorje/semantic/symbol/type/InternalTypeInfos APEX_PAGES_FACETS Lapex/jorje/semantic/symbol/type/InternalTypeInfo; apex/jorje/semantic/symbol/type/InternalTypeInfo
staticfield apex/jorje/semantic/symbol/type/InternalTypeInfos FLOW_INTERVIEW Lapex/jorje/semantic/symbol/type/InternalTypeInfo; apex/jorje/semantic/symbol/type/InternalTypeInfo
staticfield apex/jorje/semantic/symbol/type/InternalTypeInfos BUILT_IN_SCHEMA_DESCRIBE_SOBJECT_RESULT Lapex/jorje/semantic/symbol/type/InternalTypeInfo; apex/jorje/semantic/symbol/type/InternalTypeInfo
staticfield apex/jorje/semantic/symbol/type/InternalTypeInfos SCHEMA_DESCRIBE_SOBJECT_RESULT Lapex/jorje/semantic/symbol/type/InternalTypeInfo; apex/jorje/semantic/symbol/type/InternalTypeInfo
staticfield apex/jorje/semantic/symbol/type/InternalTypeInfos SCHEMA_SOBJECT_FIELD Lapex/jorje/semantic/symbol/type/InternalTypeInfo; apex/jorje/semantic/symbol/type/InternalTypeInfo
staticfield apex/jorje/semantic/symbol/type/InternalTypeInfos SCHEMA_FIELD_SET Lapex/jorje/semantic/symbol/type/InternalTypeInfo; apex/jorje/semantic/symbol/type/InternalTypeInfo
staticfield apex/jorje/semantic/symbol/type/InternalTypeInfos BUILT_IN_SCHEMA_DESCRIBE_FIELD_RESULT Lapex/jorje/semantic/symbol/type/InternalTypeInfo; apex/jorje/semantic/symbol/type/InternalTypeInfo
staticfield apex/jorje/semantic/symbol/type/InternalTypeInfos SCHEMA_DESCRIBE_FIELD_RESULT Lapex/jorje/semantic/symbol/type/InternalTypeInfo; apex/jorje/semantic/symbol/type/InternalTypeInfo
staticfield apex/jorje/semantic/symbol/type/InternalTypeInfos SCHEMA_SOBJECT_TYPE Lapex/jorje/semantic/symbol/type/InternalTypeInfo; apex/jorje/semantic/symbol/type/InternalTypeInfo
staticfield apex/jorje/semantic/symbol/type/InternalTypeInfos SCHEMA_SOBJECT_ROW_CAUSE Lapex/jorje/semantic/symbol/type/InternalTypeInfo; apex/jorje/semantic/symbol/type/InternalTypeInfo
staticfield apex/jorje/semantic/symbol/type/InternalTypeInfos SCHEMA_SOBJECT_QUICK_ACTION Lapex/jorje/semantic/symbol/type/InternalTypeInfo; apex/jorje/semantic/symbol/type/InternalTypeInfo
staticfield apex/jorje/semantic/symbol/type/InternalTypeInfos SCHEMA_SOBJECT_TYPE_FIELDS Lapex/jorje/semantic/symbol/type/InternalTypeInfo; apex/jorje/semantic/symbol/type/InternalTypeInfo
staticfield apex/jorje/semantic/symbol/type/InternalTypeInfos SCHEMA_SOBJECT_TYPE_FIELD_SETS Lapex/jorje/semantic/symbol/type/InternalTypeInfo; apex/jorje/semantic/symbol/type/InternalTypeInfo
staticfield apex/jorje/semantic/symbol/type/InternalTypeInfos APEX_EXCEPTION Lapex/jorje/semantic/symbol/type/InternalTypeInfo; apex/jorje/semantic/symbol/type/InternalTypeInfo
staticfield apex/jorje/semantic/symbol/type/InternalTypeInfos PARENT_OBJECT Lapex/common/base/Initializer; apex/common/base/Initializers$MemoizingInitializer
staticfield apex/jorje/semantic/symbol/type/InternalTypeInfos APEX_OBJECT Lapex/jorje/semantic/symbol/type/InternalTypeInfo; apex/jorje/semantic/symbol/type/InternalTypeInfo
staticfield apex/jorje/semantic/symbol/type/InternalTypeInfos SYSTEM_BUSINESS_HOURS Lapex/jorje/semantic/symbol/type/InternalTypeInfo; apex/jorje/semantic/symbol/type/InternalTypeInfo
staticfield apex/jorje/semantic/symbol/type/InternalTypeInfos SYSTEM_ROUNDING_MODE Lapex/jorje/semantic/symbol/type/InternalTypeInfo; apex/jorje/semantic/symbol/type/InternalTypeInfo
staticfield apex/jorje/semantic/symbol/type/InternalTypeInfos SYSTEM_TRIGGER_OPERATION Lapex/jorje/semantic/symbol/type/InternalTypeInfo; apex/jorje/semantic/symbol/type/InternalTypeInfo
ciInstanceKlass com/google/common/base/NullnessCasts 1 1 33 10 100 100 1 1 1 1 1 1 1 1 1 1 1 1 1 1 1 1 1 1 1 1 1 1 1 1 1 1 12 1 1
ciInstanceKlass apex/jorje/semantic/symbol/type/common/TypeInfoUtil 1 1 239 10 100 12 1 1 1 11 7 12 1 1 1 10 7 12 1 1 1 10 12 1 11 12 1 1 9 7 12 1 1 1 9 12 1 100 1 10 12 1 18 12 1 1 10 7 12 1 1 1 18 18 10 12 1 1 10 12 1 1 10 100 12 1 1 10 7 12 1 1 11 100 12 1 1 10 12 1 11 12 1 1 10 7 12 1 1 10 12 1 11 7 12 1 1 1 11 7 12 1 1 11 12 1 1 10 12 1 11 12 1 1 11 7 12 1 1 100 1 10 10 9 7 12 1 1 1 10 12 1 10 12 1 10 12 1 100 1 10 12 1 11 12 1 1 11 12 1 1 9 100 12 1 1 1 10 100 12 1 1 1 9 12 1 10 12 1 1 1 1 1 1 1 1 1 1 1 1 1 1 1 1 1 1 1 1 1 1 1 1 1 1 1 1 1 1 1 1 1 1 1 1 1 1 1 1 1 1 1 1 1 1 1 1 15 10 100 12 1 1 1 16 1 15 10 12 16 15 10 12 15 10 12 1 100 1 100 1 1
ciInstanceKlass apex/jorje/semantic/symbol/type/visitor/TypeInfoVisitor 1 0 35 100 1 100 1 1 1 1 1 1 1 1 1 1 1 1 1 1 1 1 1 1 1 1 1 1 1 1 1 1 1 100 1 1 1
ciInstanceKlass apex/jorje/semantic/symbol/member/method/signature/SignatureFactory 1 1 55 10 100 12 1 1 1 10 7 12 1 1 1 10 7 12 1 1 1 10 7 12 1 1 1 10 12 1 7 1 10 12 1 1 1 1 1 1 1 1 1 1 1 1 1 1 1 1 1 1 1 1 1 1 1
ciInstanceKlass apex/jorje/semantic/symbol/type/StandardTypeInfoImpl 1 1 46 10 7 12 1 1 1 7 1 10 12 1 11 7 12 1 1 1 100 1 100 1 1 1 1 1 1 1 1 1 1 1 1 1 1 1 1 1 1 1 1 1 1 100 1 1
ciInstanceKlass apex/jorje/semantic/symbol/type/common/GenericTypeInfoUtil 1 1 137 10 100 12 1 1 1 9 7 12 1 1 1 11 7 12 1 1 1 100 1 9 12 1 9 7 12 1 1 1 11 12 1 1 10 7 12 1 1 1 10 12 1 1 9 12 1 7 1 10 12 1 1 9 12 1 11 12 1 1 11 12 1 1 9 100 12 1 1 1 11 100 12 1 1 11 12 1 1 9 100 12 1 1 1 10 12 1 1 9 12 1 7 1 10 7 1 10 7 1 10 7 1 10 7 1 10 1 1 1 1 1 1 1 1 1 1 1 1 1 1 1 1 1 1 1 1 1 1 1 1 1 1 1 1 1 1
staticfield apex/jorje/semantic/symbol/type/common/GenericTypeInfoUtil AS_GENERIC_TYPE Lapex/jorje/semantic/symbol/type/visitor/TypeInfoVisitor; apex/jorje/semantic/symbol/type/common/GenericTypeInfoUtil$1
staticfield apex/jorje/semantic/symbol/type/common/GenericTypeInfoUtil IS_GENERIC_TYPE Lapex/jorje/semantic/symbol/type/visitor/TypeInfoVisitor; apex/jorje/semantic/symbol/type/common/GenericTypeInfoUtil$2
staticfield apex/jorje/semantic/symbol/type/common/GenericTypeInfoUtil GET_ROOT_TYPE Lapex/jorje/semantic/symbol/type/visitor/TypeInfoVisitor; apex/jorje/semantic/symbol/type/common/GenericTypeInfoUtil$3
staticfield apex/jorje/semantic/symbol/type/common/GenericTypeInfoUtil IS_USER_GENERIC_INTERFACE Lapex/jorje/semantic/symbol/type/visitor/TypeInfoVisitor; apex/jorje/semantic/symbol/type/common/GenericTypeInfoUtil$4
staticfield apex/jorje/semantic/symbol/type/common/GenericTypeInfoUtil IS_REIFIED_TYPE Lapex/jorje/semantic/symbol/type/visitor/TypeInfoVisitor; apex/jorje/semantic/symbol/type/common/GenericTypeInfoUtil$5
ciInstanceKlass apex/jorje/semantic/symbol/type/details/CodeUnitDetailsProvider$NonSourceCodeUnitDetails 1 1 134 10 7 12 1 1 1 9 7 12 1 1 1 9 7 1 9 12 1 1 9 100 1 10 10 12 1 100 1 8 1 10 12 1 11 100 12 1 1 1 9 100 12 1 1 1 10 7 12 1 1 1 9 100 12 1 1 1 8 1 8 1 8 1 10 100 12 1 1 1 8 10 100 12 1 1 1 10 12 1 100 1 1 1 1 1 1 1 1 1 1 1 1 1 1 1 1 1 1 1 1 1 1 1 1 1 1 1 1 1 1 1 1 1 1 1 1 1 1 1 1 1 1 1 1 7 1 1 1 1 100 1 1 1
ciInstanceKlass apex/common/base/MoreStrings 1 1 201 10 10 10 9 10 10 10 10 7 10 9 10 10 10 10 10 10 10 10 8 10 10 10 8 10 8 10 9 8 9 8 9 8 9 8 8 10 9 9 8 8 9 10 10 7 100 1 1 1 1 1 1 1 1 1 1 1 1 1 1 1 1 1 1 1 1 1 1 1 1 1 1 1 1 1 1 1 1 1 1 100 1 1 1 1 1 1 1 1 1 1 1 1 1 1 1 1 1 1 1 1 1 1 1 1 1 1 1 1 1 1 1 1 1 1 1 1 1 1 1 12 12 12 12 7 12 12 12 12 1 12 12 7 12 12 100 12 12 12 7 12 12 12 1 7 12 12 12 1 12 1 7 12 12 1 12 1 12 1 12 1 1 12 12 12 1 1 12 12 12 1 1 1 1 1 1 1 1 1 1 1 1 1 1 1 1 1 1 1 1 1 1 1 1 1 1 1 1 1 1
staticfield apex/common/base/MoreStrings ON_COMMA Ljava/util/stream/Collector; java/util/stream/Collectors$CollectorImpl
staticfield apex/common/base/MoreStrings ON_NEW_LINE Ljava/util/stream/Collector; java/util/stream/Collectors$CollectorImpl
staticfield apex/common/base/MoreStrings ON_COMMA_AND_SPACE Ljava/util/stream/Collector; java/util/stream/Collectors$CollectorImpl
staticfield apex/common/base/MoreStrings ON_COLON Ljava/util/stream/Collector; java/util/stream/Collectors$CollectorImpl
staticfield apex/common/base/MoreStrings ON_COMMA_ENCLOSING_PARENTHESISES Ljava/util/stream/Collector; java/util/stream/Collectors$CollectorImpl
staticfield apex/common/base/MoreStrings ON_COMMA_AND_SPACE_ENCLOSING_PARENTHESISES Ljava/util/stream/Collector; java/util/stream/Collectors$CollectorImpl
staticfield apex/common/base/MoreStrings ON_COMMA_AND_SPACE_ENCLOSING_CURLY_BRACES Ljava/util/stream/Collector; java/util/stream/Collectors$CollectorImpl
staticfield apex/common/base/MoreStrings LOWER_CASE_FAST Lapex/common/base/ToLowerCaseFast; apex/common/base/ToLowerCaseFast
staticfield apex/common/base/MoreStrings UPPER_CASE_FAST Lapex/common/base/ToUpperCaseFast; apex/common/base/ToUpperCaseFast
ciInstanceKlass apex/jorje/semantic/symbol/type/AnnotationTypeInfos 1 1 780 10 100 12 1 1 1 10 7 12 1 1 1 8 1 10 7 12 1 1 1 8 1 10 12 1 7 1 10 12 1 100 1 8 1 10 7 12 1 1 1 9 7 12 1 1 1 10 12 1 1 10 7 12 1 1 1 10 12 1 1 10 12 1 1 10 12 1 1 7 1 10 10 12 1 1 10 12 1 9 7 12 1 1 1 8 1 8 1 7 1 10 9 12 1 8 1 8 1 7 1 10 8 1 10 7 12 1 1 7 1 7 1 9 12 1 1 10 7 12 1 1 1 10 7 12 1 1 1 10 12 1 10 12 1 1 8 1 8 1 9 12 1 9 7 12 1 1 1 10 12 1 1 8 1 10 7 12 1 1 1 10 12 1 1 9 12 1 1 10 7 12 1 1 10 7 12 1 1 10 12 1 1 8 1 9 12 1 9 12 1 9 7 12 1 1 1 10 12 1 1 9 12 1 9 12 1 8 1 8 1 10 12 1 9 12 1 1 8 1 8 1 8 1 9 12 1 7 1 10 9 12 1 8 1 8 1 7 1 10 9 12 1 8 1 8 1 7 1 10 9 12 1 8 1 8 1 7 1 10 9 12 1 8 1 8 1 8 1 9 12 1 10 12 1 1 8 1 7 1 10 9 12 1 8 1 8 1 8 1 7 1 10 9 12 1 8 1 8 1 8 1 9 12 1 8 1 9 12 1 9 12 1 8 1 9 12 1 8 1 10 12 1 1 10 12 1 10 12 1 8 1 7 1 10 9 12 1 8 1 8 1 8 1 8 1 8 1 8 1 8 1 8 1 8 1 8 1 8 1 8 1 10 12 1 9 12 1 8 1 8 1 8 1 10 7 12 1 1 9 12 1 10 12 1 1 9 7 12 1 1 1 5 0 10 12 1 1 10 12 1 8 1 9 12 1 10 12 1 1 7 1 10 9 12 1 8 1 8 1 7 1 10 9 12 1 8 1 8 1 8 1 8 1 8 1 8 1 9 12 1 10 12 1 9 12 1 8 1 9 12 1 10 12 1 8 1 10 12 1 8 1 9 12 1 10 12 1 7 1 10 9 12 1 8 1 8 1 8 1 8 9 12 1 7 1 9 7 12 1 1 9 12 1 9 12 1 9 12 1 9 12 9 12 10 12 1 1 10 12 1 10 12 1 9 12 1 8 1 9 12 1 7 1 10 9 12 1 8 1 8 1 7 1 10 9 12 1 8 1 8 1 8 1 10 12 1 7 1 10 9 12 1 8 1 8 1 7 1 10 9 12 1 8 1 8 1 7 1 10 10 12 1 9 12 1 8 1 8 1 7 1 10 9 12 1 8 1 8 1 7 1 10 9 12 1 8 1 8 1 7 1 10 9 12 1 8 1 8 1 10 12 1 7 1 10 9 12 1 8 1 7 1 10 9 12 1 8 1 8 1 10 12 1 7 1 10 9 12 1 8 1 8 1 7 1 10 9 12 1 8 1 8 1 7 1 10 9 12 1 8 1 8 1 7 1 10 9 12 1 8 1 8 1 8 1 10 12 1 9 12 1 8 1 8 1 9 7 12 1 1 1 10 12 1 1 9 12 1 7 1 10 9 12 1 8 1 8 1 7 1 10 9 12 1 8 1 8 1 7 1 10 9 12 1 1 1 1 1 1 1 1 1 1 1 1 1 1 1 8 1 1 1 1 1 1 1 1 1 1 1 1 1 1 1 1 1 1 1 1 1 1 1 1 1 1 1 1 1 1 1 1 1 1 100 1 100 1 1 1
staticfield apex/jorje/semantic/symbol/type/AnnotationTypeInfos SFDC_ONLY Lapex/jorje/semantic/symbol/type/StandardAnnotationTypeInfo; apex/jorje/semantic/symbol/type/StandardAnnotationTypeInfo
staticfield apex/jorje/semantic/symbol/type/AnnotationTypeInfos DEPRECATED Lapex/jorje/semantic/symbol/type/StandardAnnotationTypeInfo; apex/jorje/semantic/symbol/type/StandardAnnotationTypeInfo
staticfield apex/jorje/semantic/symbol/type/AnnotationTypeInfos AURA_ENABLED Lapex/jorje/semantic/symbol/type/StandardAnnotationTypeInfo; apex/jorje/semantic/symbol/type/StandardAnnotationTypeInfo
staticfield apex/jorje/semantic/symbol/type/AnnotationTypeInfos READ_ONLY_USE_REPLICA_VALUES Ljava/util/Set; com/google/common/collect/RegularImmutableSet
staticfield apex/jorje/semantic/symbol/type/AnnotationTypeInfos READ_ONLY Lapex/jorje/semantic/symbol/type/StandardAnnotationTypeInfo; apex/jorje/semantic/symbol/type/StandardAnnotationTypeInfo
staticfield apex/jorje/semantic/symbol/type/AnnotationTypeInfos HIDDEN_FROM_DOC Lapex/jorje/semantic/symbol/type/StandardAnnotationTypeInfo; apex/jorje/semantic/symbol/type/StandardAnnotationTypeInfo
staticfield apex/jorje/semantic/symbol/type/AnnotationTypeInfos USE_CONNECT_SERIALIZER Lapex/jorje/semantic/symbol/type/StandardAnnotationTypeInfo; apex/jorje/semantic/symbol/type/StandardAnnotationTypeInfo
staticfield apex/jorje/semantic/symbol/type/AnnotationTypeInfos USE_CONNECT_DESERIALIZER Lapex/jorje/semantic/symbol/type/StandardAnnotationTypeInfo; apex/jorje/semantic/symbol/type/StandardAnnotationTypeInfo
staticfield apex/jorje/semantic/symbol/type/AnnotationTypeInfos VISIBLE_API_VERSION Lapex/jorje/semantic/symbol/type/StandardAnnotationTypeInfo; apex/jorje/semantic/symbol/type/StandardAnnotationTypeInfo
staticfield apex/jorje/semantic/symbol/type/AnnotationTypeInfos REMOTE_ACTION Lapex/jorje/semantic/symbol/type/StandardAnnotationTypeInfo; apex/jorje/semantic/symbol/type/StandardAnnotationTypeInfo
staticfield apex/jorje/semantic/symbol/type/AnnotationTypeInfos IS_TEST Lapex/jorje/semantic/symbol/type/StandardAnnotationTypeInfo; apex/jorje/semantic/symbol/type/StandardAnnotationTypeInfo
staticfield apex/jorje/semantic/symbol/type/AnnotationTypeInfos FUTURE_LIMIT_OPTIONS Ljava/util/Set; com/google/common/collect/RegularImmutableSet
staticfield apex/jorje/semantic/symbol/type/AnnotationTypeInfos FUTURE Lapex/jorje/semantic/symbol/type/StandardAnnotationTypeInfo; apex/jorje/semantic/symbol/type/StandardAnnotationTypeInfo
staticfield apex/jorje/semantic/symbol/type/AnnotationTypeInfos TEST_SETUP Lapex/jorje/semantic/symbol/type/StandardAnnotationTypeInfo; apex/jorje/semantic/symbol/type/StandardAnnotationTypeInfo
staticfield apex/jorje/semantic/symbol/type/AnnotationTypeInfos INVOCABLE_METHOD Lapex/jorje/semantic/symbol/type/StandardAnnotationTypeInfo; apex/jorje/semantic/symbol/type/StandardAnnotationTypeInfo
staticfield apex/jorje/semantic/symbol/type/AnnotationTypeInfos INVOCABLE_VARIABLE Lapex/jorje/semantic/symbol/type/StandardAnnotationTypeInfo; apex/jorje/semantic/symbol/type/StandardAnnotationTypeInfo
staticfield apex/jorje/semantic/symbol/type/AnnotationTypeInfos TEST_VISIBLE Lapex/jorje/semantic/symbol/type/StandardAnnotationTypeInfo; apex/jorje/semantic/symbol/type/StandardAnnotationTypeInfo
staticfield apex/jorje/semantic/symbol/type/AnnotationTypeInfos REST_RESOURCE Lapex/jorje/semantic/symbol/type/StandardAnnotationTypeInfo; apex/jorje/semantic/symbol/type/StandardAnnotationTypeInfo
staticfield apex/jorje/semantic/symbol/type/AnnotationTypeInfos HTTP_DELETE Lapex/jorje/semantic/symbol/type/StandardAnnotationTypeInfo; apex/jorje/semantic/symbol/type/StandardAnnotationTypeInfo
staticfield apex/jorje/semantic/symbol/type/AnnotationTypeInfos HTTP_GET Lapex/jorje/semantic/symbol/type/StandardAnnotationTypeInfo; apex/jorje/semantic/symbol/type/StandardAnnotationTypeInfo
staticfield apex/jorje/semantic/symbol/type/AnnotationTypeInfos HTTP_PUT Lapex/jorje/semantic/symbol/type/StandardAnnotationTypeInfo; apex/jorje/semantic/symbol/type/StandardAnnotationTypeInfo
staticfield apex/jorje/semantic/symbol/type/AnnotationTypeInfos HTTP_POST Lapex/jorje/semantic/symbol/type/StandardAnnotationTypeInfo; apex/jorje/semantic/symbol/type/StandardAnnotationTypeInfo
staticfield apex/jorje/semantic/symbol/type/AnnotationTypeInfos HTTP_PATCH Lapex/jorje/semantic/symbol/type/StandardAnnotationTypeInfo; apex/jorje/semantic/symbol/type/StandardAnnotationTypeInfo
staticfield apex/jorje/semantic/symbol/type/AnnotationTypeInfos PERM_GUARD Lapex/jorje/semantic/symbol/type/StandardAnnotationTypeInfo; apex/jorje/semantic/symbol/type/StandardAnnotationTypeInfo
staticfield apex/jorje/semantic/symbol/type/AnnotationTypeInfos NAMESPACE_GUARD Lapex/jorje/semantic/symbol/type/StandardAnnotationTypeInfo; apex/jorje/semantic/symbol/type/StandardAnnotationTypeInfo
staticfield apex/jorje/semantic/symbol/type/AnnotationTypeInfos PRIVATE_API Lapex/jorje/semantic/symbol/type/StandardAnnotationTypeInfo; apex/jorje/semantic/symbol/type/StandardAnnotationTypeInfo
staticfield apex/jorje/semantic/symbol/type/AnnotationTypeInfos ALLOW_CERTIFIED_APEX Lapex/jorje/semantic/symbol/type/StandardAnnotationTypeInfo; apex/jorje/semantic/symbol/type/StandardAnnotationTypeInfo
staticfield apex/jorje/semantic/symbol/type/AnnotationTypeInfos SUPPRESS_WARNINGS Lapex/jorje/semantic/symbol/type/StandardAnnotationTypeInfo; apex/jorje/semantic/symbol/type/StandardAnnotationTypeInfo
staticfield apex/jorje/semantic/symbol/type/AnnotationTypeInfos NAMESPACE_ACCESSIBLE Lapex/jorje/semantic/symbol/type/StandardAnnotationTypeInfo; apex/jorje/semantic/symbol/type/StandardAnnotationTypeInfo
staticfield apex/jorje/semantic/symbol/type/AnnotationTypeInfos JSON_ACCESS_SERIALIZATION_CONTROL_VALUES Ljava/util/Set; com/google/common/collect/RegularImmutableSet
staticfield apex/jorje/semantic/symbol/type/AnnotationTypeInfos JSON_ACCESS Lapex/jorje/semantic/symbol/type/StandardAnnotationTypeInfo; apex/jorje/semantic/symbol/type/StandardAnnotationTypeInfo
staticfield apex/jorje/semantic/symbol/type/AnnotationTypeInfos INTEGRATION_TEST Lapex/jorje/semantic/symbol/type/StandardAnnotationTypeInfo; apex/jorje/semantic/symbol/type/StandardAnnotationTypeInfo
staticfield apex/jorje/semantic/symbol/type/AnnotationTypeInfos TEAR_DOWN Lapex/jorje/semantic/symbol/type/StandardAnnotationTypeInfo; apex/jorje/semantic/symbol/type/StandardAnnotationTypeInfo
ciInstanceKlass apex/jorje/semantic/symbol/type/StandardAnnotationTypeInfo 1 1 92 10 7 12 1 1 1 9 7 12 1 1 1 9 7 1 9 12 1 1 9 9 12 1 1 9 9 12 1 9 10 12 1 11 100 12 1 1 1 11 7 12 1 1 1 7 1 11 100 12 1 1 100 1 1 1 1 1 1 1 1 1 1 1 1 1 1 1 1 1 1 1 1 1 1 1 1 1 1 1 1 1 1 1 1 1 1 1 1 100 1 1
ciInstanceKlass apex/jorje/services/I18nSupport 1 1 82 10 100 12 1 1 1 9 7 12 1 1 1 10 7 12 1 1 1 100 1 18 12 1 10 12 1 10 7 12 1 1 1 7 1 8 1 8 1 10 12 1 9 12 1 1 8 1 10 12 1 1 1 1 1 1 1 1 1 1 1 1 1 1 1 1 1 1 15 10 100 12 1 1 8 1 1 100 1 100 1 1
staticfield apex/jorje/services/I18nSupport LOCALE Ljava/util/Locale; java/util/Locale
staticfield apex/jorje/services/I18nSupport RESOURCE_BUNDLE Ljava/util/ResourceBundle; java/util/PropertyResourceBundle
ciInstanceKlass apex/jorje/semantic/symbol/member/method/StandardMethodInfo 1 1 300 10 7 12 1 1 1 10 7 12 1 1 1 9 7 12 1 1 1 10 12 1 1 9 12 1 1 10 12 1 1 9 12 1 1 10 12 1 1 9 12 1 1 10 12 1 1 9 12 1 1 10 12 1 1 11 7 12 1 1 9 12 1 10 12 1 1 9 12 1 1 10 12 1 1 9 12 1 100 1 8 11 7 12 1 1 1 10 7 12 1 1 1 10 7 12 1 1 1 9 12 1 1 10 12 1 1 10 7 12 1 1 1 7 1 9 12 1 8 1 10 7 12 1 1 1 9 12 1 9 12 1 1 10 12 1 1 9 12 1 1 10 12 1 1 9 12 1 1 10 12 1 9 12 10 12 1 9 12 1 10 12 1 9 12 10 7 12 1 1 1 9 12 1 1 10 12 1 1 9 12 1 1 10 10 12 1 9 12 1 10 12 10 100 12 1 1 1 100 1 10 10 12 1 1 10 100 12 1 1 1 10 10 12 1 1 10 100 12 1 1 1 10 12 1 1 10 12 1 1 10 12 1 10 12 1 1 9 7 12 1 1 1 11 12 1 1 10 12 1 10 12 1 10 7 12 1 1 100 1 1 1 1 1 1 1 1 1 1 1 1 1 1 100 1 1 1 1 1 1 1 1 1 1 1 1 1 1 1 1 1 1 1 1 1 1 1 100 1 1
staticfield apex/jorje/semantic/symbol/member/method/StandardMethodInfo $assertionsDisabled Z 1
ciInstanceKlass apex/jorje/data/Identifier 1 0 11 100 1 100 1 100 1 1 1 1 1
ciInstanceKlass apex/jorje/semantic/symbol/member/method/InvocationType 1 1 58 7 1 9 12 1 1 9 12 1 9 12 1 9 12 1 9 12 1 1 10 100 12 1 1 10 7 12 1 1 1 10 12 1 1 8 10 8 8 8 10 12 1 1 1 1 1 1 1 1 1 1 1 1 1 1 1 1
staticfield apex/jorje/semantic/symbol/member/method/InvocationType STATIC Lapex/jorje/semantic/symbol/member/method/InvocationType; apex/jorje/semantic/symbol/member/method/InvocationType
staticfield apex/jorje/semantic/symbol/member/method/InvocationType VIRTUAL Lapex/jorje/semantic/symbol/member/method/InvocationType; apex/jorje/semantic/symbol/member/method/InvocationType
staticfield apex/jorje/semantic/symbol/member/method/InvocationType SPECIAL Lapex/jorje/semantic/symbol/member/method/InvocationType; apex/jorje/semantic/symbol/member/method/InvocationType
staticfield apex/jorje/semantic/symbol/member/method/InvocationType BOOTSTRAP Lapex/jorje/semantic/symbol/member/method/InvocationType; apex/jorje/semantic/symbol/member/method/InvocationType
staticfield apex/jorje/semantic/symbol/member/method/InvocationType $VALUES [Lapex/jorje/semantic/symbol/member/method/InvocationType; 4 [Lapex/jorje/semantic/symbol/member/method/InvocationType;
ciInstanceKlass apex/jorje/semantic/symbol/member/method/MethodUtil 1 1 182 100 1 10 100 12 1 1 1 10 7 12 1 1 1 7 1 10 12 1 1 11 7 12 1 1 1 11 12 1 1 10 7 12 1 1 11 7 12 1 1 1 11 7 12 1 1 1 10 12 1 1 10 7 12 1 1 1 11 12 1 1 11 12 1 1 9 7 12 1 1 1 10 12 1 1 11 8 1 10 12 1 1 10 12 1 1 11 12 1 1 9 100 12 1 1 1 8 1 10 100 12 1 1 1 9 12 1 8 1 8 1 8 1 9 7 12 1 1 1 10 100 12 1 1 1 10 100 12 1 1 1 10 100 12 1 1 1 11 12 1 10 7 12 1 1 1 10 12 1 1 1 1 1 1 1 1 1 1 1 1 1 1 1 1 1 1 1 1 1 1 1 1 1 1 1 1 1 1 1 1 1
ciInstanceKlass apex/jorje/semantic/symbol/member/method/signature/SignatureEquivalence 1 1 105 10 7 12 1 1 1 9 7 12 1 1 1 10 7 12 1 1 1 11 7 12 1 1 1 11 12 1 1 7 1 10 7 12 1 1 1 10 7 12 1 1 1 10 7 12 1 1 1 10 12 1 1 10 12 1 10 12 1 10 12 1 1 8 1 10 12 1 1 10 12 1 10 1 1 1 1 1 1 1 1 1 1 1 1 1 1 1 1 1 1 1 1 1 1 1 1 1 1 1 1 1 1 1 1
staticfield apex/jorje/semantic/symbol/member/method/signature/SignatureEquivalence INSTANCE Lapex/jorje/semantic/symbol/member/method/signature/SignatureEquivalence; apex/jorje/semantic/symbol/member/method/signature/SignatureEquivalence
ciInstanceKlass apex/jorje/semantic/ast/AstNodes$$Lambda$316+0x00000269b2206708 1 1 20 1 7 1 7 1 100 1 1 12 10 1 1 1 7 1 12 10 1 1
ciInstanceKlass com/google/common/collect/Collections2 1 1 248 10 10 7 10 10 7 7 10 11 100 100 11 7 10 11 11 11 11 10 10 8 10 8 10 10 8 10 100 5 0 100 5 0 10 10 10 10 100 10 100 10 10 11 10 11 100 100 100 1 1 1 100 1 1 1 1 1 1 1 1 1 1 1 1 1 1 1 1 1 1 1 1 1 1 1 1 1 1 1 1 1 1 1 1 1 100 1 1 1 1 1 1 1 1 1 1 1 1 1 1 1 1 1 100 1 1 1 1 1 1 1 1 1 1 1 1 1 1 1 1 1 1 1 1 1 1 1 1 1 1 1 1 1 1 1 1 1 1 1 1 1 1 1 1 1 1 1 1 1 1 12 12 1 12 7 12 1 1 12 12 1 1 12 1 12 12 12 12 12 12 12 1 12 1 12 12 100 12 1 1 100 12 12 100 12 12 1 12 1 100 12 12 100 100 12 100 12 1 1 1 1 1 1 1 1 1 1 1 1 1 1 1 1 1 1 1 1 1 1 1 1 1 1 1 1 1 1 1 1 1 1 1 1 1 1 1 1 1 1 1 1 1 1 1 1 1 1
ciInstanceKlass com/google/common/collect/Collections2$FilteredCollection 1 1 244 10 9 9 7 10 10 11 10 11 11 11 11 11 10 10 10 10 10 11 10 10 18 11 10 11 10 18 10 18 18 11 10 10 10 10 11 11 11 11 7 1 1 1 1 1 1 1 1 1 1 1 1 1 1 1 1 1 1 1 1 1 1 1 1 1 1 1 1 1 1 1 1 1 1 1 1 100 1 1 1 1 1 1 1 1 1 1 1 1 1 1 1 1 1 1 1 1 1 1 1 1 1 1 1 1 1 1 1 1 1 1 1 1 1 1 1 1 1 1 1 1 1 1 1 1 1 1 1 1 1 12 12 12 100 1 100 12 12 100 12 100 12 7 12 12 12 12 12 7 12 12 12 12 7 12 12 100 12 12 1 15 16 15 12 12 12 12 100 12 16 15 12 12 15 15 12 7 12 7 12 12 100 12 100 12 1 1 1 1 1 1 1 1 1 1 1 1 1 1 1 1 1 1 1 1 1 1 1 1 1 1 1 10 1 10 1 1 1 1 1 1 10 10 1 1 1 1 1 1 1 100 12 12 12 12 1 1 100 1 1 100 1 1
ciInstanceKlass com/google/common/collect/AbstractIterator$State 1 1 63 7 9 9 9 9 9 10 7 10 10 8 10 8 8 8 10 7 1 1 1 1 1 1 1 1 1 1 1 1 1 1 1 1 1 1 1 1 1 1 1 1 1 1 1 1 100 1 12 12 12 12 12 7 12 12 12 12 1 1 1 1 1
staticfield com/google/common/collect/AbstractIterator$State READY Lcom/google/common/collect/AbstractIterator$State; com/google/common/collect/AbstractIterator$State
staticfield com/google/common/collect/AbstractIterator$State NOT_READY Lcom/google/common/collect/AbstractIterator$State; com/google/common/collect/AbstractIterator$State
staticfield com/google/common/collect/AbstractIterator$State DONE Lcom/google/common/collect/AbstractIterator$State; com/google/common/collect/AbstractIterator$State
staticfield com/google/common/collect/AbstractIterator$State FAILED Lcom/google/common/collect/AbstractIterator$State; com/google/common/collect/AbstractIterator$State
staticfield com/google/common/collect/AbstractIterator$State $VALUES [Lcom/google/common/collect/AbstractIterator$State; 4 [Lcom/google/common/collect/AbstractIterator$State;
ciInstanceKlass com/google/common/collect/AbstractIterator$1 1 1 41 10 9 9 10 100 9 7 100 1 1 1 1 1 1 1 1 1 1 1 100 7 12 12 12 12 1 12 1 1 1 1 1 1 1 1 1 1 1 1 1
staticfield com/google/common/collect/AbstractIterator$1 $SwitchMap$com$google$common$collect$AbstractIterator$State [I 4
ciInstanceKlass com/google/common/collect/NullnessCasts 1 1 36 10 100 100 1 1 1 1 1 1 1 1 1 1 1 1 1 1 1 1 1 1 1 1 1 1 1 1 1 1 1 1 1 12 1 1
ciInstanceKlass apex/jorje/semantic/symbol/type/SObjectTypeInfo 1 1 227 10 7 12 1 1 1 7 1 10 12 1 9 7 12 1 1 1 9 7 12 1 1 1 9 9 12 1 1 11 100 12 1 1 1 10 12 1 10 12 1 1 10 100 12 1 1 1 10 12 1 1 18 12 1 1 10 12 1 10 100 12 1 1 1 10 12 1 1 10 12 1 1 10 12 1 11 7 12 1 1 1 9 7 12 1 1 1 10 7 12 1 1 1 9 7 12 1 1 1 9 12 1 10 7 12 1 1 1 7 1 9 7 12 1 1 1 10 7 1 10 7 12 1 1 1 10 12 1 1 10 12 1 1 10 12 1 9 12 1 1 18 12 1 10 7 12 1 1 1 10 7 12 1 1 1 9 12 1 1 1 1 1 1 1 1 1 1 1 1 1 1 1 1 1 1 1 1 1 1 1 1 1 1 1 1 1 1 1 1 1 1 1 1 15 10 100 12 1 1 8 1 15 10 7 12 1 1 1 16 15 10 12 16 1 100 1 1 1 100 1 1 100 1 100 1 1
staticfield apex/jorje/semantic/symbol/type/SObjectTypeInfo DEPRECATED_GLOBAL_FINAL Lapex/jorje/semantic/ast/modifier/ModifierGroup; apex/jorje/semantic/ast/modifier/ModifierGroup
staticfield apex/jorje/semantic/symbol/type/SObjectTypeInfo GENERIC_METHODS_FOR_EMIT Lcom/google/common/base/Supplier; com/google/common/base/Suppliers$NonSerializableMemoizingSupplier
staticfield apex/jorje/semantic/symbol/type/SObjectTypeInfo SHARED_PARENT_TABLE Lapex/jorje/semantic/symbol/type/parent/ParentTable; apex/jorje/semantic/symbol/type/parent/StandardParentTable
ciInstanceKlass apex/jorje/semantic/common/TestAccessEvaluator 1 1 345 10 7 12 1 1 1 10 7 12 1 1 1 9 7 12 1 1 1 9 12 1 7 1 10 9 12 1 1 9 12 1 9 12 1 9 12 1 9 12 1 9 12 1 9 12 1 9 12 1 9 12 1 9 12 1 1 9 12 1 9 12 1 9 12 1 9 12 1 11 7 12 1 1 1 100 1 10 12 1 9 12 1 9 12 1 9 12 1 9 12 1 9 12 1 9 12 1 9 12 1 9 12 1 11 100 12 1 1 1 11 12 1 1 10 100 12 1 1 1 100 1 11 12 1 1 10 100 12 1 1 11 12 1 9 100 12 1 1 1 9 12 1 8 1 10 100 12 1 8 1 10 100 12 1 1 1 10 12 1 9 12 1 1 11 12 1 11 12 1 10 100 12 1 1 1 10 100 12 1 1 1 10 12 1 10 12 1 1 100 1 100 1 9 100 12 1 1 1 10 100 12 1 1 1 9 12 1 9 12 1 100 1 1 1 1 1 1 1 1 1 1 1 1 1 1 1 1 1 1 1 1 1 1 1 1 1 1 1 1 1 1 1 1 1 1 1 1 1 1 1 1 1 1 1 1 1 1 1 1 1 1 1 1 1 1 1 1 1 1 1 1 1 1 1 1 1 1 1 1 1 1 1 1 1 1 1 1 1 1 1 1 1 1 1 1 1 1 1 1 1 1 1 1 1 1 1 1 1 1 1 1 1 1 1 1 1 1 1 1 1 1 1 1 1 1 1 1 1 1 1 1 1 1 1 100 1 100 1 1 1 100 1 100 1
ciInstanceKlass apex/jorje/semantic/compiler/CompilationInput 1 1 87 10 7 12 1 1 1 9 7 12 1 1 1 100 1 10 9 12 1 1 9 12 1 1 9 12 1 1 9 12 1 1 9 12 1 1 9 12 1 1 10 7 12 1 1 1 1 1 1 1 1 1 1 1 1 1 1 100 1 100 1 100 1 100 1 100 1 100 1 1 1 1 1 1 1 1 1 1 1 1 1 1 1 1 1 1 1
staticfield apex/jorje/semantic/compiler/CompilationInput $assertionsDisabled Z 1
ciInstanceKlass apex/jorje/semantic/symbol/resolver/StandardSymbolResolver 1 1 669 100 1 9 7 12 1 1 1 7 1 10 12 1 1 10 12 1 10 7 1 9 12 1 1 10 7 12 1 1 1 9 12 1 1 9 12 1 7 1 10 9 12 1 1 10 7 12 1 1 1 8 1 10 7 12 1 1 1 8 1 10 12 1 9 7 12 1 1 1 10 12 1 1 10 7 12 1 1 1 10 12 1 1 10 12 1 1 9 12 1 1 9 12 1 9 12 1 9 100 12 1 1 1 10 12 1 1 11 7 12 1 1 1 10 7 12 1 1 1 7 1 10 10 100 12 1 1 1 10 100 12 1 1 1 10 100 12 1 1 11 12 1 1 11 12 1 1 10 100 12 1 1 1 10 12 1 1 10 12 1 1 11 7 12 1 1 7 1 11 7 12 1 1 1 11 12 1 1 10 7 12 1 1 1 10 12 1 1 10 7 12 1 1 9 7 12 1 1 1 11 7 12 1 1 1 9 7 12 1 1 1 9 12 1 1 10 7 12 1 1 1 10 12 1 1 9 100 12 1 1 1 8 1 10 12 1 1 10 7 12 1 1 1 10 7 12 1 1 1 11 7 12 1 1 1 10 12 1 100 1 10 12 1 10 12 1 7 1 10 12 1 10 12 1 10 12 1 10 12 1 1 11 12 1 1 11 12 1 1 10 12 1 1 10 7 12 1 1 1 10 12 1 1 10 12 1 1 10 12 1 1 10 12 1 1 10 100 12 1 1 1 11 12 1 1 11 100 12 1 1 1 11 100 12 1 1 11 12 1 10 12 1 10 100 12 1 1 8 1 8 1 9 100 12 1 1 1 10 12 1 1 10 12 1 1 10 12 1 9 100 12 1 1 1 10 12 1 10 7 12 1 1 10 12 1 10 12 1 1 10 12 1 1 11 12 1 1 18 12 1 1 11 7 12 1 1 1 10 7 12 1 1 1 11 12 1 1 10 7 12 1 1 1 18 12 1 1 10 12 1 1 11 12 1 1 10 12 1 1 10 12 1 10 12 1 10 7 12 1 1 100 1 8 1 10 12 1 1 10 7 12 1 1 10 12 1 1 9 12 1 1 100 1 8 1 10 12 1 10 100 12 1 1 10 9 7 12 1 1 11 12 1 1 10 12 1 9 12 1 10 7 12 1 1 10 7 12 1 1 18 12 1 18 12 1 100 1 1 1 1 1 1 1 1 1 1 1 1 1 1 1 1 1 1 1 1 1 1 1 1 1 1 1 1 1 1 1 1 1 1 1 1 1 1 1 1 1 1 1 1 1 1 1 1 1 1 1 1 1 1 1 1 1 1 1 1 1 1 1 1 1 1 1 1 1 1 1 1 1 1 1 1 1 1 1 100 1 1 1 1 1 1 1 1 1 1 1 1 1 1 1 1 1 1 1 1 1 1 1 1 1 15 10 7 12 1 1 1 16 15 10 12 16 1 16 15 16 15 11 7 12 1 1 16 1 16 15 10 12 1 1 1 100 1 100 1 1 100 1 1 100 1 1 100 1 100 1 1
staticfield apex/jorje/semantic/symbol/resolver/StandardSymbolResolver TO_NAME Lcom/google/common/base/Function; apex/jorje/semantic/symbol/resolver/StandardSymbolResolver$$Lambda$460+0x00000269b228b2b8
staticfield apex/jorje/semantic/symbol/resolver/StandardSymbolResolver STANDARD_LOOKUP Lapex/jorje/semantic/symbol/resolver/StandardSymbolResolver$LookupOnResolver; apex/jorje/semantic/symbol/resolver/StandardSymbolResolver$$Lambda$461+0x00000269b228b708
staticfield apex/jorje/semantic/symbol/resolver/StandardSymbolResolver $assertionsDisabled Z 1
ciInstanceKlass apex/jorje/semantic/symbol/type/TypeInfoType 1 1 103 7 1 9 12 1 1 9 12 1 9 12 1 9 12 1 9 12 1 9 12 1 9 12 1 9 12 1 9 12 1 9 12 1 9 12 1 1 10 7 12 1 1 10 7 12 1 1 1 10 12 1 1 9 12 1 1 11 7 12 1 1 1 8 10 8 8 8 8 8 8 8 8 8 10 12 1 1 7 1 10 12 1 1 1 1 1 1 1 1 1 1 1 1 1 1 1 1 1 1 1 1 1
staticfield apex/jorje/semantic/symbol/type/TypeInfoType STANDARD Lapex/jorje/semantic/symbol/type/TypeInfoType; apex/jorje/semantic/symbol/type/TypeInfoType
staticfield apex/jorje/semantic/symbol/type/TypeInfoType SCALAR Lapex/jorje/semantic/symbol/type/TypeInfoType; apex/jorje/semantic/symbol/type/TypeInfoType
staticfield apex/jorje/semantic/symbol/type/TypeInfoType MODIFIER Lapex/jorje/semantic/symbol/type/TypeInfoType; apex/jorje/semantic/symbol/type/TypeInfoType
staticfield apex/jorje/semantic/symbol/type/TypeInfoType GENERIC Lapex/jorje/semantic/symbol/type/TypeInfoType; apex/jorje/semantic/symbol/type/TypeInfoType
staticfield apex/jorje/semantic/symbol/type/TypeInfoType INTERNAL Lapex/jorje/semantic/symbol/type/TypeInfoType; apex/jorje/semantic/symbol/type/TypeInfoType
staticfield apex/jorje/semantic/symbol/type/TypeInfoType ARGUMENT Lapex/jorje/semantic/symbol/type/TypeInfoType; apex/jorje/semantic/symbol/type/TypeInfoType
staticfield apex/jorje/semantic/symbol/type/TypeInfoType JAVA Lapex/jorje/semantic/symbol/type/TypeInfoType; apex/jorje/semantic/symbol/type/TypeInfoType
staticfield apex/jorje/semantic/symbol/type/TypeInfoType SOBJECT Lapex/jorje/semantic/symbol/type/TypeInfoType; apex/jorje/semantic/symbol/type/TypeInfoType
staticfield apex/jorje/semantic/symbol/type/TypeInfoType VF Lapex/jorje/semantic/symbol/type/TypeInfoType; apex/jorje/semantic/symbol/type/TypeInfoType
staticfield apex/jorje/semantic/symbol/type/TypeInfoType FLOW Lapex/jorje/semantic/symbol/type/TypeInfoType; apex/jorje/semantic/symbol/type/TypeInfoType
staticfield apex/jorje/semantic/symbol/type/TypeInfoType GET_TYPE Lapex/jorje/semantic/symbol/type/visitor/TypeInfoVisitor; apex/jorje/semantic/symbol/type/TypeInfoType$1
staticfield apex/jorje/semantic/symbol/type/TypeInfoType $VALUES [Lapex/jorje/semantic/symbol/type/TypeInfoType; 10 [Lapex/jorje/semantic/symbol/type/TypeInfoType;
ciInstanceKlass apex/jorje/semantic/symbol/type/TypeInfoEquivalence$1 1 1 65 10 7 12 1 1 1 9 7 12 1 1 1 9 12 1 1 10 12 1 1 100 1 9 12 1 9 12 1 9 12 1 9 12 1 9 12 1 9 12 1 9 12 1 9 12 1 9 12 1 100 1 1 1 1 1 1 1 1 1 1 100 1 1 1
staticfield apex/jorje/semantic/symbol/type/TypeInfoEquivalence$1 $SwitchMap$apex$jorje$semantic$symbol$type$TypeInfoType [I 10
ciInstanceKlass apex/jorje/data/IndexLocation 1 1 82 10 7 12 1 1 1 9 7 12 1 1 1 9 12 1 9 12 1 9 12 1 10 100 12 1 1 1 100 1 11 12 1 1 11 12 1 11 12 1 11 12 1 18 12 1 1 1 1 1 1 1 1 1 1 1 1 1 1 1 1 1 1 1 1 1 1 1 15 10 7 12 1 1 8 1 1 100 1 100 1 1
ciInstanceKlass apex/jorje/semantic/symbol/type/details/CodeUnitDetailsProvider$SourceCodeUnitDetails 1 1 185 10 7 12 1 1 1 9 7 12 1 1 1 9 12 1 1 9 12 1 1 9 12 1 1 9 12 1 1 9 12 1 1 10 7 12 1 1 1 10 7 12 1 1 1 7 1 10 7 12 1 1 7 1 10 7 12 1 1 7 1 10 7 12 1 1 7 1 10 7 12 1 1 1 10 100 12 1 1 1 8 1 10 7 12 1 1 1 10 100 12 1 1 1 8 10 12 1 1 10 12 1 1 10 12 1 10 12 1 1 10 12 1 10 12 1 1 10 12 1 1 10 12 1 10 12 1 10 12 1 1 10 12 1 100 1 1 1 1 1 1 1 1 1 1 1 1 1 1 1 1 1 1 1 1 1 1 1 1 1 1 1 1 1 1 1 1 1 1 1 1 1 100 1 1 1 100 1 1 1 100 1 100 1 1
ciInstanceKlass java/text/MessageFormat 1 1 644 10 7 12 1 1 1 8 1 9 7 12 1 1 1 9 12 1 1 9 12 1 1 9 12 1 9 12 1 1 9 7 12 1 1 1 10 7 12 1 1 1 9 12 1 1 10 12 1 1 7 1 10 10 7 12 1 1 1 10 12 1 1 10 12 1 1 10 12 1 1 10 100 1 8 1 10 12 10 12 1 1 10 12 1 1 10 12 1 7 1 10 12 1 1 10 7 12 1 1 1 8 1 10 12 1 10 12 1 8 1 10 12 1 8 1 10 12 1 8 1 100 1 8 1 10 12 1 100 1 8 1 10 100 1 9 12 1 10 12 1 1 8 1 10 12 1 8 1 100 1 8 1 10 9 12 1 1 100 1 10 12 1 10 100 12 1 1 1 10 12 1 1 10 10 12 1 1 7 1 7 1 10 100 1 10 100 1 8 1 10 10 12 1 10 12 1 1 100 1 10 12 1 1 100 1 10 12 1 9 100 12 1 1 10 10 12 1 1 9 12 1 10 12 1 1 10 12 1 1 8 1 8 1 10 10 12 1 1 10 12 1 1 100 1 8 1 10 12 1 10 12 1 1 10 100 10 100 10 12 1 1 10 10 100 12 1 1 10 12 1 10 12 1 10 10 12 1 10 12 1 10 12 1 8 1 10 10 12 1 10 12 1 7 1 7 1 10 12 1 1 10 10 12 1 11 100 12 1 1 10 12 1 1 10 12 1 9 7 12 1 1 1 10 7 12 1 1 1 10 12 1 10 12 1 1 10 12 1 10 12 1 10 7 12 1 1 1 10 10 12 1 10 12 1 11 100 12 1 1 1 3 11 12 1 10 12 1 1 100 1 8 1 10 12 1 8 1 8 1 9 12 1 10 12 1 1 9 12 1 10 100 12 1 1 10 12 1 10 10 100 1 8 1 8 1 10 12 1 9 12 1 10 12 1 1 8 1 10 100 12 1 1 1 8 10 100 12 1 1 1 8 8 8 8 8 100 1 8 1 10 10 12 1 1 10 12 8 1 8 1 8 1 8 1 8 1 8 1 8 1 8 1 8 1 8 1 8 1 8 1 8 1 1 1 1 5 0 1 3 1 3 1 3 1 3 1 3 1 3 1 1 1 1 1 3 1 1 1 1 1 1 1 1 1 1 1 1 1 1 1 1 1 1 1 1 1 1 1 1 1 1 1 1 100 1 1 1 1 1 1 1 1 1 1 1 1 1 1 1 1 1 1 1 1 1 1 1 1 1 1 1 1 1 1 1 1 1 1 1 1 1 1 1 1 1 1 1 1 1 1 1 1 1 1 1 1 1 1 1 1 1 1 1 1 1 1 1 1 1 1 1 1 1 1 1 1 1 1 1 1 1 1 1 100 1 1 1 1 1 1 1 1 1 1 1 1 1 1 1 1 1 1 1 100 1 100 1 1 100 1 1 1 1 1 1 1 1 100 1 1 100 1 1
staticfield java/text/MessageFormat TYPE_KEYWORDS [Ljava/lang/String; 5 [Ljava/lang/String;
staticfield java/text/MessageFormat NUMBER_MODIFIER_KEYWORDS [Ljava/lang/String; 4 [Ljava/lang/String;
staticfield java/text/MessageFormat DATE_TIME_MODIFIER_KEYWORDS [Ljava/lang/String; 5 [Ljava/lang/String;
staticfield java/text/MessageFormat DATE_TIME_MODIFIERS [I 5
ciInstanceKlass apex/jorje/semantic/symbol/visibility/VisibilityUtil 1 1 222 10 100 12 1 1 1 9 7 12 1 1 1 10 7 12 1 1 1 9 12 1 9 12 1 9 12 1 10 7 12 1 1 1 11 7 12 1 1 1 9 7 12 1 1 1 11 100 12 1 1 1 10 12 1 1 11 12 1 1 11 7 12 1 1 1 11 7 12 1 1 10 100 12 1 1 11 12 1 10 12 1 11 12 1 11 12 1 10 12 1 10 12 1 10 12 1 11 12 1 1 10 12 1 11 12 1 1 11 12 1 1 10 12 1 11 12 1 11 12 1 10 100 12 1 1 1 10 12 1 9 12 1 9 100 12 1 1 11 12 1 1 9 12 1 10 7 12 1 1 1 10 12 1 11 12 1 1 11 12 1 1 11 12 1 10 12 1 1 10 100 12 1 1 10 12 1 1 1 1 1 1 1 1 1 1 1 1 1 1 1 1 1 1 1 1 1 1 1 1 1 1 1 1 1 1 1 1 1 1 1 1 1 1 1 1 1 1 1 1 1 1
ciInstanceKlass apex/jorje/semantic/exception/SemanticException 1 1 166 10 7 12 1 1 1 10 7 12 1 1 1 10 12 1 1 11 7 12 1 1 1 10 7 12 1 1 1 11 7 12 1 1 1 18 12 1 1 10 7 12 1 1 9 12 1 9 12 1 1 11 7 12 1 1 1 18 12 1 1 11 7 12 1 1 1 11 12 1 1 10 7 12 1 1 1 11 12 1 1 10 100 12 1 1 1 10 100 12 1 1 1 10 100 12 1 1 1 10 12 1 1 1 1 5 0 1 1 1 1 1 1 1 1 1 1 1 1 1 1 1 1 1 1 1 1 1 1 1 1 1 1 1 1 1 1 1 15 10 7 12 1 1 8 1 15 10 7 12 1 1 1 16 1 15 10 12 16 1 1 100 1 100 1 1
ciInstanceKlass apex/jorje/lsp/impl/index/symbol/VirtualStandardTypeInfo 1 1 208 100 1 10 7 12 1 1 1 9 7 12 1 1 1 9 7 12 1 1 1 9 9 12 1 1 7 1 10 12 1 10 12 1 1 9 12 1 1 10 12 1 1 11 7 12 1 1 1 11 7 12 1 1 1 11 7 12 1 1 1 10 12 1 1 10 12 1 10 12 1 1 7 1 9 12 1 1 11 7 12 1 1 1 7 1 10 12 1 1 10 12 1 9 12 1 1 11 7 12 1 1 1 9 12 1 1 11 12 1 1 7 1 11 12 1 1 11 12 1 1 10 7 12 1 1 10 12 1 10 100 12 1 1 1 10 12 1 1 11 12 1 7 1 10 12 1 1 8 1 10 7 12 1 1 1 11 12 1 1 11 7 1 10 12 1 1 100 1 1 1 1 1 1 1 1 1 1 100 1 1 1 1 1 1 1 1 1 1 1 1 1 1 1 1 100 1 1 1 1 1 1 1 1 1 100 1 1
ciInstanceKlass apex/jorje/semantic/ast/compilation/VirtualMethodsCreator 1 1 410 100 1 10 7 12 1 1 1 11 7 12 1 1 1 11 7 12 1 1 1 11 12 1 1 11 7 1 11 12 1 1 11 7 12 1 1 1 9 7 12 1 1 1 9 7 12 1 1 1 10 7 12 1 1 1 10 7 12 1 1 1 9 7 12 1 1 1 11 12 1 1 11 7 12 1 1 1 11 7 12 1 1 11 12 1 1 7 1 10 7 12 1 1 11 12 1 1 10 7 12 1 1 7 1 11 12 1 1 10 12 1 1 10 12 1 11 7 12 1 1 1 8 1 10 7 12 1 1 11 12 1 1 11 12 1 1 11 7 12 1 1 11 12 1 10 12 1 1 10 12 1 10 12 1 11 12 1 1 11 12 1 11 12 1 10 12 1 1 10 12 1 1 11 12 1 11 12 1 1 9 7 12 1 1 1 9 12 1 10 7 12 1 1 1 8 1 10 7 12 1 1 1 10 12 1 11 12 1 1 9 7 12 1 1 1 9 12 1 10 12 1 1 8 1 10 7 12 1 1 1 8 1 11 12 1 9 7 12 1 1 1 10 7 12 1 1 1 10 12 1 8 1 11 12 1 11 12 1 1 11 12 1 11 9 12 1 8 1 11 12 1 11 12 1 1 9 7 12 1 1 1 8 1 10 7 12 1 1 1 11 12 1 1 11 7 12 1 1 1 9 7 12 1 1 1 11 7 12 1 10 12 1 1 10 12 1 11 12 1 9 12 1 10 12 1 11 12 1 8 1 9 12 1 11 12 1 9 12 1 8 1 9 12 1 9 12 1 9 7 12 1 1 1 10 7 12 1 1 1 9 12 1 9 12 1 1 1 1 1 1 1 1 1 1 1 1 1 1 1 1 1 1 1 1 1 1 1 1 1 1 1 1 1 1 1 1 1 1 1 1 1 1 1 1 1 1 100 1 1
ciInstanceKlass apex/jorje/lsp/impl/index/symbol/VirtualCodeUnitDetails 1 1 187 10 7 12 1 1 1 9 7 12 1 1 1 9 12 1 1 9 12 1 1 10 100 12 1 1 1 10 12 1 1 10 100 12 1 1 1 100 1 8 1 10 12 1 11 100 12 1 1 1 9 7 12 1 1 1 8 1 11 12 1 1 11 100 12 1 1 1 100 1 10 100 12 1 1 1 10 12 1 1 10 100 12 1 1 1 11 12 1 1 11 100 12 1 1 1 18 12 1 1 11 100 12 1 1 1 10 100 12 1 1 1 11 12 1 1 100 1 100 1 1 1 1 1 1 1 1 1 1 1 1 1 1 1 1 1 1 1 1 1 1 1 1 1 1 1 1 1 100 1 1 1 1 1 1 1 1 1 1 1 1 1 1 15 10 100 12 1 1 1 16 1 15 10 12 16 1 100 1 100 1 1 100 1 100 1 1
ciInstanceKlass apex/jorje/semantic/symbol/visibility/Visibility$ReferencedFromTestMethod 1 1 60 7 1 9 12 1 1 9 12 1 9 12 1 1 10 100 12 1 1 10 7 12 1 1 1 10 12 1 1 8 10 8 10 12 1 1 1 1 1 1 1 1 1 1 1 1 1 1 1 1 1 1 1 1 1 1 100 1 1 1
staticfield apex/jorje/semantic/symbol/visibility/Visibility$ReferencedFromTestMethod YES Lapex/jorje/semantic/symbol/visibility/Visibility$ReferencedFromTestMethod; apex/jorje/semantic/symbol/visibility/Visibility$ReferencedFromTestMethod
staticfield apex/jorje/semantic/symbol/visibility/Visibility$ReferencedFromTestMethod NO Lapex/jorje/semantic/symbol/visibility/Visibility$ReferencedFromTestMethod; apex/jorje/semantic/symbol/visibility/Visibility$ReferencedFromTestMethod
staticfield apex/jorje/semantic/symbol/visibility/Visibility$ReferencedFromTestMethod $VALUES [Lapex/jorje/semantic/symbol/visibility/Visibility$ReferencedFromTestMethod; 2 [Lapex/jorje/semantic/symbol/visibility/Visibility$ReferencedFromTestMethod;
ciInstanceKlass apex/jorje/semantic/symbol/visibility/Visibility$CheckGenericTypeArguments 1 1 55 7 1 9 12 1 1 9 12 1 9 12 1 1 10 100 12 1 1 10 7 12 1 1 1 10 12 1 1 8 10 8 10 12 1 1 1 1 1 1 1 1 1 1 1 1 1 1 1 1 1 100 1 1 1
staticfield apex/jorje/semantic/symbol/visibility/Visibility$CheckGenericTypeArguments YES Lapex/jorje/semantic/symbol/visibility/Visibility$CheckGenericTypeArguments; apex/jorje/semantic/symbol/visibility/Visibility$CheckGenericTypeArguments
staticfield apex/jorje/semantic/symbol/visibility/Visibility$CheckGenericTypeArguments NO Lapex/jorje/semantic/symbol/visibility/Visibility$CheckGenericTypeArguments; apex/jorje/semantic/symbol/visibility/Visibility$CheckGenericTypeArguments
staticfield apex/jorje/semantic/symbol/visibility/Visibility$CheckGenericTypeArguments $VALUES [Lapex/jorje/semantic/symbol/visibility/Visibility$CheckGenericTypeArguments; 2 [Lapex/jorje/semantic/symbol/visibility/Visibility$CheckGenericTypeArguments;
ciInstanceKlass apex/jorje/semantic/symbol/visibility/Visibility 1 1 429 10 100 12 1 1 1 9 7 12 1 1 1 10 7 12 1 1 1 9 100 12 1 1 1 9 12 10 7 12 1 1 1 10 12 1 1 11 7 12 1 1 1 9 7 12 1 1 1 10 7 12 1 1 1 10 12 1 1 100 1 8 1 10 100 12 1 1 1 11 12 1 1 10 100 12 1 1 1 11 7 12 1 1 1 9 12 1 11 12 1 11 12 1 1 9 7 12 1 1 1 10 12 1 9 12 1 10 7 12 1 1 1 11 12 1 1 11 12 1 9 12 1 11 12 1 1 11 7 12 1 1 1 10 7 12 1 1 1 11 12 1 1 10 7 12 1 1 1 11 12 1 9 7 12 1 1 1 10 7 12 1 1 1 10 7 12 1 1 10 7 12 1 1 9 7 12 1 1 1 10 12 1 1 10 12 1 1 10 7 12 1 1 100 1 10 12 1 18 12 1 1 10 12 1 9 7 12 1 1 7 1 10 12 1 11 12 1 1 7 1 10 12 1 10 12 1 1 11 12 1 1 9 100 12 1 1 1 10 12 1 1 9 7 12 1 1 1 9 12 1 11 7 1 10 12 1 1 9 7 12 1 1 1 11 12 1 11 12 1 1 11 7 12 1 1 9 12 1 1 11 7 12 1 1 11 7 12 1 1 1 11 12 1 1 9 12 1 10 12 1 1 11 10 12 1 10 12 1 1 11 10 12 1 10 100 12 1 1 10 12 1 9 12 1 10 12 1 9 100 12 1 1 10 12 1 10 12 1 10 12 1 10 12 1 7 1 10 1 1 1 1 1 1 1 1 1 1 1 1 1 1 1 1 1 1 1 1 1 1 1 1 1 1 1 1 1 1 1 1 1 1 1 1 1 1 1 1 1 1 1 1 1 1 1 1 1 1 1 1 1 1 1 1 100 1 1 15 10 100 12 1 1 8 1 1 1 1 1 1 1 1 1 1 100 1 100 1 1
staticfield apex/jorje/semantic/symbol/visibility/Visibility GET_VARIABLE_MODIFIERS Lapex/jorje/semantic/symbol/member/variable/VariableVisitor; apex/jorje/semantic/symbol/visibility/Visibility$1
ciInstanceKlass apex/jorje/semantic/symbol/visibility/Visibility$HiddenReferenceOkay 1 1 55 7 1 9 12 1 1 9 12 1 9 12 1 1 10 100 12 1 1 10 7 12 1 1 1 10 12 1 1 8 10 8 10 12 1 1 1 1 1 1 1 1 1 1 1 1 1 1 1 1 1 100 1 1 1
staticfield apex/jorje/semantic/symbol/visibility/Visibility$HiddenReferenceOkay YES Lapex/jorje/semantic/symbol/visibility/Visibility$HiddenReferenceOkay; apex/jorje/semantic/symbol/visibility/Visibility$HiddenReferenceOkay
staticfield apex/jorje/semantic/symbol/visibility/Visibility$HiddenReferenceOkay NO Lapex/jorje/semantic/symbol/visibility/Visibility$HiddenReferenceOkay; apex/jorje/semantic/symbol/visibility/Visibility$HiddenReferenceOkay
staticfield apex/jorje/semantic/symbol/visibility/Visibility$HiddenReferenceOkay $VALUES [Lapex/jorje/semantic/symbol/visibility/Visibility$HiddenReferenceOkay; 2 [Lapex/jorje/semantic/symbol/visibility/Visibility$HiddenReferenceOkay;
ciInstanceKlass apex/jorje/semantic/symbol/visibility/PackageVersionVisibility 1 1 133 10 100 12 1 1 1 9 7 12 1 1 1 10 7 12 1 1 1 11 7 12 1 1 1 11 7 12 1 1 1 10 7 12 1 1 1 11 12 1 1 11 100 12 1 1 1 10 12 1 1 11 12 1 1 11 12 1 10 12 1 11 12 1 10 100 12 1 1 1 10 100 12 1 1 11 100 12 1 1 1 100 1 10 12 1 1 100 1 9 12 1 10 12 1 1 10 12 1 1 1 1 1 1 1 1 1 1 1 1 1 1 1 1 1 1 1 1 1 1 1 1 1 1 1 1 1 1 1 1 1 1 1
ciInstanceKlass apex/jorje/semantic/symbol/visibility/PackageVersionVisibility$PackageVersionTestType 1 1 55 7 1 9 12 1 1 9 12 1 9 12 1 1 10 100 12 1 1 10 7 12 1 1 1 10 12 1 1 8 10 8 10 12 1 1 1 1 1 1 1 1 1 1 1 1 1 1 1 1 1 100 1 1 1
staticfield apex/jorje/semantic/symbol/visibility/PackageVersionVisibility$PackageVersionTestType MIN_AND_MAX_VERSION Lapex/jorje/semantic/symbol/visibility/PackageVersionVisibility$PackageVersionTestType; apex/jorje/semantic/symbol/visibility/PackageVersionVisibility$PackageVersionTestType
staticfield apex/jorje/semantic/symbol/visibility/PackageVersionVisibility$PackageVersionTestType ONLY_MAX_VERSION Lapex/jorje/semantic/symbol/visibility/PackageVersionVisibility$PackageVersionTestType; apex/jorje/semantic/symbol/visibility/PackageVersionVisibility$PackageVersionTestType
staticfield apex/jorje/semantic/symbol/visibility/PackageVersionVisibility$PackageVersionTestType $VALUES [Lapex/jorje/semantic/symbol/visibility/PackageVersionVisibility$PackageVersionTestType; 2 [Lapex/jorje/semantic/symbol/visibility/PackageVersionVisibility$PackageVersionTestType;
ciInstanceKlass apex/jorje/semantic/symbol/member/Member$Type 1 1 91 7 1 9 12 1 1 9 12 1 9 12 1 9 12 1 9 12 1 9 12 1 9 12 1 1 10 100 12 1 1 10 7 12 1 1 1 10 12 1 1 9 12 1 1 8 8 1 10 12 1 8 8 1 8 8 1 8 8 1 8 8 1 8 8 1 10 12 1 1 1 1 1 1 1 1 1 1 1 1 1 1 1 1 1 1 1 100 1 1 1
staticfield apex/jorje/semantic/symbol/member/Member$Type FIELD Lapex/jorje/semantic/symbol/member/Member$Type; apex/jorje/semantic/symbol/member/Member$Type
staticfield apex/jorje/semantic/symbol/member/Member$Type METHOD Lapex/jorje/semantic/symbol/member/Member$Type; apex/jorje/semantic/symbol/member/Member$Type
staticfield apex/jorje/semantic/symbol/member/Member$Type PROPERTY Lapex/jorje/semantic/symbol/member/Member$Type; apex/jorje/semantic/symbol/member/Member$Type
staticfield apex/jorje/semantic/symbol/member/Member$Type LOCAL Lapex/jorje/semantic/symbol/member/Member$Type; apex/jorje/semantic/symbol/member/Member$Type
staticfield apex/jorje/semantic/symbol/member/Member$Type NONE Lapex/jorje/semantic/symbol/member/Member$Type; apex/jorje/semantic/symbol/member/Member$Type
staticfield apex/jorje/semantic/symbol/member/Member$Type DYNAMIC Lapex/jorje/semantic/symbol/member/Member$Type; apex/jorje/semantic/symbol/member/Member$Type
staticfield apex/jorje/semantic/symbol/member/Member$Type $VALUES [Lapex/jorje/semantic/symbol/member/Member$Type; 6 [Lapex/jorje/semantic/symbol/member/Member$Type;
ciInstanceKlass apex/jorje/semantic/symbol/visibility/VisibleApiVersionUtil 1 1 166 7 1 10 100 12 1 1 1 9 12 1 1 10 7 12 1 1 1 10 7 12 1 1 1 11 100 12 1 1 1 11 100 12 1 1 1 10 100 12 1 1 1 8 1 10 100 12 1 1 1 10 100 12 1 1 1 10 100 12 1 1 1 10 100 12 1 1 1 10 12 1 1 8 1 10 100 12 1 1 1 10 12 1 1 10 100 12 1 1 1 10 100 12 1 1 1 10 100 12 1 1 1 8 1 10 12 1 8 1 11 12 1 1 11 12 1 1 11 100 12 1 1 1 11 12 1 11 12 1 1 1 1 1 1 1 1 1 1 1 1 1 1 1 1 1 1 1 1 1 1 1 1 1 1 1 1 1 1 1 1 1 1 100 1 1
ciInstanceKlass apex/jorje/semantic/symbol/visibility/Visibility$AccessType 1 1 129 7 1 9 12 1 1 9 12 1 9 12 1 9 12 1 9 12 1 9 12 1 9 12 1 9 12 1 9 12 1 9 12 1 1 10 7 12 1 1 10 7 12 1 1 1 10 12 1 1 9 12 1 9 12 1 10 12 1 1 9 7 12 1 1 10 7 12 1 1 1 9 12 9 100 12 1 1 1 9 12 10 12 1 1 9 12 9 12 8 10 8 8 8 8 8 8 8 8 10 12 1 1 1 1 1 1 1 1 1 1 1 1 1 1 1 1 1 1 1 1 1 1 1 1 100 1 1 1
staticfield apex/jorje/semantic/symbol/visibility/Visibility$AccessType GLOBAL Lapex/jorje/semantic/symbol/visibility/Visibility$AccessType; apex/jorje/semantic/symbol/visibility/Visibility$AccessType
staticfield apex/jorje/semantic/symbol/visibility/Visibility$AccessType NAMESPACE_ACCESSIBLE_PUBLIC Lapex/jorje/semantic/symbol/visibility/Visibility$AccessType; apex/jorje/semantic/symbol/visibility/Visibility$AccessType
staticfield apex/jorje/semantic/symbol/visibility/Visibility$AccessType NAMESPACE_ACCESSIBLE_PROTECTED Lapex/jorje/semantic/symbol/visibility/Visibility$AccessType; apex/jorje/semantic/symbol/visibility/Visibility$AccessType
staticfield apex/jorje/semantic/symbol/visibility/Visibility$AccessType PUBLIC Lapex/jorje/semantic/symbol/visibility/Visibility$AccessType; apex/jorje/semantic/symbol/visibility/Visibility$AccessType
staticfield apex/jorje/semantic/symbol/visibility/Visibility$AccessType PROTECTED Lapex/jorje/semantic/symbol/visibility/Visibility$AccessType; apex/jorje/semantic/symbol/visibility/Visibility$AccessType
staticfield apex/jorje/semantic/symbol/visibility/Visibility$AccessType PRIVATE Lapex/jorje/semantic/symbol/visibility/Visibility$AccessType; apex/jorje/semantic/symbol/visibility/Visibility$AccessType
staticfield apex/jorje/semantic/symbol/visibility/Visibility$AccessType DEFAULT Lapex/jorje/semantic/symbol/visibility/Visibility$AccessType; apex/jorje/semantic/symbol/visibility/Visibility$AccessType
staticfield apex/jorje/semantic/symbol/visibility/Visibility$AccessType HIDDEN Lapex/jorje/semantic/symbol/visibility/Visibility$AccessType; apex/jorje/semantic/symbol/visibility/Visibility$AccessType
staticfield apex/jorje/semantic/symbol/visibility/Visibility$AccessType NOOP Lapex/jorje/semantic/symbol/visibility/Visibility$AccessType; apex/jorje/semantic/symbol/visibility/Visibility$AccessType
staticfield apex/jorje/semantic/symbol/visibility/Visibility$AccessType PROPERTY_DEFAULT Lapex/jorje/semantic/symbol/visibility/Visibility$AccessType; apex/jorje/semantic/symbol/visibility/Visibility$AccessType
staticfield apex/jorje/semantic/symbol/visibility/Visibility$AccessType NON_PROPERTY_DEFAULT Lapex/jorje/semantic/symbol/visibility/Visibility$AccessType; apex/jorje/semantic/symbol/visibility/Visibility$AccessType
staticfield apex/jorje/semantic/symbol/visibility/Visibility$AccessType $VALUES [Lapex/jorje/semantic/symbol/visibility/Visibility$AccessType; 9 [Lapex/jorje/semantic/symbol/visibility/Visibility$AccessType;
ciInstanceKlass apex/jorje/semantic/symbol/visibility/Visibility$3 1 1 83 10 7 12 1 1 1 9 7 12 1 1 1 9 12 1 1 10 12 1 1 100 1 9 12 1 9 12 1 9 12 1 9 12 1 9 12 1 9 12 1 9 12 1 9 12 1 10 7 12 1 1 9 12 1 9 12 1 1 10 9 12 1 9 12 1 100 1 1 1 1 1 1 1 1 1 1 100 1 1 1 1 1
staticfield apex/jorje/semantic/symbol/visibility/Visibility$3 $SwitchMap$apex$jorje$semantic$symbol$visibility$Visibility$CheckType [I 3
staticfield apex/jorje/semantic/symbol/visibility/Visibility$3 $SwitchMap$apex$jorje$semantic$symbol$visibility$Visibility$AccessType [I 9
ciInstanceKlass apex/jorje/semantic/symbol/visibility/Visibility$2 1 1 122 9 7 12 1 1 1 9 12 1 1 9 12 1 1 9 12 1 1 10 7 12 1 1 1 10 7 12 1 1 1 10 7 12 1 1 1 18 12 1 1 10 7 12 1 1 1 10 12 1 1 10 12 1 1 9 7 12 1 1 1 10 7 12 1 1 1 1 1 1 1 1 1 1 1 1 1 1 1 1 1 1 1 1 1 1 1 1 1 1 1 1 15 10 7 12 1 1 1 16 1 15 10 12 16 1 1 100 1 1 100 1 1 100 1 1 1 100 1 100 1 1
ciInstanceKlass apex/jorje/semantic/symbol/member/method/VirtualMethodInfo 1 1 160 10 7 12 1 1 1 9 7 12 1 1 1 11 7 12 1 1 1 9 12 1 1 10 7 12 1 1 1 9 12 1 1 10 12 1 11 12 1 1 11 12 1 1 11 12 1 1 11 12 1 11 12 1 1 11 12 1 1 11 12 1 11 12 1 1 11 12 1 11 12 1 11 12 1 1 11 12 1 1 11 12 1 1 11 12 1 1 11 12 1 11 12 1 11 12 1 11 12 1 1 11 12 1 11 12 1 11 12 1 1 11 12 1 1 11 12 1 1 10 10 100 12 1 1 1 1 1 1 1 1 1 1 1 1 1 1 1 1 1 1 1 1 1 1 1 1 1 1 1 100 1 100 1 1 100 1 100 1 1
ciInstanceKlass apex/jorje/semantic/symbol/member/method/StandardMethodTable$$Lambda$537+0x00000269b235b1f0 1 1 28 1 7 1 7 1 100 1 1 1 1 1 12 10 12 9 1 1 1 100 1 100 1 1 12 10 1 1
ciInstanceKlass apex/jorje/semantic/symbol/member/method/MemoizingMethodTable$$Lambda$538+0x00000269b235b440 1 1 27 1 7 1 7 1 100 1 1 1 1 1 12 10 12 9 1 1 1 7 1 7 1 12 11 1 1
ciInstanceKlass com/google/common/base/Equivalence$1 0 0 11 100 100 1 1 1 100 1 1 1 1
ciMethodData java/lang/Object <init> ()V 2 5814876 orig 80 1 0 0 0 0 0 0 0 0 0 0 0 0 0 0 0 0 0 0 0 0 0 0 0 0 0 0 0 0 0 0 0 0 0 0 0 0 0 0 0 0 0 0 0 0 0 0 0 0 0 0 0 0 0 0 0 0 0 0 0 0 0 0 0 0 0 0 0 0 0 0 0 0 0 0 0 0 0 0 0 data 4 0x0 0x9 0x1 0x0 oops 0 methods 0
ciMethodData java/util/Objects requireNonNull (Ljava/lang/Object;)Ljava/lang/Object; 2 1138599 orig 80 0 0 0 0 0 0 0 0 0 0 0 0 0 0 0 0 0 0 0 0 0 0 0 0 0 0 0 0 0 0 0 0 0 0 0 0 0 0 0 0 0 0 0 0 0 0 0 0 0 0 0 0 0 0 0 0 0 0 0 0 0 0 0 0 0 0 0 0 0 0 0 0 0 0 0 0 0 0 0 0 data 15 0x10007 0x115da8 0x30 0x0 0x80002 0x0 0x0 0x0 0x0 0x0 0x0 0x0 0x9 0x1 0x0 oops 0 methods 0
ciMethodData java/lang/String coder ()B 2 1996833 orig 80 0 0 0 0 0 0 0 0 0 0 0 0 0 0 0 0 0 0 0 0 0 0 0 0 0 0 0 0 0 0 0 0 0 0 0 0 0 0 0 0 0 0 0 0 0 0 0 0 0 0 0 0 0 0 0 0 0 0 0 0 0 0 0 0 0 0 0 0 0 0 0 0 0 0 0 0 0 0 0 0 data 14 0x30007 0x0 0x38 0x1e7622 0xa0003 0x1e7624 0x18 0x0 0x0 0x0 0x0 0x9 0x1 0x0 oops 0 methods 0
ciMethodData java/lang/String length ()I 2 1719015 orig 80 0 0 0 0 0 0 0 0 0 0 0 0 0 0 0 0 0 0 0 0 0 0 0 0 0 0 0 0 0 0 0 0 0 0 0 0 0 0 0 0 0 0 0 0 0 0 0 0 0 0 0 0 0 0 0 0 0 0 0 0 0 0 0 0 0 0 0 0 0 0 0 0 0 0 0 0 0 0 0 0 data 16 0x60005 0x1a394a 0x0 0x0 0x0 0x0 0x0 0x0 0x0 0x0 0x0 0x0 0x0 0x9 0x1 0x0 oops 0 methods 0
ciMethodData java/util/HashMap hash (Ljava/lang/Object;)I 2 187203 orig 80 1 0 0 0 0 0 0 0 0 0 0 0 0 0 0 0 0 0 0 0 0 0 0 0 0 0 0 0 0 0 0 0 0 0 0 0 0 0 0 2 0 0 0 0 0 0 0 0 0 0 0 0 0 0 0 0 0 0 0 0 0 0 0 0 0 0 0 0 0 0 0 0 0 0 0 0 0 0 0 0 data 23 0x8000000600010007 0x287af 0x38 0x51b4 0x50003 0x51b4 0x50 0x90005 0x1262c 0x0 0x269f20ab0c0 0x15ff5 0x269f20ac6f0 0x18e 0x0 0x0 0x0 0x0 0x0 0x0 0x9 0x1 0xffffffffffffffff oops 2 10 java/lang/String 12 java/lang/Module methods 0
ciMethodData java/util/HashMap getNode (Ljava/lang/Object;)Ljava/util/HashMap$Node; 2 76327 orig 80 5 0 0 0 6 0 0 0 0 0 0 0 0 0 0 0 0 0 0 0 0 0 0 5 0 0 0 0 0 0 0 0 0 0 0 0 0 0 0 10 0 0 0 0 0 0 0 0 0 0 0 0 0 0 0 0 0 0 0 0 0 0 0 0 0 0 0 0 0 0 0 0 0 0 0 0 0 0 0 0 data 103 0x60007 0x27fc 0x2e8 0x1007e 0xe0007 0x0 0x2c8 0x1007e 0x170002 0x1007e 0x210007 0x72a1 0x298 0x8ddd 0x2a0007 0x4257 0xb8 0x4b86 0x8000000600350007 0x1687 0x98 0x3502 0x390007 0x0 0x78 0x3502 0x3f0005 0xaf4 0x0 0x269f9888780 0x5d 0x269f20ab0c0 0x29b1 0x8000000600420007 0x423 0x20 0x30e2 0x4e0007 0x3211 0x1c0 0x1469 0x520004 0xffffffffffffebc0 0x0 0x269fab95b20 0x35 0x269fb9e6210 0x23 0x8000000600550007 0x1440 0x90 0x2b 0x590004 0x0 0x0 0x269fb9e26c0 0x2b 0x0 0x0 0x5f0005 0x2b 0x0 0x0 0x0 0x0 0x0 0x6a0007 0x1426 0xb8 0x700 0x760007 0x131 0x98 0x5cf 0x7a0007 0x0 0x78 0x5cf 0x8000000700800005 0x589 0x0 0x269f20aeda0 0xd 0x269f20ab0c0 0x3e 0x8000000600830007 0x525 0x20 0xb1 0x910007 0x6e6 0xffffffffffffff48 0x1265 0x0 0x0 0x0 0x0 0x0 0x0 0x9 0x2 0x0 0x0 oops 7 29 sun/security/util/ObjectIdentifier 31 java/lang/String 44 java/util/HashMap$Node 46 java/util/LinkedHashMap$Entry 55 java/util/HashMap$TreeNode 81 java/lang/Integer 83 java/lang/String methods 0
ciMethodData java/lang/String isEmpty ()Z 2 209112 orig 80 0 0 0 0 0 0 0 0 0 0 0 0 0 0 0 0 0 0 0 0 0 0 0 0 0 0 0 0 0 0 0 0 0 0 0 0 0 0 0 0 0 0 0 0 0 0 0 0 0 0 0 0 0 0 0 0 0 0 0 0 0 0 0 0 0 0 0 0 0 0 0 0 0 0 0 0 0 0 0 0 data 14 0x50007 0x22d06 0x38 0x102d2 0x90003 0x102d2 0x18 0x0 0x0 0x0 0x0 0x9 0x1 0x0 oops 0 methods 0
ciMethodData java/util/ArrayList$Itr next ()Ljava/lang/Object; 2 5461 orig 80 0 0 0 0 0 0 0 0 0 0 0 0 0 0 0 0 0 0 0 0 0 0 0 0 0 0 0 0 0 0 0 0 0 0 0 0 0 0 0 0 0 0 0 0 0 0 0 0 0 0 0 0 0 0 0 0 0 0 0 0 0 0 0 0 0 0 0 0 0 0 0 0 0 0 0 0 0 0 0 0 data 28 0x10005 0x142b 0x0 0x0 0x0 0x0 0x0 0x110007 0x142b 0x30 0x0 0x180002 0x0 0x270007 0x142b 0x30 0x0 0x2e0002 0x0 0x0 0x0 0x0 0x0 0x0 0x0 0x9 0x1 0x6 oops 0 methods 0
ciMethodData java/util/ArrayList$Itr checkForComodification ()V 2 5463 orig 80 0 0 0 0 0 0 0 0 0 0 0 0 0 0 0 0 0 0 0 0 0 0 0 0 0 0 0 0 0 0 0 0 0 0 0 0 0 0 0 0 0 0 0 0 0 0 0 0 0 0 0 0 0 0 0 0 0 0 0 0 0 0 0 0 0 0 0 0 0 0 0 0 0 0 0 0 0 0 0 0 data 13 0xb0007 0x142b 0x30 0x0 0x120002 0x0 0x0 0x0 0x0 0x0 0x9 0x1 0x0 oops 0 methods 0
ciMethodData java/util/ArrayList$Itr hasNext ()Z 2 5436 orig 80 0 0 0 0 0 0 0 0 0 0 0 0 0 0 0 0 0 0 0 0 0 0 0 0 0 0 0 0 0 0 0 0 0 0 0 0 0 0 0 0 0 0 0 0 0 0 0 0 0 0 0 0 0 0 0 0 0 0 0 0 0 0 0 0 0 0 0 0 0 0 0 0 0 0 0 0 0 0 0 0 data 14 0xb0007 0x5cc 0x38 0xe3d 0xf0003 0xe3d 0x18 0x0 0x0 0x0 0x0 0x9 0x1 0x0 oops 0 methods 0
ciMethodData java/lang/CharacterDataLatin1 getProperties (I)I 2 38829 orig 80 0 0 0 0 0 0 0 0 0 0 0 0 0 0 0 0 0 0 0 0 0 0 0 0 0 0 0 0 0 0 0 0 0 0 0 0 0 0 0 0 0 0 0 0 0 0 0 0 0 0 0 0 0 0 0 0 0 0 0 0 0 0 0 0 0 0 0 0 0 0 0 0 0 0 0 0 0 0 0 0 data 7 0x0 0x0 0x0 0x9 0x2 0x0 0x0 oops 0 methods 0
ciMethodData java/lang/CharacterDataLatin1 toLowerCase (I)I 2 5436 orig 80 0 0 0 0 0 0 0 0 0 0 0 0 0 0 0 0 0 0 0 0 0 0 0 0 0 0 0 0 0 0 0 0 0 0 0 0 0 0 0 0 0 0 0 0 0 0 0 0 0 0 0 0 0 0 0 0 0 0 0 0 0 0 0 0 0 0 0 0 0 0 0 0 0 0 0 0 0 0 0 0 data 25 0x40005 0x0 0x0 0x269fa9f38a0 0x1417 0x0 0x0 0xc0007 0xc4d 0x40 0x7ca 0x150007 0x0 0x20 0x7ca 0x0 0x0 0x0 0x0 0x0 0x0 0x9 0x2 0x0 0x0 oops 1 3 java/lang/CharacterDataLatin1 methods 0
ciMethodData java/lang/CharacterData of (I)Ljava/lang/CharacterData; 2 28074 orig 80 1 0 0 0 0 0 0 0 0 0 0 0 0 0 0 0 0 0 0 0 0 0 0 0 0 0 0 0 0 0 0 0 0 0 0 0 0 0 0 1 0 0 0 0 0 0 0 0 0 0 0 0 0 0 0 0 0 0 0 0 0 0 0 0 0 0 0 0 0 0 0 0 0 0 0 0 0 0 0 0 data 67 0x8000000600040007 0x1175 0x20 0x5b2a 0xf0008 0x24 0x0 0x1c0 0x1175 0x130 0x0 0x148 0x0 0x160 0x0 0x178 0x0 0x1c0 0x0 0x1c0 0x0 0x1c0 0x0 0x1c0 0x0 0x1c0 0x0 0x1c0 0x0 0x1c0 0x0 0x1c0 0x0 0x1c0 0x0 0x1c0 0x0 0x190 0x0 0x1a8 0x0 0x1a8 0x630003 0x1175 0x90 0x690003 0x0 0x78 0x6f0003 0x0 0x60 0x750003 0x0 0x48 0x7b0003 0x0 0x30 0x810003 0x0 0x18 0x0 0x0 0x0 0x0 0x9 0x1 0x0 oops 0 methods 0
ciMethod java/text/MessageFormat <init> (Ljava/lang/String;)V 4114 0 38070 0 -1
ciMethod java/lang/invoke/MethodHandle linkToSpecial (Ljava/lang/Object;Ljava/lang/Object;Ljava/lang/invoke/MemberName;)V 0 0 1 0 -1
ciMethod java/lang/invoke/MethodHandle invokeBasic (Ljava/lang/Object;)Ljava/lang/Object; 0 0 1 0 -1
ciMethod java/text/MessageFormat format (Ljava/lang/String;[Ljava/lang/Object;)Ljava/lang/String; 54 0 49402 0 -1
ciMethodData java/lang/String equalsIgnoreCase (Ljava/lang/String;)Z 2 17434 orig 80 2 0 0 0 0 0 0 0 0 0 0 0 0 0 0 0 0 0 0 0 0 0 0 0 0 0 0 0 0 0 0 0 0 0 0 0 0 0 0 0 0 0 0 0 0 0 0 0 0 0 0 0 0 0 0 0 0 0 0 0 0 0 0 0 0 0 0 0 0 0 0 0 0 0 0 0 0 0 0 0 data 60 0x20007 0x42f7 0x38 0x22 0x60003 0x22 0x170 0xa0007 0x9cd 0x158 0x392a 0xe0005 0x392a 0x0 0x0 0x0 0x0 0x0 0x120005 0x392a 0x0 0x0 0x0 0x0 0x0 0x150007 0x35f7 0xc8 0x333 0x1e0005 0x333 0x0 0x0 0x0 0x0 0x0 0x210005 0x333 0x0 0x0 0x0 0x0 0x0 0x240007 0x22a 0x38 0x10a 0x280003 0x10a 0x18 0x0 0x0 0x0 0x0 0x0 0x0 0x9 0x2 0x0 0x0 oops 0 methods 0
ciMethodData java/lang/String regionMatches (ZILjava/lang/String;II)Z 2 6552 orig 80 2 0 0 0 0 0 0 0 0 0 0 0 0 0 0 0 0 0 0 0 0 0 0 0 0 0 0 0 0 0 0 0 0 0 0 0 0 0 0 0 0 0 0 0 0 0 0 0 0 0 0 0 0 0 0 0 0 0 0 0 0 0 0 0 0 0 0 0 0 0 0 0 0 0 0 0 0 0 0 0 data 95 0x10007 0x1953 0x58 0x0 0xb0005 0x0 0x0 0x0 0x0 0x0 0x0 0x110007 0x0 0xf0 0x1953 0x150007 0x0 0xd0 0x1953 0x1b0005 0x1953 0x0 0x0 0x0 0x0 0x0 0x240007 0x0 0x78 0x1953 0x2b0005 0x1953 0x0 0x0 0x0 0x0 0x0 0x340007 0x1953 0x20 0x0 0x460005 0x1953 0x0 0x0 0x0 0x0 0x0 0x4e0005 0x1953 0x0 0x0 0x0 0x0 0x0 0x510007 0x0 0x78 0x1953 0x560007 0x0 0x48 0x1953 0x620002 0x1953 0x650003 0x1955 0x28 0x710002 0x0 0x770007 0x0 0x48 0x0 0x830002 0x0 0x860003 0x0 0x28 0x920002 0x0 0x0 0x0 0x0 0x0 0x0 0x0 0x9 0x6 0x0 0x0 0x0 0x0 0x0 0x0 oops 0 methods 0
ciMethodData java/util/Optional orElse (Ljava/lang/Object;)Ljava/lang/Object; 2 179491 orig 80 0 0 0 0 0 0 0 0 0 0 0 0 0 0 0 0 0 0 0 0 0 0 0 0 0 0 0 0 0 0 0 0 0 0 0 0 0 0 0 0 0 0 0 0 0 0 0 0 0 0 0 0 0 0 0 0 0 0 0 0 0 0 0 0 0 0 0 0 0 0 0 0 0 0 0 0 0 0 0 0 data 17 0x40007 0x18bed 0x38 0x13036 0xb0003 0x13036 0x18 0x0 0x0 0x0 0x0 0x0 0x0 0x9 0x2 0x0 0x0 oops 0 methods 0
ciMethodData java/lang/CharacterDataLatin1 toUpperCase (I)I 2 5388 orig 80 0 0 0 0 0 0 0 0 0 0 0 0 0 0 0 0 0 0 0 0 0 0 0 0 0 0 0 0 0 0 0 0 0 0 0 0 0 0 0 0 0 0 0 0 0 0 0 0 0 0 0 0 0 0 0 0 0 0 0 0 0 0 0 0 0 0 0 0 0 0 0 0 0 0 0 0 0 0 0 0 data 32 0x40005 0x0 0x0 0x269fa9f38a0 0x140a 0x0 0x0 0xc0007 0x2c2 0x78 0x1148 0x150007 0x0 0x38 0x1148 0x250003 0x1148 0x38 0x2c0007 0x0 0x20 0x0 0x0 0x0 0x0 0x0 0x0 0x0 0x9 0x2 0x0 0x0 oops 1 3 java/lang/CharacterDataLatin1 methods 0
ciMethodData java/lang/Character toLowerCase (I)I 2 31949 orig 80 1 0 0 0 0 0 0 0 0 0 0 0 0 0 0 0 0 0 0 0 0 0 0 0 0 0 0 0 0 0 0 0 0 0 0 0 0 0 0 0 0 0 0 0 0 0 0 0 0 0 0 0 0 0 0 0 0 0 0 0 0 0 0 0 0 0 0 0 0 0 0 0 0 0 0 0 0 0 0 0 data 18 0x10002 0x7bcc 0x50005 0x0 0x0 0x269fa9f38a0 0x7b44 0x269fa9f99b0 0x88 0x0 0x0 0x0 0x0 0x0 0x0 0x9 0x1 0x0 oops 2 5 java/lang/CharacterDataLatin1 7 java/lang/CharacterData00 methods 0
ciMethodData java/lang/StringLatin1 regionMatchesCI ([BI[BII)Z 2 6552 orig 80 0 0 0 0 0 0 0 0 0 0 0 0 0 0 0 0 0 0 0 0 0 0 0 0 0 0 0 0 0 0 0 0 0 0 0 0 0 0 0 2 0 0 0 0 0 0 0 0 0 0 0 0 0 0 0 0 0 0 0 0 0 0 0 0 0 0 0 0 0 0 0 0 0 0 0 0 0 0 0 0 data 56 0x90007 0xd2 0x158 0x20b0 0x2a0007 0x1830 0x38 0x880 0x2d0003 0x880 0xffffffffffffffc0 0x350005 0x0 0x0 0x269fa9f38a0 0x1830 0x0 0x0 0x3f0005 0x0 0x0 0x269fa9f38a0 0x1830 0x0 0x0 0x8000000600480007 0x17c6 0x38 0x6c 0x4b0003 0x6c 0xffffffffffffff18 0x500002 0x17c6 0x550002 0x17c6 0x580007 0x17c6 0x38 0x0 0x5b0003 0x0 0xfffffffffffffec0 0x0 0x0 0x0 0x0 0x0 0x0 0x9 0x5 0x0 0x0 0x0 0x0 0x0 oops 2 14 java/lang/CharacterDataLatin1 21 java/lang/CharacterDataLatin1 methods 0
ciMethodData java/util/ArrayList iterator ()Ljava/util/Iterator; 2 31350 orig 80 0 0 0 0 0 0 0 0 0 0 0 0 0 0 0 0 0 0 0 0 0 0 0 0 0 0 0 0 0 0 0 0 0 0 0 0 0 0 0 0 0 0 0 0 0 0 0 0 0 0 0 0 0 0 0 0 0 0 0 0 0 0 0 0 0 0 0 0 0 0 0 0 0 0 0 0 0 0 0 0 data 8 0x50002 0x7976 0x0 0x0 0x0 0x9 0x1 0x0 oops 0 methods 0
ciMethodData java/util/ArrayList$Itr <init> (Ljava/util/ArrayList;)V 2 34776 orig 80 0 0 0 0 0 0 0 0 0 0 0 0 0 0 0 0 0 0 0 0 0 0 0 0 0 0 0 0 0 0 0 0 0 0 0 0 0 0 0 0 0 0 0 0 0 0 0 0 0 0 0 0 0 0 0 0 0 0 0 0 0 0 0 0 0 0 0 0 0 0 0 0 0 0 0 0 0 0 0 0 data 10 0x60002 0x86d8 0x0 0x0 0x0 0x0 0x9 0x2 0xc 0x0 oops 0 methods 0
ciMethodData java/util/LinkedHashMap get (Ljava/lang/Object;)Ljava/lang/Object; 2 56407 orig 80 1 0 0 0 0 0 0 0 0 0 0 0 0 0 0 0 0 0 0 0 0 0 0 0 0 0 0 0 0 0 0 0 0 0 0 0 0 0 0 0 0 0 0 0 0 0 0 0 0 0 0 0 0 0 0 0 0 0 0 0 0 0 0 0 0 0 0 0 0 0 0 0 0 0 0 0 0 0 0 0 data 32 0x20005 0xdb57 0x0 0x0 0x0 0x0 0x0 0x70007 0x4b0e 0x20 0x904a 0x100007 0x4b07 0x58 0x7 0x150005 0x0 0x0 0x269f7d79640 0x7 0x0 0x0 0x0 0x0 0x0 0x0 0x0 0x0 0x9 0x2 0x0 0x0 oops 1 18 java/util/LinkedHashMap methods 0
ciMethodData java/util/LinkedHashMap afterNodeAccess (Ljava/util/HashMap$Node;)V 1 1041 orig 80 0 0 0 0 0 0 0 0 0 0 0 0 0 0 0 0 0 0 0 0 0 0 0 0 0 0 0 0 0 0 0 0 0 0 0 0 0 0 0 0 0 0 0 0 0 0 0 0 0 0 0 0 0 0 0 0 0 0 0 0 0 0 0 0 0 0 0 0 0 0 0 0 0 0 0 0 0 0 0 0 data 46 0x40007 0xfa 0x120 0x7 0xe0007 0x0 0x100 0x7 0x120004 0x0 0x0 0x269fb9e6210 0x7 0x0 0x0 0x290007 0x0 0x38 0x7 0x320003 0x7 0x18 0x3e0007 0x0 0x38 0x7 0x480003 0x7 0x18 0x4f0007 0x7 0x38 0x0 0x570003 0x0 0x18 0x0 0x0 0x0 0x0 0x0 0x0 0x9 0x2 0xc8 0x18 oops 1 11 java/util/LinkedHashMap$Entry methods 0
ciMethodData java/lang/Object equals (Ljava/lang/Object;)Z 2 60499 orig 80 0 0 0 0 0 0 0 0 0 0 0 0 0 0 0 0 0 0 0 0 0 0 0 0 0 0 0 0 0 0 0 0 0 0 0 0 0 0 0 0 0 0 0 0 0 0 0 0 0 0 0 0 0 0 0 0 0 0 0 0 0 0 0 0 0 0 0 0 0 0 0 0 0 0 0 0 0 0 0 0 data 17 0x20007 0x8551 0x38 0x65fd 0x60003 0x65fd 0x18 0x0 0x0 0x0 0x0 0x0 0x0 0x9 0x2 0x0 0x0 oops 0 methods 0
ciMethod com/google/common/base/Preconditions checkState (Z)V 598 0 121984 0 -1
ciMethod com/google/common/base/Preconditions checkNotNull (Ljava/lang/Object;)Ljava/lang/Object; 536 0 439634 0 96
ciMethod com/google/common/base/Platform stringIsNullOrEmpty (Ljava/lang/String;)Z 448 0 203144 0 0
ciMethod java/lang/AssertionError <init> ()V 0 0 1 0 -1
ciMethod java/lang/AssertionError <init> (Ljava/lang/Object;)V 0 0 1 0 -1
ciMethodData java/lang/invoke/DirectMethodHandle allocateInstance (Ljava/lang/Object;)Ljava/lang/Object; 2 395987 orig 80 0 0 0 0 0 0 0 0 0 0 0 0 0 0 0 0 0 0 0 0 0 0 0 0 0 0 0 0 0 0 0 0 0 0 0 0 0 0 0 0 0 0 0 0 0 0 0 0 0 0 0 0 0 0 0 0 0 0 0 0 0 0 0 0 0 0 0 0 0 0 0 0 0 0 0 0 0 0 0 0 data 23 0x10004 0x0 0x0 0x269fbc93aa0 0x24c7 0x0 0x0 0xc0005 0x60a39 0x0 0x0 0x0 0x0 0x0 0x0 0x0 0x0 0x0 0x0 0x0 0x9 0x1 0x0 oops 1 3 java/lang/invoke/DirectMethodHandle$Constructor methods 0
ciMethodData java/lang/invoke/DirectMethodHandle constructorMethod (Ljava/lang/Object;)Ljava/lang/Object; 2 395989 orig 80 0 0 0 0 0 0 0 0 0 0 0 0 0 0 0 0 0 0 0 0 0 0 0 0 0 0 0 0 0 0 0 0 0 0 0 0 0 0 0 0 0 0 0 0 0 0 0 0 0 0 0 0 0 0 0 0 0 0 0 0 0 0 0 0 0 0 0 0 0 0 0 0 0 0 0 0 0 0 0 0 data 16 0x10004 0x0 0x0 0x269fbc93aa0 0x24c7 0x0 0x0 0x0 0x0 0x0 0x0 0x0 0x0 0x9 0x1 0x0 oops 1 3 java/lang/invoke/DirectMethodHandle$Constructor methods 0
ciMethod java/util/NoSuchElementException <init> ()V 0 0 1 0 -1
ciMethod java/text/MessageFormat applyPattern (Ljava/lang/String;)V 2064 69536 6288 0 -1
ciMethodData java/lang/invoke/Invokers$Holder linkToTargetMethod (Ljava/lang/Object;Ljava/lang/Object;)Ljava/lang/Object; 2 263868 orig 80 0 0 0 0 0 0 0 0 0 0 0 0 0 0 0 0 0 0 0 0 0 0 0 0 0 0 0 0 0 0 0 0 0 0 0 0 0 0 0 0 0 0 0 0 0 0 0 0 0 0 0 0 0 0 0 0 0 0 0 0 0 0 0 0 0 0 0 0 0 0 0 0 0 0 0 0 0 0 0 0 data 34 0x10004 0x0 0x0 0x269fbc93aa0 0xcac 0x269fbc94600 0xfa 0x5000b 0x405b6 0x0 0x0 0x0 0x0 0x0 0x3 0x1 0x2 0x2 0x0 0x0 0x0 0x0 0x0 0x0 0x9 0x2 0x0 0x0 0xc 0x4 0x0 0x2 0x1 0x2 oops 2 3 java/lang/invoke/DirectMethodHandle$Constructor 5 java/lang/invoke/BoundMethodHandle$Species_LL methods 0
ciMethod com/google/common/collect/ImmutableSet of ()Lcom/google/common/collect/ImmutableSet; 512 0 139891 0 64
ciMethod com/google/common/collect/ImmutableList of ()Lcom/google/common/collect/ImmutableList; 96 0 401508 0 64
ciMethod com/google/common/collect/Iterators filter (Ljava/util/Iterator;Lcom/google/common/base/Predicate;)Lcom/google/common/collect/UnmodifiableIterator; 1024 0 20519 0 -1
ciMethod com/google/common/collect/Iterators$5 computeNext ()Ljava/lang/Object; 1014 0 15614 0 -1
ciMethod com/google/common/collect/AbstractIterator computeNext ()Ljava/lang/Object; 0 0 1 0 -1
ciMethod com/google/common/collect/AbstractIterator endOfData ()Ljava/lang/Object; 392 0 6209 0 -1
ciMethod com/google/common/collect/AbstractIterator hasNext ()Z 514 0 27323 0 1888
ciMethod com/google/common/collect/AbstractIterator tryToComputeNext ()Z 444 0 17121 0 -1
ciMethod com/google/common/collect/AbstractIterator next ()Ljava/lang/Object; 890 0 39893 0 2112
ciMethod com/google/common/collect/Multimap put (Ljava/lang/Object;Ljava/lang/Object;)Z 0 0 1 0 -1
ciMethod com/google/common/collect/AbstractMapBasedMultimap createCollection (Ljava/lang/Object;)Ljava/util/Collection; 9946 0 7999 0 -1
ciMethod com/google/common/collect/AbstractMapBasedMultimap put (Ljava/lang/Object;Ljava/lang/Object;)Z 2392 0 1193 0 -1
ciMethod com/google/common/base/Supplier get ()Ljava/lang/Object; 0 0 1 0 -1
ciMethod com/google/common/base/Equivalence equivalent (Ljava/lang/Object;Ljava/lang/Object;)Z 514 0 64778 0 224
ciMethod com/google/common/base/Equivalence doEquivalent (Ljava/lang/Object;Ljava/lang/Object;)Z 0 0 1 0 -1
ciMethod com/google/common/base/Equivalence hash (Ljava/lang/Object;)I 512 0 126171 0 0
ciMethod com/google/common/base/Equivalence doHash (Ljava/lang/Object;)I 0 0 1 0 -1
ciMethod com/google/common/base/Equivalence wrap (Ljava/lang/Object;)Lcom/google/common/base/Equivalence$Wrapper; 512 0 12073 0 192
ciMethod com/google/common/base/Predicate apply (Ljava/lang/Object;)Z 0 0 1 0 -1
ciMethod com/google/common/collect/ArrayListMultimap put (Ljava/lang/Object;Ljava/lang/Object;)Z 2260 0 1111 0 0
ciMethod com/google/common/collect/AbstractListMultimap put (Ljava/lang/Object;Ljava/lang/Object;)Z 512 0 256 0 -1
ciMethod com/google/common/collect/SingletonImmutableList size ()I 258 0 129 0 0
ciMethodData com/google/common/base/Preconditions checkNotNull (Ljava/lang/Object;)Ljava/lang/Object; 2 439648 orig 80 0 0 0 0 0 0 0 0 0 0 0 0 0 0 0 0 0 0 0 0 0 0 0 0 0 0 0 0 0 0 0 0 0 0 0 0 0 0 0 0 0 0 0 0 0 0 0 0 0 0 0 0 0 0 0 0 0 0 0 0 0 0 0 0 0 0 0 0 0 0 0 0 0 0 0 0 0 0 0 0 data 15 0x10007 0x6b454 0x30 0x0 0x80002 0x0 0x0 0x0 0x0 0x0 0x0 0x0 0x9 0x1 0x0 oops 0 methods 0
ciMethodData java/lang/invoke/DirectMethodHandle$Holder newInvokeSpecial (Ljava/lang/Object;Ljava/lang/Object;)Ljava/lang/Object; 2 243918 orig 80 0 0 0 0 0 0 0 0 0 0 0 0 0 0 0 0 0 0 0 0 0 0 0 0 0 0 0 0 0 0 0 0 0 0 0 0 0 0 0 0 0 0 0 0 0 0 0 0 0 0 0 0 0 0 0 0 0 0 0 0 0 0 0 0 0 0 0 0 0 0 0 0 0 0 0 0 0 0 0 0 data 42 0x1000a 0x3b7ca 0x3 0x0 0x269fbc93aa0 0x2 0x6000a 0x3b7ca 0x3 0x0 0x269fbc93aa0 0x269f20ad290 0xd0004 0x0 0x0 0x269f20ad290 0xa 0x0 0x0 0x10000a 0x3b7ca 0x4 0x0 0x2 0x1 0x2 0x0 0x0 0x0 0x0 0x0 0x0 0x9 0x2 0x0 0x0 0xc 0x4 0x0 0x269fbc93aa0 0x1 0x2 oops 5 4 java/lang/invoke/DirectMethodHandle$Constructor 10 java/lang/invoke/DirectMethodHandle$Constructor 11 java/lang/invoke/MemberName 15 java/lang/invoke/MemberName 39 java/lang/invoke/DirectMethodHandle$Constructor methods 0
ciMethodData java/util/HashMap removeNode (ILjava/lang/Object;Ljava/lang/Object;ZZ)Ljava/util/HashMap$Node; 2 11801 orig 80 1 0 0 0 2 0 0 0 0 0 0 0 0 0 0 0 0 0 0 0 1 0 0 0 0 0 0 0 0 0 0 0 0 0 0 0 0 0 0 3 0 0 0 0 0 0 0 0 0 0 0 0 0 0 0 0 0 0 0 0 0 0 0 0 0 0 0 0 0 0 0 0 0 0 0 0 0 0 0 0 data 191 0x70007 0x0 0x580 0x2e0b 0x100007 0x0 0x560 0x2e0b 0x220007 0x1ed9 0x540 0xf32 0x2e0007 0x46c 0xd0 0xac6 0x3a0007 0x85d 0x98 0x269 0x3e0007 0x0 0x90 0x269 0x400440005 0x268 0x0 0x269f20ab0c0 0x1 0x269fb9e6160 0x1 0x470007 0x0 0x38 0x26a 0x4e0003 0xac7 0x208 0x8000000600590007 0x3c6 0x1f0 0xa9 0x5e0004 0xffffffffffffff57 0x0 0x269fab95b20 0x7 0x0 0x0 0x610007 0xa9 0xa8 0x0 0x660004 0x0 0x0 0x0 0x0 0x0 0x0 0x6b0005 0x0 0x0 0x0 0x0 0x0 0x0 0x700003 0x0 0x108 0x790007 0x1e 0xd0 0x9f 0x850007 0x54 0x98 0x4b 0x890007 0x0 0x90 0x4b 0x8f0005 0x0 0x0 0x269f835cfd0 0x4b 0x0 0x0 0x920007 0x0 0x38 0x4b 0x990003 0x9f 0x38 0xa80007 0x14 0xffffffffffffff30 0xa 0xad0007 0x3d0 0x260 0xb66 0xb20007 0xb66 0xb8 0x0 0xbe0007 0x0 0x98 0x0 0xc20007 0x0 0x200 0x0 0xc80005 0x0 0x0 0x0 0x0 0x0 0x0 0xcb0007 0x0 0x1a8 0x0 0xd00004 0xfffffffffffff49a 0x0 0x269fab95b20 0xf0 0x269fb9e6210 0xb 0xd30007 0xb66 0xa8 0x0 0xd80004 0x0 0x0 0x0 0x0 0x0 0x0 0xe00005 0x0 0x0 0x0 0x0 0x0 0x0 0xe30003 0x0 0x88 0xea0007 0x9f 0x70 0xac7 0xf60104 0x0 0x0 0x269fab95b20 0x82 0x0 0x0 0xf70003 0xac7 0x18 0x11b0005 0x0 0x0 0x269fab94e70 0x8a8 0x269f7d79640 0x2be 0x0 0x0 0x0 0x0 0x0 0x0 0x0 0x9 0x6 0x0 0x0 0x0 0x0 0x0 0x0 oops 9 27 java/lang/String 29 sun/nio/fs/WindowsPath 45 java/util/HashMap$Node 85 com/google/common/base/Equivalence$Wrapper 130 java/util/HashMap$Node 132 java/util/LinkedHashMap$Entry 162 java/util/HashMap$Node 172 java/util/HashMap 174 java/util/LinkedHashMap methods 0
ciMethodData java/util/Optional isPresent ()Z 2 212412 orig 80 0 0 0 0 0 0 0 0 0 0 0 0 0 0 0 0 0 0 0 0 0 0 0 0 0 0 0 0 0 0 0 0 0 0 0 0 0 0 0 0 0 0 0 0 0 0 0 0 0 0 0 0 0 0 0 0 0 0 0 0 0 0 0 0 0 0 0 0 0 0 0 0 0 0 0 0 0 0 0 0 data 16 0x40007 0x24e6a 0x38 0xee49 0x80003 0xee49 0x18 0x0 0x0 0x0 0x0 0x0 0x0 0x9 0x1 0x0 oops 0 methods 0
ciMethodData java/util/Collections emptyIterator ()Ljava/util/Iterator; 2 58676 orig 80 0 0 0 0 0 0 0 0 0 0 0 0 0 0 0 0 0 0 0 0 0 0 0 0 0 0 0 0 0 0 0 0 0 0 0 0 0 0 0 0 0 0 0 0 0 0 0 0 0 0 0 0 0 0 0 0 0 0 0 0 0 0 0 0 0 0 0 0 0 0 0 0 0 0 0 0 0 0 0 0 data 4 0x0 0x0 0x9 0x0 oops 0 methods 0
ciMethodData java/util/Collections$UnmodifiableCollection$1 hasNext ()Z 2 12164 orig 80 0 0 0 0 0 0 0 0 0 0 0 0 0 0 0 0 0 0 0 0 0 0 0 0 0 0 0 0 0 0 0 0 0 0 0 0 0 0 0 0 0 0 0 0 0 0 0 0 0 0 0 0 0 0 0 0 0 0 0 0 0 0 0 0 0 0 0 0 0 0 0 0 0 0 0 0 0 0 0 0 data 16 0x40005 0x2 0x0 0x269f8e18b30 0x28 0x269f8e16920 0x2e57 0x0 0x0 0x0 0x0 0x0 0x0 0x9 0x1 0x0 oops 2 3 java/util/LinkedHashMap$LinkedValueIterator 5 java/util/ArrayList$Itr methods 0
ciMethodData java/util/Collections$UnmodifiableCollection$1 next ()Ljava/lang/Object; 2 23640 orig 80 0 0 0 0 0 0 0 0 0 0 0 0 0 0 0 0 0 0 0 0 0 0 0 0 0 0 0 0 0 0 0 0 0 0 0 0 0 0 0 0 0 0 0 0 0 0 0 0 0 0 0 0 0 0 0 0 0 0 0 0 0 0 0 0 0 0 0 0 0 0 0 0 0 0 0 0 0 0 0 0 data 16 0x40005 0x2 0x0 0x269f8e18b30 0x11 0x269f8e16920 0x5b45 0x0 0x0 0x0 0x0 0x0 0x0 0x9 0x1 0x0 oops 2 3 java/util/LinkedHashMap$LinkedValueIterator 5 java/util/ArrayList$Itr methods 0
ciMethod apex/jorje/semantic/symbol/type/naming/TypeNameProvider getApexName ()Ljava/lang/String; 0 0 1 0 -1
ciMethod apex/jorje/semantic/symbol/type/TypeInfo getBasicType ()Lapex/jorje/semantic/symbol/type/BasicType; 0 0 1 0 -1
ciMethod apex/jorje/semantic/symbol/type/TypeInfo getNamespace ()Lapex/jorje/semantic/compiler/Namespace; 0 0 1 0 -1
ciMethod apex/jorje/semantic/symbol/type/TypeInfo getUnitType ()Lapex/jorje/semantic/symbol/type/UnitType; 0 0 1 0 -1
ciMethod apex/jorje/semantic/symbol/type/TypeInfo methods ()Lapex/jorje/semantic/symbol/member/method/MethodTable; 0 0 1 0 -1
ciMethod apex/jorje/semantic/symbol/type/TypeInfo virtualMethods ()Lapex/jorje/semantic/symbol/member/method/MethodTable; 0 0 1 0 -1
ciMethod apex/jorje/semantic/symbol/type/TypeInfo parents ()Lapex/jorje/semantic/symbol/type/parent/ParentTable; 0 0 1 0 -1
ciMethod apex/jorje/semantic/symbol/type/TypeInfo accept (Lapex/jorje/semantic/symbol/type/visitor/TypeInfoVisitor;)Ljava/lang/Object; 0 0 1 0 -1
ciMethod apex/jorje/semantic/symbol/type/TypeInfo getModifiers ()Lapex/jorje/semantic/ast/modifier/ModifierGroup; 0 0 1 0 -1
ciMethod apex/jorje/semantic/symbol/type/TypeInfo getTypeArguments ()Ljava/util/List; 0 0 1 0 -1
ciMethod apex/jorje/semantic/symbol/type/TypeInfo getEquivalenceWrapper ()Lcom/google/common/base/Equivalence$Wrapper; 0 0 1 0 -1
ciMethod apex/jorje/semantic/symbol/type/TypeInfo isResolved ()Z 0 0 1 0 -1
ciMethod apex/jorje/semantic/symbol/type/TypeInfo getCodeUnitDetails ()Lapex/jorje/semantic/symbol/type/CodeUnitDetails; 0 0 1 0 -1
ciMethod apex/jorje/data/Locatable getLoc ()Lapex/jorje/data/Location; 522 0 1508 0 -1
ciMethod apex/jorje/semantic/ast/modifier/AnnotationParameter getIntegerValue ()Ljava/lang/Integer; 0 0 1 0 -1
ciMethod apex/jorje/semantic/ast/modifier/AnnotationParameter getStringValue ()Ljava/lang/String; 0 0 1 0 -1
ciMethod apex/jorje/semantic/ast/modifier/ModifierGroup has (Lapex/jorje/semantic/symbol/type/ModifierOrAnnotationTypeInfo;)Z 832 0 24769 0 768
ciMethod apex/jorje/semantic/ast/modifier/ModifierGroup not (Lapex/jorje/semantic/symbol/type/ModifierOrAnnotationTypeInfo;)Z 2928 0 57088 0 0
ciMethod apex/jorje/semantic/ast/modifier/ModifierGroup none (Lapex/jorje/semantic/symbol/type/ModifierOrAnnotationTypeInfo;Lapex/jorje/semantic/symbol/type/ModifierOrAnnotationTypeInfo;)Z 760 0 4045 0 0
ciMethod apex/jorje/semantic/ast/modifier/ModifierGroup get (Lapex/jorje/semantic/symbol/type/ModifierOrAnnotationTypeInfo;)Lapex/jorje/semantic/ast/modifier/ModifierOrAnnotation; 520 0 7359 0 -1
ciMethod apex/jorje/semantic/ast/modifier/ModifierGroup assertIsResolvedForInput (Lapex/jorje/semantic/symbol/type/ModifierOrAnnotationTypeInfo;)Z 0 0 1 0 -1
ciMethod apex/jorje/semantic/ast/modifier/ModifierOrAnnotation getParameter (Ljava/lang/String;)Lapex/jorje/semantic/ast/modifier/AnnotationParameter; 0 0 1 0 -1
ciMethod apex/jorje/semantic/symbol/member/method/signature/Signature <init> (Ljava/lang/String;Lapex/jorje/semantic/symbol/type/TypeInfo;Lapex/jorje/semantic/symbol/type/TypeInfo;Ljava/util/List;)V 512 0 51201 0 -1
ciMethod apex/jorje/semantic/symbol/member/method/signature/Signature getName ()Ljava/lang/String; 264 0 132 0 -1
ciMethod apex/jorje/semantic/symbol/member/method/signature/Signature getParameterTypes ()Ljava/util/List; 278 0 139 0 0
ciMethod apex/jorje/data/Location getLine ()I 0 0 1 0 -1
ciMethod apex/jorje/data/Location getColumn ()I 0 0 1 0 -1
ciMethodData com/google/common/collect/ImmutableList of ()Lcom/google/common/collect/ImmutableList; 2 401513 orig 80 0 0 0 0 0 0 0 0 0 0 0 0 0 0 0 0 0 0 0 0 0 0 0 0 0 0 0 0 0 0 0 0 0 0 0 0 0 0 0 0 0 0 0 0 0 0 0 0 0 0 0 0 0 0 0 0 0 0 0 0 0 0 0 0 0 0 0 0 0 0 0 0 0 0 0 0 0 0 0 0 data 4 0x0 0x0 0x9 0x0 oops 0 methods 0
ciMethod apex/jorje/semantic/compiler/SourceInfo isMocked ()Z 0 0 1 0 -1
ciMethod apex/jorje/semantic/compiler/SourceFile isMocked ()Z 256 0 128 0 -1
ciMethod apex/jorje/semantic/symbol/member/Member getDefiningType ()Lapex/jorje/semantic/symbol/type/TypeInfo; 0 0 1 0 -1
ciMethod apex/jorje/semantic/symbol/member/Member getMemberType ()Lapex/jorje/semantic/symbol/member/Member$Type; 0 0 1 0 -1
ciMethod apex/jorje/semantic/symbol/member/Member getModifiers ()Lapex/jorje/semantic/ast/modifier/ModifierGroup; 0 0 1 0 -1
ciMethod apex/jorje/semantic/symbol/member/method/MethodInfo getParameterTypes ()Ljava/util/List; 0 0 1 0 -1
ciMethod apex/jorje/semantic/symbol/member/method/MethodInfo getReturnType ()Lapex/jorje/semantic/symbol/type/TypeInfo; 0 0 1 0 -1
ciMethod apex/jorje/semantic/symbol/member/method/MethodInfo getSignature ()Lapex/jorje/semantic/symbol/member/method/signature/Signature; 0 0 1 0 -1
ciMethod apex/jorje/semantic/symbol/member/method/MethodInfo getInvocationType ()Lapex/jorje/semantic/symbol/member/method/InvocationType; 0 0 1 0 -1
ciMethod apex/jorje/semantic/symbol/member/method/MethodInfo getParameters ()Ljava/util/List; 0 0 1 0 -1
ciMethod apex/jorje/semantic/symbol/member/method/MethodInfo isConstructor ()Z 0 0 1 0 -1
ciMethod apex/jorje/semantic/symbol/member/method/MethodInfo getCanonicalName ()Ljava/lang/String; 0 0 1 0 -1
ciMethod apex/jorje/semantic/symbol/member/method/MethodInfo setCanonicalName (Ljava/lang/String;)V 0 0 1 0 -1
ciMethod apex/jorje/semantic/symbol/member/method/MethodInfo getName ()Ljava/lang/String; 0 0 1 0 -1
ciMethod apex/jorje/semantic/symbol/member/method/MethodInfo getModifiers ()Lapex/jorje/semantic/ast/modifier/ModifierGroup; 0 0 1 0 -1
ciMethod apex/jorje/semantic/symbol/member/method/MethodInfo getDefiningType ()Lapex/jorje/semantic/symbol/type/TypeInfo; 0 0 1 0 -1
ciMethodData com/google/common/base/Equivalence hash (Ljava/lang/Object;)I 2 126172 orig 80 0 0 0 0 0 0 0 0 0 0 0 0 0 0 0 0 0 0 0 0 0 0 0 0 0 0 0 0 0 0 0 0 0 0 0 0 0 0 0 0 0 0 0 0 0 0 0 0 0 0 0 0 0 0 0 0 0 0 0 0 0 0 0 0 0 0 0 0 0 0 0 0 0 0 0 0 0 0 0 0 data 21 0x10007 0x1ebdb 0x20 0x0 0x80005 0x7853 0x0 0x269fab99d20 0x172c8 0x269fab99dd0 0xc0 0x0 0x0 0x0 0x0 0x0 0x0 0x9 0x2 0xffffffffffffffff 0xffffffffffffffff oops 2 7 com/google/common/base/Equivalence$Equals 9 com/google/common/base/Equivalence$Identity methods 0
ciMethodData com/google/common/base/Equivalence equivalent (Ljava/lang/Object;Ljava/lang/Object;)Z 2 64782 orig 80 1 0 0 0 0 0 0 0 0 0 0 0 0 0 0 0 0 0 0 0 4 0 0 0 0 0 0 0 0 0 0 0 0 0 0 0 0 0 0 0 0 0 0 0 0 0 0 0 0 0 0 0 0 0 0 0 0 0 0 0 0 0 0 0 0 0 0 0 0 0 0 0 0 0 0 0 0 0 0 0 data 30 0x20007 0xbe51 0x20 0x3dbc 0x80007 0x0 0x40 0xbe51 0xc0007 0xbe51 0x20 0x0 0x8000000400140005 0x457a 0x0 0x269fab99d20 0x6812 0x269fcb31bf0 0x10c9 0x0 0x0 0x0 0x0 0x0 0x0 0x9 0x3 0x0 0x0 0x0 oops 2 15 com/google/common/base/Equivalence$Equals 17 apex/jorje/semantic/symbol/type/TypeInfoEquivalence methods 0
ciMethod apex/jorje/semantic/compiler/sfdc/AccessEvaluator hasPermissionForPermGuard (Lapex/jorje/semantic/compiler/Namespace;Ljava/lang/String;)Z 0 0 1 0 -1
ciMethod apex/jorje/semantic/compiler/sfdc/AccessEvaluator isAccessibleOrTrustedNamespace (Lapex/jorje/semantic/compiler/Namespace;)Z 0 0 1 0 -1
ciMethod apex/jorje/semantic/compiler/sfdc/AccessEvaluator isNamespaceGuardNamespace (Lapex/jorje/semantic/compiler/Namespace;)Z 0 0 1 0 -1
ciMethod apex/jorje/semantic/compiler/sfdc/AccessEvaluator isManagedPackageInstalled (Ljava/lang/String;)Z 0 0 1 0 -1
ciMethod apex/jorje/semantic/compiler/sfdc/AccessEvaluator isSecondGenerationPackage (Ljava/lang/String;)Z 0 0 1 0 -1
ciMethod apex/jorje/semantic/compiler/sfdc/AccessEvaluator hasNamespaceGuardedAccess (Lapex/jorje/semantic/compiler/Namespace;Ljava/lang/String;)Z 0 0 1 0 -1
ciMethod apex/jorje/semantic/symbol/resolver/SymbolResolver getAccessEvaluator ()Lapex/jorje/semantic/compiler/sfdc/AccessEvaluator; 0 0 1 0 -1
ciMethod apex/jorje/semantic/compiler/ApexCompiler getInput ()Lapex/jorje/semantic/compiler/CompilationInput; 260 0 130 0 0
ciMethod apex/jorje/semantic/compiler/Namespace equals (Lapex/jorje/semantic/symbol/type/TypeInfo;Lapex/jorje/semantic/symbol/type/TypeInfo;)Z 500 0 6228 0 -1
ciMethod com/google/common/base/Strings isNullOrEmpty (Ljava/lang/String;)Z 448 0 203115 0 0
ciMethodData com/google/common/collect/ImmutableSet of ()Lcom/google/common/collect/ImmutableSet; 2 139908 orig 80 0 0 0 0 0 0 0 0 0 0 0 0 0 0 0 0 0 0 0 0 0 0 0 0 0 0 0 0 0 0 0 0 0 0 0 0 0 0 0 0 0 0 0 0 0 0 0 0 0 0 0 0 0 0 0 0 0 0 0 0 0 0 0 0 0 0 0 0 0 0 0 0 0 0 0 0 0 0 0 0 data 4 0x0 0x0 0x9 0x0 oops 0 methods 0
ciMethod apex/jorje/semantic/symbol/type/AbstractTypeInfo getUnitType ()Lapex/jorje/semantic/symbol/type/UnitType; 256 0 128 0 0
ciMethod apex/jorje/semantic/symbol/type/AbstractTypeInfo methods ()Lapex/jorje/semantic/symbol/member/method/MethodTable; 518 0 73574 0 1152
ciMethod apex/jorje/semantic/symbol/type/AbstractTypeInfo virtualMethods ()Lapex/jorje/semantic/symbol/member/method/MethodTable; 1590 0 20059 0 0
ciMethod apex/jorje/semantic/symbol/type/AbstractTypeInfo parents ()Lapex/jorje/semantic/symbol/type/parent/ParentTable; 4136 0 103786 0 160
ciMethod apex/jorje/semantic/symbol/type/AbstractTypeInfo getModifiers ()Lapex/jorje/semantic/ast/modifier/ModifierGroup; 256 0 128 0 0
ciMethod apex/jorje/semantic/symbol/type/AbstractTypeInfo getCodeUnitDetails ()Lapex/jorje/semantic/symbol/type/CodeUnitDetails; 4102 0 18744 0 1376
ciMethod com/google/common/collect/MoreMaps newCaseInsensitiveMap ()Ljava/util/Map; 514 0 29591 0 -1
ciMethod apex/jorje/semantic/symbol/type/TypeInfoEquivalence isEquivalent (Ljava/util/List;Ljava/util/List;)Z 0 0 4512 0 -1
ciMethod apex/jorje/semantic/symbol/type/TypeInfoEquivalence equivalentBytecodeName (Lapex/jorje/semantic/symbol/type/TypeInfo;Lapex/jorje/semantic/symbol/type/TypeInfo;)Z 512 0 25559 0 -1
ciMethod apex/jorje/semantic/symbol/type/TypeInfoEquivalence equivalentApexName (Lapex/jorje/semantic/symbol/type/TypeInfo;Lapex/jorje/semantic/symbol/type/TypeInfo;)Z 0 0 1 0 -1
ciMethod apex/jorje/semantic/symbol/type/TypeInfoEquivalence isStandardTypeEquivalentToJavaType (Lapex/jorje/semantic/symbol/type/TypeInfo;Lapex/jorje/semantic/symbol/type/JavaTypeInfo;)Ljava/lang/Boolean; 0 0 1 0 -1
ciMethod apex/jorje/semantic/symbol/type/TypeInfoEquivalence isEquivalent (Lapex/jorje/semantic/symbol/type/TypeInfo;Lapex/jorje/semantic/symbol/type/TypeInfo;)Z 522 0 58461 0 4000
ciMethod apex/jorje/semantic/symbol/type/CodeUnitDetails isApexSourceBased ()Z 0 0 1 0 -1
ciMethod apex/jorje/semantic/symbol/type/CodeUnitDetails getVersion ()Lapex/jorje/services/Version; 0 0 1 0 -1
ciMethod apex/jorje/semantic/symbol/type/CodeUnitDetails getAllPackageId ()Ljava/lang/String; 30 0 1 0 -1
ciMethod apex/jorje/semantic/symbol/type/CodeUnitDetails isTrusted ()Z 0 0 1 0 -1
ciMethod apex/jorje/semantic/symbol/type/CodeUnitDetails getReferencedPackageVersions ()Ljava/util/Map; 0 0 1 0 -1
ciMethod apex/jorje/semantic/symbol/type/CodeUnitDetails getExportedPackageVersions ()Ljava/util/Map; 0 0 1 0 -1
ciMethod apex/jorje/semantic/symbol/member/method/MethodTable get (Lapex/jorje/semantic/symbol/member/method/signature/Signature;)Lapex/jorje/semantic/symbol/member/method/MethodInfo; 0 0 1 0 -1
ciMethod apex/jorje/semantic/symbol/member/method/MethodTable remove (Lapex/jorje/semantic/symbol/member/method/signature/Signature;)Lapex/jorje/semantic/symbol/member/method/MethodInfo; 0 0 1 0 -1
ciMethod apex/jorje/semantic/symbol/member/method/MethodTable addNoDuplicatesAllowed (Lapex/jorje/semantic/symbol/member/method/MethodInfo;)Lapex/common/base/Result; 0 0 1 0 -1
ciMethod apex/jorje/semantic/symbol/member/method/MethodTable addDuplicatesAllowed (Lapex/jorje/semantic/symbol/member/method/MethodInfo;)Lapex/common/base/Result; 0 0 1 0 -1
ciMethod apex/jorje/semantic/symbol/member/method/MethodTable resolve ()Lapex/jorje/semantic/symbol/member/method/MethodTable; 0 0 1 0 -1
ciMethod apex/jorje/semantic/symbol/member/method/MethodTable isResolved ()Z 0 0 1 0 -1
ciMethod apex/jorje/semantic/symbol/member/method/MethodTable all ()Ljava/util/Collection; 0 0 1 0 -1
ciMethod apex/jorje/semantic/symbol/member/method/MethodTable getInstance ()Ljava/util/Collection; 0 0 1 0 -1
ciMethod apex/jorje/semantic/symbol/type/parent/ParentTable superType ()Lapex/jorje/semantic/symbol/type/TypeInfo; 0 0 1 0 -1
ciMethod apex/jorje/semantic/symbol/type/parent/ParentTable isResolved ()Z 0 0 1 0 -1
ciMethod apex/common/base/Initializer get (Ljava/lang/Object;)Ljava/lang/Object; 0 0 1 0 -1
ciMethod apex/common/base/Initializers$MemoizingInitializer get (Ljava/lang/Object;)Ljava/lang/Object; 4114 0 15717 0 992
ciMethod apex/common/base/Initializers$OfInstanceInitializer get (Ljava/lang/Object;)Ljava/lang/Object; 189228 0 94634 0 64
ciMethod apex/jorje/services/Version fromInternal (D)Lapex/jorje/services/Version; 0 0 1 0 -1
ciMethod apex/jorje/services/Version getExternal ()D 0 0 1 0 -1
ciMethod apex/jorje/services/Version isGreaterThan (Lapex/jorje/services/Version;)Z 8668 0 106005 0 -1
ciMethod apex/jorje/services/Version isLessThan (Lapex/jorje/services/Version;)Z 3370 0 1368 0 -1
ciMethod com/google/common/base/Suppliers$NonSerializableMemoizingSupplier get ()Ljava/lang/Object; 4290 0 51674 0 5504
ciMethod apex/jorje/data/Locations isReal (Lapex/jorje/data/Location;)Z 1004 0 9075 0 -1
ciMethod apex/jorje/data/Locations toPair (Lapex/jorje/data/Location;)Lapex/common/tuple/IntPair; 784 0 1950 0 -1
ciMethod apex/common/tuple/IntPair tuple (II)Lapex/common/tuple/IntPair; 498 0 1807 0 -1
ciMethod apex/jorje/semantic/symbol/type/parent/StandardParentTable superType ()Lapex/jorje/semantic/symbol/type/TypeInfo; 4102 0 53689 0 0
ciMethod apex/jorje/semantic/symbol/type/parent/StandardParentTable isResolved ()Z 512 0 17065 0 0
ciMethod apex/common/base/Result error (Ljava/lang/String;)Lapex/common/base/Result; 0 0 1 0 -1
ciMethod apex/common/base/Result hasError ()Z 4480 0 194522 0 0
ciMethod apex/common/base/Result getError ()Ljava/lang/String; 0 0 3976 0 -1
ciMethod apex/common/base/VoidResult of ()Lapex/common/base/VoidResult; 4278 0 131077 0 -1
ciMethod apex/common/base/VoidResult error (Ljava/lang/String;)Lapex/common/base/VoidResult; 0 0 3976 0 -1
ciMethod apex/jorje/semantic/symbol/member/method/StandardMethodTable get (Lapex/jorje/semantic/symbol/member/method/signature/Signature;)Lapex/jorje/semantic/symbol/member/method/MethodInfo; 530 0 22158 0 0
ciMethod apex/jorje/semantic/symbol/member/method/StandardMethodTable remove (Lapex/jorje/semantic/symbol/member/method/signature/Signature;)Lapex/jorje/semantic/symbol/member/method/MethodInfo; 232 0 6156 0 0
ciMethod apex/jorje/semantic/symbol/member/method/StandardMethodTable addNoDuplicatesAllowed (Lapex/jorje/semantic/symbol/member/method/MethodInfo;)Lapex/common/base/Result; 4424 0 48788 0 9888
ciMethod apex/jorje/semantic/symbol/member/method/StandardMethodTable addDuplicatesAllowed (Lapex/jorje/semantic/symbol/member/method/MethodInfo;)Lapex/common/base/Result; 512 0 20905 0 0
ciMethod apex/jorje/semantic/symbol/member/method/StandardMethodTable resolve ()Lapex/jorje/semantic/symbol/member/method/MethodTable; 514 0 12754 0 0
ciMethod apex/jorje/semantic/symbol/member/method/StandardMethodTable isResolved ()Z 260 0 130 0 0
ciMethod apex/jorje/semantic/symbol/member/method/StandardMethodTable createError (Lapex/jorje/semantic/symbol/member/method/MethodInfo;)Lapex/common/base/Result; 0 0 3976 0 -1
ciMethod apex/jorje/semantic/symbol/member/method/StandardMethodTable setupLookupHashMap (Ljava/util/Collection;Ljava/util/Map;)V 4116 14602 17662 0 -1
ciMethod apex/jorje/semantic/symbol/member/method/MemoizingMethodTable getUserConstructors ()Ljava/util/Collection; 4150 0 18199 0 -1
ciMethod apex/jorje/semantic/symbol/member/method/MemoizingMethodTable getSystemConstructors ()Ljava/util/Collection; 514 0 12959 0 -1
ciMethod apex/jorje/semantic/symbol/member/method/MemoizingMethodTable getStatics ()Ljava/util/Collection; 514 0 18001 0 -1
ciMethod apex/jorje/semantic/symbol/member/method/MemoizingMethodTable getInstance ()Ljava/util/Collection; 4196 0 42416 0 2528
ciMethod com/google/common/base/Equivalence$Wrapper <init> (Lcom/google/common/base/Equivalence;Ljava/lang/Object;)V 512 0 13722 0 0
ciMethod com/google/common/base/Equivalence$Wrapper equals (Ljava/lang/Object;)Z 768 0 22529 0 0
ciMethod com/google/common/base/Equivalence$Wrapper hashCode ()I 516 0 30803 0 160
ciMethod com/google/common/base/Equivalence$Wrapper <init> (Lcom/google/common/base/Equivalence;Ljava/lang/Object;Lcom/google/common/base/Equivalence$1;)V 512 0 13722 0 544
ciMethod java/util/MissingResourceException <init> (Ljava/lang/String;Ljava/lang/String;Ljava/lang/String;)V 0 0 1 0 -1
ciMethodData java/util/Collections$EmptyList iterator ()Ljava/util/Iterator; 2 53297 orig 80 0 0 0 0 0 0 0 0 0 0 0 0 0 0 0 0 0 0 0 0 0 0 0 0 0 0 0 0 0 0 0 0 0 0 0 0 0 0 0 0 0 0 0 0 0 0 0 0 0 0 0 0 0 0 0 0 0 0 0 0 0 0 0 0 0 0 0 0 0 0 0 0 0 0 0 0 0 0 0 0 data 11 0x2 0xcf2f 0x0 0x0 0x0 0x0 0x0 0x0 0x9 0x1 0x0 oops 0 methods 0
ciMethod com/google/common/base/NullnessCasts uncheckedCastNullableTToT (Ljava/lang/Object;)Ljava/lang/Object; 1024 0 76578 0 -1
ciMethod apex/jorje/semantic/symbol/type/common/TypeInfoUtil isInnerType (Lapex/jorje/semantic/symbol/type/TypeInfo;)Z 528 0 103682 0 -1
ciMethod apex/jorje/semantic/symbol/type/common/TypeInfoUtil getTopLevel (Lapex/jorje/semantic/symbol/type/TypeInfo;)Lapex/jorje/semantic/symbol/type/TypeInfo; 6 0 6748 0 -1
ciMethod apex/jorje/semantic/symbol/type/common/TypeInfoUtil isTestClass (Lapex/jorje/semantic/symbol/type/TypeInfo;)Z 0 0 1 0 -1
ciMethod apex/jorje/semantic/symbol/member/method/signature/SignatureFactory create (Ljava/lang/String;Lapex/jorje/semantic/symbol/type/TypeInfo;)Lapex/jorje/semantic/symbol/member/method/signature/Signature; 354 0 6023 0 0
ciMethod apex/jorje/semantic/symbol/member/method/signature/SignatureFactory create (Ljava/lang/String;Lapex/jorje/semantic/symbol/type/TypeInfo;Ljava/util/List;)Lapex/jorje/semantic/symbol/member/method/signature/Signature; 512 0 10162 0 0
ciMethod apex/jorje/semantic/symbol/member/method/signature/SignatureFactory create (Ljava/lang/String;Lapex/jorje/semantic/symbol/type/TypeInfo;Lapex/jorje/semantic/symbol/type/TypeInfo;Ljava/util/List;)Lapex/jorje/semantic/symbol/member/method/signature/Signature; 512 0 51201 0 4128
ciMethod apex/jorje/semantic/symbol/type/common/GenericTypeInfoUtil getRootType (Lapex/jorje/semantic/symbol/type/TypeInfo;)Lapex/jorje/semantic/symbol/type/TypeInfo; 512 0 93187 0 -1
ciMethod apex/common/base/MoreStrings equalsIgnoreCase (Ljava/lang/String;Ljava/lang/String;)Z 4150 0 23813 0 -1
ciMethod apex/jorje/services/I18nSupport getLabel (Ljava/lang/String;)Ljava/lang/String; 78 0 53501 0 -1
ciMethod apex/jorje/services/I18nSupport getLabel (Ljava/lang/String;[Ljava/lang/Object;)Ljava/lang/String; 3688 0 49622 0 0
ciMethod apex/jorje/semantic/symbol/member/method/StandardMethodInfo getParameterTypes ()Ljava/util/List; 4116 0 40434 0 96
ciMethod apex/jorje/semantic/symbol/member/method/StandardMethodInfo getReturnType ()Lapex/jorje/semantic/symbol/type/TypeInfo; 260 0 130 0 0
ciMethod apex/jorje/semantic/symbol/member/method/StandardMethodInfo getSignature ()Lapex/jorje/semantic/symbol/member/method/signature/Signature; 270 0 135 0 0
ciMethod apex/jorje/semantic/symbol/member/method/StandardMethodInfo getCanonicalName ()Ljava/lang/String; 260 0 130 0 0
ciMethod apex/jorje/semantic/symbol/member/method/StandardMethodInfo setCanonicalName (Ljava/lang/String;)V 1816 0 865 0 0
ciMethod apex/jorje/semantic/symbol/member/method/StandardMethodInfo getName ()Ljava/lang/String; 245224 0 114018 0 0
ciMethod apex/jorje/semantic/symbol/member/method/StandardMethodInfo getDefiningType ()Lapex/jorje/semantic/symbol/type/TypeInfo; 264 0 132 0 0
ciMethod apex/jorje/semantic/symbol/member/method/StandardMethodInfo getModifiers ()Lapex/jorje/semantic/ast/modifier/ModifierGroup; 274 0 137 0 0
ciMethod apex/jorje/semantic/symbol/member/method/StandardMethodInfo getLoc ()Lapex/jorje/data/Location; 4096 0 1459 0 0
ciMethod apex/jorje/data/Identifier getValue ()Ljava/lang/String; 0 0 1 0 -1
ciMethod apex/jorje/semantic/symbol/member/method/MethodUtil getUnreifiedMethod (Lapex/jorje/semantic/symbol/member/method/MethodInfo;)Lapex/jorje/semantic/symbol/member/method/MethodInfo; 530 0 46836 0 -1
ciMethod apex/jorje/semantic/symbol/member/method/signature/SignatureEquivalence get ()Lapex/jorje/semantic/symbol/member/method/signature/SignatureEquivalence; 2586 0 115529 0 0
ciMethod apex/jorje/semantic/symbol/member/method/signature/SignatureEquivalence doHash (Ljava/lang/Object;)I 4100 0 21434 0 -1
ciMethod com/google/common/collect/Collections2 filter (Ljava/util/Collection;Lcom/google/common/base/Predicate;)Ljava/util/Collection; 1024 0 20742 0 -1
ciMethod com/google/common/collect/Collections2$FilteredCollection iterator ()Ljava/util/Iterator; 1024 0 20515 0 448
ciMethod com/google/common/collect/NullnessCasts uncheckedCastNullableTToT (Ljava/lang/Object;)Ljava/lang/Object; 890 0 39893 0 -1
ciMethodData com/google/common/base/Strings isNullOrEmpty (Ljava/lang/String;)Z 2 203153 orig 80 0 0 0 0 0 0 0 0 0 0 0 0 0 0 0 0 0 0 0 0 0 0 0 0 0 0 0 0 0 0 0 0 0 0 0 0 0 0 0 0 0 0 0 0 0 0 0 0 0 0 0 0 0 0 0 0 0 0 0 0 0 0 0 0 0 0 0 0 0 0 0 0 0 0 0 0 0 0 0 0 data 11 0x10002 0x318b1 0x0 0x0 0x0 0x0 0x0 0x0 0x9 0x1 0x0 oops 0 methods 0
ciMethodData com/google/common/base/Platform stringIsNullOrEmpty (Ljava/lang/String;)Z 2 203162 orig 80 0 0 0 0 0 0 0 0 0 0 0 0 0 0 0 0 0 0 0 0 0 0 0 0 0 0 0 0 0 0 0 0 0 0 0 0 0 0 0 0 0 0 0 0 0 0 0 0 0 0 0 0 0 0 0 0 0 0 0 0 0 0 0 0 0 0 0 0 0 0 0 0 0 0 0 0 0 0 0 0 data 27 0x10007 0x2d5db 0x78 0x42df 0x50005 0x42df 0x0 0x0 0x0 0x0 0x0 0x80007 0x2dae 0x38 0x1531 0xc0003 0x2eb0c 0x18 0x0 0x0 0x0 0x0 0x0 0x0 0x9 0x1 0x0 oops 0 methods 0
ciMethodData java/util/HashMap remove (Ljava/lang/Object;)Ljava/lang/Object; 2 11953 orig 80 1 0 0 0 0 0 0 0 0 0 0 0 0 0 0 0 0 0 0 0 0 0 0 0 0 0 0 0 0 0 0 0 0 0 0 0 0 0 0 0 0 0 0 0 0 0 0 0 0 0 0 0 0 0 0 0 0 0 0 0 0 0 0 0 0 0 0 0 0 0 0 0 0 0 0 0 0 0 0 0 data 26 0x20002 0x2daf 0x90005 0x2daf 0x0 0x0 0x0 0x0 0x0 0xe0007 0xaed 0x38 0x22c5 0x120003 0x22c5 0x18 0x0 0x0 0x0 0x0 0x0 0x0 0x9 0x2 0x0 0x0 oops 0 methods 0
ciMethod apex/jorje/semantic/compiler/CompilationInput getAccessEvaluator ()Lapex/jorje/semantic/compiler/sfdc/AccessEvaluator; 518 0 259 0 0
ciMethod apex/jorje/semantic/symbol/resolver/StandardSymbolResolver getAccessEvaluator ()Lapex/jorje/semantic/compiler/sfdc/AccessEvaluator; 7192 0 33210 0 0
ciMethod apex/jorje/semantic/symbol/type/TypeInfoType fromTypeInfo (Lapex/jorje/semantic/symbol/type/TypeInfo;)Lapex/jorje/semantic/symbol/type/TypeInfoType; 524 0 113024 0 -1
ciMethodData java/util/ResourceBundle getString (Ljava/lang/String;)Ljava/lang/String; 2 54273 orig 80 0 0 0 0 0 0 0 0 0 0 0 0 0 0 0 0 0 0 0 0 0 0 0 0 0 0 0 0 0 0 0 0 0 0 0 0 0 0 0 0 0 0 0 0 0 0 0 0 0 0 0 0 0 0 0 0 0 0 0 0 0 0 0 0 0 0 0 0 0 0 0 0 0 0 0 0 0 0 0 0 data 24 0x20005 0xd3d8 0x0 0x0 0x0 0x0 0x0 0x50004 0x0 0x0 0x269f20ab0c0 0xd3d8 0x0 0x0 0x0 0x0 0x0 0x0 0x0 0x0 0x9 0x2 0xffffffffffffffff 0xffffffffffffffff oops 1 10 java/lang/String methods 0
ciMethodData java/util/ResourceBundle getObject (Ljava/lang/String;)Ljava/lang/Object; 2 41579 orig 80 0 0 0 0 0 0 0 0 0 0 0 0 0 0 0 0 0 0 0 0 0 0 0 0 0 0 0 0 0 0 0 0 0 0 0 0 0 0 0 0 0 0 0 0 0 0 0 0 0 0 0 0 0 0 0 0 0 0 0 0 0 0 0 0 0 0 0 0 0 0 0 0 0 0 0 0 0 0 0 0 data 103 0x20005 0x0 0x0 0x269fb209540 0x9a4f 0x0 0x0 0x70007 0x9a4f 0x2b0 0x0 0xe0007 0x0 0x58 0x0 0x160005 0x0 0x0 0x0 0x0 0x0 0x0 0x1b0007 0x0 0x238 0x0 0x260002 0x0 0x2b0005 0x0 0x0 0x0 0x0 0x0 0x0 0x2f0005 0x0 0x0 0x0 0x0 0x0 0x0 0x320005 0x0 0x0 0x0 0x0 0x0 0x0 0x350005 0x0 0x0 0x0 0x0 0x0 0x0 0x3a0005 0x0 0x0 0x0 0x0 0x0 0x0 0x3e0005 0x0 0x0 0x0 0x0 0x0 0x0 0x410005 0x0 0x0 0x0 0x0 0x0 0x0 0x450005 0x0 0x0 0x0 0x0 0x0 0x0 0x480005 0x0 0x0 0x0 0x0 0x0 0x0 0x4c0002 0x0 0x0 0x0 0x0 0x0 0x0 0x0 0x9 0x2 0xffffffffffffffff 0xffffffffffffffff oops 1 3 java/util/PropertyResourceBundle methods 0
ciMethodData java/text/MessageFormat format (Ljava/lang/String;[Ljava/lang/Object;)Ljava/lang/String; 2 50166 orig 80 0 0 0 0 0 0 0 0 0 0 0 0 0 0 0 0 0 0 0 0 0 0 0 0 0 0 0 0 0 0 0 0 0 0 0 0 0 0 0 0 0 0 0 0 0 0 0 0 0 0 0 0 0 0 0 0 0 0 0 0 0 0 0 0 0 0 0 0 0 0 0 0 0 0 0 0 0 0 0 0 data 19 0x50002 0xc3db 0xb0005 0xc3db 0x0 0x0 0x0 0x0 0x0 0x0 0x0 0x0 0x0 0x0 0x0 0x9 0x2 0xffffffffffffffff 0xffffffffffffffff oops 0 methods 0
ciMethodData java/text/MessageFormat <init> (Ljava/lang/String;)V 2 38070 orig 80 0 0 0 0 0 0 0 0 0 0 0 0 0 0 0 0 0 0 0 0 0 0 0 0 0 0 0 0 0 0 0 0 0 0 0 0 0 0 0 0 0 0 0 0 0 0 0 0 0 0 0 0 0 0 0 0 0 0 0 0 0 0 0 0 0 0 0 0 0 0 0 0 0 0 0 0 0 0 0 0 data 21 0x10002 0x8cad 0x2c0002 0x8cad 0x340005 0x0 0x0 0x269f7ceb730 0x8cad 0x0 0x0 0x0 0x0 0x0 0x0 0x0 0x0 0x9 0x2 0xffffffffffffffff 0xffffffffffffffff oops 1 7 java/text/MessageFormat methods 0
ciMethodData java/text/Format format (Ljava/lang/Object;)Ljava/lang/String; 2 19003 orig 80 0 0 0 0 0 0 0 0 0 0 0 0 0 0 0 0 0 0 0 0 0 0 0 0 0 0 0 0 0 0 0 0 0 0 0 0 0 0 0 0 0 0 0 0 0 0 0 0 0 0 0 0 0 0 0 0 0 0 0 0 0 0 0 0 0 0 0 0 0 0 0 0 0 0 0 0 0 0 0 0 data 28 0x60002 0x420e 0xe0002 0x420e 0x110005 0x0 0x0 0x269f7ceb730 0x16b1 0x269f81238e0 0x2b5d 0x140005 0x420f 0x0 0x0 0x0 0x0 0x0 0x0 0x0 0x0 0x0 0x0 0x0 0x9 0x2 0xffffffffffffffff 0xffffffffffffffff oops 2 7 java/text/MessageFormat 9 java/text/DecimalFormat methods 0
ciMethodData java/text/MessageFormat applyPattern (Ljava/lang/String;)V 2 260699 orig 80 1 0 0 0 0 0 0 0 0 0 0 0 0 0 0 0 0 0 0 0 0 0 0 0 0 0 0 0 0 0 0 0 0 0 0 0 0 0 0 1 0 0 0 0 0 0 0 0 0 0 0 0 0 0 0 0 0 0 0 0 0 0 0 0 0 0 0 0 0 0 0 0 0 0 0 0 0 0 0 0 data 292 0xb0002 0x1488 0xe0004 0x0 0x0 0x269f20adb20 0x1488 0x0 0x0 0x250005 0x38713 0x0 0x0 0x0 0x0 0x0 0x280007 0x148a 0x7b8 0x37289 0x2e0005 0x37289 0x0 0x0 0x0 0x0 0x0 0x340007 0x671c 0x2a0 0x30b6d 0x80000006003b0007 0x30b6a 0x170 0x4 0x430005 0x4 0x0 0x0 0x0 0x0 0x0 0x460007 0x0 0xc8 0x4 0x4e0005 0x4 0x0 0x0 0x0 0x0 0x0 0x530007 0x4 0x70 0x0 0x5b0005 0x0 0x0 0x0 0x0 0x0 0x0 0x620003 0x0 0x620 0x670007 0x2 0x38 0x2 0x6b0003 0x2 0x18 0x710003 0x4 0x5d0 0x780007 0x2d7dc 0xc0 0x338e 0x7d0007 0x0 0xa0 0x338e 0x850007 0x0 0x578 0x338e 0x8e0002 0x338e 0x910004 0x0 0x0 0x269f20adb20 0x338e 0x0 0x0 0x920003 0x338e 0x510 0x9a0005 0x2d7dc 0x0 0x0 0x0 0x0 0x0 0x9e0003 0x2d7dc 0x4c0 0xa30007 0x671c 0x90 0x0 0xab0005 0x0 0x0 0x0 0x0 0x0 0x0 0xb30007 0x0 0x450 0x0 0xb90003 0x0 0x430 0xbe0008 0xc 0x338e 0x3e0 0x0 0x318 0x0 0x3e0 0x0 0x70 0x0 0x160 0x338e 0x1b0 0xf20007 0x0 0xa0 0x0 0xfb0007 0x0 0x388 0x0 0x1040002 0x0 0x1070004 0x0 0x0 0x0 0x0 0x0 0x0 0x1080003 0x0 0x320 0x1100005 0x0 0x0 0x0 0x0 0x0 0x0 0x1140003 0x0 0x2d0 0x11f0005 0x0 0x0 0x0 0x0 0x0 0x0 0x1230003 0x0 0x280 0x1280007 0x0 0x118 0x338e 0x1330005 0x338e 0x0 0x0 0x0 0x0 0x0 0x13c0104 0x0 0x0 0x0 0x0 0x0 0x0 0x1400104 0x0 0x0 0x0 0x0 0x0 0x0 0x1440104 0x0 0x0 0x0 0x0 0x0 0x0 0x1450003 0x338e 0x168 0x1500005 0x0 0x0 0x0 0x0 0x0 0x0 0x1540003 0x0 0x118 0x1590007 0x0 0x78 0x0 0x15f0005 0x0 0x0 0x0 0x0 0x0 0x0 0x1620007 0x0 0xa8 0x0 0x16a0005 0x0 0x0 0x0 0x0 0x0 0x0 0x16e0003 0x0 0x50 0x1790005 0x338e 0x0 0x0 0x0 0x0 0x0 0x1800003 0x3728b 0xfffffffffffff828 0x1850007 0x0 0x50 0x148a 0x1890007 0x148a 0x30 0x0 0x1970002 0x0 0x19f0005 0x148a 0x0 0x0 0x0 0x0 0x0 0x0 0x0 0x0 0x0 0x0 0x0 0x0 0x0 0x9 0x2 0x0 0x0 oops 2 5 java/lang/StringBuilder 94 java/lang/StringBuilder methods 0
ciMethodData java/text/Format <init> ()V 2 47256 orig 80 0 0 0 0 0 0 0 0 0 0 0 0 0 0 0 0 0 0 0 0 0 0 0 0 0 0 0 0 0 0 0 0 0 0 0 0 0 0 0 0 0 0 0 0 0 0 0 0 0 0 0 0 0 0 0 0 0 0 0 0 0 0 0 0 0 0 0 0 0 0 0 0 0 0 0 0 0 0 0 0 data 7 0x10002 0xb56d 0x0 0x0 0x9 0x1 0x0 oops 0 methods 0
ciMethodData java/util/Collections$UnmodifiableCollection iterator ()Ljava/util/Iterator; 2 79699 orig 80 0 0 0 0 0 0 0 0 0 0 0 0 0 0 0 0 0 0 0 0 0 0 0 0 0 0 0 0 0 0 0 0 0 0 0 0 0 0 0 0 0 0 0 0 0 0 0 0 0 0 0 0 0 0 0 0 0 0 0 0 0 0 0 0 0 0 0 0 0 0 0 0 0 0 0 0 0 0 0 0 data 8 0x50002 0x12f14 0x0 0x0 0x0 0x9 0x1 0x0 oops 0 methods 0
ciMethodData java/util/Collections$UnmodifiableCollection$1 <init> (Ljava/util/Collections$UnmodifiableCollection;)V 2 77844 orig 80 0 0 0 0 0 0 0 0 0 0 0 0 0 0 0 0 0 0 0 0 0 0 0 0 0 0 0 0 0 0 0 0 0 0 0 0 0 0 0 0 0 0 0 0 0 0 0 0 0 0 0 0 0 0 0 0 0 0 0 0 0 0 0 0 0 0 0 0 0 0 0 0 0 0 0 0 0 0 0 0 data 19 0x60002 0x12f15 0x110005 0x0 0x0 0x269f20ae3d0 0x12f15 0x0 0x0 0x0 0x0 0x0 0x0 0x0 0x0 0x9 0x2 0x6 0x0 oops 1 5 java/util/ArrayList methods 0
ciMethodData java/util/Optional filter (Ljava/util/function/Predicate;)Ljava/util/Optional; 2 22164 orig 80 0 0 0 0 0 0 0 0 0 0 0 0 0 0 0 0 0 0 0 0 0 0 0 0 0 0 0 0 0 0 0 0 0 0 0 0 0 0 0 0 0 0 0 0 0 0 0 0 0 0 0 0 0 0 0 0 0 0 0 0 0 0 0 0 0 0 0 0 0 0 0 0 0 0 0 0 0 0 0 0 data 39 0x10002 0x558b 0x60005 0x558b 0x0 0x0 0x0 0x0 0x0 0x90007 0x0 0x20 0x558b 0x130005 0x0 0x0 0x0 0x0 0x0 0x0 0x180007 0x0 0x38 0x0 0x1c0003 0x0 0x28 0x1f0002 0x0 0x0 0x0 0x0 0x0 0x0 0x0 0x9 0x2 0x0 0x0 oops 0 methods 0
ciMethodData java/util/HashMap$TreeNode getTreeNode (ILjava/lang/Object;)Ljava/util/HashMap$TreeNode; 1 80 orig 80 0 0 0 0 0 0 0 0 0 0 0 0 0 0 0 0 0 0 0 0 0 0 0 0 0 0 0 0 0 0 0 0 0 0 0 0 0 0 0 0 0 0 0 0 0 0 0 0 0 0 0 0 0 0 0 0 0 0 0 0 0 0 0 0 0 0 0 0 0 0 0 0 0 0 0 0 0 0 0 0 data 32 0x40007 0x4e 0x70 0x0 0x80005 0x0 0x0 0x0 0x0 0x0 0x0 0xb0003 0x0 0x18 0x120005 0x4e 0x0 0x0 0x0 0x0 0x0 0x0 0x0 0x0 0x0 0x0 0x0 0x9 0x3 0xffffffffffffffff 0x0 0xffffffffffffffff oops 0 methods 0
ciMethodData java/util/LinkedHashMap afterNodeRemoval (Ljava/util/HashMap$Node;)V 1 703 orig 80 0 0 0 0 0 0 0 0 0 0 0 0 0 0 0 0 0 0 0 0 0 0 0 0 0 0 0 0 0 0 0 0 0 0 0 0 0 0 0 0 0 0 0 0 0 0 0 0 0 0 0 0 0 0 0 0 0 0 0 0 0 0 0 0 0 0 0 0 0 0 0 0 0 0 0 0 0 0 0 0 data 31 0x10004 0x0 0x0 0x269fb9e6210 0x1 0x0 0x0 0x1b0007 0x1 0x38 0x0 0x240003 0x0 0x18 0x2f0007 0x0 0x38 0x1 0x370003 0x1 0x18 0x0 0x0 0x0 0x0 0x0 0x0 0x9 0x2 0x0 0x0 oops 1 3 java/util/LinkedHashMap$Entry methods 0
ciMethod apex/jorje/semantic/symbol/type/details/CodeUnitDetailsProvider$SourceCodeUnitDetails isMocked ()Z 3144 0 1509 0 0
ciMethodData com/google/common/base/Equivalence$Wrapper hashCode ()I 2 30803 orig 80 0 0 0 0 0 0 0 0 0 0 0 0 0 0 0 0 0 0 0 0 0 0 0 0 0 0 0 0 0 0 0 0 0 0 0 0 0 0 0 0 0 0 0 0 0 0 0 0 0 0 0 0 0 0 0 0 0 0 0 0 0 0 0 0 0 0 0 0 0 0 0 0 0 0 0 0 0 0 0 0 data 16 0x80005 0x7751 0x0 0x0 0x0 0x0 0x0 0x0 0x0 0x0 0x0 0x0 0x0 0x9 0x1 0x0 oops 0 methods 0
ciMethodData com/google/common/base/Equivalence wrap (Ljava/lang/Object;)Lcom/google/common/base/Equivalence$Wrapper; 2 12073 orig 80 0 0 0 0 0 0 0 0 0 0 0 0 0 0 0 0 0 0 0 0 0 0 0 0 0 0 0 0 0 0 0 0 0 0 0 0 0 0 0 0 0 0 0 0 0 0 0 0 0 0 0 0 0 0 0 0 0 0 0 0 0 0 0 0 0 0 0 0 0 0 0 0 0 0 0 0 0 0 0 0 data 9 0x70002 0x2e29 0x0 0x0 0x0 0x9 0x2 0x0 0x0 oops 0 methods 0
ciMethodData com/google/common/base/Equivalence$Wrapper <init> (Lcom/google/common/base/Equivalence;Ljava/lang/Object;Lcom/google/common/base/Equivalence$1;)V 2 13722 orig 80 0 0 0 0 0 0 0 0 0 0 0 0 0 0 0 0 0 0 0 0 0 0 0 0 0 0 0 0 0 0 0 0 0 0 0 0 0 0 0 0 0 0 0 0 0 0 0 0 0 0 0 0 0 0 0 0 0 0 0 0 0 0 0 0 0 0 0 0 0 0 0 0 0 0 0 0 0 0 0 0 data 10 0x30002 0x349a 0x0 0x0 0x9 0x4 0x6 0x0 0x0 0x0 oops 0 methods 0
ciMethodData com/google/common/base/Equivalence$Wrapper <init> (Lcom/google/common/base/Equivalence;Ljava/lang/Object;)V 2 13722 orig 80 0 0 0 0 0 0 0 0 0 0 0 0 0 0 0 0 0 0 0 0 0 0 0 0 0 0 0 0 0 0 0 0 0 0 0 0 0 0 0 0 0 0 0 0 0 0 0 0 0 0 0 0 0 0 0 0 0 0 0 0 0 0 0 0 0 0 0 0 0 0 0 0 0 0 0 0 0 0 0 0 data 22 0x10002 0x349a 0x60002 0x349a 0x90004 0x0 0x0 0x0 0x0 0x0 0x0 0x0 0x0 0x0 0x0 0x0 0x0 0x9 0x3 0x6 0x0 0x0 oops 0 methods 0
ciMethodData com/google/common/collect/AbstractIterator hasNext ()Z 2 27323 orig 80 1 0 0 0 0 0 0 0 0 0 0 0 0 0 0 0 0 0 0 0 0 0 0 0 0 0 0 0 0 0 0 0 0 0 0 0 0 0 0 0 0 0 0 0 0 0 0 0 0 0 0 0 0 0 0 0 0 0 0 0 0 0 0 0 0 0 0 0 0 0 0 0 0 0 0 0 0 0 0 0 data 35 0x70007 0x0 0x38 0x69ba 0xb0003 0x69ba 0x18 0xf0002 0x69ba 0x190005 0x69ba 0x0 0x0 0x0 0x0 0x0 0x1d0008 0x6 0x4241 0x40 0x0 0x40 0x2779 0x40 0x3d0002 0x4241 0x0 0x0 0x0 0x0 0x0 0x0 0x9 0x1 0x0 oops 0 methods 0
ciMethodData com/google/common/collect/AbstractIterator tryToComputeNext ()Z 2 17121 orig 80 1 0 0 0 0 0 0 0 0 0 0 0 0 0 0 0 0 0 0 0 0 0 0 0 0 0 0 0 0 0 0 0 0 0 0 0 0 0 0 0 0 0 0 0 0 0 0 0 0 0 0 0 0 0 0 0 0 0 0 0 0 0 0 0 0 0 0 0 0 0 0 0 0 0 0 0 0 0 0 0 data 20 0x90005 0x0 0x0 0x269f8fe41b0 0x4203 0x0 0x0 0x160007 0x1a43 0x20 0x27c5 0x0 0x0 0x0 0x0 0x0 0x0 0x9 0x1 0x0 oops 1 3 com/google/common/collect/Iterators$5 methods 0
ciMethodData com/google/common/collect/Iterators$5 computeNext ()Ljava/lang/Object; 2 15614 orig 80 1 0 0 0 0 0 0 0 0 0 0 0 0 0 0 0 0 0 0 0 6 0 0 0 0 0 0 0 0 0 0 0 0 0 0 0 0 0 0 0 0 0 0 0 0 0 0 0 0 0 0 0 0 0 0 0 0 0 0 0 0 0 0 0 0 0 0 0 0 0 0 0 0 0 0 0 0 0 0 0 data 48 0x8000000400040005 0x22 0x0 0x269f8e16920 0x3ae7 0x269f8125b50 0x2 0x90007 0x17a5 0xc8 0x2366 0x100005 0x1b 0x0 0x269f8e16920 0x234a 0x269f8125b50 0x1 0x1b0005 0x0 0x0 0x269f8125c00 0x234b 0x269f8125cb0 0x1b 0x200007 0x2 0x20 0x2364 0x250003 0x2 0xffffffffffffff18 0x290005 0x17a5 0x0 0x0 0x0 0x0 0x0 0x0 0x0 0x0 0x0 0x0 0x0 0x9 0x1 0x6 oops 6 3 java/util/ArrayList$Itr 5 com/google/common/collect/Iterators$9 14 java/util/ArrayList$Itr 16 com/google/common/collect/Iterators$9 21 apex/jorje/semantic/ast/AstNodes$$Lambda$316+0x00000269b2206708 23 apex/jorje/semantic/symbol/member/method/MemoizingMethodTable$$Lambda$538+0x00000269b235b440 methods 0
ciMethodData com/google/common/collect/AbstractIterator endOfData ()Ljava/lang/Object; 2 6209 orig 80 0 0 0 0 0 0 0 0 0 0 0 0 0 0 0 0 0 0 0 0 0 0 0 0 0 0 0 0 0 0 0 0 0 0 0 0 0 0 0 0 0 0 0 0 0 0 0 0 0 0 0 0 0 0 0 0 0 0 0 0 0 0 0 0 0 0 0 0 0 0 0 0 0 0 0 0 0 0 0 0 data 7 0x0 0x0 0x0 0x0 0x9 0x1 0x6 oops 0 methods 0
ciMethodData com/google/common/collect/AbstractIterator next ()Ljava/lang/Object; 2 39893 orig 80 0 0 0 0 0 0 0 0 0 0 0 0 0 0 0 0 0 0 0 0 0 0 0 0 0 0 0 0 0 0 0 0 0 0 0 0 0 0 0 0 0 0 0 0 0 0 0 0 0 0 0 0 0 0 0 0 0 0 0 0 0 0 0 0 0 0 0 0 0 0 0 0 0 0 0 0 0 0 0 0 data 24 0x10005 0x9a18 0x0 0x0 0x0 0x0 0x0 0x40007 0x9a18 0x30 0x0 0xb0002 0x0 0x1a0002 0x9a18 0x0 0x0 0x0 0x0 0x0 0x0 0x9 0x1 0x0 oops 0 methods 0
ciMethodData com/google/common/collect/Collections2$FilteredCollection iterator ()Ljava/util/Iterator; 2 20515 orig 80 1 0 0 0 0 0 0 0 0 0 0 0 0 0 0 0 0 0 0 0 4 0 0 0 0 0 0 0 0 0 0 0 0 0 0 0 0 0 0 0 0 0 0 0 0 0 0 0 0 0 0 0 0 0 0 0 0 0 0 0 0 0 0 0 0 0 0 0 0 0 0 0 0 0 0 0 0 0 0 0 data 18 0x8000000400040005 0x94 0x0 0x269f20ae3d0 0x4d93 0x269f9ca3b00 0x1 0xd0002 0x4e28 0x0 0x0 0x0 0x0 0x0 0x0 0x9 0x1 0x0 oops 2 3 java/util/ArrayList 5 com/google/common/collect/SingletonImmutableList methods 0
ciMethodData apex/jorje/semantic/ast/modifier/ModifierGroup has (Lapex/jorje/semantic/symbol/type/ModifierOrAnnotationTypeInfo;)Z 2 24769 orig 80 1 0 0 0 0 0 0 0 0 0 0 0 0 0 0 0 0 0 0 0 4 0 0 0 0 0 0 0 0 0 0 0 0 0 0 0 0 0 0 0 0 0 0 0 0 0 0 0 0 0 0 0 0 0 0 0 0 0 0 0 0 0 0 0 0 0 0 0 0 0 0 0 0 0 0 0 0 0 0 0 data 41 0x30007 0x5f21 0x88 0x0 0x80005 0x0 0x0 0x0 0x0 0x0 0x0 0xb0007 0x0 0x30 0x0 0x140002 0x0 0x80000004001d0005 0x0 0x0 0x269fbb43430 0x5f0a 0x269f79b5fd0 0x1b 0x220005 0x0 0x0 0x269f7d79640 0x5f25 0x0 0x0 0x0 0x0 0x0 0x0 0x0 0x0 0x9 0x2 0xffffffffffffffff 0xffffffffffffffff oops 3 20 apex/jorje/semantic/symbol/type/ModifierTypeInfo 22 apex/jorje/semantic/symbol/type/StandardAnnotationTypeInfo 27 java/util/LinkedHashMap methods 0
ciMethodData apex/jorje/semantic/symbol/type/TypeInfoEquivalence isEquivalent (Lapex/jorje/semantic/symbol/type/TypeInfo;Lapex/jorje/semantic/symbol/type/TypeInfo;)Z 2 58461 orig 80 1 0 0 0 0 0 0 0 0 0 0 0 0 0 0 0 0 0 0 0 0 0 0 0 0 0 0 0 0 0 0 0 0 0 0 0 0 0 0 1 0 0 0 0 0 0 0 0 0 0 0 0 0 0 0 0 0 0 0 0 0 0 0 0 0 0 0 0 0 0 0 0 0 0 0 0 0 0 0 0 data 367 0x8000000600020007 0xdc31 0x20 0x728 0x80005 0x4e7f 0x0 0x269f8fe3810 0x66c7 0x269fbb41130 0x26eb 0xe0005 0x1ca1 0x0 0x269f8fe3550 0x8624 0x269fbb41130 0x396c 0x130007 0xdbbd 0x20 0x74 0x190002 0xdbbd 0x1e0002 0xdbbd 0x260005 0xdbbd 0x0 0x0 0x0 0x0 0x0 0x2a0008 0x16 0x0 0x9b0 0x4ddd 0xc0 0x66c7 0x458 0x0 0x6b0 0x26eb 0x1d8 0x0 0x260 0x2e 0x2d8 0x0 0x808 0x0 0x638 0x0 0x8c0 0x0 0x938 0x640005 0x4ddd 0x0 0x0 0x0 0x0 0x0 0x680008 0x8 0x3905 0xe0 0x9a3 0x50 0xb35 0x50 0x0 0x60 0x860002 0x14d8 0x8c0004 0x0 0x0 0x0 0x0 0x0 0x0 0x8f0002 0x0 0x920005 0x0 0x0 0x0 0x0 0x0 0x0 0x9c0005 0x26eb 0x0 0x0 0x0 0x0 0x0 0xa00008 0x6 0x26cc 0x50 0x0 0x40 0x1f 0x40 0xbe0002 0x1f 0xc80005 0x0 0x0 0x0 0x0 0x0 0x0 0xcc0008 0x4 0x0 0x40 0x0 0x30 0xe20002 0x0 0xec0005 0x2e 0x0 0x0 0x0 0x0 0x0 0xf00008 0x6 0xa 0x148 0x0 0x40 0x24 0x40 0x10d0002 0x24 0x1110002 0x24 0x1140002 0x24 0x1170007 0x0 0xd8 0x24 0x11b0005 0x0 0x0 0x269f27f8f20 0x24 0x0 0x0 0x1210005 0x0 0x0 0x269f27f8f20 0x24 0x0 0x0 0x1260002 0x24 0x1290007 0x0 0x38 0x24 0x12d0003 0x24 0x18 0x1380005 0x66c7 0x0 0x0 0x0 0x0 0x0 0x13c0008 0x10 0x0 0x1a8 0x655a 0x90 0x169 0x198 0x0 0x198 0x4 0x1a8 0x0 0x1a8 0x0 0x90 0x0 0x198 0x1690002 0x655a 0x16d0002 0x655a 0x1700002 0x655a 0x1730007 0x655a 0xd8 0x0 0x1770005 0x0 0x0 0x0 0x0 0x0 0x0 0x17d0005 0x0 0x0 0x0 0x0 0x0 0x0 0x1820002 0x0 0x1850007 0x0 0x38 0x0 0x1890003 0x0 0x18 0x1900002 0x169 0x19a0005 0x0 0x0 0x0 0x0 0x0 0x0 0x19e0008 0x4 0x0 0x40 0x0 0x30 0x1b20002 0x0 0x1bc0005 0x0 0x0 0x0 0x0 0x0 0x0 0x1c00008 0x10 0x0 0x120 0x0 0x90 0x0 0x110 0x0 0x110 0x0 0x110 0x0 0x120 0x0 0x120 0x0 0x110 0x1ee0004 0x0 0x0 0x0 0x0 0x0 0x0 0x1f10002 0x0 0x1f40005 0x0 0x0 0x0 0x0 0x0 0x0 0x1fa0002 0x0 0x2040005 0x0 0x0 0x0 0x0 0x0 0x0 0x2080008 0x6 0x0 0x80 0x0 0x70 0x0 0x40 0x2250002 0x0 0x2290002 0x0 0x22c0002 0x0 0x2320002 0x0 0x23c0005 0x0 0x0 0x0 0x0 0x0 0x0 0x2400008 0x4 0x0 0x40 0x0 0x30 0x2560002 0x0 0x2600005 0x0 0x0 0x0 0x0 0x0 0x0 0x2640008 0x4 0x0 0x40 0x0 0x30 0x27a0002 0x0 0x0 0x0 0x0 0x0 0x0 0x0 0x0 0x0 0x0 0x0 0x0 0x0 0x0 0x0 0x0 0x0 0x0 0x0 0x0 0x0 0x9 0x2 0x0 0x0 oops 6 7 apex/jorje/semantic/symbol/type/InternalTypeInfo 9 apex/jorje/semantic/symbol/type/ScalarTypeInfo 14 apex/jorje/semantic/symbol/type/StandardTypeInfoImpl 16 apex/jorje/semantic/symbol/type/ScalarTypeInfo 152 apex/jorje/semantic/symbol/type/GenericTypeInfo 159 apex/jorje/semantic/symbol/type/GenericTypeInfo methods 0
ciMethodData apex/jorje/semantic/ast/modifier/ModifierGroup not (Lapex/jorje/semantic/symbol/type/ModifierOrAnnotationTypeInfo;)Z 2 59535 orig 80 0 0 0 0 0 0 0 0 0 0 0 0 0 0 0 0 0 0 0 0 0 0 0 0 0 0 0 0 0 0 0 0 0 0 0 0 0 0 0 0 0 0 0 0 0 0 0 0 0 0 0 0 0 0 0 0 0 0 0 0 0 0 0 0 0 0 0 0 0 0 0 0 0 0 0 0 0 0 0 0 data 24 0x20005 0x0 0x0 0x269f8fe3ef0 0xe2d7 0x0 0x0 0x50007 0x72d2 0x38 0x7005 0x90003 0x7005 0x18 0x0 0x0 0x0 0x0 0x0 0x0 0x9 0x2 0xffffffffffffffff 0xffffffffffffffff oops 1 3 apex/jorje/semantic/ast/modifier/ModifierGroup methods 0
ciMethodData apex/jorje/semantic/symbol/member/method/signature/SignatureFactory create (Ljava/lang/String;Lapex/jorje/semantic/symbol/type/TypeInfo;Lapex/jorje/semantic/symbol/type/TypeInfo;Ljava/util/List;)Lapex/jorje/semantic/symbol/member/method/signature/Signature; 2 51201 orig 80 0 0 0 0 0 0 0 0 0 0 0 0 0 0 0 0 0 0 0 0 0 0 0 0 0 0 0 0 0 0 0 0 0 0 0 0 0 0 0 0 0 0 0 0 0 0 0 0 0 0 0 0 0 0 0 0 0 0 0 0 0 0 0 0 0 0 0 0 0 0 0 0 0 0 0 0 0 0 0 0 data 11 0x80002 0xc701 0x0 0x0 0x0 0x9 0x4 0xffffffffffffffff 0x0 0x0 0xffffffffffffffff oops 0 methods 0
ciMethodData apex/jorje/semantic/symbol/member/method/signature/SignatureFactory create (Ljava/lang/String;Lapex/jorje/semantic/symbol/type/TypeInfo;Ljava/util/List;)Lapex/jorje/semantic/symbol/member/method/signature/Signature; 2 10163 orig 80 0 0 0 0 0 0 0 0 0 0 0 0 0 0 0 0 0 0 0 0 0 0 0 0 0 0 0 0 0 0 0 0 0 0 0 0 0 0 0 0 0 0 0 0 0 0 0 0 0 0 0 0 0 0 0 0 0 0 0 0 0 0 0 0 0 0 0 0 0 0 0 0 0 0 0 0 0 0 0 0 data 13 0x40002 0x26b3 0x0 0x0 0x0 0x0 0x0 0x0 0x9 0x3 0x0 0x0 0x0 oops 0 methods 0
ciMethodData apex/jorje/services/I18nSupport getLabel (Ljava/lang/String;[Ljava/lang/Object;)Ljava/lang/String; 2 51877 orig 80 0 0 0 0 0 0 0 0 0 0 0 0 0 0 0 0 0 0 0 0 0 0 0 0 0 0 0 0 0 0 0 0 0 0 0 0 0 0 0 0 0 0 0 0 0 0 0 0 0 0 0 0 0 0 0 0 0 0 0 0 0 0 0 0 0 0 0 0 0 0 0 0 0 0 0 0 0 0 0 0 data 20 0x10002 0xc3db 0x50002 0xc3db 0xb000a 0x0 0x3 0x0 0x0 0x269f20ab0c0 0x0 0x0 0x0 0x0 0x0 0x0 0x9 0x2 0xffffffffffffffff 0xffffffffffffffff oops 1 9 java/lang/String methods 0
ciMethodData apex/jorje/services/I18nSupport getLabel (Ljava/lang/String;)Ljava/lang/String; 2 54271 orig 80 0 0 0 0 0 0 0 0 0 0 0 0 0 0 0 0 0 0 0 0 0 0 0 0 0 0 0 0 0 0 0 0 0 0 0 0 0 0 0 0 0 0 0 0 0 0 0 0 0 0 0 0 0 0 0 0 0 0 0 0 0 0 0 0 0 0 0 0 0 0 0 0 0 0 0 0 0 0 0 0 data 22 0x40005 0xd3d8 0x0 0x0 0x0 0x0 0x0 0xa000a 0x0 0x3 0x0 0x0 0x269f20ab0c0 0x0 0x0 0x0 0x0 0x0 0x0 0x9 0x1 0xffffffffffffffff oops 1 12 java/lang/String methods 0
ciMethodData apex/jorje/semantic/symbol/resolver/StandardSymbolResolver getAccessEvaluator ()Lapex/jorje/semantic/compiler/sfdc/AccessEvaluator; 2 33210 orig 80 0 0 0 0 0 0 0 0 0 0 0 0 0 0 0 0 0 0 0 0 0 0 0 0 0 0 0 0 0 0 0 0 0 0 0 0 0 0 0 0 0 0 0 0 0 0 0 0 0 0 0 0 0 0 0 0 0 0 0 0 0 0 0 0 0 0 0 0 0 0 0 0 0 0 0 0 0 0 0 0 data 23 0x40005 0x0 0x0 0x269fa837520 0x7d3d 0x0 0x0 0x70005 0x0 0x0 0x269fa8377b0 0x7d3d 0x0 0x0 0x0 0x0 0x0 0x0 0x0 0x0 0x9 0x1 0x0 oops 2 3 apex/jorje/semantic/compiler/ApexCompiler 10 apex/jorje/semantic/compiler/CompilationInput methods 0
ciMethodData apex/common/base/Initializers$MemoizingInitializer get (Ljava/lang/Object;)Ljava/lang/Object; 2 15717 orig 80 0 0 0 0 0 0 0 0 0 0 0 0 0 0 0 0 0 0 0 0 0 0 0 0 0 0 0 0 0 0 0 0 0 0 0 0 0 0 0 0 0 0 0 0 0 0 0 0 0 0 0 0 0 0 0 0 0 0 0 0 0 0 0 0 0 0 0 0 0 0 0 0 0 0 0 0 0 0 0 0 data 29 0x40007 0x1274 0x90 0x22e8 0xf0007 0x0 0x58 0x22e8 0x180005 0x13bc 0x0 0x269f87cd3f0 0x796 0x269f87cd4a0 0x796 0x330003 0x0 0x18 0x0 0x0 0x0 0x0 0x0 0x0 0x0 0x9 0x2 0x0 0x0 oops 2 11 apex/jorje/semantic/symbol/member/method/MemoizingMethodTable$$Lambda$254+0x00000269b21d1620 13 apex/jorje/semantic/symbol/member/method/MemoizingMethodTable$$Lambda$256+0x00000269b21d1a50 methods 0
ciMethod apex/jorje/semantic/symbol/visibility/VisibilityUtil getScore (Lapex/jorje/semantic/ast/modifier/ModifierGroup;)I 3328 0 1578 0 -1
ciMethod apex/jorje/semantic/symbol/visibility/VisibilityUtil isLowerForOverride (Lapex/jorje/semantic/ast/modifier/ModifierGroup;Lapex/jorje/semantic/ast/modifier/ModifierGroup;)Z 1136 0 752 0 0
ciMethod apex/jorje/semantic/symbol/visibility/VisibilityUtil isApexTrusted (Lapex/jorje/semantic/compiler/sfdc/AccessEvaluator;Lapex/jorje/semantic/symbol/type/TypeInfo;)Z 0 0 1 0 -1
ciMethod apex/jorje/semantic/symbol/visibility/VisibilityUtil haveSameNamespace (Lapex/jorje/semantic/symbol/type/TypeInfo;Lapex/jorje/semantic/symbol/type/TypeInfo;Lapex/jorje/semantic/compiler/sfdc/AccessEvaluator;)Z 0 0 1 0 -1
ciMethod apex/jorje/semantic/symbol/visibility/VisibilityUtil isTypeVisibleInPackaging (Lapex/jorje/semantic/compiler/sfdc/AccessEvaluator;Lapex/jorje/semantic/symbol/type/TypeInfo;Lapex/jorje/semantic/symbol/type/TypeInfo;)Z 3628 0 6 0 -1
ciMethodData apex/jorje/semantic/symbol/type/AbstractTypeInfo getCodeUnitDetails ()Lapex/jorje/semantic/symbol/type/CodeUnitDetails; 2 18744 orig 80 0 0 0 0 0 0 0 0 0 0 0 0 0 0 0 0 0 0 0 0 0 0 0 0 0 0 0 0 0 0 0 0 0 0 0 0 0 0 0 0 0 0 0 0 0 0 0 0 0 0 0 0 0 0 0 0 0 0 0 0 0 0 0 0 0 0 0 0 0 0 0 0 0 0 0 0 0 0 0 0 data 23 0x50005 0x0 0x0 0x269f9857a50 0x4079 0x269f9857b00 0xbc 0xa0004 0x0 0x0 0x269f8fe3ce0 0x4079 0x269f7d8f120 0xbc 0x0 0x0 0x0 0x0 0x0 0x0 0x9 0x1 0xffffffffffffffff oops 4 3 apex/common/base/Initializers$OfInstanceInitializer 5 apex/common/base/Initializers$MemoizingInitializer 10 apex/jorje/semantic/symbol/type/details/CodeUnitDetailsProvider$SourceCodeUnitDetails 12 apex/jorje/semantic/symbol/type/details/CodeUnitDetailsProvider$NonSourceCodeUnitDetails methods 0
ciMethod apex/jorje/semantic/exception/SemanticException <init> (Lapex/jorje/data/Location;Ljava/lang/String;)V 4100 0 9415 0 0
ciMethod apex/jorje/semantic/exception/SemanticException <init> (Lapex/jorje/data/Location;Ljava/lang/String;Ljava/lang/Throwable;)V 4164 0 9426 0 -1
ciMethodData apex/jorje/semantic/exception/SemanticException <init> (Lapex/jorje/data/Location;Ljava/lang/String;)V 2 9443 orig 80 0 0 0 0 0 0 0 0 0 0 0 0 0 0 0 0 0 0 0 0 0 0 0 0 0 0 0 0 0 0 0 0 0 0 0 0 0 0 0 0 0 0 0 0 0 0 0 0 0 0 0 0 0 0 0 0 0 0 0 0 0 0 0 0 0 0 0 0 0 0 0 0 0 0 0 0 0 0 0 0 data 9 0x40002 0x1ce1 0x0 0x0 0x9 0x3 0x3c 0xffffffffffffffff 0x0 oops 0 methods 0
ciMethodData apex/jorje/data/Locations isReal (Lapex/jorje/data/Location;)Z 2 9075 orig 80 0 0 0 0 0 0 0 0 0 0 0 0 0 0 0 0 0 0 0 0 0 0 0 0 0 0 0 0 0 0 0 0 0 0 0 0 0 0 0 0 0 0 0 0 0 0 0 0 0 0 0 0 0 0 0 0 0 0 0 0 0 0 0 0 0 0 0 0 0 0 0 0 0 0 0 0 0 0 0 0 data 16 0x40007 0x147d 0x38 0xd00 0x80003 0xd00 0x18 0x0 0x0 0x0 0x0 0x0 0x0 0x9 0x1 0x0 oops 0 methods 0
ciMethodData apex/common/base/Initializers$OfInstanceInitializer get (Ljava/lang/Object;)Ljava/lang/Object; 1 94634 orig 80 0 0 0 0 0 0 0 0 0 0 0 0 0 0 0 0 0 0 0 0 0 0 0 0 0 0 0 0 0 0 0 0 0 0 0 0 0 0 0 0 0 0 0 0 0 0 0 0 0 0 0 0 0 0 0 0 0 0 0 0 0 0 0 0 0 0 0 0 0 0 0 0 0 0 0 0 0 0 0 0 data 7 0x0 0x0 0x0 0x9 0x2 0x0 0x0 oops 0 methods 0
ciMethodData apex/jorje/semantic/symbol/type/AbstractTypeInfo parents ()Lapex/jorje/semantic/symbol/type/parent/ParentTable; 2 103786 orig 80 0 0 0 0 0 0 0 0 0 0 0 0 0 0 0 0 0 0 0 0 0 0 0 0 0 0 0 0 0 0 0 0 0 0 0 0 0 0 0 0 0 0 0 0 0 0 0 0 0 0 0 0 0 0 0 0 0 0 0 0 0 0 0 0 0 0 0 0 0 0 0 0 0 0 0 0 0 0 0 0 data 23 0x50005 0x0 0x0 0x269f9857a50 0x18d56 0x0 0x0 0xa0004 0x0 0x0 0x269f8fe36b0 0x18d56 0x0 0x0 0x0 0x0 0x0 0x0 0x0 0x0 0x9 0x1 0x0 oops 2 3 apex/common/base/Initializers$OfInstanceInitializer 10 apex/jorje/semantic/symbol/type/parent/StandardParentTable methods 0
ciMethod apex/jorje/lsp/impl/index/symbol/VirtualStandardTypeInfo getCodeUnitDetails ()Lapex/jorje/semantic/symbol/type/CodeUnitDetails; 256 0 128 0 0
ciMethod apex/jorje/lsp/impl/index/symbol/VirtualCodeUnitDetails isMocked ()Z 256 0 128 0 0
ciMethod apex/jorje/semantic/ast/compilation/VirtualMethodsCreator create (Lcom/google/common/collect/Multimap;Lapex/jorje/semantic/symbol/resolver/SymbolResolver;Lapex/jorje/semantic/symbol/type/TypeInfo;)V 350 5086 6017 0 0
ciMethod apex/jorje/semantic/ast/compilation/VirtualMethodsCreator isSpecial (Lapex/jorje/semantic/symbol/member/method/MethodInfo;)Z 36 0 999 0 0
ciMethod apex/jorje/semantic/ast/compilation/VirtualMethodsCreator removeObjectEqualsIfNecessary (Lapex/jorje/semantic/symbol/member/method/MethodTable;Lapex/jorje/semantic/symbol/member/method/MethodInfo;)V 512 0 20359 0 0
ciMethod apex/jorje/semantic/ast/compilation/VirtualMethodsCreator removeObjectHashCodeIfNecessary (Lapex/jorje/semantic/symbol/member/method/MethodTable;Lapex/jorje/semantic/symbol/member/method/MethodInfo;)V 512 0 20359 0 0
ciMethod apex/jorje/semantic/ast/compilation/VirtualMethodsCreator removeExceptionToStringIfNecessary (Lapex/jorje/semantic/symbol/member/method/MethodTable;Lapex/jorje/semantic/symbol/member/method/MethodInfo;)V 512 0 20359 0 0
ciMethod apex/jorje/semantic/ast/compilation/VirtualMethodsCreator isObjectOrApexObject (Lapex/jorje/semantic/symbol/type/TypeInfo;)Z 86 0 348 0 0
ciMethod apex/jorje/semantic/ast/compilation/VirtualMethodsCreator isExceptionOrApexException (Lapex/jorje/semantic/symbol/type/TypeInfo;)Z 36 0 275 0 -1
ciMethod apex/jorje/semantic/ast/compilation/VirtualMethodsCreator overrideIsRequired (Lapex/jorje/semantic/symbol/member/method/MethodInfo;)Z 1534 0 934 0 0
ciMethod apex/jorje/semantic/symbol/visibility/Visibility isTypeVisible (Lapex/jorje/semantic/compiler/sfdc/AccessEvaluator;Lapex/jorje/semantic/symbol/type/TypeInfo;Lapex/jorje/semantic/symbol/type/TypeInfo;Lapex/jorje/semantic/symbol/visibility/Visibility$ReferencedFromTestMethod;Lapex/jorje/semantic/symbol/visibility/Visibility$CheckGenericTypeArguments;)Z 350 0 6472 0 0
ciMethod apex/jorje/semantic/symbol/visibility/Visibility isTypeVisible (Lapex/jorje/semantic/compiler/sfdc/AccessEvaluator;Lapex/jorje/semantic/symbol/type/TypeInfo;Lapex/jorje/semantic/symbol/type/TypeInfo;Lapex/jorje/semantic/symbol/visibility/Visibility$ReferencedFromTestMethod;Lapex/jorje/semantic/symbol/visibility/Visibility$HiddenReferenceOkay;Lapex/jorje/semantic/symbol/visibility/Visibility$CheckGenericTypeArguments;)Z 512 0 6486 0 -1
ciMethod apex/jorje/semantic/symbol/visibility/Visibility isTopLevelTrigger (Lapex/jorje/semantic/symbol/type/TypeInfo;)Z 0 0 1 0 -1
ciMethod apex/jorje/semantic/symbol/visibility/Visibility isMethodVisible (Lapex/jorje/semantic/compiler/sfdc/AccessEvaluator;Lapex/jorje/semantic/symbol/type/TypeInfo;Lapex/jorje/semantic/symbol/member/method/MethodInfo;Lapex/jorje/semantic/symbol/visibility/Visibility$ReferencedFromTestMethod;)Z 1894 0 999 0 0
ciMethod apex/jorje/semantic/symbol/visibility/Visibility isGlobalDefaultConstructor (Lapex/jorje/semantic/symbol/member/method/MethodInfo;)Z 2412 0 1032 0 0
ciMethod apex/jorje/semantic/symbol/visibility/Visibility isMemberVisible (Lapex/jorje/semantic/compiler/sfdc/AccessEvaluator;Lapex/jorje/semantic/symbol/type/TypeInfo;Lapex/jorje/semantic/symbol/member/Member;Lapex/jorje/semantic/ast/modifier/ModifierGroup;Lapex/jorje/semantic/symbol/visibility/Visibility$ReferencedFromTestMethod;Lapex/jorje/semantic/symbol/visibility/PackageVersionVisibility$PackageVersionTestType;)Z 4500 0 1032 0 0
ciMethod apex/jorje/semantic/symbol/visibility/Visibility isMemberTestVisible (Lapex/jorje/semantic/compiler/sfdc/AccessEvaluator;Lapex/jorje/semantic/symbol/type/TypeInfo;Lapex/jorje/semantic/symbol/member/Member;Lapex/jorje/semantic/symbol/visibility/Visibility$ReferencedFromTestMethod;)Z 0 0 1 0 -1
ciMethod apex/jorje/semantic/symbol/visibility/Visibility isTypeTestVisible (Lapex/jorje/semantic/compiler/sfdc/AccessEvaluator;Lapex/jorje/semantic/symbol/type/TypeInfo;Lapex/jorje/semantic/symbol/type/TypeInfo;Lapex/jorje/semantic/symbol/visibility/Visibility$ReferencedFromTestMethod;)Z 0 0 1 0 -1
ciMethod apex/jorje/semantic/symbol/visibility/Visibility isMemberTestVisible (Lapex/jorje/semantic/compiler/sfdc/AccessEvaluator;Lapex/jorje/semantic/symbol/type/TypeInfo;Lapex/jorje/semantic/symbol/type/TypeInfo;Lapex/jorje/semantic/ast/modifier/ModifierGroup;Lapex/jorje/semantic/symbol/visibility/Visibility$ReferencedFromTestMethod;)Z 2896 0 1 0 -1
ciMethod apex/jorje/semantic/symbol/visibility/Visibility isTestVisibleWorker (Lapex/jorje/semantic/compiler/sfdc/AccessEvaluator;Lapex/jorje/semantic/symbol/type/TypeInfo;Lapex/jorje/semantic/symbol/type/TypeInfo;Lapex/jorje/semantic/ast/modifier/ModifierGroup;Lapex/jorje/semantic/symbol/visibility/Visibility$ReferencedFromTestMethod;)Z 2884 0 1 0 -1
ciMethod apex/jorje/semantic/symbol/visibility/Visibility isMemberVisibleThroughModifiers (Lapex/jorje/semantic/compiler/sfdc/AccessEvaluator;Lapex/jorje/semantic/symbol/type/TypeInfo;Lapex/jorje/semantic/symbol/type/TypeInfo;Lapex/jorje/semantic/ast/modifier/ModifierGroup;Z)Z 4506 0 1032 0 -1
ciMethod apex/jorje/semantic/symbol/visibility/PackageVersionVisibility isPackageVersionVisible (Lapex/jorje/semantic/compiler/sfdc/AccessEvaluator;Lapex/jorje/semantic/symbol/type/TypeInfo;Lapex/jorje/semantic/symbol/type/TypeInfo;Lapex/jorje/data/Location;)Z 512 0 6487 0 -1
ciMethod apex/jorje/semantic/symbol/visibility/PackageVersionVisibility isPackageVersionVisible (Lapex/jorje/semantic/compiler/sfdc/AccessEvaluator;Lapex/jorje/semantic/symbol/type/TypeInfo;Lapex/jorje/semantic/symbol/type/TypeInfo;Lapex/jorje/data/Location;Lapex/jorje/semantic/symbol/visibility/PackageVersionVisibility$PackageVersionTestType;)Z 516 0 7724 0 -1
ciMethod apex/jorje/semantic/symbol/visibility/PackageVersionVisibility isInSamePackage (Lapex/jorje/semantic/compiler/sfdc/AccessEvaluator;Lapex/jorje/semantic/symbol/type/TypeInfo;Lapex/jorje/semantic/symbol/type/TypeInfo;)Z 0 0 1 0 -1
ciMethod apex/jorje/semantic/symbol/visibility/PackageVersionVisibility isPackageVersionVisible (Ljava/util/Map;Ljava/util/Map;Ljava/lang/String;Lapex/jorje/data/Location;Lapex/jorje/semantic/symbol/visibility/PackageVersionVisibility$PackageVersionTestType;)Z 0 0 1 0 -1
ciMethod apex/jorje/semantic/symbol/member/Member$Type getNameForMessage ()Ljava/lang/String; 0 0 1 0 -1
ciMethod apex/jorje/semantic/symbol/visibility/VisibleApiVersionUtil checkApiVisible (Lapex/jorje/semantic/compiler/sfdc/AccessEvaluator;Lapex/jorje/semantic/symbol/type/TypeInfo;Ljava/lang/String;Lapex/jorje/semantic/ast/modifier/ModifierGroup;Lapex/jorje/semantic/symbol/member/Member$Type;)Lapex/common/base/Result; 366 0 7223 0 0
ciMethod apex/jorje/semantic/symbol/visibility/VisibleApiVersionUtil skipVersionCheck (Lapex/jorje/semantic/compiler/sfdc/AccessEvaluator;Lapex/jorje/semantic/symbol/type/TypeInfo;)Z 0 0 1 0 -1
ciMethod apex/jorje/semantic/symbol/visibility/Visibility$AccessType get (Lapex/jorje/semantic/ast/modifier/ModifierGroup;Z)Lapex/jorje/semantic/symbol/visibility/Visibility$AccessType; 516 0 6743 0 -1
ciMethod apex/jorje/semantic/symbol/visibility/Visibility$2 <init> (Lapex/jorje/semantic/compiler/sfdc/AccessEvaluator;Lapex/jorje/semantic/symbol/type/TypeInfo;Lapex/jorje/semantic/symbol/visibility/Visibility$ReferencedFromTestMethod;Lapex/jorje/semantic/symbol/visibility/Visibility$HiddenReferenceOkay;)V 512 0 6487 0 -1
ciMethod apex/jorje/semantic/symbol/member/method/VirtualMethodInfo <init> (Lapex/jorje/semantic/symbol/member/method/MethodInfo;)V 514 0 18877 0 0
ciMethod apex/jorje/semantic/symbol/member/method/VirtualMethodInfo create (Lapex/jorje/semantic/symbol/member/method/MethodInfo;)Lapex/jorje/semantic/symbol/member/method/VirtualMethodInfo; 1092 0 19051 0 0
ciMethod apex/jorje/semantic/symbol/member/method/VirtualMethodInfo getSignature ()Lapex/jorje/semantic/symbol/member/method/signature/Signature; 45384 0 22687 0 0
ciMethod apex/jorje/semantic/symbol/member/method/VirtualMethodInfo getInvocationType ()Lapex/jorje/semantic/symbol/member/method/InvocationType; 2190 0 1032 0 0
ciMethod apex/jorje/semantic/symbol/member/method/VirtualMethodInfo getCanonicalName ()Ljava/lang/String; 256 0 128 0 0
ciMethod apex/jorje/semantic/symbol/member/method/VirtualMethodInfo getName ()Ljava/lang/String; 3686 0 1754 0 0
ciMethod apex/jorje/semantic/symbol/member/method/VirtualMethodInfo getDefiningType ()Lapex/jorje/semantic/symbol/type/TypeInfo; 42708 0 20194 0 0
ciMethod apex/jorje/semantic/symbol/member/method/VirtualMethodInfo getModifiers ()Lapex/jorje/semantic/ast/modifier/ModifierGroup; 72958 0 35508 0 0
ciMethod apex/jorje/semantic/symbol/member/method/StandardMethodTable$$Lambda$537+0x00000269b235b1f0 <init> (Lapex/jorje/semantic/symbol/member/method/signature/Signature;)V 530 0 22159 0 0
ciMethodData apex/jorje/semantic/symbol/type/parent/StandardParentTable superType ()Lapex/jorje/semantic/symbol/type/TypeInfo; 2 53689 orig 80 0 0 0 0 0 0 0 0 0 0 0 0 0 0 0 0 0 0 0 0 0 0 0 0 0 0 0 0 0 0 0 0 0 0 0 0 0 0 0 0 0 0 0 0 0 0 0 0 0 0 0 0 0 0 0 0 0 0 0 0 0 0 0 0 0 0 0 0 0 0 0 0 0 0 0 0 0 0 0 0 data 17 0x30007 0xc9b6 0x50 0x0 0xa0007 0x0 0x30 0x0 0x130002 0x0 0x0 0x0 0x0 0x0 0x9 0x1 0x0 oops 0 methods 0
ciMethodData com/google/common/collect/AbstractMapBasedMultimap put (Ljava/lang/Object;Ljava/lang/Object;)Z 1 1193 orig 80 0 0 0 0 0 0 0 0 0 0 0 0 0 0 0 0 0 0 0 0 0 0 0 0 0 0 0 0 0 0 0 0 0 0 0 0 0 0 0 0 0 0 0 0 0 0 0 0 0 0 0 0 0 0 0 0 0 0 0 0 0 0 0 0 0 0 0 0 0 0 0 0 0 0 0 0 0 0 0 0 data 67 0x50005 0x0 0x0 0x0 0x0 0x0 0x0 0xa0004 0x0 0x0 0x0 0x0 0x0 0x0 0xf0007 0x0 0xf8 0x0 0x140005 0x0 0x0 0x0 0x0 0x0 0x0 0x1a0005 0x0 0x0 0x0 0x0 0x0 0x0 0x1f0007 0x0 0x58 0x0 0x320005 0x0 0x0 0x0 0x0 0x0 0x0 0x400002 0x0 0x460005 0x0 0x0 0x0 0x0 0x0 0x0 0x4b0007 0x0 0x20 0x0 0x0 0x0 0x0 0x0 0x0 0x0 0x9 0x3 0xffffffffffffffff 0xffffffffffffffff 0xffffffffffffffff oops 0 methods 0
ciMethodData apex/jorje/semantic/symbol/member/method/VirtualMethodInfo getModifiers ()Lapex/jorje/semantic/ast/modifier/ModifierGroup; 1 36103 orig 80 0 0 0 0 0 0 0 0 0 0 0 0 0 0 0 0 0 0 0 0 0 0 0 0 0 0 0 0 0 0 0 0 0 0 0 0 0 0 0 0 0 0 0 0 0 0 0 0 0 0 0 0 0 0 0 0 0 0 0 0 0 0 0 0 0 0 0 0 0 0 0 0 0 0 0 0 0 0 0 0 data 16 0x40005 0x0 0x0 0x0 0x0 0x0 0x0 0x0 0x0 0x0 0x0 0x0 0x0 0x9 0x1 0x0 oops 0 methods 0
ciMethodData apex/jorje/semantic/symbol/member/method/signature/SignatureEquivalence get ()Lapex/jorje/semantic/symbol/member/method/signature/SignatureEquivalence; 2 115684 orig 80 0 0 0 0 0 0 0 0 0 0 0 0 0 0 0 0 0 0 0 0 0 0 0 0 0 0 0 0 0 0 0 0 0 0 0 0 0 0 0 0 0 0 0 0 0 0 0 0 0 0 0 0 0 0 0 0 0 0 0 0 0 0 0 0 0 0 0 0 0 0 0 0 0 0 0 0 0 0 0 0 data 4 0x0 0x0 0x9 0x0 oops 0 methods 0
ciMethodData apex/jorje/semantic/ast/modifier/ModifierGroup none (Lapex/jorje/semantic/symbol/type/ModifierOrAnnotationTypeInfo;Lapex/jorje/semantic/symbol/type/ModifierOrAnnotationTypeInfo;)Z 2 4121 orig 80 0 0 0 0 0 0 0 0 0 0 0 0 0 0 0 0 0 0 0 0 0 0 0 0 0 0 0 0 0 0 0 0 0 0 0 0 0 0 0 0 0 0 0 0 0 0 0 0 0 0 0 0 0 0 0 0 0 0 0 0 0 0 0 0 0 0 0 0 0 0 0 0 0 0 0 0 0 0 0 0 data 36 0x20005 0x0 0x0 0x269f8fe3ef0 0xe9d 0x0 0x0 0x50007 0x3f2 0x90 0xaab 0xa0005 0x0 0x0 0x269f8fe3ef0 0xaab 0x0 0x0 0xd0007 0x943 0x38 0x168 0x110003 0x168 0x18 0x0 0x0 0x0 0x0 0x0 0x0 0x9 0x3 0xffffffffffffffff 0xffffffffffffffff 0xffffffffffffffff oops 2 3 apex/jorje/semantic/ast/modifier/ModifierGroup 14 apex/jorje/semantic/ast/modifier/ModifierGroup methods 0
ciMethodData apex/common/base/Result hasError ()Z 2 195719 orig 80 0 0 0 0 0 0 0 0 0 0 0 0 0 0 0 0 0 0 0 0 0 0 0 0 0 0 0 0 0 0 0 0 0 0 0 0 0 0 0 0 0 0 0 0 0 0 0 0 0 0 0 0 0 0 0 0 0 0 0 0 0 0 0 0 0 0 0 0 0 0 0 0 0 0 0 0 0 0 0 0 data 18 0x40002 0x2f3c7 0x70007 0x2d4b7 0x38 0x1f10 0xb0003 0x1f10 0x18 0x0 0x0 0x0 0x0 0x0 0x0 0x9 0x1 0x0 oops 0 methods 0
ciMethodData apex/jorje/semantic/symbol/member/method/StandardMethodTable addNoDuplicatesAllowed (Lapex/jorje/semantic/symbol/member/method/MethodInfo;)Lapex/common/base/Result; 2 48788 orig 80 0 0 0 0 0 0 0 0 0 0 0 0 0 0 0 0 0 0 0 0 0 0 0 0 0 0 0 0 0 0 0 0 0 0 0 0 0 0 0 0 0 0 0 0 0 0 0 0 0 0 0 0 0 0 0 0 0 0 0 0 0 0 0 0 0 0 0 0 0 0 0 0 0 0 0 0 0 0 0 0 data 141 0x30007 0xb5f0 0x50 0x0 0xa0007 0x0 0x30 0x0 0x130002 0x0 0x180005 0x0 0x0 0x269f8fe3ad0 0x2573 0x269f8fe3a20 0x907d 0x200005 0x0 0x0 0x269f8fe3ef0 0xb5f0 0x0 0x0 0x230007 0x9c81 0x1f0 0x196f 0x270005 0x0 0x0 0x269f8fe3a20 0x196f 0x0 0x0 0x2c0005 0x100a 0x0 0x269f7d76b00 0x647 0x269f9ca3b00 0x31e 0x310007 0x1147 0x160 0x828 0x370005 0x0 0x0 0x269f8fe3a20 0x828 0x0 0x0 0x3c0005 0x828 0x0 0x0 0x0 0x0 0x0 0x3f0007 0x828 0xd0 0x0 0x460005 0x0 0x0 0x0 0x0 0x0 0x0 0x490007 0x0 0x58 0x0 0x4e0005 0x0 0x0 0x0 0x0 0x0 0x0 0x540002 0x0 0x5a0002 0x0 0x5f0002 0xb5f0 0x620005 0x0 0x0 0x269f8fe3ad0 0x2573 0x269f8fe3a20 0x907d 0x680002 0xb5f0 0x6c0005 0xb5f0 0x0 0x0 0x0 0x0 0x0 0x750005 0x0 0x0 0x269f7d79640 0xb5f0 0x0 0x0 0x7a0007 0xa6b0 0x58 0xf40 0x7f0005 0xf40 0x0 0x0 0x0 0x0 0x0 0x890005 0x0 0x0 0x269f7d79640 0xa6b0 0x0 0x0 0x8f0002 0xa6b0 0x0 0x0 0x0 0x0 0x0 0x0 0x9 0x2 0x180 0xffffffffffffffff oops 11 13 apex/jorje/semantic/symbol/member/method/VirtualMethodInfo 15 apex/jorje/semantic/symbol/member/method/StandardMethodInfo 20 apex/jorje/semantic/ast/modifier/ModifierGroup 31 apex/jorje/semantic/symbol/member/method/StandardMethodInfo 38 com/google/common/collect/RegularImmutableList 40 com/google/common/collect/SingletonImmutableList 49 apex/jorje/semantic/symbol/member/method/StandardMethodInfo 91 apex/jorje/semantic/symbol/member/method/VirtualMethodInfo 93 apex/jorje/semantic/symbol/member/method/StandardMethodInfo 107 java/util/LinkedHashMap 125 java/util/LinkedHashMap methods 0
ciMethodData apex/jorje/semantic/symbol/member/method/VirtualMethodInfo getSignature ()Lapex/jorje/semantic/symbol/member/method/signature/Signature; 1 22687 orig 80 0 0 0 0 0 0 0 0 0 0 0 0 0 0 0 0 0 0 0 0 0 0 0 0 0 0 0 0 0 0 0 0 0 0 0 0 0 0 0 0 0 0 0 0 0 0 0 0 0 0 0 0 0 0 0 0 0 0 0 0 0 0 0 0 0 0 0 0 0 0 0 0 0 0 0 0 0 0 0 0 data 16 0x40005 0x0 0x0 0x0 0x0 0x0 0x0 0x0 0x0 0x0 0x0 0x0 0x0 0x9 0x1 0x0 oops 0 methods 0
ciMethodData apex/jorje/semantic/symbol/member/method/StandardMethodInfo getName ()Ljava/lang/String; 1 114018 orig 80 0 0 0 0 0 0 0 0 0 0 0 0 0 0 0 0 0 0 0 0 0 0 0 0 0 0 0 0 0 0 0 0 0 0 0 0 0 0 0 0 0 0 0 0 0 0 0 0 0 0 0 0 0 0 0 0 0 0 0 0 0 0 0 0 0 0 0 0 0 0 0 0 0 0 0 0 0 0 0 0 data 16 0x40005 0x0 0x0 0x0 0x0 0x0 0x0 0x0 0x0 0x0 0x0 0x0 0x0 0x9 0x1 0x0 oops 0 methods 0
ciMethodData apex/jorje/semantic/symbol/member/method/MemoizingMethodTable getInstance ()Ljava/util/Collection; 2 42416 orig 80 0 0 0 0 0 0 0 0 0 0 0 0 0 0 0 0 0 0 0 0 0 0 0 0 0 0 0 0 0 0 0 0 0 0 0 0 0 0 0 0 0 0 0 0 0 0 0 0 0 0 0 0 0 0 0 0 0 0 0 0 0 0 0 0 0 0 0 0 0 0 0 0 0 0 0 0 0 0 0 0 data 54 0x10005 0x0 0x0 0x269f8fe3600 0x9d7e 0x0 0x0 0x40007 0x1126 0xa8 0x8c58 0xc0005 0x0 0x0 0x269f9857b00 0x8c58 0x0 0x0 0x110004 0x0 0x0 0x269f8fe38c0 0x8c41 0x269f8fe3d90 0x17 0x140003 0x8c58 0xa0 0x180005 0x0 0x0 0x269f8fe3600 0x1126 0x0 0x0 0x1f0002 0x1126 0x23000a 0x1126 0x3 0x0 0x269f8127580 0x269f8125cb0 0x280002 0x1126 0x0 0x0 0x0 0x0 0x0 0x0 0x9 0x1 0xffffffffffffffff oops 7 3 apex/jorje/semantic/symbol/member/method/StandardMethodTable 14 apex/common/base/Initializers$MemoizingInitializer 21 java/util/Collections$UnmodifiableRandomAccessList 23 java/util/Collections$EmptyList 31 apex/jorje/semantic/symbol/member/method/StandardMethodTable 41 java/util/function/Predicate$$Lambda$251+0x00000269b20ddf90 42 apex/jorje/semantic/symbol/member/method/MemoizingMethodTable$$Lambda$538+0x00000269b235b440 methods 0
ciMethodData com/google/common/collect/ArrayListMultimap put (Ljava/lang/Object;Ljava/lang/Object;)Z 1 1127 orig 80 0 0 0 0 0 0 0 0 0 0 0 0 0 0 0 0 0 0 0 0 0 0 0 0 0 0 0 0 0 0 0 0 0 0 0 0 0 0 0 0 0 0 0 0 0 0 0 0 0 0 0 0 0 0 0 0 0 0 0 0 0 0 0 0 0 0 0 0 0 0 0 0 0 0 0 0 0 0 0 0 data 9 0x30002 0x0 0x0 0x0 0x9 0x3 0xffffffffffffffff 0xffffffffffffffff 0xffffffffffffffff oops 0 methods 0
ciMethodData com/google/common/collect/AbstractListMultimap put (Ljava/lang/Object;Ljava/lang/Object;)Z 1 256 orig 80 0 0 0 0 0 0 0 0 0 0 0 0 0 0 0 0 0 0 0 0 0 0 0 0 0 0 0 0 0 0 0 0 0 0 0 0 0 0 0 0 0 0 0 0 0 0 0 0 0 0 0 0 0 0 0 0 0 0 0 0 0 0 0 0 0 0 0 0 0 0 0 0 0 0 0 0 0 0 0 0 data 9 0x30002 0x0 0x0 0x0 0x9 0x3 0xffffffffffffffff 0xffffffffffffffff 0xffffffffffffffff oops 0 methods 0
ciMethodData apex/jorje/semantic/symbol/member/method/VirtualMethodInfo create (Lapex/jorje/semantic/symbol/member/method/MethodInfo;)Lapex/jorje/semantic/symbol/member/method/VirtualMethodInfo; 2 19169 orig 80 0 0 0 0 0 0 0 0 0 0 0 0 0 0 0 0 0 0 0 0 0 0 0 0 0 0 0 0 0 0 0 0 0 0 0 0 0 0 0 0 0 0 0 0 0 0 0 0 0 0 0 0 0 0 0 0 0 0 0 0 0 0 0 0 0 0 0 0 0 0 0 0 0 0 0 0 0 0 0 0 data 34 0x10004 0xffffffffffffbeb2 0x0 0x269f8fe3ad0 0x771 0x0 0x0 0x40007 0x414e 0x80 0x771 0xc0004 0x0 0x0 0x269f8fe3ad0 0x771 0x0 0x0 0x120002 0x771 0x150003 0x771 0x28 0x1d0002 0x414e 0x0 0x0 0x0 0x0 0x0 0x0 0x9 0x1 0x0 oops 2 3 apex/jorje/semantic/symbol/member/method/VirtualMethodInfo 14 apex/jorje/semantic/symbol/member/method/VirtualMethodInfo methods 0
ciMethodData apex/jorje/semantic/symbol/member/method/VirtualMethodInfo <init> (Lapex/jorje/semantic/symbol/member/method/MethodInfo;)V 2 18884 orig 80 0 0 0 0 0 0 0 0 0 0 0 0 0 0 0 0 0 0 0 0 0 0 0 0 0 0 0 0 0 0 0 0 0 0 0 0 0 0 0 0 0 0 0 0 0 0 0 0 0 0 0 0 0 0 0 0 0 0 0 0 0 0 0 0 0 0 0 0 0 0 0 0 0 0 0 0 0 0 0 0 data 21 0x10002 0x48c3 0xb0005 0x0 0x0 0x269f8fe3a20 0x48c3 0x0 0x0 0x140002 0x48c3 0x0 0x0 0x0 0x0 0x0 0x0 0x9 0x2 0xe 0x0 oops 1 5 apex/jorje/semantic/symbol/member/method/StandardMethodInfo methods 0
ciMethodData apex/jorje/semantic/symbol/member/method/VirtualMethodInfo getDefiningType ()Lapex/jorje/semantic/symbol/type/TypeInfo; 1 20197 orig 80 0 0 0 0 0 0 0 0 0 0 0 0 0 0 0 0 0 0 0 0 0 0 0 0 0 0 0 0 0 0 0 0 0 0 0 0 0 0 0 0 0 0 0 0 0 0 0 0 0 0 0 0 0 0 0 0 0 0 0 0 0 0 0 0 0 0 0 0 0 0 0 0 0 0 0 0 0 0 0 0 data 16 0x40005 0x0 0x0 0x0 0x0 0x0 0x0 0x0 0x0 0x0 0x0 0x0 0x0 0x9 0x1 0x0 oops 0 methods 0
ciMethodData apex/jorje/semantic/symbol/type/AbstractTypeInfo virtualMethods ()Lapex/jorje/semantic/symbol/member/method/MethodTable; 2 20063 orig 80 0 0 0 0 0 0 0 0 0 0 0 0 0 0 0 0 0 0 0 0 0 0 0 0 0 0 0 0 0 0 0 0 0 0 0 0 0 0 0 0 0 0 0 0 0 0 0 0 0 0 0 0 0 0 0 0 0 0 0 0 0 0 0 0 0 0 0 0 0 0 0 0 0 0 0 0 0 0 0 0 data 23 0x50005 0x0 0x0 0x269f9857a50 0x437c 0x269f9857b00 0x7c8 0xa0004 0x0 0x0 0x269f8fe3600 0x4b44 0x0 0x0 0x0 0x0 0x0 0x0 0x0 0x0 0x9 0x1 0x0 oops 3 3 apex/common/base/Initializers$OfInstanceInitializer 5 apex/common/base/Initializers$MemoizingInitializer 10 apex/jorje/semantic/symbol/member/method/StandardMethodTable methods 0
ciMethodData apex/jorje/semantic/symbol/type/details/CodeUnitDetailsProvider$SourceCodeUnitDetails isMocked ()Z 1 1552 orig 80 0 0 0 0 0 0 0 0 0 0 0 0 0 0 0 0 0 0 0 0 0 0 0 0 0 0 0 0 0 0 0 0 0 0 0 0 0 0 0 0 0 0 0 0 0 0 0 0 0 0 0 0 0 0 0 0 0 0 0 0 0 0 0 0 0 0 0 0 0 0 0 0 0 0 0 0 0 0 0 0 data 16 0x40005 0x0 0x0 0x0 0x0 0x0 0x0 0x0 0x0 0x0 0x0 0x0 0x0 0x9 0x1 0x0 oops 0 methods 0
ciMethodData com/google/common/base/Equivalence$Wrapper equals (Ljava/lang/Object;)Z 2 22529 orig 80 0 0 0 0 0 0 0 0 0 0 0 0 0 0 0 0 0 0 0 0 0 0 0 0 0 0 0 0 0 0 0 0 0 0 0 0 0 0 0 0 0 0 0 0 0 0 0 0 0 0 0 0 0 0 0 0 0 0 0 0 0 0 0 0 0 0 0 0 0 0 0 0 0 0 0 0 0 0 0 0 data 50 0x20007 0x5681 0x20 0x0 0x80004 0x0 0x0 0x269f835cfd0 0x5681 0x0 0x0 0xb0007 0x0 0xe8 0x5681 0xf0004 0x0 0x0 0x269f835cfd0 0x5681 0x0 0x0 0x1b0005 0x0 0x0 0x269fcb31bf0 0x10c7 0x269f835cb70 0x45ba 0x1e0007 0x0 0x58 0x5681 0x2f0005 0x5681 0x0 0x0 0x0 0x0 0x0 0x0 0x0 0x0 0x0 0x0 0x0 0x9 0x2 0x0 0x0 oops 4 7 com/google/common/base/Equivalence$Wrapper 18 com/google/common/base/Equivalence$Wrapper 25 apex/jorje/semantic/symbol/type/TypeInfoEquivalence 27 apex/jorje/semantic/symbol/member/method/signature/SignatureEquivalence methods 0
ciMethodData apex/jorje/semantic/symbol/type/AbstractTypeInfo methods ()Lapex/jorje/semantic/symbol/member/method/MethodTable; 2 73576 orig 80 0 0 0 0 0 0 0 0 0 0 0 0 0 0 0 0 0 0 0 0 0 0 0 0 0 0 0 0 0 0 0 0 0 0 0 0 0 0 0 0 0 0 0 0 0 0 0 0 0 0 0 0 0 0 0 0 0 0 0 0 0 0 0 0 0 0 0 0 0 0 0 0 0 0 0 0 0 0 0 0 data 23 0x50005 0x0 0x0 0x269f9857a50 0xe7a4 0x269f9857b00 0x36c1 0xa0004 0x0 0x0 0x269f8fe3600 0x11e65 0x0 0x0 0x0 0x0 0x0 0x0 0x0 0x0 0x9 0x1 0x0 oops 3 3 apex/common/base/Initializers$OfInstanceInitializer 5 apex/common/base/Initializers$MemoizingInitializer 10 apex/jorje/semantic/symbol/member/method/StandardMethodTable methods 0
ciMethodData apex/jorje/semantic/symbol/member/method/MemoizingMethodTable getStatics ()Ljava/util/Collection; 2 18291 orig 80 0 0 0 0 0 0 0 0 0 0 0 0 0 0 0 0 0 0 0 0 0 0 0 0 0 0 0 0 0 0 0 0 0 0 0 0 0 0 0 0 0 0 0 0 0 0 0 0 0 0 0 0 0 0 0 0 0 0 0 0 0 0 0 0 0 0 0 0 0 0 0 0 0 0 0 0 0 0 0 0 data 54 0x10005 0x0 0x0 0x269f8fe3600 0x4672 0x0 0x0 0x40007 0x0 0xa8 0x4672 0xc0005 0x0 0x0 0x269f9857b00 0x4672 0x0 0x0 0x110004 0x0 0x0 0x269f8fe3d90 0x3b20 0x269f8fe38c0 0xb52 0x140003 0x4672 0xa0 0x180005 0x0 0x0 0x0 0x0 0x0 0x0 0x1f0002 0x0 0x23000a 0x0 0x3 0x0 0x0 0x0 0x280002 0x0 0x0 0x0 0x0 0x0 0x0 0x0 0x9 0x1 0xffffffffffffffff oops 4 3 apex/jorje/semantic/symbol/member/method/StandardMethodTable 14 apex/common/base/Initializers$MemoizingInitializer 21 java/util/Collections$EmptyList 23 java/util/Collections$UnmodifiableRandomAccessList methods 0
ciMethodData apex/jorje/semantic/symbol/member/method/StandardMethodTable resolve ()Lapex/jorje/semantic/symbol/member/method/MethodTable; 2 12909 orig 80 0 0 0 0 0 0 0 0 0 0 0 0 0 0 0 0 0 0 0 0 0 0 0 0 0 0 0 0 0 0 0 0 0 0 0 0 0 0 0 0 0 0 0 0 0 0 0 0 0 0 0 0 0 0 0 0 0 0 0 0 0 0 0 0 0 0 0 0 0 0 0 0 0 0 0 0 0 0 0 0 data 153 0x40007 0x316c 0x20 0x0 0xf0005 0x0 0x0 0x269f8fe3600 0x316c 0x0 0x0 0x120005 0x0 0x0 0x269f8fe3d90 0x2c91 0x269f8fe38c0 0x4db 0x170007 0x2c91 0xa0 0x4db 0x1b0002 0x4db 0x230005 0x0 0x0 0x269f8fe3600 0x4db 0x0 0x0 0x2a0005 0x4db 0x0 0x0 0x0 0x0 0x0 0x2e0005 0x0 0x0 0x269f8fe3600 0x316c 0x0 0x0 0x310005 0x0 0x0 0x269f8fe38c0 0x315d 0x269f8fe3d90 0xf 0x360007 0xf 0xa0 0x315d 0x3a0002 0x315d 0x420005 0x0 0x0 0x269f8fe3600 0x315d 0x0 0x0 0x490005 0x315d 0x0 0x0 0x0 0x0 0x0 0x4d0005 0x0 0x0 0x269f8fe3600 0x316c 0x0 0x0 0x500005 0x0 0x0 0x269f8fe38c0 0x14b9 0x269f8fe3d90 0x1cb3 0x550007 0x1cb3 0xa0 0x14b9 0x590002 0x14b9 0x610005 0x0 0x0 0x269f8fe3600 0x14b9 0x0 0x0 0x680005 0x14b9 0x0 0x0 0x0 0x0 0x0 0x6c0005 0x0 0x0 0x269f8fe3600 0x316c 0x0 0x0 0x6f0005 0x0 0x0 0x269f8fe3d90 0x30a2 0x269f8fe38c0 0xca 0x740007 0x30a2 0xa0 0xca 0x780002 0xca 0x800005 0x0 0x0 0x269f8fe3600 0xca 0x0 0x0 0x870005 0xca 0x0 0x0 0x0 0x0 0x0 0x0 0x0 0x0 0x0 0x0 0x0 0x0 0x0 0x0 0x0 0x9 0x1 0xffffffffffffffff oops 16 7 apex/jorje/semantic/symbol/member/method/StandardMethodTable 14 java/util/Collections$EmptyList 16 java/util/Collections$UnmodifiableRandomAccessList 27 apex/jorje/semantic/symbol/member/method/StandardMethodTable 41 apex/jorje/semantic/symbol/member/method/StandardMethodTable 48 java/util/Collections$UnmodifiableRandomAccessList 50 java/util/Collections$EmptyList 61 apex/jorje/semantic/symbol/member/method/StandardMethodTable 75 apex/jorje/semantic/symbol/member/method/StandardMethodTable 82 java/util/Collections$UnmodifiableRandomAccessList 84 java/util/Collections$EmptyList 95 apex/jorje/semantic/symbol/member/method/StandardMethodTable 109 apex/jorje/semantic/symbol/member/method/StandardMethodTable 116 java/util/Collections$EmptyList 118 java/util/Collections$UnmodifiableRandomAccessList 129 apex/jorje/semantic/symbol/member/method/StandardMethodTable methods 0
ciMethodData apex/jorje/semantic/symbol/member/method/StandardMethodTable get (Lapex/jorje/semantic/symbol/member/method/signature/Signature;)Lapex/jorje/semantic/symbol/member/method/MethodInfo; 2 22158 orig 80 0 0 0 0 0 0 0 0 0 0 0 0 0 0 0 0 0 0 0 0 0 0 0 0 0 0 0 0 0 0 0 0 0 0 0 0 0 0 0 0 0 0 0 0 0 0 0 0 0 0 0 0 0 0 0 0 0 0 0 0 0 0 0 0 0 0 0 0 0 0 0 0 0 0 0 0 0 0 0 0 data 60 0x5000a 0x5585 0x3 0x0 0x269f8fe3fa0 0x269fbc935a0 0xa0005 0x5585 0x0 0x0 0x0 0x0 0x0 0x110002 0x5585 0x150005 0x5585 0x0 0x0 0x0 0x0 0x0 0x180005 0x0 0x0 0x269f7d79640 0x5585 0x0 0x0 0x1d0104 0x0 0x0 0x269f8fe3a20 0x82 0x269f8fe3ad0 0x437 0x200005 0x5585 0x0 0x0 0x0 0x0 0x0 0x230104 0x0 0x0 0x269f8fe3a20 0x82 0x269f8fe3ad0 0x437 0x0 0x0 0x0 0x0 0x0 0x0 0x9 0x2 0x0 0x0 oops 7 4 apex/jorje/semantic/symbol/member/method/signature/Signature 5 apex/jorje/semantic/symbol/member/method/StandardMethodTable$$Lambda$537+0x00000269b235b1f0 25 java/util/LinkedHashMap 32 apex/jorje/semantic/symbol/member/method/StandardMethodInfo 34 apex/jorje/semantic/symbol/member/method/VirtualMethodInfo 46 apex/jorje/semantic/symbol/member/method/StandardMethodInfo 48 apex/jorje/semantic/symbol/member/method/VirtualMethodInfo methods 0
ciMethodData apex/jorje/semantic/symbol/member/method/StandardMethodTable$$Lambda$537+0x00000269b235b1f0 <init> (Lapex/jorje/semantic/symbol/member/method/signature/Signature;)V 2 22159 orig 80 0 0 0 0 0 0 0 0 0 0 0 0 0 0 0 0 0 0 0 0 0 0 0 0 0 0 0 0 0 0 0 0 0 0 0 0 0 0 0 0 0 0 0 0 0 0 0 0 0 0 0 0 0 0 0 0 0 0 0 0 0 0 0 0 0 0 0 0 0 0 0 0 0 0 0 0 0 0 0 0 data 10 0x10002 0x5586 0x0 0x0 0x0 0x0 0x9 0x2 0x6 0x0 oops 0 methods 0
ciMethodData apex/jorje/semantic/ast/compilation/VirtualMethodsCreator removeObjectEqualsIfNecessary (Lapex/jorje/semantic/symbol/member/method/MethodTable;Lapex/jorje/semantic/symbol/member/method/MethodInfo;)V 2 20754 orig 80 0 0 0 0 0 0 0 0 0 0 0 0 0 0 0 0 0 0 0 0 0 0 0 0 0 0 0 0 0 0 0 0 0 0 0 0 0 0 0 0 0 0 0 0 0 0 0 0 0 0 0 0 0 0 0 0 0 0 0 0 0 0 0 0 0 0 0 0 0 0 0 0 0 0 0 0 0 0 0 0 data 189 0x10007 0x0 0x598 0x5012 0x50005 0x0 0x0 0x269f8fe3a20 0x5012 0x0 0x0 0xd0005 0x5012 0x0 0x0 0x0 0x0 0x0 0x100007 0x4cdc 0x508 0x336 0x140005 0x0 0x0 0x269f8fe3a20 0x336 0x0 0x0 0x190005 0x0 0x0 0x269f9ca3b00 0x336 0x0 0x0 0x1f0007 0x0 0x478 0x336 0x260005 0x0 0x0 0x269f9ca3bb0 0x336 0x0 0x0 0x2b0004 0x0 0x0 0x269f8fe3a20 0x336 0x0 0x0 0x2e0005 0x0 0x0 0x269f8fe3a20 0x336 0x0 0x0 0x330005 0x0 0x0 0x269f8fe3600 0x336 0x0 0x0 0x3a0007 0x2f2 0x378 0x44 0x3e0005 0x0 0x0 0x269f8fe3ad0 0x44 0x0 0x0 0x430002 0x44 0x460007 0x0 0xa8 0x44 0x4b0005 0x0 0x0 0x269f8fe3ad0 0x44 0x0 0x0 0x500005 0x0 0x0 0x269f8fe3600 0x44 0x0 0x0 0x560003 0x44 0x280 0x5a0005 0x0 0x0 0x0 0x0 0x0 0x0 0x5f0002 0x0 0x620007 0x0 0x220 0x0 0x660005 0x0 0x0 0x0 0x0 0x0 0x0 0x6e0005 0x0 0x0 0x0 0x0 0x0 0x0 0x710007 0x0 0x120 0x0 0x750005 0x0 0x0 0x0 0x0 0x0 0x0 0x7b0005 0x0 0x0 0x0 0x0 0x0 0x0 0x800004 0x0 0x0 0x0 0x0 0x0 0x0 0x860005 0x0 0x0 0x0 0x0 0x0 0x0 0x890007 0x0 0x90 0x0 0x8e0005 0x0 0x0 0x0 0x0 0x0 0x0 0x930005 0x0 0x0 0x0 0x0 0x0 0x0 0x0 0x0 0x0 0x0 0x0 0x0 0x9 0x2 0x0 0x0 oops 10 7 apex/jorje/semantic/symbol/member/method/StandardMethodInfo 25 apex/jorje/semantic/symbol/member/method/StandardMethodInfo 32 com/google/common/collect/SingletonImmutableList 43 com/google/common/base/Suppliers$NonSerializableMemoizingSupplier 50 apex/jorje/semantic/symbol/member/method/StandardMethodInfo 57 apex/jorje/semantic/symbol/member/method/StandardMethodInfo 64 apex/jorje/semantic/symbol/member/method/StandardMethodTable 75 apex/jorje/semantic/symbol/member/method/VirtualMethodInfo 88 apex/jorje/semantic/symbol/member/method/VirtualMethodInfo 95 apex/jorje/semantic/symbol/member/method/StandardMethodTable methods 0
ciMethodData apex/jorje/semantic/ast/compilation/VirtualMethodsCreator removeObjectHashCodeIfNecessary (Lapex/jorje/semantic/symbol/member/method/MethodTable;Lapex/jorje/semantic/symbol/member/method/MethodInfo;)V 2 20825 orig 80 0 0 0 0 0 0 0 0 0 0 0 0 0 0 0 0 0 0 0 0 0 0 0 0 0 0 0 0 0 0 0 0 0 0 0 0 0 0 0 0 0 0 0 0 0 0 0 0 0 0 0 0 0 0 0 0 0 0 0 0 0 0 0 0 0 0 0 0 0 0 0 0 0 0 0 0 0 0 0 0 data 140 0x10007 0x0 0x410 0x5059 0x50005 0x0 0x0 0x269f8fe3a20 0x5059 0x0 0x0 0xd0005 0x5059 0x0 0x0 0x0 0x0 0x0 0x100007 0x4d22 0x380 0x337 0x140005 0x0 0x0 0x269f8fe3a20 0x337 0x0 0x0 0x1c0005 0x0 0x0 0x269fbb41130 0x337 0x0 0x0 0x1f0007 0x337 0x2f0 0x0 0x230005 0x0 0x0 0x0 0x0 0x0 0x0 0x280005 0x0 0x0 0x0 0x0 0x0 0x0 0x2d0007 0x0 0x260 0x0 0x340005 0x0 0x0 0x0 0x0 0x0 0x0 0x390004 0x0 0x0 0x0 0x0 0x0 0x0 0x3c0005 0x0 0x0 0x0 0x0 0x0 0x0 0x410005 0x0 0x0 0x0 0x0 0x0 0x0 0x480007 0x0 0x160 0x0 0x4c0005 0x0 0x0 0x0 0x0 0x0 0x0 0x510002 0x0 0x540007 0x0 0x88 0x0 0x580005 0x0 0x0 0x0 0x0 0x0 0x0 0x5d0002 0x0 0x600007 0x0 0x90 0x0 0x650005 0x0 0x0 0x0 0x0 0x0 0x0 0x6a0005 0x0 0x0 0x0 0x0 0x0 0x0 0x0 0x0 0x0 0x0 0x0 0x0 0x9 0x2 0x0 0x0 oops 3 7 apex/jorje/semantic/symbol/member/method/StandardMethodInfo 25 apex/jorje/semantic/symbol/member/method/StandardMethodInfo 32 apex/jorje/semantic/symbol/type/ScalarTypeInfo methods 0
ciMethodData apex/jorje/semantic/ast/compilation/VirtualMethodsCreator removeExceptionToStringIfNecessary (Lapex/jorje/semantic/symbol/member/method/MethodTable;Lapex/jorje/semantic/symbol/member/method/MethodInfo;)V 2 20868 orig 80 0 0 0 0 0 0 0 0 0 0 0 0 0 0 0 0 0 0 0 0 0 0 0 0 0 0 0 0 0 0 0 0 0 0 0 0 0 0 0 0 0 0 0 0 0 0 0 0 0 0 0 0 0 0 0 0 0 0 0 0 0 0 0 0 0 0 0 0 0 0 0 0 0 0 0 0 0 0 0 0 data 127 0x10007 0x0 0x3a8 0x5084 0x50005 0x0 0x0 0x269f8fe3a20 0x5084 0x0 0x0 0xd0005 0x5084 0x0 0x0 0x0 0x0 0x0 0x100007 0x5013 0x318 0x71 0x140005 0x0 0x0 0x269f8fe3a20 0x71 0x0 0x0 0x1c0005 0x0 0x0 0x269fbb41130 0x71 0x0 0x0 0x1f0007 0x71 0x288 0x0 0x230005 0x0 0x0 0x0 0x0 0x0 0x0 0x280005 0x0 0x0 0x0 0x0 0x0 0x0 0x2d0007 0x0 0x1f8 0x0 0x340005 0x0 0x0 0x0 0x0 0x0 0x0 0x390004 0x0 0x0 0x0 0x0 0x0 0x0 0x3c0005 0x0 0x0 0x0 0x0 0x0 0x0 0x410005 0x0 0x0 0x0 0x0 0x0 0x0 0x480007 0x0 0xf8 0x0 0x4c0005 0x0 0x0 0x0 0x0 0x0 0x0 0x510002 0x0 0x540007 0x0 0x90 0x0 0x590005 0x0 0x0 0x0 0x0 0x0 0x0 0x5e0005 0x0 0x0 0x0 0x0 0x0 0x0 0x0 0x0 0x0 0x0 0x0 0x0 0x9 0x2 0x0 0x0 oops 3 7 apex/jorje/semantic/symbol/member/method/StandardMethodInfo 25 apex/jorje/semantic/symbol/member/method/StandardMethodInfo 32 apex/jorje/semantic/symbol/type/ScalarTypeInfo methods 0
ciMethodData com/google/common/base/Suppliers$NonSerializableMemoizingSupplier get ()Ljava/lang/Object; 2 51674 orig 80 0 0 0 0 0 0 0 0 0 0 0 0 0 0 0 0 0 0 0 0 0 0 0 0 0 0 0 0 0 0 0 0 0 0 0 0 0 0 0 0 0 0 0 0 0 0 0 0 0 0 0 0 0 0 0 0 0 0 0 0 0 0 0 0 0 0 0 0 0 0 0 0 0 0 0 0 0 0 0 0 data 38 0x40007 0x6193 0xd8 0x5fe6 0xf0007 0x0 0xa0 0x5fe6 0x160002 0x5fe6 0x190004 0x0 0x0 0x269f8124540 0x5fda 0x269f81245f0 0x1 0x1c0005 0xb 0x0 0x269f8124540 0x5fda 0x269f81245f0 0x1 0x370003 0x0 0x18 0x430002 0x6193 0x0 0x0 0x0 0x0 0x0 0x0 0x9 0x1 0xe oops 4 13 apex/jorje/semantic/ast/modifier/ModifierGroup$AllSupplier 15 apex/jorje/semantic/symbol/type/ModifierTypeInfos$5 20 apex/jorje/semantic/ast/modifier/ModifierGroup$AllSupplier 22 apex/jorje/semantic/symbol/type/ModifierTypeInfos$5 methods 0
ciMethodData apex/jorje/semantic/ast/compilation/VirtualMethodsCreator isObjectOrApexObject (Lapex/jorje/semantic/symbol/type/TypeInfo;)Z 1 348 orig 80 0 0 0 0 0 0 0 0 0 0 0 0 0 0 0 0 0 0 0 0 0 0 0 0 0 0 0 0 0 0 0 0 0 0 0 0 0 0 0 0 0 0 0 0 0 0 0 0 0 0 0 0 0 0 0 0 0 0 0 0 0 0 0 0 0 0 0 0 0 0 0 0 0 0 0 0 0 0 0 0 data 24 0x40002 0x131 0x70007 0x7c 0x50 0xb5 0xe0002 0xb5 0x110007 0xb5 0x38 0x0 0x150003 0x7c 0x18 0x0 0x0 0x0 0x0 0x0 0x0 0x9 0x1 0x0 oops 0 methods 0
ciMethodData apex/jorje/semantic/symbol/member/method/StandardMethodTable remove (Lapex/jorje/semantic/symbol/member/method/signature/Signature;)Lapex/jorje/semantic/symbol/member/method/MethodInfo; 2 6157 orig 80 0 0 0 0 0 0 0 0 0 0 0 0 0 0 0 0 0 0 0 0 0 0 0 0 0 0 0 0 0 0 0 0 0 0 0 0 0 0 0 0 0 0 0 0 0 0 0 0 0 0 0 0 0 0 0 0 0 0 0 0 0 0 0 0 0 0 0 0 0 0 0 0 0 0 0 0 0 0 0 0 data 43 0x30007 0x1799 0x50 0x0 0xa0007 0x0 0x30 0x0 0x130002 0x0 0x1b0002 0x1799 0x1f0005 0x1799 0x0 0x0 0x0 0x0 0x0 0x220005 0x0 0x0 0x269f7d79640 0x1799 0x0 0x0 0x270104 0x0 0x0 0x269f8fe3ad0 0x29c 0x0 0x0 0x0 0x0 0x0 0x0 0x0 0x0 0x9 0x2 0x0 0x0 oops 2 22 java/util/LinkedHashMap 29 apex/jorje/semantic/symbol/member/method/VirtualMethodInfo methods 0
ciMethodData apex/jorje/semantic/symbol/member/method/StandardMethodTable addDuplicatesAllowed (Lapex/jorje/semantic/symbol/member/method/MethodInfo;)Lapex/common/base/Result; 2 21589 orig 80 0 0 0 0 0 0 0 0 0 0 0 0 0 0 0 0 0 0 0 0 0 0 0 0 0 0 0 0 0 0 0 0 0 0 0 0 0 0 0 0 0 0 0 0 0 0 0 0 0 0 0 0 0 0 0 0 0 0 0 0 0 0 0 0 0 0 0 0 0 0 0 0 0 0 0 0 0 0 0 0 data 145 0x30007 0x5355 0x50 0x0 0xa0007 0x0 0x30 0x0 0x130002 0x0 0x1b0002 0x5355 0x1f0005 0x0 0x0 0x269f8fe3a20 0x5355 0x0 0x0 0x240005 0x5355 0x0 0x0 0x0 0x0 0x0 0x270005 0x0 0x0 0x269f7d79640 0x5355 0x0 0x0 0x2c0104 0x0 0x0 0x269f8fe3ad0 0x36e 0x0 0x0 0x300002 0x5355 0x350007 0x4fe7 0x230 0x36e 0x390005 0x0 0x0 0x269f8fe3ad0 0x36e 0x0 0x0 0x3f0005 0x0 0x0 0x269f8fe3a20 0x36e 0x0 0x0 0x440002 0x36e 0x470007 0x36e 0x190 0x0 0x530005 0x0 0x0 0x0 0x0 0x0 0x0 0x580004 0x0 0x0 0x0 0x0 0x0 0x0 0x5c0005 0x0 0x0 0x0 0x0 0x0 0x0 0x610004 0x0 0x0 0x0 0x0 0x0 0x0 0x650005 0x0 0x0 0x0 0x0 0x0 0x0 0x6a0004 0x0 0x0 0x0 0x0 0x0 0x0 0x6b0002 0x0 0x6e0002 0x0 0x760002 0x5355 0x7a0005 0x0 0x0 0x269f8fe3a20 0x5355 0x0 0x0 0x7f0005 0x5355 0x0 0x0 0x0 0x0 0x0 0x830005 0x0 0x0 0x269f7d79640 0x5355 0x0 0x0 0x0 0x0 0x0 0x0 0x0 0x0 0x9 0x2 0x0 0xffffffffffffffff oops 7 15 apex/jorje/semantic/symbol/member/method/StandardMethodInfo 29 java/util/LinkedHashMap 36 apex/jorje/semantic/symbol/member/method/VirtualMethodInfo 49 apex/jorje/semantic/symbol/member/method/VirtualMethodInfo 56 apex/jorje/semantic/symbol/member/method/StandardMethodInfo 117 apex/jorje/semantic/symbol/member/method/StandardMethodInfo 131 java/util/LinkedHashMap methods 0
ciMethodData apex/jorje/semantic/symbol/type/parent/StandardParentTable isResolved ()Z 2 17066 orig 80 0 0 0 0 0 0 0 0 0 0 0 0 0 0 0 0 0 0 0 0 0 0 0 0 0 0 0 0 0 0 0 0 0 0 0 0 0 0 0 0 0 0 0 0 0 0 0 0 0 0 0 0 0 0 0 0 0 0 0 0 0 0 0 0 0 0 0 0 0 0 0 0 0 0 0 0 0 0 0 0 data 18 0x40007 0x0 0x58 0x41aa 0xb0007 0x0 0x38 0x41aa 0xf0003 0x41aa 0x18 0x0 0x0 0x0 0x0 0x9 0x1 0x0 oops 0 methods 0
ciMethodData apex/jorje/semantic/ast/compilation/VirtualMethodsCreator create (Lcom/google/common/collect/Multimap;Lapex/jorje/semantic/symbol/resolver/SymbolResolver;Lapex/jorje/semantic/symbol/type/TypeInfo;)V 2 71847 orig 80 0 0 0 0 0 0 0 0 0 0 0 0 0 0 0 0 0 0 0 0 0 0 0 0 0 0 0 0 0 0 0 0 0 0 0 0 0 0 0 0 0 0 0 0 0 0 0 0 0 0 0 0 0 0 0 0 0 0 0 0 0 0 0 0 0 0 0 0 0 0 0 0 0 0 0 0 0 0 0 0 data 945 0x10005 0x0 0x0 0x269f8fe34a0 0x586 0x269f8fe3550 0x114d 0x80005 0x0 0x0 0x269f8fe3600 0x16d3 0x0 0x0 0xd0007 0x16d1 0x20 0x2 0x120005 0x0 0x0 0x269f8fe34a0 0x586 0x269f8fe3550 0x114b 0x170005 0x0 0x0 0x269f8fe36b0 0x16d1 0x0 0x0 0x1c0007 0x0 0x1a0 0x16d1 0x200005 0x0 0x0 0x269f8fe34a0 0x586 0x269f8fe3550 0x114b 0x250005 0x0 0x0 0x269f8fe36b0 0x16d1 0x0 0x0 0x2a0007 0x0 0x110 0x16d1 0x2e0005 0x0 0x0 0x269f8fe3760 0x16d1 0x0 0x0 0x350005 0x0 0x0 0x269f8fe34a0 0x586 0x269f8fe3550 0x114b 0x3a0005 0x0 0x0 0x269f8fe36b0 0x16d1 0x0 0x0 0x450002 0x16d1 0x480007 0x0 0x38 0x16d1 0x4c0003 0x16d1 0x18 0x540007 0x0 0x148 0x16d1 0x580005 0x0 0x0 0x269f8fe34a0 0x586 0x269f8fe3550 0x114b 0x5d0005 0x0 0x0 0x269f8fe36b0 0x16d1 0x0 0x0 0x660005 0x33f 0x0 0x269f8fe3550 0x10b3 0x269f8fe3810 0x2df 0x6b0005 0x0 0x0 0x269f8fe3600 0x16d1 0x0 0x0 0x700007 0x16ce 0x48 0x3 0x770002 0x3 0x7a0003 0x3 0x18 0x840005 0x33f 0x0 0x269f8fe3550 0x10b3 0x269f8fe3810 0x2df 0x890005 0x0 0x0 0x269f8fe3600 0x16d1 0x0 0x0 0x8e0005 0x0 0x0 0x269f8fe38c0 0x16d1 0x0 0x0 0x970005 0x0 0x0 0x269f8fe3970 0x5f08 0x0 0x0 0x9c0007 0x16d1 0x200 0x4837 0xa10005 0x0 0x0 0x269f8fe3970 0x4837 0x0 0x0 0xa60004 0x0 0x0 0x269f8fe3a20 0x40e8 0x269f8fe3ad0 0x74f 0xae0002 0x4837 0xb10005 0x0 0x0 0x269f8fe3600 0x4837 0x0 0x0 0xba0005 0x0 0x0 0x269f8fe3b80 0x4837 0x0 0x0 0xbd0007 0x4837 0xd8 0x0 0xc80005 0x0 0x0 0x0 0x0 0x0 0x0 0xcf0005 0x0 0x0 0x0 0x0 0x0 0x0 0xd20002 0x0 0xd50005 0x0 0x0 0x0 0x0 0x0 0x0 0xdb0003 0x4837 0xfffffffffffffde0 0xdf0005 0x0 0x0 0x269f8fe34a0 0x586 0x269f8fe3550 0x114b 0xe40005 0x0 0x0 0x269f8fe36b0 0x16d1 0x0 0x0 0xe90007 0x0 0x168 0x16d1 0xed0005 0x0 0x0 0x269f8fe34a0 0x586 0x269f8fe3550 0x114b 0xf20005 0x0 0x0 0x269f8fe36b0 0x16d1 0x0 0x0 0xf70007 0x0 0xd8 0x16d1 0xfe0005 0x0 0x0 0x269f8fe34a0 0x586 0x269f8fe3550 0x114b 0x1030005 0x0 0x0 0x269f8fe36b0 0x16d1 0x0 0x0 0x1080002 0x16d1 0x10b0005 0x0 0x0 0x269f8fe3600 0x16d1 0x0 0x0 0x1120005 0x0 0x0 0x269f8fe34a0 0x586 0x269f8fe3550 0x114b 0x1170005 0x1 0x0 0x269f8fe3c30 0x586 0x269f8fe3ce0 0x114a 0x11f0005 0x0 0x0 0x269f8fe34a0 0x586 0x269f8fe3550 0x114b 0x1240005 0x0 0x0 0x269f8fe3600 0x16d1 0x0 0x0 0x1290005 0x0 0x0 0x269f8fe38c0 0x16c5 0x269f8fe3d90 0xc 0x1320005 0x0 0x0 0x269f8fe3970 0x6334 0x269f8fe3e40 0xc 0x1370007 0x16d1 0xeb8 0x4c6f 0x13c0005 0x0 0x0 0x269f8fe3970 0x4c6f 0x0 0x0 0x1410004 0x0 0x0 0x269f8fe3a20 0x4c6f 0x0 0x0 0x1490002 0x4c6f 0x14f0002 0x4c6f 0x1550002 0x4c6f 0x15b0005 0x0 0x0 0x269f8fe3a20 0x4c6f 0x0 0x0 0x1600005 0x0 0x0 0x269f8fe3600 0x4c6f 0x0 0x0 0x1690007 0x3 0xf8 0x4c6c 0x16e0007 0x4898 0xd8 0x3d4 0x1720005 0x0 0x0 0x269f8fe3760 0x3d4 0x0 0x0 0x1790005 0x0 0x0 0x269f8fe3a20 0x3d4 0x0 0x0 0x1830002 0x3d4 0x1860007 0x0 0x38 0x3d4 0x18a0003 0x3d4 0x18 0x1920007 0x489b 0x8f8 0x3d4 0x1970002 0x3d4 0x19a0007 0x0 0x8c8 0x3d4 0x19e0005 0x0 0x0 0x269f8fe34a0 0x96 0x269f8fe3550 0x33e 0x1a30005 0x0 0x0 0x269f8fe3c30 0x96 0x269f8fe3ce0 0x33e 0x1a80007 0x0 0x38 0x3d4 0x1ac0003 0x3d4 0x18 0x1b40007 0x0 0x1c8 0x3d4 0x1b90005 0x0 0x0 0x269f8fe3ad0 0x3d4 0x0 0x0 0x1c40005 0x0 0x0 0x269f8fe3ef0 0x3d4 0x0 0x0 0x1c70007 0x393 0x138 0x41 0x1d20005 0x0 0x0 0x269f8fe3a20 0x41 0x0 0x0 0x1e10005 0x0 0x0 0x269f8fe3a20 0x41 0x0 0x0 0x1e60004 0x0 0x0 0x269f8fe3fa0 0x41 0x0 0x0 0x1e70002 0x41 0x1ea0002 0x41 0x1ed0005 0x0 0x0 0x269f8fe4050 0x41 0x0 0x0 0x1f30003 0x41 0xfffffffffffffaf8 0x1f80002 0x393 0x1fb0007 0x43 0x90 0x350 0x1ff0005 0x0 0x0 0x269f8fe34a0 0x86 0x269f8fe3550 0x2ca 0x2070007 0x0 0x38 0x350 0x20b0003 0x350 0x18 0x2130007 0x0 0x580 0x393 0x2180007 0x43 0x560 0x350 0x21d0005 0x0 0x0 0x269f8fe3a20 0x350 0x0 0x0 0x2250005 0x0 0x0 0x269f8fe3ef0 0x350 0x0 0x0 0x2280007 0x2e7 0x138 0x69 0x2330005 0x0 0x0 0x269f8fe3a20 0x69 0x0 0x0 0x2420005 0x0 0x0 0x269f8fe3a20 0x69 0x0 0x0 0x2470004 0x0 0x0 0x269f8fe3fa0 0x69 0x0 0x0 0x2480002 0x69 0x24b0002 0x69 0x24e0005 0x0 0x0 0x269f8fe4050 0x69 0x0 0x0 0x2540003 0x69 0xfffffffffffff870 0x2590005 0x0 0x0 0x269f8fe3ad0 0x2e7 0x0 0x0 0x2600005 0x0 0x0 0x269f8fe3a20 0x2e7 0x0 0x0 0x2650002 0x2e7 0x2680007 0x2e7 0x138 0x0 0x2730005 0x0 0x0 0x0 0x0 0x0 0x0 0x2820005 0x0 0x0 0x0 0x0 0x0 0x0 0x2870004 0x0 0x0 0x0 0x0 0x0 0x0 0x2880002 0x0 0x28b0002 0x0 0x28e0005 0x0 0x0 0x0 0x0 0x0 0x0 0x2940003 0x0 0xfffffffffffff6b8 0x2980005 0x0 0x0 0x269f8fe3760 0x2e7 0x0 0x0 0x2a00005 0x0 0x0 0x269f8fe3ad0 0x2e7 0x0 0x0 0x2a70005 0x0 0x0 0x269f8fe3ad0 0x2e7 0x0 0x0 0x2af0002 0x2e7 0x2b60005 0x0 0x0 0x269f8fe3b80 0x2e7 0x0 0x0 0x2b90007 0x2e7 0xf0 0x0 0x2c40005 0x0 0x0 0x0 0x0 0x0 0x0 0x2cb0005 0x0 0x0 0x0 0x0 0x0 0x0 0x2ce0002 0x0 0x2d10005 0x0 0x0 0x0 0x0 0x0 0x0 0x2d70003 0x0 0xfffffffffffff4d8 0x2da0003 0x32a 0x1c0 0x2df0005 0x0 0x0 0x269f8fe3a20 0x489b 0x0 0x0 0x2e70005 0x0 0x0 0x269f8fe3ef0 0x489b 0x0 0x0 0x2ea0007 0x482d 0x138 0x6e 0x2f50005 0x0 0x0 0x269f8fe3a20 0x6e 0x0 0x0 0x3040005 0x0 0x0 0x269f8fe3a20 0x6e 0x0 0x0 0x3090004 0x0 0x0 0x269f8fe3fa0 0x6e 0x0 0x0 0x30a0002 0x6e 0x30d0002 0x6e 0x3100005 0x0 0x0 0x269f8fe4050 0x6e 0x0 0x0 0x3160003 0x6e 0xfffffffffffff318 0x31b0007 0x482a 0x90 0x32d 0x3220005 0x0 0x0 0x269f8fe3ad0 0x32d 0x0 0x0 0x3270005 0x0 0x0 0x269f8fe3a20 0x32d 0x0 0x0 0x32f0005 0x0 0x0 0x269f8fe3600 0x4b57 0x0 0x0 0x3380005 0x0 0x0 0x269f8fe3b80 0x4b57 0x0 0x0 0x33b0007 0x4b57 0xd8 0x0 0x3460005 0x0 0x0 0x0 0x0 0x0 0x0 0x34d0005 0x0 0x0 0x0 0x0 0x0 0x0 0x3500002 0x0 0x3530005 0x0 0x0 0x0 0x0 0x0 0x0 0x3590003 0x4b57 0xfffffffffffff128 0x35d0005 0x0 0x0 0x269f8fe34a0 0x586 0x269f8fe3550 0x114b 0x3650005 0x0 0x0 0x269f8fe3ef0 0x16d1 0x0 0x0 0x3680007 0x1 0x3b0 0x16d0 0x36c0005 0x0 0x0 0x269f8fe34a0 0x586 0x269f8fe3550 0x114a 0x3740007 0x36f 0x358 0x1361 0x3780005 0x0 0x0 0x269f8fe3600 0x1361 0x0 0x0 0x37d0005 0x0 0x0 0x269f8fe4100 0x1361 0x0 0x0 0x3860005 0x0 0x0 0x269f8fe41b0 0x8d70 0x0 0x0 0x38b0007 0x1361 0x290 0x7a0f 0x3900005 0x0 0x0 0x269f8fe41b0 0x7a0f 0x0 0x0 0x3950004 0x0 0x0 0x269f8fe3ad0 0x3b11 0x269f8fe3a20 0x3efe 0x39c0005 0x0 0x0 0x269f8fe3ad0 0x3b11 0x269f8fe3a20 0x3efe 0x3a20007 0x3efe 0x1b0 0x3b11 0x3a70005 0x0 0x0 0x269f8fe3ad0 0x3b11 0x0 0x0 0x3af0005 0x0 0x0 0x269f8fe3ef0 0x3b11 0x0 0x0 0x3b20007 0x3b11 0x120 0x0 0x3bd0005 0x0 0x0 0x0 0x0 0x0 0x0 0x3cc0004 0x0 0x0 0x0 0x0 0x0 0x0 0x3d10004 0x0 0x0 0x0 0x0 0x0 0x0 0x3d20002 0x0 0x3d50002 0x0 0x3d80005 0x0 0x0 0x0 0x0 0x0 0x0 0x3de0003 0x7a0f 0xfffffffffffffd50 0x3e20005 0x0 0x0 0x269f8fe3600 0x16d1 0x0 0x0 0x0 0x0 0x0 0x0 0x0 0x0 0x0 0x0 0x0 0x0 0x0 0x0 0x9 0x3 0x0 0x0 0x0 oops 106 3 apex/jorje/lsp/impl/index/symbol/VirtualStandardTypeInfo 5 apex/jorje/semantic/symbol/type/StandardTypeInfoImpl 10 apex/jorje/semantic/symbol/member/method/StandardMethodTable 21 apex/jorje/lsp/impl/index/symbol/VirtualStandardTypeInfo 23 apex/jorje/semantic/symbol/type/StandardTypeInfoImpl 28 apex/jorje/semantic/symbol/type/parent/StandardParentTable 39 apex/jorje/lsp/impl/index/symbol/VirtualStandardTypeInfo 41 apex/jorje/semantic/symbol/type/StandardTypeInfoImpl 46 apex/jorje/semantic/symbol/type/parent/StandardParentTable 57 apex/jorje/semantic/symbol/resolver/StandardSymbolResolver 64 apex/jorje/lsp/impl/index/symbol/VirtualStandardTypeInfo 66 apex/jorje/semantic/symbol/type/StandardTypeInfoImpl 71 apex/jorje/semantic/symbol/type/parent/StandardParentTable 91 apex/jorje/lsp/impl/index/symbol/VirtualStandardTypeInfo 93 apex/jorje/semantic/symbol/type/StandardTypeInfoImpl 98 apex/jorje/semantic/symbol/type/parent/StandardParentTable 105 apex/jorje/semantic/symbol/type/StandardTypeInfoImpl 107 apex/jorje/semantic/symbol/type/InternalTypeInfo 112 apex/jorje/semantic/symbol/member/method/StandardMethodTable 128 apex/jorje/semantic/symbol/type/StandardTypeInfoImpl 130 apex/jorje/semantic/symbol/type/InternalTypeInfo 135 apex/jorje/semantic/symbol/member/method/StandardMethodTable 142 java/util/Collections$UnmodifiableRandomAccessList 149 java/util/Collections$UnmodifiableCollection$1 160 java/util/Collections$UnmodifiableCollection$1 167 apex/jorje/semantic/symbol/member/method/StandardMethodInfo 169 apex/jorje/semantic/symbol/member/method/VirtualMethodInfo 176 apex/jorje/semantic/symbol/member/method/StandardMethodTable 183 apex/common/base/VoidResult 220 apex/jorje/lsp/impl/index/symbol/VirtualStandardTypeInfo 222 apex/jorje/semantic/symbol/type/StandardTypeInfoImpl 227 apex/jorje/semantic/symbol/type/parent/StandardParentTable 238 apex/jorje/lsp/impl/index/symbol/VirtualStandardTypeInfo 240 apex/jorje/semantic/symbol/type/StandardTypeInfoImpl 245 apex/jorje/semantic/symbol/type/parent/StandardParentTable 256 apex/jorje/lsp/impl/index/symbol/VirtualStandardTypeInfo 258 apex/jorje/semantic/symbol/type/StandardTypeInfoImpl 263 apex/jorje/semantic/symbol/type/parent/StandardParentTable 272 apex/jorje/semantic/symbol/member/method/StandardMethodTable 279 apex/jorje/lsp/impl/index/symbol/VirtualStandardTypeInfo 281 apex/jorje/semantic/symbol/type/StandardTypeInfoImpl 286 apex/jorje/lsp/impl/index/symbol/VirtualCodeUnitDetails 288 apex/jorje/semantic/symbol/type/details/CodeUnitDetailsProvider$SourceCodeUnitDetails 293 apex/jorje/lsp/impl/index/symbol/VirtualStandardTypeInfo 295 apex/jorje/semantic/symbol/type/StandardTypeInfoImpl 300 apex/jorje/semantic/symbol/member/method/StandardMethodTable 307 java/util/Collections$UnmodifiableRandomAccessList 309 java/util/Collections$EmptyList 314 java/util/Collections$UnmodifiableCollection$1 316 java/util/Collections$EmptyIterator 325 java/util/Collections$UnmodifiableCollection$1 332 apex/jorje/semantic/symbol/member/method/StandardMethodInfo 345 apex/jorje/semantic/symbol/member/method/StandardMethodInfo 352 apex/jorje/semantic/symbol/member/method/StandardMethodTable 367 apex/jorje/semantic/symbol/resolver/StandardSymbolResolver 374 apex/jorje/semantic/symbol/member/method/StandardMethodInfo 400 apex/jorje/lsp/impl/index/symbol/VirtualStandardTypeInfo 402 apex/jorje/semantic/symbol/type/StandardTypeInfoImpl 407 apex/jorje/lsp/impl/index/symbol/VirtualCodeUnitDetails 409 apex/jorje/semantic/symbol/type/details/CodeUnitDetailsProvider$SourceCodeUnitDetails 425 apex/jorje/semantic/symbol/member/method/VirtualMethodInfo 432 apex/jorje/semantic/ast/modifier/ModifierGroup 443 apex/jorje/semantic/symbol/member/method/StandardMethodInfo 450 apex/jorje/semantic/symbol/member/method/StandardMethodInfo 457 apex/jorje/semantic/symbol/member/method/signature/Signature 468 com/google/common/collect/ArrayListMultimap 484 apex/jorje/lsp/impl/index/symbol/VirtualStandardTypeInfo 486 apex/jorje/semantic/symbol/type/StandardTypeInfoImpl 506 apex/jorje/semantic/symbol/member/method/StandardMethodInfo 513 apex/jorje/semantic/ast/modifier/ModifierGroup 524 apex/jorje/semantic/symbol/member/method/StandardMethodInfo 531 apex/jorje/semantic/symbol/member/method/StandardMethodInfo 538 apex/jorje/semantic/symbol/member/method/signature/Signature 549 com/google/common/collect/ArrayListMultimap 559 apex/jorje/semantic/symbol/member/method/VirtualMethodInfo 566 apex/jorje/semantic/symbol/member/method/StandardMethodInfo 614 apex/jorje/semantic/symbol/resolver/StandardSymbolResolver 621 apex/jorje/semantic/symbol/member/method/VirtualMethodInfo 628 apex/jorje/semantic/symbol/member/method/VirtualMethodInfo 637 apex/common/base/VoidResult 677 apex/jorje/semantic/symbol/member/method/StandardMethodInfo 684 apex/jorje/semantic/ast/modifier/ModifierGroup 695 apex/jorje/semantic/symbol/member/method/StandardMethodInfo 702 apex/jorje/semantic/symbol/member/method/StandardMethodInfo 709 apex/jorje/semantic/symbol/member/method/signature/Signature 720 com/google/common/collect/ArrayListMultimap 734 apex/jorje/semantic/symbol/member/method/VirtualMethodInfo 741 apex/jorje/semantic/symbol/member/method/StandardMethodInfo 748 apex/jorje/semantic/symbol/member/method/StandardMethodTable 755 apex/common/base/VoidResult 792 apex/jorje/lsp/impl/index/symbol/VirtualStandardTypeInfo 794 apex/jorje/semantic/symbol/type/StandardTypeInfoImpl 799 apex/jorje/semantic/ast/modifier/ModifierGroup 810 apex/jorje/lsp/impl/index/symbol/VirtualStandardTypeInfo 812 apex/jorje/semantic/symbol/type/StandardTypeInfoImpl 821 apex/jorje/semantic/symbol/member/method/StandardMethodTable 828 com/google/common/collect/Collections2$FilteredCollection 835 com/google/common/collect/Iterators$5 846 com/google/common/collect/Iterators$5 853 apex/jorje/semantic/symbol/member/method/VirtualMethodInfo 855 apex/jorje/semantic/symbol/member/method/StandardMethodInfo 860 apex/jorje/semantic/symbol/member/method/VirtualMethodInfo 862 apex/jorje/semantic/symbol/member/method/StandardMethodInfo 871 apex/jorje/semantic/symbol/member/method/VirtualMethodInfo 878 apex/jorje/semantic/ast/modifier/ModifierGroup 924 apex/jorje/semantic/symbol/member/method/StandardMethodTable methods 0
ciMethodData apex/jorje/semantic/symbol/visibility/Visibility isTypeVisible (Lapex/jorje/semantic/compiler/sfdc/AccessEvaluator;Lapex/jorje/semantic/symbol/type/TypeInfo;Lapex/jorje/semantic/symbol/type/TypeInfo;Lapex/jorje/semantic/symbol/visibility/Visibility$ReferencedFromTestMethod;Lapex/jorje/semantic/symbol/visibility/Visibility$CheckGenericTypeArguments;)Z 2 6486 orig 80 0 0 0 0 0 0 0 0 0 0 0 0 0 0 0 0 0 0 0 0 0 0 0 0 0 0 0 0 0 0 0 0 0 0 0 0 0 0 0 0 0 0 0 0 0 0 0 0 0 0 0 0 0 0 0 0 0 0 0 0 0 0 0 0 0 0 0 0 0 0 0 0 0 0 0 0 0 0 0 0 data 15 0x90002 0x18a7 0x0 0x0 0x0 0x0 0x0 0x0 0x9 0x5 0x0 0x0 0x0 0x0 0x0 oops 0 methods 0
ciMethodData apex/jorje/semantic/symbol/member/method/signature/SignatureFactory create (Ljava/lang/String;Lapex/jorje/semantic/symbol/type/TypeInfo;)Lapex/jorje/semantic/symbol/member/method/signature/Signature; 2 6084 orig 80 0 0 0 0 0 0 0 0 0 0 0 0 0 0 0 0 0 0 0 0 0 0 0 0 0 0 0 0 0 0 0 0 0 0 0 0 0 0 0 0 0 0 0 0 0 0 0 0 0 0 0 0 0 0 0 0 0 0 0 0 0 0 0 0 0 0 0 0 0 0 0 0 0 0 0 0 0 0 0 0 data 14 0x20002 0x1713 0x50002 0x1713 0x0 0x0 0x0 0x0 0x0 0x0 0x9 0x2 0x0 0x0 oops 0 methods 0
ciMethodData apex/jorje/semantic/symbol/visibility/Visibility isMethodVisible (Lapex/jorje/semantic/compiler/sfdc/AccessEvaluator;Lapex/jorje/semantic/symbol/type/TypeInfo;Lapex/jorje/semantic/symbol/member/method/MethodInfo;Lapex/jorje/semantic/symbol/visibility/Visibility$ReferencedFromTestMethod;)Z 1 1032 orig 80 0 0 0 0 0 0 0 0 0 0 0 0 0 0 0 0 0 0 0 0 0 0 0 0 0 0 0 0 0 0 0 0 0 0 0 0 0 0 0 0 0 0 0 0 0 0 0 0 0 0 0 0 0 0 0 0 0 0 0 0 0 0 0 0 0 0 0 0 0 0 0 0 0 0 0 0 0 0 0 0 data 30 0x10002 0x103 0x40007 0x103 0x38 0x0 0xa0003 0x0 0x18 0x160005 0x0 0x0 0x269f8fe3ad0 0x103 0x0 0x0 0x1e0002 0x103 0x0 0x0 0x0 0x0 0x0 0x0 0x9 0x4 0x0 0x0 0x0 0x0 oops 1 12 apex/jorje/semantic/symbol/member/method/VirtualMethodInfo methods 0
ciMethodData apex/jorje/semantic/ast/compilation/VirtualMethodsCreator isSpecial (Lapex/jorje/semantic/symbol/member/method/MethodInfo;)Z 2 1032 orig 80 0 0 0 0 0 0 0 0 0 0 0 0 0 0 0 0 0 0 0 0 0 0 0 0 0 0 0 0 0 0 0 0 0 0 0 0 0 0 0 0 0 0 0 0 0 0 0 0 0 0 0 0 0 0 0 0 0 0 0 0 0 0 0 0 0 0 0 0 0 0 0 0 0 0 0 0 0 0 0 0 data 23 0x10005 0x0 0x0 0x269f8fe3ad0 0x3f6 0x0 0x0 0x90007 0x3f6 0x38 0x0 0xd0003 0x0 0x18 0x0 0x0 0x0 0x0 0x0 0x0 0x9 0x1 0x0 oops 1 3 apex/jorje/semantic/symbol/member/method/VirtualMethodInfo methods 0
ciMethodData apex/jorje/semantic/ast/compilation/VirtualMethodsCreator overrideIsRequired (Lapex/jorje/semantic/symbol/member/method/MethodInfo;)Z 1 1004 orig 80 0 0 0 0 0 0 0 0 0 0 0 0 0 0 0 0 0 0 0 0 0 0 0 0 0 0 0 0 0 0 0 0 0 0 0 0 0 0 0 0 0 0 0 0 0 0 0 0 0 0 0 0 0 0 0 0 0 0 0 0 0 0 0 0 0 0 0 0 0 0 0 0 0 0 0 0 0 0 0 0 data 142 0x10005 0x0 0x0 0x269f8fe3ad0 0x101 0x0 0x0 0x60002 0x101 0x90007 0xc9 0x140 0x38 0x100005 0x0 0x0 0x269f8fe3ad0 0x38 0x0 0x0 0x150005 0x38 0x0 0x0 0x0 0x0 0x0 0x180007 0x0 0xc8 0x38 0x1f0005 0x0 0x0 0x269f8fe3ad0 0x38 0x0 0x0 0x240005 0x38 0x0 0x0 0x0 0x0 0x0 0x270007 0x16 0x38 0x22 0x2b0003 0xeb 0x18 0x310005 0x0 0x0 0x269f8fe3ad0 0x101 0x0 0x0 0x360002 0x101 0x390007 0x100 0x1e8 0x1 0x400005 0x0 0x0 0x269f8fe3ad0 0x1 0x0 0x0 0x450005 0x1 0x0 0x0 0x0 0x0 0x0 0x480007 0x0 0x140 0x1 0x4f0005 0x0 0x0 0x269f8fe3ad0 0x1 0x0 0x0 0x540005 0x1 0x0 0x0 0x0 0x0 0x0 0x570007 0x0 0xb0 0x1 0x5e0005 0x0 0x0 0x269f8fe3ad0 0x1 0x0 0x0 0x630005 0x1 0x0 0x0 0x0 0x0 0x0 0x660007 0x1 0x38 0x0 0x6a0003 0x0 0x18 0x700007 0x16 0x58 0xeb 0x740007 0x0 0x38 0xeb 0x780003 0xeb 0x18 0x0 0x0 0x0 0x0 0x0 0x0 0x9 0x1 0xffffffffffffffff oops 7 3 apex/jorje/semantic/symbol/member/method/VirtualMethodInfo 16 apex/jorje/semantic/symbol/member/method/VirtualMethodInfo 34 apex/jorje/semantic/symbol/member/method/VirtualMethodInfo 55 apex/jorje/semantic/symbol/member/method/VirtualMethodInfo 68 apex/jorje/semantic/symbol/member/method/VirtualMethodInfo 86 apex/jorje/semantic/symbol/member/method/VirtualMethodInfo 104 apex/jorje/semantic/symbol/member/method/VirtualMethodInfo methods 0
ciMethodData apex/jorje/semantic/symbol/visibility/VisibilityUtil isLowerForOverride (Lapex/jorje/semantic/ast/modifier/ModifierGroup;Lapex/jorje/semantic/ast/modifier/ModifierGroup;)Z 1 807 orig 80 0 0 0 0 0 0 0 0 0 0 0 0 0 0 0 0 0 0 0 0 0 0 0 0 0 0 0 0 0 0 0 0 0 0 0 0 0 0 0 0 0 0 0 0 0 0 0 0 0 0 0 0 0 0 0 0 0 0 0 0 0 0 0 0 0 0 0 0 0 0 0 0 0 0 0 0 0 0 0 0 data 28 0x10002 0x102 0x60002 0x102 0xc0007 0x1 0x38 0x101 0x100003 0x101 0x18 0x190007 0x102 0x38 0x0 0x1d0003 0x0 0x18 0x0 0x0 0x0 0x0 0x0 0x0 0x9 0x2 0xffffffffffffffff 0xffffffffffffffff oops 0 methods 0
ciMethodData apex/jorje/semantic/symbol/visibility/VisibleApiVersionUtil checkApiVisible (Lapex/jorje/semantic/compiler/sfdc/AccessEvaluator;Lapex/jorje/semantic/symbol/type/TypeInfo;Ljava/lang/String;Lapex/jorje/semantic/ast/modifier/ModifierGroup;Lapex/jorje/semantic/symbol/member/Member$Type;)Lapex/common/base/Result; 2 7701 orig 80 0 0 0 0 0 0 0 0 0 0 0 0 0 0 0 0 0 0 0 0 0 0 0 0 0 0 0 0 0 0 0 0 0 0 0 0 0 0 0 0 0 0 0 0 0 0 0 0 0 0 0 0 0 0 0 0 0 0 0 0 0 0 0 0 0 0 0 0 0 0 0 0 0 0 0 0 0 0 0 0 data 208 0x40005 0x0 0x0 0x269f8fe3ef0 0x1d5e 0x0 0x0 0xb0007 0x0 0x30 0x1d5e 0xe0002 0x1d5e 0x130005 0x0 0x0 0x0 0x0 0x0 0x0 0x180005 0x0 0x0 0x0 0x0 0x0 0x0 0x210002 0x0 0x240007 0x0 0x30 0x0 0x270002 0x0 0x2f0005 0x0 0x0 0x0 0x0 0x0 0x0 0x360007 0x0 0x240 0x0 0x3b0005 0x0 0x0 0x0 0x0 0x0 0x0 0x3e0005 0x0 0x0 0x0 0x0 0x0 0x0 0x460002 0x0 0x4f0005 0x0 0x0 0x0 0x0 0x0 0x0 0x520007 0x0 0x168 0x0 0x5f0005 0x0 0x0 0x0 0x0 0x0 0x0 0x620004 0x0 0x0 0x0 0x0 0x0 0x0 0x660004 0x0 0x0 0x0 0x0 0x0 0x0 0x6b0005 0x0 0x0 0x0 0x0 0x0 0x0 0x6e0002 0x0 0x710004 0x0 0x0 0x0 0x0 0x0 0x0 0x720002 0x0 0x750002 0x0 0x7d0005 0x0 0x0 0x0 0x0 0x0 0x0 0x840007 0x0 0x240 0x0 0x890005 0x0 0x0 0x0 0x0 0x0 0x0 0x8c0005 0x0 0x0 0x0 0x0 0x0 0x0 0x940002 0x0 0x9d0005 0x0 0x0 0x0 0x0 0x0 0x0 0xa00007 0x0 0x168 0x0 0xad0005 0x0 0x0 0x0 0x0 0x0 0x0 0xb00004 0x0 0x0 0x0 0x0 0x0 0x0 0xb40004 0x0 0x0 0x0 0x0 0x0 0x0 0xb90005 0x0 0x0 0x0 0x0 0x0 0x0 0xbc0002 0x0 0xbf0004 0x0 0x0 0x0 0x0 0x0 0x0 0xc00002 0x0 0xc30002 0x0 0xc70002 0x0 0x0 0x0 0x0 0x0 0x0 0x0 0x9 0x5 0x0 0x0 0x0 0x0 0x0 oops 1 3 apex/jorje/semantic/ast/modifier/ModifierGroup methods 0
ciMethodData apex/jorje/semantic/symbol/visibility/PackageVersionVisibility isPackageVersionVisible (Lapex/jorje/semantic/compiler/sfdc/AccessEvaluator;Lapex/jorje/semantic/symbol/type/TypeInfo;Lapex/jorje/semantic/symbol/type/TypeInfo;Lapex/jorje/data/Location;Lapex/jorje/semantic/symbol/visibility/PackageVersionVisibility$PackageVersionTestType;)Z 2 7985 orig 80 0 0 0 0 0 0 0 0 0 0 0 0 0 0 0 0 0 0 0 0 0 0 0 0 0 0 0 0 0 0 0 0 0 0 0 0 0 0 0 0 0 0 0 0 0 0 0 0 0 0 0 0 0 0 0 0 0 0 0 0 0 0 0 0 0 0 0 0 0 0 0 0 0 0 0 0 0 0 0 0 data 130 0x10005 0x0 0x0 0x269f8fe34a0 0x5db 0x269f8fe3550 0x1854 0x60005 0x1 0x0 0x269f8fe3c30 0x5db 0x269f8fe3ce0 0x1853 0xb0007 0x1 0x1d8 0x1e2e 0xf0005 0x594 0x0 0x269f8fe3550 0x1284 0x269f8fe3810 0x616 0x140005 0x36 0x0 0x269f7d8f120 0x197a 0x269f8fe3c30 0x47e 0x190007 0x197a 0x148 0x4b4 0x1d0002 0x4b4 0x200007 0x47e 0x118 0x36 0x250005 0x0 0x0 0x269f8fe3550 0x36 0x0 0x0 0x2a0005 0x0 0x0 0x269f8fe3ce0 0x36 0x0 0x0 0x2f0005 0x0 0x0 0x269f27fa6a0 0x36 0x0 0x0 0x340007 0x36 0x50 0x0 0x3a0002 0x0 0x3d0007 0x0 0x20 0x0 0x430005 0x0 0x0 0x0 0x0 0x0 0x0 0x480005 0x0 0x0 0x0 0x0 0x0 0x0 0x4e0005 0x0 0x0 0x0 0x0 0x0 0x0 0x530005 0x0 0x0 0x0 0x0 0x0 0x0 0x590005 0x0 0x0 0x0 0x0 0x0 0x0 0x5e0005 0x0 0x0 0x0 0x0 0x0 0x0 0x660002 0x0 0x0 0x0 0x0 0x0 0x0 0x0 0x9 0x5 0xffffffffffffffff 0xffffffffffffffff 0xffffffffffffffff 0xffffffffffffffff 0x0 oops 11 3 apex/jorje/lsp/impl/index/symbol/VirtualStandardTypeInfo 5 apex/jorje/semantic/symbol/type/StandardTypeInfoImpl 10 apex/jorje/lsp/impl/index/symbol/VirtualCodeUnitDetails 12 apex/jorje/semantic/symbol/type/details/CodeUnitDetailsProvider$SourceCodeUnitDetails 21 apex/jorje/semantic/symbol/type/StandardTypeInfoImpl 23 apex/jorje/semantic/symbol/type/InternalTypeInfo 28 apex/jorje/semantic/symbol/type/details/CodeUnitDetailsProvider$NonSourceCodeUnitDetails 30 apex/jorje/lsp/impl/index/symbol/VirtualCodeUnitDetails 45 apex/jorje/semantic/symbol/type/StandardTypeInfoImpl 52 apex/jorje/semantic/symbol/type/details/CodeUnitDetailsProvider$SourceCodeUnitDetails 59 apex/jorje/semantic/common/TestAccessEvaluator methods 0
ciMethodData apex/jorje/semantic/symbol/visibility/PackageVersionVisibility isPackageVersionVisible (Ljava/util/Map;Ljava/util/Map;Ljava/lang/String;Lapex/jorje/data/Location;Lapex/jorje/semantic/symbol/visibility/PackageVersionVisibility$PackageVersionTestType;)Z 1 0 orig 80 0 0 0 0 0 0 0 0 0 0 0 0 0 0 0 0 0 0 0 0 0 0 0 0 0 0 0 0 0 0 0 0 0 0 0 0 0 0 0 0 0 0 0 0 0 0 0 0 0 0 0 0 0 0 0 0 0 0 0 0 0 0 0 0 0 0 0 0 0 0 0 0 0 0 0 0 0 0 0 0 data 72 0x20005 0x0 0x0 0x0 0x0 0x0 0x0 0x70004 0x0 0x0 0x0 0x0 0x0 0x0 0xe0007 0x0 0x20 0x0 0x150002 0x0 0x180005 0x0 0x0 0x0 0x0 0x0 0x0 0x1d0004 0x0 0x0 0x0 0x0 0x0 0x0 0x240007 0x0 0x20 0x0 0x2e0007 0x0 0x70 0x0 0x350005 0x0 0x0 0x0 0x0 0x0 0x0 0x380003 0x0 0x50 0x3f0005 0x0 0x0 0x0 0x0 0x0 0x0 0x0 0x0 0x0 0x0 0x0 0x0 0x9 0x5 0xffffffffffffffff 0xffffffffffffffff 0xffffffffffffffff 0xffffffffffffffff 0x0 oops 0 methods 0
ciMethodData apex/jorje/semantic/symbol/visibility/Visibility isTypeVisible (Lapex/jorje/semantic/compiler/sfdc/AccessEvaluator;Lapex/jorje/semantic/symbol/type/TypeInfo;Lapex/jorje/semantic/symbol/type/TypeInfo;Lapex/jorje/semantic/symbol/visibility/Visibility$ReferencedFromTestMethod;Lapex/jorje/semantic/symbol/visibility/Visibility$HiddenReferenceOkay;Lapex/jorje/semantic/symbol/visibility/Visibility$CheckGenericTypeArguments;)Z 2 6911 orig 80 0 0 0 0 0 0 0 0 0 0 0 0 0 0 0 0 0 0 0 0 0 0 0 0 0 0 0 0 0 0 0 0 0 0 0 0 0 0 0 0 0 0 0 0 0 0 0 0 0 0 0 0 0 0 0 0 0 0 0 0 0 0 0 0 0 0 0 0 0 0 0 0 0 0 0 0 0 0 0 0 data 470 0x10002 0x19ff 0x40007 0x19ff 0x60 0x0 0xa0002 0x0 0x120002 0x0 0x150007 0x0 0x20 0x0 0x1b0005 0x420 0x0 0x269f8fe3550 0x1186 0x269f8fe34a0 0x459 0x230005 0x0 0x0 0x269f8fe3ef0 0x19ff 0x0 0x0 0x260007 0x19ff 0x190 0x0 0x2a0005 0x0 0x0 0x0 0x0 0x0 0x0 0x320005 0x0 0x0 0x0 0x0 0x0 0x0 0x370005 0x0 0x0 0x0 0x0 0x0 0x0 0x3e0005 0x0 0x0 0x0 0x0 0x0 0x0 0x450005 0x0 0x0 0x0 0x0 0x0 0x0 0x480005 0x0 0x0 0x0 0x0 0x0 0x0 0x4d0007 0x0 0x20 0x0 0x530005 0x420 0x0 0x269f8fe3550 0x1186 0x269f8fe34a0 0x459 0x5b0005 0x0 0x0 0x269f8fe3ef0 0x19ff 0x0 0x0 0x5e0007 0x19ff 0x190 0x0 0x620005 0x0 0x0 0x0 0x0 0x0 0x0 0x6a0005 0x0 0x0 0x0 0x0 0x0 0x0 0x6f0005 0x0 0x0 0x0 0x0 0x0 0x0 0x760005 0x0 0x0 0x0 0x0 0x0 0x0 0x7d0005 0x0 0x0 0x0 0x0 0x0 0x0 0x800005 0x0 0x0 0x0 0x0 0x0 0x0 0x850007 0x0 0x20 0x0 0x8b0005 0x420 0x0 0x269f8fe3550 0x1186 0x269f8fe34a0 0x459 0x930007 0x19ff 0x50 0x0 0x970002 0x0 0x9a0007 0x0 0x20 0x0 0xa00005 0x420 0x0 0x269f8fe3550 0x1186 0x269f8fe34a0 0x459 0xa80007 0x116 0x170 0x18e9 0xad0002 0x18e9 0xb00007 0x352 0x140 0x1597 0xb50005 0x3d6 0x0 0x269f8fe3550 0x1161 0x269f8fe3810 0x60 0xba0005 0x0 0x0 0x269f27fa6a0 0x1597 0x0 0x0 0xbf0007 0x0 0xb0 0x1597 0xc40005 0x3d6 0x0 0x269f8fe3550 0x1161 0x269f8fe3810 0x60 0xc90005 0x0 0x0 0x269f27fa6a0 0x1597 0x0 0x0 0xce0007 0x1597 0x20 0x0 0xd40005 0x420 0x0 0x269f8fe3550 0x1186 0x269f8fe34a0 0x459 0xdc0005 0x0 0x0 0x269f8fe3ef0 0x19ff 0x0 0x0 0xdf0007 0x19ff 0xe0 0x0 0xe30005 0x0 0x0 0x0 0x0 0x0 0x0 0xe80005 0x0 0x0 0x0 0x0 0x0 0x0 0xed0007 0x0 0x50 0x0 0xf20002 0x0 0xf50007 0x0 0x20 0x0 0xfe0005 0x420 0x0 0x269f8fe3550 0x1186 0x269f8fe34a0 0x459 0x1030005 0x12 0x0 0x269f7d8f120 0x1594 0x269f8fe3c30 0x459 0x1080002 0x19ff 0x10b0007 0x19ff 0x20 0x0 0x1130005 0x420 0x0 0x269f8fe3550 0x1186 0x269f8fe34a0 0x459 0x1190005 0x420 0x0 0x269f8fe3550 0x1186 0x269f8fe34a0 0x459 0x1210002 0x19ff 0x1280005 0x0 0x0 0x269f8fe3b80 0x19ff 0x0 0x0 0x12b0007 0x19ff 0x20 0x0 0x1310005 0x420 0x0 0x269f8fe3550 0x1186 0x269f8fe34a0 0x459 0x1370002 0x19ff 0x1410005 0x19ff 0x0 0x0 0x0 0x0 0x0 0x1450008 0x10 0x0 0x1f8 0x19f9 0x90 0x0 0xa8 0x0 0xa8 0x6 0xd0 0x0 0xf8 0x0 0xf8 0x0 0x1a8 0x1730003 0x19f9 0x228 0x1780002 0x0 0x17d0003 0x0 0x200 0x1830002 0x6 0x1880003 0x6 0x1d8 0x18e0002 0x0 0x1910007 0x0 0x88 0x0 0x1950002 0x0 0x1990002 0x0 0x19c0002 0x0 0x19f0007 0x0 0x38 0x0 0x1a30003 0x0 0x18 0x1a90003 0x0 0x128 0x1b10007 0x0 0x38 0x0 0x1b50003 0x0 0x18 0x1bb0003 0x0 0xd8 0x1c40005 0x0 0x0 0x0 0x0 0x0 0x0 0x1c80005 0x0 0x0 0x0 0x0 0x0 0x0 0x1cd000a 0x0 0x5 0x0 0x0 0x1 0x0 0x269f20ab0c0 0x1d20002 0x0 0x1db0007 0x19ff 0x38 0x0 0x1df0003 0x0 0xd0 0x1ec0002 0x19ff 0x1ef0005 0x420 0x0 0x269f8fe3550 0x1186 0x269f8fe34a0 0x459 0x1f40004 0x0 0x0 0x269f20ae990 0x19ff 0x0 0x0 0x1f70005 0x19ff 0x0 0x0 0x0 0x0 0x0 0x1fe0007 0x19ff 0x50 0x0 0x2050002 0x0 0x2080007 0x0 0x58 0x0 0x20d0007 0x0 0x38 0x19ff 0x2110003 0x19ff 0x18 0x0 0x0 0x0 0x0 0x0 0x0 0x0 0x0 0x0 0x0 0x0 0x9 0x6 0x0 0x0 0x0 0x0 0x0 0x0 oops 34 17 apex/jorje/semantic/symbol/type/StandardTypeInfoImpl 19 apex/jorje/lsp/impl/index/symbol/VirtualStandardTypeInfo 24 apex/jorje/semantic/ast/modifier/ModifierGroup 81 apex/jorje/semantic/symbol/type/StandardTypeInfoImpl 83 apex/jorje/lsp/impl/index/symbol/VirtualStandardTypeInfo 88 apex/jorje/semantic/ast/modifier/ModifierGroup 145 apex/jorje/semantic/symbol/type/StandardTypeInfoImpl 147 apex/jorje/lsp/impl/index/symbol/VirtualStandardTypeInfo 162 apex/jorje/semantic/symbol/type/StandardTypeInfoImpl 164 apex/jorje/lsp/impl/index/symbol/VirtualStandardTypeInfo 179 apex/jorje/semantic/symbol/type/StandardTypeInfoImpl 181 apex/jorje/semantic/symbol/type/InternalTypeInfo 186 apex/jorje/semantic/common/TestAccessEvaluator 197 apex/jorje/semantic/symbol/type/StandardTypeInfoImpl 199 apex/jorje/semantic/symbol/type/InternalTypeInfo 204 apex/jorje/semantic/common/TestAccessEvaluator 215 apex/jorje/semantic/symbol/type/StandardTypeInfoImpl 217 apex/jorje/lsp/impl/index/symbol/VirtualStandardTypeInfo 222 apex/jorje/semantic/ast/modifier/ModifierGroup 257 apex/jorje/semantic/symbol/type/StandardTypeInfoImpl 259 apex/jorje/lsp/impl/index/symbol/VirtualStandardTypeInfo 264 apex/jorje/semantic/symbol/type/details/CodeUnitDetailsProvider$NonSourceCodeUnitDetails 266 apex/jorje/lsp/impl/index/symbol/VirtualCodeUnitDetails 277 apex/jorje/semantic/symbol/type/StandardTypeInfoImpl 279 apex/jorje/lsp/impl/index/symbol/VirtualStandardTypeInfo 284 apex/jorje/semantic/symbol/type/StandardTypeInfoImpl 286 apex/jorje/lsp/impl/index/symbol/VirtualStandardTypeInfo 293 apex/common/base/VoidResult 304 apex/jorje/semantic/symbol/type/StandardTypeInfoImpl 306 apex/jorje/lsp/impl/index/symbol/VirtualStandardTypeInfo 401 java/lang/String 416 apex/jorje/semantic/symbol/type/StandardTypeInfoImpl 418 apex/jorje/lsp/impl/index/symbol/VirtualStandardTypeInfo 423 java/lang/Boolean methods 0
ciMethodData apex/jorje/semantic/symbol/visibility/VisibilityUtil isTypeVisibleInPackaging (Lapex/jorje/semantic/compiler/sfdc/AccessEvaluator;Lapex/jorje/semantic/symbol/type/TypeInfo;Lapex/jorje/semantic/symbol/type/TypeInfo;)Z 1 6 orig 80 0 0 0 0 0 0 0 0 0 0 0 0 0 0 0 0 0 0 0 0 0 0 0 0 0 0 0 0 0 0 0 0 0 0 0 0 0 0 0 0 0 0 0 0 0 0 0 0 0 0 0 0 0 0 0 0 0 0 0 0 0 0 0 0 0 0 0 0 0 0 0 0 0 0 0 0 0 0 0 0 data 144 0x20005 0x0 0x0 0x269f8fe3550 0x6 0x0 0x0 0x70005 0x0 0x0 0x269f8fe3ce0 0x6 0x0 0x0 0xc0005 0x0 0x0 0x269f27fa6a0 0x6 0x0 0x0 0x110007 0x0 0xf8 0x6 0x160005 0x0 0x0 0x269f8fe3550 0x6 0x0 0x0 0x1b0005 0x0 0x0 0x269f8fe3ce0 0x6 0x0 0x0 0x200005 0x0 0x0 0x269f27fa6a0 0x6 0x0 0x0 0x250007 0x0 0x30 0x6 0x2a0002 0x6 0x2f0005 0x0 0x0 0x0 0x0 0x0 0x0 0x340005 0x0 0x0 0x0 0x0 0x0 0x0 0x390007 0x0 0x30 0x0 0x3e0002 0x0 0x430005 0x0 0x0 0x0 0x0 0x0 0x0 0x480005 0x0 0x0 0x0 0x0 0x0 0x0 0x4d0007 0x0 0x30 0x0 0x520002 0x0 0x590002 0x0 0x5c0007 0x0 0x128 0x0 0x600005 0x0 0x0 0x0 0x0 0x0 0x0 0x650005 0x0 0x0 0x0 0x0 0x0 0x0 0x6b0005 0x0 0x0 0x0 0x0 0x0 0x0 0x700005 0x0 0x0 0x0 0x0 0x0 0x0 0x750002 0x0 0x780003 0x0 0x28 0x7d0002 0x0 0x0 0x0 0x0 0x0 0x0 0x0 0x9 0x3 0xffffffffffffffff 0xffffffffffffffff 0xffffffffffffffff oops 6 3 apex/jorje/semantic/symbol/type/StandardTypeInfoImpl 10 apex/jorje/semantic/symbol/type/details/CodeUnitDetailsProvider$SourceCodeUnitDetails 17 apex/jorje/semantic/common/TestAccessEvaluator 28 apex/jorje/semantic/symbol/type/StandardTypeInfoImpl 35 apex/jorje/semantic/symbol/type/details/CodeUnitDetailsProvider$SourceCodeUnitDetails 42 apex/jorje/semantic/common/TestAccessEvaluator methods 0
ciMethodData apex/jorje/semantic/symbol/member/method/StandardMethodInfo getLoc ()Lapex/jorje/data/Location; 1 1505 orig 80 0 0 0 0 0 0 0 0 0 0 0 0 0 0 0 0 0 0 0 0 0 0 0 0 0 0 0 0 0 0 0 0 0 0 0 0 0 0 0 0 0 0 0 0 0 0 0 0 0 0 0 0 0 0 0 0 0 0 0 0 0 0 0 0 0 0 0 0 0 0 0 0 0 0 0 0 0 0 0 0 data 16 0x40005 0x0 0x0 0x0 0x0 0x0 0x0 0x0 0x0 0x0 0x0 0x0 0x0 0x9 0x1 0x0 oops 0 methods 0
ciMethodData apex/jorje/semantic/symbol/member/method/StandardMethodInfo getParameterTypes ()Ljava/util/List; 2 40434 orig 80 0 0 0 0 0 0 0 0 0 0 0 0 0 0 0 0 0 0 0 0 0 0 0 0 0 0 0 0 0 0 0 0 0 0 0 0 0 0 0 0 0 0 0 0 0 0 0 0 0 0 0 0 0 0 0 0 0 0 0 0 0 0 0 0 0 0 0 0 0 0 0 0 0 0 0 0 0 0 0 0 data 16 0x40005 0x0 0x0 0x269f8fe3fa0 0x95e8 0x0 0x0 0x0 0x0 0x0 0x0 0x0 0x0 0x9 0x1 0x0 oops 1 3 apex/jorje/semantic/symbol/member/method/signature/Signature methods 0
ciMethodData apex/jorje/semantic/symbol/visibility/VisibilityUtil getScore (Lapex/jorje/semantic/ast/modifier/ModifierGroup;)I 1 1626 orig 80 0 0 0 0 0 0 0 0 0 0 0 0 0 0 0 0 0 0 0 0 0 0 0 0 0 0 0 0 0 0 0 0 0 0 0 0 0 0 0 0 0 0 0 0 0 0 0 0 0 0 0 0 0 0 0 0 0 0 0 0 0 0 0 0 0 0 0 0 0 0 0 0 0 0 0 0 0 0 0 0 data 42 0x40005 0x0 0x0 0x0 0x0 0x0 0x0 0x70007 0x0 0x20 0x0 0x100005 0x0 0x0 0x0 0x0 0x0 0x0 0x130007 0x0 0x20 0x0 0x1c0005 0x0 0x0 0x0 0x0 0x0 0x0 0x1f0007 0x0 0x20 0x0 0x0 0x0 0x0 0x0 0x0 0x0 0x9 0x1 0xffffffffffffffff oops 0 methods 0
ciMethodData apex/jorje/semantic/symbol/member/method/VirtualMethodInfo getName ()Ljava/lang/String; 1 1798 orig 80 0 0 0 0 0 0 0 0 0 0 0 0 0 0 0 0 0 0 0 0 0 0 0 0 0 0 0 0 0 0 0 0 0 0 0 0 0 0 0 0 0 0 0 0 0 0 0 0 0 0 0 0 0 0 0 0 0 0 0 0 0 0 0 0 0 0 0 0 0 0 0 0 0 0 0 0 0 0 0 0 data 16 0x40005 0x0 0x0 0x0 0x0 0x0 0x0 0x0 0x0 0x0 0x0 0x0 0x0 0x9 0x1 0x0 oops 0 methods 0
ciMethodData apex/jorje/data/Locations toPair (Lapex/jorje/data/Location;)Lapex/common/tuple/IntPair; 2 1950 orig 80 0 0 0 0 0 0 0 0 0 0 0 0 0 0 0 0 0 0 0 0 0 0 0 0 0 0 0 0 0 0 0 0 0 0 0 0 0 0 0 0 0 0 0 0 0 0 0 0 0 0 0 0 0 0 0 0 0 0 0 0 0 0 0 0 0 0 0 0 0 0 0 0 0 0 0 0 0 0 0 0 data 36 0x40007 0x0 0x40 0x616 0x80007 0x616 0x38 0x0 0xe0003 0x0 0x98 0x120005 0x0 0x0 0x269f9692200 0x616 0x0 0x0 0x180005 0x0 0x0 0x269f9692200 0x616 0x0 0x0 0x1d0002 0x616 0x0 0x0 0x0 0x0 0x0 0x0 0x9 0x1 0xffffffffffffffff oops 2 14 apex/jorje/data/IndexLocation 21 apex/jorje/data/IndexLocation methods 0
ciMethodData apex/jorje/semantic/symbol/visibility/Visibility isGlobalDefaultConstructor (Lapex/jorje/semantic/symbol/member/method/MethodInfo;)Z 1 1076 orig 80 0 0 0 0 0 0 0 0 0 0 0 0 0 0 0 0 0 0 0 0 0 0 0 0 0 0 0 0 0 0 0 0 0 0 0 0 0 0 0 0 0 0 0 0 0 0 0 0 0 0 0 0 0 0 0 0 0 0 0 0 0 0 0 0 0 0 0 0 0 0 0 0 0 0 0 0 0 0 0 0 data 59 0x10005 0x0 0x0 0x0 0x0 0x0 0x0 0x90005 0x0 0x0 0x0 0x0 0x0 0x0 0xc0007 0x0 0x120 0x0 0x100005 0x0 0x0 0x0 0x0 0x0 0x0 0x150007 0x0 0xc8 0x0 0x190005 0x0 0x0 0x0 0x0 0x0 0x0 0x1e0005 0x0 0x0 0x0 0x0 0x0 0x0 0x230007 0x0 0x38 0x0 0x270003 0x0 0x18 0x0 0x0 0x0 0x0 0x0 0x0 0x9 0x1 0xffffffffffffffff oops 0 methods 0
ciMethodData apex/jorje/semantic/symbol/visibility/Visibility isMemberVisible (Lapex/jorje/semantic/compiler/sfdc/AccessEvaluator;Lapex/jorje/semantic/symbol/type/TypeInfo;Lapex/jorje/semantic/symbol/member/Member;Lapex/jorje/semantic/ast/modifier/ModifierGroup;Lapex/jorje/semantic/symbol/visibility/Visibility$ReferencedFromTestMethod;Lapex/jorje/semantic/symbol/visibility/PackageVersionVisibility$PackageVersionTestType;)Z 1 1076 orig 80 0 0 0 0 0 0 0 0 0 0 0 0 0 0 0 0 0 0 0 0 0 0 0 0 0 0 0 0 0 0 0 0 0 0 0 0 0 0 0 0 0 0 0 0 0 0 0 0 0 0 0 0 0 0 0 0 0 0 0 0 0 0 0 0 0 0 0 0 0 0 0 0 0 0 0 0 0 0 0 0 data 70 0x30005 0x0 0x0 0x0 0x0 0x0 0x0 0xa0005 0x0 0x0 0x0 0x0 0x0 0x0 0x120007 0x0 0x38 0x0 0x160003 0x0 0x18 0x1a0002 0x0 0x220005 0x0 0x0 0x0 0x0 0x0 0x0 0x280005 0x0 0x0 0x0 0x0 0x0 0x0 0x2f0002 0x0 0x320007 0x0 0x20 0x0 0x3a0007 0x0 0x50 0x0 0x420002 0x0 0x450007 0x0 0x38 0x0 0x490003 0x0 0x18 0x0 0x0 0x0 0x0 0x0 0x0 0x9 0x6 0xffffffffffffffff 0xffffffffffffffff 0xffffffffffffffff 0xffffffffffffffff 0xffffffffffffffff 0x0 oops 0 methods 0
ciMethodData apex/jorje/semantic/symbol/visibility/Visibility isMemberVisibleThroughModifiers (Lapex/jorje/semantic/compiler/sfdc/AccessEvaluator;Lapex/jorje/semantic/symbol/type/TypeInfo;Lapex/jorje/semantic/symbol/type/TypeInfo;Lapex/jorje/semantic/ast/modifier/ModifierGroup;Z)Z 1 1076 orig 80 0 0 0 0 0 0 0 0 0 0 0 0 0 0 0 0 0 0 0 0 0 0 0 0 0 0 0 0 0 0 0 0 0 0 0 0 0 0 0 0 0 0 0 0 0 0 0 0 0 0 0 0 0 0 0 0 0 0 0 0 0 0 0 0 0 0 0 0 0 0 0 0 0 0 0 0 0 0 0 0 data 143 0x30002 0x0 0xd0005 0x0 0x0 0x0 0x0 0x0 0x0 0x110008 0x14 0x0 0x3c8 0x0 0xb0 0x0 0xb0 0x0 0x158 0x0 0x298 0x0 0x350 0x0 0x350 0x0 0x3c8 0x0 0x2a8 0x0 0x3c8 0x470005 0x0 0x0 0x0 0x0 0x0 0x0 0x4d0005 0x0 0x0 0x0 0x0 0x0 0x0 0x520005 0x0 0x0 0x0 0x0 0x0 0x0 0x570005 0x0 0x0 0x0 0x0 0x0 0x0 0x5d0005 0x0 0x0 0x0 0x0 0x0 0x0 0x620005 0x0 0x0 0x0 0x0 0x0 0x0 0x650007 0x0 0x98 0x0 0x6a0002 0x0 0x6d0007 0x0 0x50 0x0 0x720002 0x0 0x750007 0x0 0x38 0x0 0x790003 0x0 0x18 0x810002 0x0 0x880002 0x0 0x8b0007 0x0 0x98 0x0 0x900002 0x0 0x930007 0x0 0x50 0x0 0x980002 0x0 0x9b0007 0x0 0x38 0x0 0x9f0003 0x0 0x18 0xa70002 0x0 0xaa0007 0x0 0x68 0x0 0xaf0002 0x0 0xb20007 0x0 0x38 0x0 0xb60003 0x0 0x18 0x0 0x0 0x0 0x0 0x0 0x0 0x9 0x5 0x0 0x0 0x0 0x0 0x0 oops 0 methods 0
ciMethodData apex/jorje/semantic/symbol/visibility/Visibility isMemberTestVisible (Lapex/jorje/semantic/compiler/sfdc/AccessEvaluator;Lapex/jorje/semantic/symbol/type/TypeInfo;Lapex/jorje/semantic/symbol/member/Member;Lapex/jorje/semantic/symbol/visibility/Visibility$ReferencedFromTestMethod;)Z 1 0 orig 80 0 0 0 0 0 0 0 0 0 0 0 0 0 0 0 0 0 0 0 0 0 0 0 0 0 0 0 0 0 0 0 0 0 0 0 0 0 0 0 0 0 0 0 0 0 0 0 0 0 0 0 0 0 0 0 0 0 0 0 0 0 0 0 0 0 0 0 0 0 0 0 0 0 0 0 0 0 0 0 0 data 41 0x10005 0x0 0x0 0x0 0x0 0x0 0x0 0x90005 0x0 0x0 0x0 0x0 0x0 0x0 0x170002 0x0 0x1a0007 0x0 0x50 0x0 0x210002 0x0 0x240007 0x0 0x38 0x0 0x280003 0x0 0x18 0x0 0x0 0x0 0x0 0x0 0x0 0x9 0x4 0xffffffffffffffff 0xffffffffffffffff 0xffffffffffffffff 0xffffffffffffffff oops 0 methods 0
ciMethodData apex/jorje/semantic/symbol/member/method/VirtualMethodInfo getInvocationType ()Lapex/jorje/semantic/symbol/member/method/InvocationType; 1 1032 orig 80 0 0 0 0 0 0 0 0 0 0 0 0 0 0 0 0 0 0 0 0 0 0 0 0 0 0 0 0 0 0 0 0 0 0 0 0 0 0 0 0 0 0 0 0 0 0 0 0 0 0 0 0 0 0 0 0 0 0 0 0 0 0 0 0 0 0 0 0 0 0 0 0 0 0 0 0 0 0 0 0 data 16 0x40005 0x0 0x0 0x0 0x0 0x0 0x0 0x0 0x0 0x0 0x0 0x0 0x0 0x9 0x1 0x0 oops 0 methods 0
ciMethodData apex/jorje/semantic/symbol/member/method/StandardMethodInfo setCanonicalName (Ljava/lang/String;)V 1 889 orig 80 0 0 0 0 0 0 0 0 0 0 0 0 0 0 0 0 0 0 0 0 0 0 0 0 0 0 0 0 0 0 0 0 0 0 0 0 0 0 0 0 0 0 0 0 0 0 0 0 0 0 0 0 0 0 0 0 0 0 0 0 0 0 0 0 0 0 0 0 0 0 0 0 0 0 0 0 0 0 0 0 data 29 0x30007 0x0 0x98 0x0 0xb0005 0x0 0x0 0x0 0x0 0x0 0x0 0xe0002 0x0 0x110007 0x0 0x30 0x0 0x180002 0x0 0x0 0x0 0x0 0x0 0x0 0x0 0x9 0x2 0x300 0x0 oops 0 methods 0
compile apex/jorje/semantic/ast/compilation/VirtualMethodsCreator create (Lcom/google/common/collect/Multimap;Lapex/jorje/semantic/symbol/resolver/SymbolResolver;Lapex/jorje/semantic/symbol/type/TypeInfo;)V -1 4 inline 279 0 -1 apex/jorje/semantic/ast/compilation/VirtualMethodsCreator create (Lcom/google/common/collect/Multimap;Lapex/jorje/semantic/symbol/resolver/SymbolResolver;Lapex/jorje/semantic/symbol/type/TypeInfo;)V 1 1 apex/jorje/semantic/symbol/type/AbstractTypeInfo virtualMethods ()Lapex/jorje/semantic/symbol/member/method/MethodTable; 2 5 apex/common/base/Initializers$OfInstanceInitializer get (Ljava/lang/Object;)Ljava/lang/Object; 2 5 apex/common/base/Initializers$MemoizingInitializer get (Ljava/lang/Object;)Ljava/lang/Object; 1 8 apex/jorje/semantic/symbol/member/method/StandardMethodTable isResolved ()Z 1 18 apex/jorje/semantic/symbol/type/AbstractTypeInfo parents ()Lapex/jorje/semantic/symbol/type/parent/ParentTable; 2 5 apex/common/base/Initializers$OfInstanceInitializer get (Ljava/lang/Object;)Ljava/lang/Object; 1 23 apex/jorje/semantic/symbol/type/parent/StandardParentTable isResolved ()Z 1 32 apex/jorje/semantic/symbol/type/AbstractTypeInfo parents ()Lapex/jorje/semantic/symbol/type/parent/ParentTable; 2 5 apex/common/base/Initializers$OfInstanceInitializer get (Ljava/lang/Object;)Ljava/lang/Object; 1 37 apex/jorje/semantic/symbol/type/parent/StandardParentTable superType ()Lapex/jorje/semantic/symbol/type/TypeInfo; 1 46 apex/jorje/semantic/symbol/resolver/StandardSymbolResolver getAccessEvaluator ()Lapex/jorje/semantic/compiler/sfdc/AccessEvaluator; 2 4 apex/jorje/semantic/compiler/ApexCompiler getInput ()Lapex/jorje/semantic/compiler/CompilationInput; 2 7 apex/jorje/semantic/compiler/CompilationInput getAccessEvaluator ()Lapex/jorje/semantic/compiler/sfdc/AccessEvaluator; 1 53 apex/jorje/semantic/symbol/type/AbstractTypeInfo parents ()Lapex/jorje/semantic/symbol/type/parent/ParentTable; 2 5 apex/common/base/Initializers$OfInstanceInitializer get (Ljava/lang/Object;)Ljava/lang/Object; 1 58 apex/jorje/semantic/symbol/type/parent/StandardParentTable superType ()Lapex/jorje/semantic/symbol/type/TypeInfo; 1 69 apex/jorje/semantic/symbol/visibility/Visibility isTypeVisible (Lapex/jorje/semantic/compiler/sfdc/AccessEvaluator;Lapex/jorje/semantic/symbol/type/TypeInfo;Lapex/jorje/semantic/symbol/type/TypeInfo;Lapex/jorje/semantic/symbol/visibility/Visibility$ReferencedFromTestMethod;Lapex/jorje/semantic/symbol/visibility/Visibility$CheckGenericTypeArguments;)Z 1 88 apex/jorje/semantic/symbol/type/AbstractTypeInfo parents ()Lapex/jorje/semantic/symbol/type/parent/ParentTable; 2 5 apex/common/base/Initializers$OfInstanceInitializer get (Ljava/lang/Object;)Ljava/lang/Object; 1 93 apex/jorje/semantic/symbol/type/parent/StandardParentTable superType ()Lapex/jorje/semantic/symbol/type/TypeInfo; 1 102 apex/jorje/semantic/symbol/type/AbstractTypeInfo virtualMethods ()Lapex/jorje/semantic/symbol/member/method/MethodTable; 2 5 apex/common/base/Initializers$OfInstanceInitializer get (Ljava/lang/Object;)Ljava/lang/Object; 2 5 apex/common/base/Initializers$MemoizingInitializer get (Ljava/lang/Object;)Ljava/lang/Object; 1 107 apex/jorje/semantic/symbol/member/method/StandardMethodTable isResolved ()Z 1 132 apex/jorje/semantic/symbol/type/AbstractTypeInfo virtualMethods ()Lapex/jorje/semantic/symbol/member/method/MethodTable; 2 5 apex/common/base/Initializers$OfInstanceInitializer get (Ljava/lang/Object;)Ljava/lang/Object; 2 5 apex/common/base/Initializers$MemoizingInitializer get (Ljava/lang/Object;)Ljava/lang/Object; 1 142 java/util/Collections$UnmodifiableCollection iterator ()Ljava/util/Iterator; 2 5 java/util/Collections$UnmodifiableCollection$1 <init> (Ljava/util/Collections$UnmodifiableCollection;)V 3 6 java/lang/Object <init> ()V 3 17 java/util/ArrayList iterator ()Ljava/util/Iterator; 4 5 java/util/ArrayList$Itr <init> (Ljava/util/ArrayList;)V 5 6 java/lang/Object <init> ()V 1 151 java/util/Collections$UnmodifiableCollection$1 hasNext ()Z 2 4 java/util/ArrayList$Itr hasNext ()Z 1 161 java/util/Collections$UnmodifiableCollection$1 next ()Ljava/lang/Object; 2 4 java/util/ArrayList$Itr next ()Ljava/lang/Object; 3 1 java/util/ArrayList$Itr checkForComodification ()V 1 174 apex/jorje/semantic/symbol/member/method/VirtualMethodInfo create (Lapex/jorje/semantic/symbol/member/method/MethodInfo;)Lapex/jorje/semantic/symbol/member/method/VirtualMethodInfo; 2 18 apex/jorje/semantic/symbol/member/method/VirtualMethodInfo <init> (Lapex/jorje/semantic/symbol/member/method/MethodInfo;)V 3 1 java/lang/Object <init> ()V 3 11 apex/jorje/semantic/symbol/member/method/StandardMethodInfo getCanonicalName ()Ljava/lang/String; 3 20 com/google/common/collect/ImmutableSet of ()Lcom/google/common/collect/ImmutableSet; 2 29 apex/jorje/semantic/symbol/member/method/VirtualMethodInfo <init> (Lapex/jorje/semantic/symbol/member/method/MethodInfo;)V 3 1 java/lang/Object <init> ()V 3 11 apex/jorje/semantic/symbol/member/method/StandardMethodInfo getCanonicalName ()Ljava/lang/String; 3 20 com/google/common/collect/ImmutableSet of ()Lcom/google/common/collect/ImmutableSet; 1 186 apex/common/base/Result hasError ()Z 2 4 com/google/common/base/Strings isNullOrEmpty (Ljava/lang/String;)Z 3 1 com/google/common/base/Platform stringIsNullOrEmpty (Ljava/lang/String;)Z 4 5 java/lang/String isEmpty ()Z 1 223 apex/jorje/semantic/symbol/type/AbstractTypeInfo parents ()Lapex/jorje/semantic/symbol/type/parent/ParentTable; 2 5 apex/common/base/Initializers$OfInstanceInitializer get (Ljava/lang/Object;)Ljava/lang/Object; 1 228 apex/jorje/semantic/symbol/type/parent/StandardParentTable isResolved ()Z 1 237 apex/jorje/semantic/symbol/type/AbstractTypeInfo parents ()Lapex/jorje/semantic/symbol/type/parent/ParentTable; 2 5 apex/common/base/Initializers$OfInstanceInitializer get (Ljava/lang/Object;)Ljava/lang/Object; 1 242 apex/jorje/semantic/symbol/type/parent/StandardParentTable superType ()Lapex/jorje/semantic/symbol/type/TypeInfo; 1 254 apex/jorje/semantic/symbol/type/AbstractTypeInfo parents ()Lapex/jorje/semantic/symbol/type/parent/ParentTable; 2 5 apex/common/base/Initializers$OfInstanceInitializer get (Ljava/lang/Object;)Ljava/lang/Object; 1 259 apex/jorje/semantic/symbol/type/parent/StandardParentTable superType ()Lapex/jorje/semantic/symbol/type/TypeInfo; 1 264 apex/jorje/semantic/symbol/member/method/signature/SignatureFactory create (Ljava/lang/String;Lapex/jorje/semantic/symbol/type/TypeInfo;)Lapex/jorje/semantic/symbol/member/method/signature/Signature; 2 2 com/google/common/collect/ImmutableList of ()Lcom/google/common/collect/ImmutableList; 2 5 apex/jorje/semantic/symbol/member/method/signature/SignatureFactory create (Ljava/lang/String;Lapex/jorje/semantic/symbol/type/TypeInfo;Ljava/util/List;)Lapex/jorje/semantic/symbol/member/method/signature/Signature; 1 267 apex/jorje/semantic/symbol/member/method/StandardMethodTable remove (Lapex/jorje/semantic/symbol/member/method/signature/Signature;)Lapex/jorje/semantic/symbol/member/method/MethodInfo; 2 27 apex/jorje/semantic/symbol/member/method/signature/SignatureEquivalence get ()Lapex/jorje/semantic/symbol/member/method/signature/SignatureEquivalence; 2 31 com/google/common/base/Equivalence wrap (Ljava/lang/Object;)Lcom/google/common/base/Equivalence$Wrapper; 3 7 com/google/common/base/Equivalence$Wrapper <init> (Lcom/google/common/base/Equivalence;Ljava/lang/Object;Lcom/google/common/base/Equivalence$1;)V 4 3 com/google/common/base/Equivalence$Wrapper <init> (Lcom/google/common/base/Equivalence;Ljava/lang/Object;)V 5 1 java/lang/Object <init> ()V 5 6 com/google/common/base/Preconditions checkNotNull (Ljava/lang/Object;)Ljava/lang/Object; 2 34 java/util/HashMap remove (Ljava/lang/Object;)Ljava/lang/Object; 3 2 java/util/HashMap hash (Ljava/lang/Object;)I 4 9 com/google/common/base/Equivalence$Wrapper hashCode ()I 5 8 com/google/common/base/Equivalence hash (Ljava/lang/Object;)I 3 9 java/util/HashMap removeNode (ILjava/lang/Object;Ljava/lang/Object;ZZ)Ljava/util/HashMap$Node; 4 68 com/google/common/base/Equivalence$Wrapper equals (Ljava/lang/Object;)Z 5 27 java/lang/Object equals (Ljava/lang/Object;)Z 5 47 com/google/common/base/Equivalence equivalent (Ljava/lang/Object;Ljava/lang/Object;)Z 4 283 java/util/LinkedHashMap afterNodeRemoval (Ljava/util/HashMap$Node;)V 1 274 apex/jorje/semantic/symbol/type/AbstractTypeInfo getCodeUnitDetails ()Lapex/jorje/semantic/symbol/type/CodeUnitDetails; 2 5 apex/common/base/Initializers$OfInstanceInitializer get (Ljava/lang/Object;)Ljava/lang/Object; 2 5 apex/common/base/Initializers$MemoizingInitializer get (Ljava/lang/Object;)Ljava/lang/Object; 1 274 apex/jorje/lsp/impl/index/symbol/VirtualStandardTypeInfo getCodeUnitDetails ()Lapex/jorje/semantic/symbol/type/CodeUnitDetails; 1 287 apex/jorje/semantic/symbol/type/AbstractTypeInfo methods ()Lapex/jorje/semantic/symbol/member/method/MethodTable; 2 5 apex/common/base/Initializers$OfInstanceInitializer get (Ljava/lang/Object;)Ljava/lang/Object; 2 5 apex/common/base/Initializers$MemoizingInitializer get (Ljava/lang/Object;)Ljava/lang/Object; 1 297 java/util/Collections$UnmodifiableCollection iterator ()Ljava/util/Iterator; 2 5 java/util/Collections$UnmodifiableCollection$1 <init> (Ljava/util/Collections$UnmodifiableCollection;)V 3 6 java/lang/Object <init> ()V 3 17 java/util/ArrayList iterator ()Ljava/util/Iterator; 4 5 java/util/ArrayList$Itr <init> (Ljava/util/ArrayList;)V 5 6 java/lang/Object <init> ()V 1 297 java/util/Collections$EmptyList iterator ()Ljava/util/Iterator; 2 0 java/util/Collections emptyIterator ()Ljava/util/Iterator; 1 306 java/util/Collections$UnmodifiableCollection$1 hasNext ()Z 2 4 java/util/ArrayList$Itr hasNext ()Z 1 306 java/util/Collections$EmptyIterator hasNext ()Z 1 316 java/util/Collections$UnmodifiableCollection$1 next ()Ljava/lang/Object; 2 4 java/util/ArrayList$Itr next ()Ljava/lang/Object; 3 1 java/util/ArrayList$Itr checkForComodification ()V 1 329 apex/jorje/semantic/ast/compilation/VirtualMethodsCreator removeObjectEqualsIfNecessary (Lapex/jorje/semantic/symbol/member/method/MethodTable;Lapex/jorje/semantic/symbol/member/method/MethodInfo;)V 2 5 apex/jorje/semantic/symbol/member/method/StandardMethodInfo getName ()Ljava/lang/String; 2 13 java/lang/String equalsIgnoreCase (Ljava/lang/String;)Z 3 14 java/lang/String length ()I 4 6 java/lang/String coder ()B 3 18 java/lang/String length ()I 4 6 java/lang/String coder ()B 3 30 java/lang/String length ()I 4 6 java/lang/String coder ()B 3 33 java/lang/String regionMatches (ZILjava/lang/String;II)Z 4 27 java/lang/String length ()I 5 6 java/lang/String coder ()B 4 43 java/lang/String length ()I 5 6 java/lang/String coder ()B 4 70 java/lang/String coder ()B 4 78 java/lang/String coder ()B 4 98 java/lang/StringLatin1 regionMatchesCI ([BI[BII)Z 5 53 java/lang/CharacterDataLatin1 toUpperCase (I)I 6 4 java/lang/CharacterDataLatin1 getProperties (I)I 5 63 java/lang/CharacterDataLatin1 toUpperCase (I)I 6 4 java/lang/CharacterDataLatin1 getProperties (I)I 5 80 java/lang/Character toLowerCase (I)I 6 1 java/lang/CharacterData of (I)Ljava/lang/CharacterData; 6 5 java/lang/CharacterDataLatin1 toLowerCase (I)I 7 4 java/lang/CharacterDataLatin1 getProperties (I)I 5 85 java/lang/Character toLowerCase (I)I 6 1 java/lang/CharacterData of (I)Ljava/lang/CharacterData; 6 5 java/lang/CharacterDataLatin1 toLowerCase (I)I 7 4 java/lang/CharacterDataLatin1 getProperties (I)I 2 20 apex/jorje/semantic/symbol/member/method/StandardMethodInfo getParameterTypes ()Ljava/util/List; 3 4 apex/jorje/semantic/symbol/member/method/signature/Signature getParameterTypes ()Ljava/util/List; 2 25 com/google/common/collect/SingletonImmutableList size ()I 2 46 apex/jorje/semantic/symbol/member/method/StandardMethodInfo getSignature ()Lapex/jorje/semantic/symbol/member/method/signature/Signature; 2 51 apex/jorje/semantic/symbol/member/method/StandardMethodTable get (Lapex/jorje/semantic/symbol/member/method/signature/Signature;)Lapex/jorje/semantic/symbol/member/method/MethodInfo; 3 5 java/lang/invoke/Invokers$Holder linkToTargetMethod (Ljava/lang/Object;Ljava/lang/Object;)Ljava/lang/Object; 4 5 java/lang/invoke/DirectMethodHandle$Holder newInvokeSpecial (Ljava/lang/Object;Ljava/lang/Object;)Ljava/lang/Object; 5 1 java/lang/invoke/DirectMethodHandle allocateInstance (Ljava/lang/Object;)Ljava/lang/Object; 5 6 java/lang/invoke/DirectMethodHandle constructorMethod (Ljava/lang/Object;)Ljava/lang/Object; 5 16 apex/jorje/semantic/symbol/member/method/StandardMethodTable$$Lambda$537+0x00000269b235b1f0 <init> (Lapex/jorje/semantic/symbol/member/method/signature/Signature;)V 6 1 java/lang/Object <init> ()V 3 10 java/util/Optional filter (Ljava/util/function/Predicate;)Ljava/util/Optional; 4 1 java/util/Objects requireNonNull (Ljava/lang/Object;)Ljava/lang/Object; 4 6 java/util/Optional isPresent ()Z 3 17 apex/jorje/semantic/symbol/member/method/signature/SignatureEquivalence get ()Lapex/jorje/semantic/symbol/member/method/signature/SignatureEquivalence; 3 21 com/google/common/base/Equivalence wrap (Ljava/lang/Object;)Lcom/google/common/base/Equivalence$Wrapper; 4 7 com/google/common/base/Equivalence$Wrapper <init> (Lcom/google/common/base/Equivalence;Ljava/lang/Object;Lcom/google/common/base/Equivalence$1;)V 5 3 com/google/common/base/Equivalence$Wrapper <init> (Lcom/google/common/base/Equivalence;Ljava/lang/Object;)V 6 1 java/lang/Object <init> ()V 6 6 com/google/common/base/Preconditions checkNotNull (Ljava/lang/Object;)Ljava/lang/Object; 3 24 java/util/LinkedHashMap get (Ljava/lang/Object;)Ljava/lang/Object; 4 2 java/util/HashMap getNode (Ljava/lang/Object;)Ljava/util/HashMap$Node; 5 23 java/util/HashMap hash (Ljava/lang/Object;)I 6 9 com/google/common/base/Equivalence$Wrapper hashCode ()I 7 8 com/google/common/base/Equivalence hash (Ljava/lang/Object;)I 5 63 com/google/common/base/Equivalence$Wrapper equals (Ljava/lang/Object;)Z 6 27 java/lang/Object equals (Ljava/lang/Object;)Z 6 47 com/google/common/base/Equivalence equivalent (Ljava/lang/Object;Ljava/lang/Object;)Z 5 128 com/google/common/base/Equivalence$Wrapper equals (Ljava/lang/Object;)Z 6 27 java/lang/Object equals (Ljava/lang/Object;)Z 6 47 com/google/common/base/Equivalence equivalent (Ljava/lang/Object;Ljava/lang/Object;)Z 3 32 java/util/Optional orElse (Ljava/lang/Object;)Ljava/lang/Object; 2 62 apex/jorje/semantic/symbol/member/method/VirtualMethodInfo getDefiningType ()Lapex/jorje/semantic/symbol/type/TypeInfo; 2 67 apex/jorje/semantic/ast/compilation/VirtualMethodsCreator isObjectOrApexObject (Lapex/jorje/semantic/symbol/type/TypeInfo;)Z 2 75 apex/jorje/semantic/symbol/member/method/VirtualMethodInfo getSignature ()Lapex/jorje/semantic/symbol/member/method/signature/Signature; 1 335 apex/jorje/semantic/ast/compilation/VirtualMethodsCreator removeObjectHashCodeIfNecessary (Lapex/jorje/semantic/symbol/member/method/MethodTable;Lapex/jorje/semantic/symbol/member/method/MethodInfo;)V 2 5 apex/jorje/semantic/symbol/member/method/StandardMethodInfo getName ()Ljava/lang/String; 2 13 java/lang/String equalsIgnoreCase (Ljava/lang/String;)Z 3 14 java/lang/String length ()I 4 6 java/lang/String coder ()B 3 18 java/lang/String length ()I 4 6 java/lang/String coder ()B 3 30 java/lang/String length ()I 4 6 java/lang/String coder ()B 3 33 java/lang/String regionMatches (ZILjava/lang/String;II)Z 4 27 java/lang/String length ()I 5 6 java/lang/String coder ()B 4 43 java/lang/String length ()I 5 6 java/lang/String coder ()B 4 70 java/lang/String coder ()B 4 78 java/lang/String coder ()B 4 98 java/lang/StringLatin1 regionMatchesCI ([BI[BII)Z 5 53 java/lang/CharacterDataLatin1 toUpperCase (I)I 6 4 java/lang/CharacterDataLatin1 getProperties (I)I 5 63 java/lang/CharacterDataLatin1 toUpperCase (I)I 6 4 java/lang/CharacterDataLatin1 getProperties (I)I 5 80 java/lang/Character toLowerCase (I)I 6 1 java/lang/CharacterData of (I)Ljava/lang/CharacterData; 6 5 java/lang/CharacterDataLatin1 toLowerCase (I)I 7 4 java/lang/CharacterDataLatin1 getProperties (I)I 5 85 java/lang/Character toLowerCase (I)I 6 1 java/lang/CharacterData of (I)Ljava/lang/CharacterData; 6 5 java/lang/CharacterDataLatin1 toLowerCase (I)I 7 4 java/lang/CharacterDataLatin1 getProperties (I)I 2 20 apex/jorje/semantic/symbol/member/method/StandardMethodInfo getReturnType ()Lapex/jorje/semantic/symbol/type/TypeInfo; 2 28 java/lang/Object equals (Ljava/lang/Object;)Z 1 341 apex/jorje/semantic/ast/compilation/VirtualMethodsCreator removeExceptionToStringIfNecessary (Lapex/jorje/semantic/symbol/member/method/MethodTable;Lapex/jorje/semantic/symbol/member/method/MethodInfo;)V 2 5 apex/jorje/semantic/symbol/member/method/StandardMethodInfo getName ()Ljava/lang/String; 2 13 java/lang/String equalsIgnoreCase (Ljava/lang/String;)Z 3 14 java/lang/String length ()I 4 6 java/lang/String coder ()B 3 18 java/lang/String length ()I 4 6 java/lang/String coder ()B 3 30 java/lang/String length ()I 4 6 java/lang/String coder ()B 3 33 java/lang/String regionMatches (ZILjava/lang/String;II)Z 4 27 java/lang/String length ()I 5 6 java/lang/String coder ()B 4 43 java/lang/String length ()I 5 6 java/lang/String coder ()B 4 70 java/lang/String coder ()B 4 78 java/lang/String coder ()B 4 98 java/lang/StringLatin1 regionMatchesCI ([BI[BII)Z 5 53 java/lang/CharacterDataLatin1 toUpperCase (I)I 6 4 java/lang/CharacterDataLatin1 getProperties (I)I 5 63 java/lang/CharacterDataLatin1 toUpperCase (I)I 6 4 java/lang/CharacterDataLatin1 getProperties (I)I 5 80 java/lang/Character toLowerCase (I)I 6 1 java/lang/CharacterData of (I)Ljava/lang/CharacterData; 6 5 java/lang/CharacterDataLatin1 toLowerCase (I)I 7 4 java/lang/CharacterDataLatin1 getProperties (I)I 5 85 java/lang/Character toLowerCase (I)I 6 1 java/lang/CharacterData of (I)Ljava/lang/CharacterData; 6 5 java/lang/CharacterDataLatin1 toLowerCase (I)I 7 4 java/lang/CharacterDataLatin1 getProperties (I)I 2 20 apex/jorje/semantic/symbol/member/method/StandardMethodInfo getReturnType ()Lapex/jorje/semantic/symbol/type/TypeInfo; 2 28 java/lang/Object equals (Ljava/lang/Object;)Z 1 347 apex/jorje/semantic/symbol/member/method/StandardMethodInfo getSignature ()Lapex/jorje/semantic/symbol/member/method/signature/Signature; 1 352 apex/jorje/semantic/symbol/member/method/StandardMethodTable get (Lapex/jorje/semantic/symbol/member/method/signature/Signature;)Lapex/jorje/semantic/symbol/member/method/MethodInfo; 2 5 java/lang/invoke/Invokers$Holder linkToTargetMethod (Ljava/lang/Object;Ljava/lang/Object;)Ljava/lang/Object; 3 5 java/lang/invoke/DirectMethodHandle$Holder newInvokeSpecial (Ljava/lang/Object;Ljava/lang/Object;)Ljava/lang/Object; 4 1 java/lang/invoke/DirectMethodHandle allocateInstance (Ljava/lang/Object;)Ljava/lang/Object; 4 6 java/lang/invoke/DirectMethodHandle constructorMethod (Ljava/lang/Object;)Ljava/lang/Object; 4 16 apex/jorje/semantic/symbol/member/method/StandardMethodTable$$Lambda$537+0x00000269b235b1f0 <init> (Lapex/jorje/semantic/symbol/member/method/signature/Signature;)V 5 1 java/lang/Object <init> ()V 2 10 java/util/Optional filter (Ljava/util/function/Predicate;)Ljava/util/Optional; 3 1 java/util/Objects requireNonNull (Ljava/lang/Object;)Ljava/lang/Object; 3 6 java/util/Optional isPresent ()Z 2 17 apex/jorje/semantic/symbol/member/method/signature/SignatureEquivalence get ()Lapex/jorje/semantic/symbol/member/method/signature/SignatureEquivalence; 2 21 com/google/common/base/Equivalence wrap (Ljava/lang/Object;)Lcom/google/common/base/Equivalence$Wrapper; 3 7 com/google/common/base/Equivalence$Wrapper <init> (Lcom/google/common/base/Equivalence;Ljava/lang/Object;Lcom/google/common/base/Equivalence$1;)V 4 3 com/google/common/base/Equivalence$Wrapper <init> (Lcom/google/common/base/Equivalence;Ljava/lang/Object;)V 5 1 java/lang/Object <init> ()V 5 6 com/google/common/base/Preconditions checkNotNull (Ljava/lang/Object;)Ljava/lang/Object; 2 24 java/util/LinkedHashMap get (Ljava/lang/Object;)Ljava/lang/Object; 3 2 java/util/HashMap getNode (Ljava/lang/Object;)Ljava/util/HashMap$Node; 4 23 java/util/HashMap hash (Ljava/lang/Object;)I 5 9 com/google/common/base/Equivalence$Wrapper hashCode ()I 6 8 com/google/common/base/Equivalence hash (Ljava/lang/Object;)I 4 63 com/google/common/base/Equivalence$Wrapper equals (Ljava/lang/Object;)Z 5 27 java/lang/Object equals (Ljava/lang/Object;)Z 5 47 com/google/common/base/Equivalence equivalent (Ljava/lang/Object;Ljava/lang/Object;)Z 4 128 com/google/common/base/Equivalence$Wrapper equals (Ljava/lang/Object;)Z 5 27 java/lang/Object equals (Ljava/lang/Object;)Z 5 47 com/google/common/base/Equivalence equivalent (Ljava/lang/Object;Ljava/lang/Object;)Z 2 32 java/util/Optional orElse (Ljava/lang/Object;)Ljava/lang/Object; 1 370 apex/jorje/semantic/symbol/resolver/StandardSymbolResolver getAccessEvaluator ()Lapex/jorje/semantic/compiler/sfdc/AccessEvaluator; 2 4 apex/jorje/semantic/compiler/ApexCompiler getInput ()Lapex/jorje/semantic/compiler/CompilationInput; 2 7 apex/jorje/semantic/compiler/CompilationInput getAccessEvaluator ()Lapex/jorje/semantic/compiler/sfdc/AccessEvaluator; 1 377 apex/jorje/semantic/symbol/member/method/StandardMethodInfo getDefiningType ()Lapex/jorje/semantic/symbol/type/TypeInfo; 1 387 apex/jorje/semantic/symbol/visibility/Visibility isMethodVisible (Lapex/jorje/semantic/compiler/sfdc/AccessEvaluator;Lapex/jorje/semantic/symbol/type/TypeInfo;Lapex/jorje/semantic/symbol/member/method/MethodInfo;Lapex/jorje/semantic/symbol/visibility/Visibility$ReferencedFromTestMethod;)Z 1 407 apex/jorje/semantic/ast/compilation/VirtualMethodsCreator isSpecial (Lapex/jorje/semantic/symbol/member/method/MethodInfo;)Z 2 1 apex/jorje/semantic/symbol/member/method/VirtualMethodInfo getInvocationType ()Lapex/jorje/semantic/symbol/member/method/InvocationType; 1 414 apex/jorje/semantic/symbol/type/AbstractTypeInfo getCodeUnitDetails ()Lapex/jorje/semantic/symbol/type/CodeUnitDetails; 2 5 apex/common/base/Initializers$OfInstanceInitializer get (Ljava/lang/Object;)Ljava/lang/Object; 2 5 apex/common/base/Initializers$MemoizingInitializer get (Ljava/lang/Object;)Ljava/lang/Object; 1 414 apex/jorje/lsp/impl/index/symbol/VirtualStandardTypeInfo getCodeUnitDetails ()Lapex/jorje/semantic/symbol/type/CodeUnitDetails; 1 419 apex/jorje/lsp/impl/index/symbol/VirtualCodeUnitDetails isMocked ()Z 1 481 apex/jorje/semantic/symbol/member/method/StandardMethodInfo getSignature ()Lapex/jorje/semantic/symbol/member/method/signature/Signature; 1 511 apex/jorje/semantic/symbol/type/AbstractTypeInfo getUnitType ()Lapex/jorje/semantic/symbol/type/UnitType; 1 541 apex/jorje/semantic/symbol/member/method/StandardMethodInfo getModifiers ()Lapex/jorje/semantic/ast/modifier/ModifierGroup; 1 578 apex/jorje/semantic/symbol/member/method/StandardMethodInfo getSignature ()Lapex/jorje/semantic/symbol/member/method/signature/Signature; 1 608 apex/jorje/semantic/symbol/member/method/StandardMethodInfo getModifiers ()Lapex/jorje/semantic/ast/modifier/ModifierGroup; 1 735 apex/jorje/semantic/symbol/member/method/StandardMethodInfo getModifiers ()Lapex/jorje/semantic/ast/modifier/ModifierGroup; 1 772 apex/jorje/semantic/symbol/member/method/StandardMethodInfo getSignature ()Lapex/jorje/semantic/symbol/member/method/signature/Signature; 1 802 apex/jorje/semantic/symbol/member/method/VirtualMethodInfo getCanonicalName ()Ljava/lang/String; 1 861 apex/jorje/semantic/symbol/type/AbstractTypeInfo getModifiers ()Lapex/jorje/semantic/ast/modifier/ModifierGroup; 1 876 apex/jorje/semantic/symbol/type/AbstractTypeInfo getUnitType ()Lapex/jorje/semantic/symbol/type/UnitType; 1 924 apex/jorje/semantic/symbol/member/method/StandardMethodInfo getDefiningType ()Lapex/jorje/semantic/symbol/type/TypeInfo;
