JvmtiExport can_access_local_variables 0
JvmtiExport can_hotswap_or_post_breakpoint 0
JvmtiExport can_post_on_exceptions 0
# 436 ciObject found
instanceKlass apex/jorje/semantic/ast/compilation/UserClass
ciInstanceKlass java/lang/Cloneable 1 0 7 100 1 100 1 1 1
instanceKlass org/eclipse/jdt/internal/core/nd/db/EmptyString
instanceKlass apex/jorje/semantic/symbol/resolver/TypeRefResolvers$JavaTypeResolver
instanceKlass apex/jorje/semantic/symbol/resolver/rules/TypeNameResolveUtil$InnerTypeViaSubTypeUtil
instanceKlass apex/jorje/semantic/symbol/resolver/TypeRefResolvers$ArrayTypeResolver
instanceKlass apex/jorje/semantic/symbol/member/variable/LocalInfo$Builder
instanceKlass apex/jorje/semantic/symbol/member/variable/LocalInfo
instanceKlass apex/jorje/semantic/symbol/type/UnresolvedErrorCalculator
instanceKlass apex/jorje/semantic/symbol/member/method/signature/SignatureUtil
instanceKlass apex/jorje/semantic/symbol/type/common/GenericTypeInfoUtil$6
instanceKlass apex/jorje/semantic/symbol/type/naming/TypeNameParser$TypeName
instanceKlass apex/jorje/semantic/symbol/type/naming/TypeNameParser$TypeName$Info
instanceKlass apex/jorje/semantic/symbol/type/naming/TypeNameParser$BytecodeNameSplitter
instanceKlass apex/jorje/semantic/symbol/type/naming/TypeNameParser$Splitter
instanceKlass apex/jorje/semantic/symbol/type/naming/TypeNameParser
instanceKlass java/lang/ConditionalSpecialCasing$Entry
instanceKlass java/lang/ConditionalSpecialCasing
instanceKlass apex/jorje/semantic/symbol/resolver/rules/OnePartTypeNameResolveRules
instanceKlass apex/jorje/lsp/impl/index/symbol/Lookups
instanceKlass apex/jorje/semantic/symbol/member/method/VirtualMethodInfo
instanceKlass apex/jorje/semantic/symbol/visibility/Visibility$3
instanceKlass apex/jorje/semantic/symbol/visibility/VisibleApiVersionUtil
instanceKlass apex/jorje/semantic/symbol/visibility/PackageVersionVisibility
instanceKlass apex/jorje/semantic/symbol/visibility/Visibility
instanceKlass apex/jorje/semantic/ast/compilation/VirtualMethodsCreator
instanceKlass apex/jorje/lsp/impl/index/symbol/VirtualCodeUnitDetails
instanceKlass apex/jorje/lsp/impl/index/symbol/VirtualMethodTableInitializer
instanceKlass apex/jorje/lsp/impl/index/symbol/VirtualFieldTableInitializer
instanceKlass apex/jorje/lsp/impl/index/symbol/Modifiers
instanceKlass apex/jorje/semantic/symbol/resolver/rules/TypeNameResolutionOrders$1
instanceKlass apex/jorje/semantic/symbol/resolver/TypeRefResolvers$ClassTypeResolver
instanceKlass apex/jorje/semantic/symbol/resolver/TypeRefResolver
instanceKlass apex/jorje/semantic/symbol/resolver/TypeRefResolvers$1
instanceKlass apex/jorje/semantic/symbol/resolver/TypeRefResolvers
instanceKlass apex/jorje/semantic/symbol/type/parent/DuplicateGenericInterfaceCalculator
instanceKlass apex/jorje/semantic/common/iterable/SuperTypeIterable$1
instanceKlass apex/jorje/semantic/common/iterable/SuperTypeIterable
instanceKlass apex/jorje/semantic/symbol/resolver/Distance$SecondaryDistanceTypeVisitor
instanceKlass apex/jorje/semantic/symbol/resolver/Distance$CalculateDistanceInputTypeVisitor
instanceKlass apex/jorje/semantic/symbol/type/common/JavaBindingTypeInfos
instanceKlass apex/jorje/semantic/symbol/type/common/JavaTypeInfoUtil
instanceKlass apex/jorje/semantic/symbol/resolver/Distance
instanceKlass apex/jorje/semantic/symbol/type/common/ExceptionTypeInfoUtil
instanceKlass apex/jorje/semantic/symbol/resolver/rules/TypeNameResolveUtil
instanceKlass apex/jorje/semantic/symbol/resolver/rules/TypeNameResolutionOrderUtil
instanceKlass apex/jorje/semantic/symbol/resolver/rules/TwoPartTypeNameResolveRules$TwoPartSystemLabel
instanceKlass apex/jorje/semantic/symbol/resolver/rules/TwoPartTypeNameResolveRules$TwoPartSystemNamespace
instanceKlass apex/jorje/semantic/symbol/resolver/rules/TwoPartTypeNameResolveRules$InnerClassInSystemNamespace
instanceKlass apex/jorje/semantic/symbol/resolver/rules/TwoPartTypeNameResolveRules$SystemNamedScalar
instanceKlass apex/jorje/semantic/symbol/resolver/rules/OnePartTypeNameResolveRules$BuiltInMethodNamespace
instanceKlass apex/jorje/semantic/symbol/resolver/rules/OnePartTypeNameResolveRules$LabelType
instanceKlass apex/jorje/semantic/symbol/resolver/rules/FourPartTypeNameResolveRules$DynamicClassTypeFour
instanceKlass apex/jorje/semantic/symbol/resolver/rules/FourPartTypeNameResolveRules$FlowInterviewTypeFour
instanceKlass apex/jorje/semantic/symbol/resolver/rules/FourPartTypeNameResolveRules$FourPartInnerTypeViaSubType
instanceKlass apex/jorje/semantic/symbol/resolver/rules/FourPartTypeNameResolveRules$GlobalModuleOuterInner
instanceKlass apex/jorje/semantic/symbol/resolver/rules/FourPartTypeNameResolveRule
instanceKlass apex/jorje/semantic/symbol/resolver/rules/ThreePartTypeNameResolveRules$GlobalModuleOuter
instanceKlass apex/jorje/semantic/symbol/resolver/rules/ThreePartTypeNameResolveRules$ThreePartInnerTypeViaSubType
instanceKlass apex/jorje/semantic/symbol/resolver/rules/ThreePartTypeNameResolveRules$NamespaceOuterInner
instanceKlass apex/jorje/semantic/symbol/resolver/rules/ThreePartTypeNameResolveRules$DynamicClassTypeThree
instanceKlass apex/jorje/semantic/symbol/resolver/rules/ThreePartTypeNameResolveRules$FlowInterviewTypeThree
instanceKlass apex/jorje/semantic/symbol/resolver/rules/ThreePartTypeNameResolveRules$VfComponentTypeThree
instanceKlass apex/jorje/semantic/symbol/resolver/rules/ThreePartTypeNameResolveRules$Pre150SystemSystemException
instanceKlass apex/jorje/semantic/symbol/resolver/rules/ThreePartTypeNameResolveRule
instanceKlass apex/jorje/semantic/symbol/resolver/rules/TwoPartTypeNameResolveRules$DynamicClassTypeTwo
instanceKlass apex/jorje/semantic/symbol/resolver/rules/TwoPartTypeNameResolveRules$PreCompilerReleaseInnerTypeOfAncestor
instanceKlass apex/jorje/semantic/symbol/resolver/rules/TwoPartTypeNameResolveRules$ApexPagesMappedTypes
instanceKlass apex/jorje/semantic/symbol/resolver/rules/TwoPartTypeNameResolveRules$TwoPartSystemExceptions
instanceKlass apex/jorje/semantic/symbol/resolver/rules/TwoPartTypeNameResolveRules$Pre154SystemSObject
instanceKlass apex/jorje/semantic/symbol/resolver/rules/TwoPartTypeNameResolveRules$SchemaSObject
instanceKlass apex/jorje/semantic/symbol/resolver/rules/TwoPartTypeNameResolveRules$BuiltInNamespace
instanceKlass apex/jorje/semantic/symbol/resolver/rules/TwoPartTypeNameResolveRules$NamespaceAndTopLevelType
instanceKlass apex/jorje/semantic/symbol/resolver/rules/TwoPartTypeNameResolveRules$TwoPartInnerTypeViaSubType
instanceKlass apex/jorje/semantic/symbol/resolver/rules/TwoPartTypeNameResolveRules$InnerTypeInSameNamespace
instanceKlass apex/jorje/semantic/symbol/resolver/rules/TwoPartTypeNameResolveRules$VfComponentTypeTwo
instanceKlass apex/jorje/semantic/symbol/resolver/rules/TwoPartTypeNameResolveRule
instanceKlass apex/jorje/semantic/symbol/resolver/rules/OnePartTypeNameResolveRules$FileBaseSchemaNamespace
instanceKlass apex/jorje/semantic/symbol/resolver/rules/OnePartTypeNameResolveRules$FileBaseSystemNamespace
instanceKlass apex/jorje/semantic/symbol/resolver/rules/OnePartTypeNameResolveRules$SObject
instanceKlass apex/jorje/semantic/symbol/resolver/rules/OnePartTypeNameResolveRules$BuiltInSystemSchema
instanceKlass apex/jorje/semantic/symbol/resolver/rules/OnePartTypeNameResolveRules$TopLevelTypeInSameNamespace
instanceKlass apex/jorje/semantic/symbol/resolver/rules/OnePartTypeNameResolveRules$InnerTypeOfEnclosingType
instanceKlass apex/jorje/semantic/symbol/resolver/rules/OnePartTypeNameResolveRules$ArgumentType
instanceKlass apex/jorje/semantic/symbol/resolver/rules/OnePartTypeNameResolveRules$InnerTypeOfParentType
instanceKlass apex/jorje/semantic/symbol/resolver/rules/OnePartTypeNameResolveRules$InnerTypeOfCurrentType
instanceKlass apex/jorje/semantic/symbol/resolver/rules/OnePartTypeNameResolveRules$NamedScalarOrVoid
instanceKlass apex/jorje/semantic/symbol/resolver/rules/OnePartTypeNameResolveRule
instanceKlass apex/jorje/semantic/symbol/resolver/rules/TypeNameResolveRule
instanceKlass apex/jorje/semantic/symbol/resolver/rules/TypeNameResolutionOrder
instanceKlass apex/jorje/semantic/symbol/resolver/rules/TypeNameResolutionOrders
instanceKlass apex/jorje/semantic/symbol/type/parent/ParentTypeResolver$1
instanceKlass apex/jorje/semantic/symbol/type/parent/ParentTypeResolver
instanceKlass apex/jorje/semantic/symbol/type/parent/ParentTableCalculator
instanceKlass java/text/FieldPosition$Delegate
instanceKlass java/text/Format$FieldDelegate
instanceKlass java/text/DigitList
instanceKlass apex/jorje/semantic/symbol/type/details/CodeUnitDetailsProvider$InvalidSourceCodeUnitDetails
instanceKlass apex/jorje/services/printers/soql/LimitPrinter$1
instanceKlass apex/jorje/data/soql/LimitClause
instanceKlass apex/jorje/parser/impl/BaseApexParser$TokenPair
instanceKlass apex/jorje/semantic/ast/statement/ForEachInitFactory$ForEachVariable
instanceKlass apex/jorje/semantic/ast/statement/ForEachInitFactory
instanceKlass apex/jorje/semantic/ast/AstNodes$1$1
instanceKlass apex/jorje/semantic/ast/member/PropertyInfo
instanceKlass apex/jorje/semantic/ast/member/AccessorFactory$DefaultSetter
instanceKlass apex/jorje/semantic/ast/member/AccessorFactory$DefaultGetter
instanceKlass java/util/Collections$2
instanceKlass apex/jorje/semantic/symbol/visibility/VisibilityUtil
instanceKlass apex/jorje/semantic/ast/member/AccessorModifierUtil
instanceKlass apex/jorje/semantic/ast/member/Property$1
instanceKlass apex/jorje/data/ast/ForControl
instanceKlass apex/jorje/data/ast/ForInit
instanceKlass apex/jorje/data/ast/PropertyDecl
instanceKlass apex/jorje/data/ast/PropertySetter
instanceKlass apex/jorje/data/ast/PropertyGetter
instanceKlass apex/jorje/data/ast/FinallyBlock
instanceKlass apex/jorje/semantic/ast/statement/DmlRunAsModeVariableUtil
instanceKlass apex/jorje/semantic/symbol/member/variable/VariableVisitor$Default
instanceKlass apex/jorje/semantic/ast/expression/NewKeyValueObjectExpression$NameValueParameter
instanceKlass apex/jorje/semantic/ast/AstNodes$2$1
instanceKlass apex/jorje/data/soql/ColonExpr
instanceKlass apex/jorje/data/ast/CatchBlock
instanceKlass apex/jorje/data/ast/NewObject
instanceKlass apex/jorje/data/ast/NameValueParameter
instanceKlass apex/jorje/data/ast/TypeRefs$JavaTypeRef
instanceKlass apex/jorje/semantic/ast/compilation/UserTriggerMembers$Builder
instanceKlass apex/jorje/semantic/ast/compilation/UserTriggerMembers
instanceKlass apex/jorje/semantic/ast/compilation/TriggerUsageCalculator
instanceKlass apex/jorje/semantic/common/Constants
instanceKlass apex/jorje/semantic/ast/expression/BindExpression
instanceKlass apex/jorje/services/printers/PrintContext$BindExpr
instanceKlass apex/jorje/services/printers/soql/OrderByExprPrinter$3
instanceKlass apex/jorje/services/printers/soql/QueryExprPrinter$1
instanceKlass apex/jorje/services/printers/soql/WhereExprPrinter$3
instanceKlass apex/jorje/services/printers/soql/SelectExprPrinter$1
instanceKlass apex/jorje/services/printers/soql/SelectPrinter$1
instanceKlass apex/jorje/services/printers/soql/QueryOptionPrinter$2
instanceKlass apex/jorje/services/printers/soql/QueryOptionPrinter$1
instanceKlass apex/jorje/data/soql/QueryOption$MatchBlock
instanceKlass apex/jorje/services/printers/soql/QueryOptionPrinter
instanceKlass apex/jorje/data/soql/UpdateStatsOption
instanceKlass apex/jorje/data/soql/UpdateStatsOption$MatchBlock
instanceKlass apex/jorje/services/printers/soql/UpdateStatsOptionsPrinter
instanceKlass apex/jorje/services/printers/soql/TrackingTypePrinter$1
instanceKlass apex/jorje/data/soql/TrackingType$MatchBlock
instanceKlass apex/jorje/services/printers/soql/TrackingTypePrinter
instanceKlass apex/jorje/services/printers/soql/BindExprPrinter
instanceKlass apex/jorje/services/printers/soql/BindPrinter
instanceKlass apex/jorje/data/soql/OffsetClause$MatchBlock
instanceKlass apex/jorje/services/printers/soql/OffsetPrinter
instanceKlass apex/jorje/data/soql/LimitClause$MatchBlock
instanceKlass apex/jorje/services/printers/soql/LimitPrinter
instanceKlass apex/jorje/services/printers/soql/OrderByExprPrinter$2
instanceKlass apex/jorje/services/printers/soql/OrderByExprPrinter$1
instanceKlass apex/jorje/data/soql/OrderByExpr$MatchBlock
instanceKlass apex/jorje/data/soql/OrderNull$MatchBlock
instanceKlass apex/jorje/data/soql/Order$MatchBlock
instanceKlass apex/jorje/services/printers/soql/OrderByExprPrinter
instanceKlass apex/jorje/services/printers/soql/OrderByPrinter
instanceKlass apex/jorje/services/printers/soql/GroupByPrinter$1
instanceKlass apex/jorje/services/printers/soql/HavingPrinter
instanceKlass apex/jorje/data/soql/GroupByType$MatchBlock
instanceKlass apex/jorje/services/printers/soql/GroupByPrinter
instanceKlass apex/jorje/services/printers/soql/WithIdentifierPrinter$2
instanceKlass apex/jorje/services/printers/soql/WithIdentifierPrinter$1
instanceKlass apex/jorje/data/soql/WithIdentifierClause$MatchBlock
instanceKlass apex/jorje/data/soql/WithKeyValue$MatchBlock
instanceKlass apex/jorje/services/printers/soql/WithIdentifierPrinter
instanceKlass apex/jorje/services/printers/soql/DataCategoryPrinter$1
instanceKlass apex/jorje/data/soql/DataCategoryOperator$MatchBlock
instanceKlass apex/jorje/services/printers/soql/DataCategoryPrinter
instanceKlass apex/jorje/data/soql/WithClause$MatchBlock
instanceKlass apex/jorje/services/printers/soql/WithPrinter
instanceKlass apex/jorje/services/printers/soql/WhereExprPrinter$1
instanceKlass apex/jorje/services/printers/soql/WhereExprPrinter$2
instanceKlass apex/jorje/services/printers/soql/FormulaFunctionExprPrinter
instanceKlass apex/jorje/services/printers/soql/QueryOpPrinter$1
instanceKlass apex/jorje/data/soql/QueryOp$MatchBlock
instanceKlass apex/jorje/services/printers/soql/QueryOpPrinter
instanceKlass apex/jorje/services/printers/soql/QueryLiteralPrinter$1
instanceKlass apex/jorje/data/soql/QueryLiteral$MatchBlock
instanceKlass apex/jorje/services/printers/soql/QueryLiteralPrinter
instanceKlass apex/jorje/data/soql/QueryExpr$MatchBlock
instanceKlass apex/jorje/services/printers/soql/QueryExprPrinter
instanceKlass apex/jorje/data/soql/WhereExpr$MatchBlock
instanceKlass apex/jorje/data/soql/WhereCalcOp$MatchBlock
instanceKlass apex/jorje/data/soql/WhereCompoundOp$MatchBlock
instanceKlass apex/jorje/services/printers/soql/WhereExprPrinter
instanceKlass apex/jorje/services/printers/soql/WherePrinter
instanceKlass apex/jorje/data/soql/UsingExpr$MatchBlock
instanceKlass apex/jorje/services/printers/soql/UsingExprPrinter
instanceKlass apex/jorje/services/printers/soql/QueryUsingPrinter
instanceKlass apex/jorje/services/printers/soql/FromExprPrinter
instanceKlass apex/jorje/services/printers/soql/FromClausePrinter
instanceKlass apex/jorje/services/printers/soql/ColonExprPrinter
instanceKlass apex/jorje/data/soql/NumberClause$MatchBlock
instanceKlass apex/jorje/services/printers/soql/NumberClausePrinter
instanceKlass apex/jorje/data/soql/Geolocation$MatchBlock
instanceKlass apex/jorje/services/printers/soql/DistanceFunctionExprPrinter
instanceKlass apex/jorje/services/printers/soql/FieldIdentifierPrinter
instanceKlass apex/jorje/services/printers/soql/FieldPrinter
instanceKlass apex/jorje/data/soql/SelectExpr$MatchBlock
instanceKlass apex/jorje/services/printers/soql/SelectExprPrinter
instanceKlass apex/jorje/data/soql/SelectClause$MatchBlock
instanceKlass apex/jorje/services/printers/soql/SelectPrinter
instanceKlass apex/jorje/services/printers/soql/QueryPrinter
instanceKlass apex/jorje/services/printers/PrintContexts$Standard
instanceKlass apex/jorje/data/soql/Query
instanceKlass apex/jorje/data/soql/OrderByClause
instanceKlass apex/jorje/data/soql/OrderByExpr
instanceKlass apex/jorje/data/soql/OrderNull
instanceKlass apex/jorje/data/soql/Order
instanceKlass apex/jorje/data/soql/WhereClause
instanceKlass apex/jorje/data/soql/WhereExpr
instanceKlass apex/jorje/data/soql/QueryExpr
instanceKlass apex/jorje/data/soql/QueryLiteral
instanceKlass apex/jorje/data/soql/QueryOp
instanceKlass apex/jorje/data/soql/WhereCalcOp
instanceKlass apex/jorje/data/soql/FromClause
instanceKlass apex/jorje/data/soql/FromExpr
instanceKlass apex/jorje/data/soql/SelectClause
instanceKlass apex/jorje/data/soql/SelectExpr
instanceKlass apex/jorje/data/soql/Field
instanceKlass apex/jorje/data/soql/FieldIdentifier
instanceKlass apex/jorje/semantic/ast/expression/TopLevelBlocks
instanceKlass org/objectweb/asm/Label
instanceKlass apex/jorje/data/ast/ElseBlock
instanceKlass apex/jorje/semantic/ast/expression/VariableExpression$Load
instanceKlass apex/jorje/semantic/ast/expression/MethodCallInterceptors$ToString
instanceKlass apex/jorje/semantic/ast/expression/MethodCallInterceptors$SystemLabelGetOrCheckTranslation
instanceKlass apex/jorje/semantic/ast/expression/MethodCallInterceptors$QueryTreeSaveRelationship
instanceKlass apex/jorje/semantic/ast/expression/MethodCallInterceptors$ModifyTreeSaveRelationship
instanceKlass apex/jorje/semantic/ast/expression/MethodCallInterceptors$IsUserGenericInterface
instanceKlass apex/jorje/semantic/ast/expression/MethodCallInterceptors$IsFuture
instanceKlass apex/jorje/semantic/ast/expression/MethodCallInterceptors$GetQueryLocatorWithAccess
instanceKlass apex/jorje/semantic/ast/expression/MethodCallInterceptors$GetQueryLocator
instanceKlass apex/jorje/semantic/ast/expression/MethodCallInterceptors$AddError
instanceKlass apex/jorje/semantic/ast/expression/MethodCallInterceptor
instanceKlass apex/jorje/semantic/common/I18nSupplier
instanceKlass apex/jorje/semantic/ast/AstNodes$2
instanceKlass apex/jorje/data/ast/IfBlock
instanceKlass apex/jorje/parser/impl/StringToken
instanceKlass apex/jorje/parser/impl/MatchBlocks
instanceKlass apex/jorje/parser/impl/SpecialMethodMatcher
instanceKlass apex/jorje/parser/impl/SpecialVariableMatcher
instanceKlass apex/jorje/data/ast/TypeRefs$ArrayTypeRef
instanceKlass apex/jorje/semantic/ast/Emit
instanceKlass apex/jorje/data/ast/BlockMember$SwitchBlockWithDefault
instanceKlass apex/jorje/data/ast/Modifier$MatchBlockWithDefault
instanceKlass apex/jorje/data/ast/Modifier$MatchBlock
instanceKlass apex/jorje/semantic/ast/compilation/UserInterfaceMembers
instanceKlass apex/jorje/data/ast/InterfaceDecl
instanceKlass apex/jorje/data/ast/ParameterRefs$EmptyModifierParameterRef
instanceKlass java/text/AttributedCharacterIterator$Attribute
instanceKlass java/text/FieldPosition
instanceKlass apex/jorje/services/printers/errors/UserErrorPrinter$1
instanceKlass apex/jorje/services/printers/PrintContexts$Empty
instanceKlass apex/jorje/services/printers/PrintContext
instanceKlass apex/jorje/services/printers/PrintContexts
instanceKlass apex/jorje/services/printers/errors/SyntaxErrorPrinter$1
instanceKlass apex/jorje/services/printers/errors/SyntaxErrorPrinter
instanceKlass apex/jorje/services/printers/errors/LexicalErrorPrinter$1
instanceKlass apex/jorje/services/printers/errors/LexicalErrorPrinter
instanceKlass apex/jorje/services/printers/errors/UserErrorPrinter
instanceKlass apex/jorje/services/printers/ast/WhenCasePrinter
instanceKlass apex/jorje/data/ast/WhenBlock$MatchBlock
instanceKlass apex/jorje/services/printers/ast/WhenBlockPrinter
instanceKlass apex/jorje/data/ast/NewObject$MatchBlock
instanceKlass apex/jorje/services/printers/ast/NewObjectPrinter
instanceKlass apex/jorje/services/printers/ast/ExprPrinter
instanceKlass apex/jorje/services/printers/ast/FinallyBlockPrinter
instanceKlass apex/jorje/services/printers/ast/CatchBlockPrinter
instanceKlass apex/jorje/services/printers/ast/ElseBlockPrinter
instanceKlass apex/jorje/services/printers/ast/IfBlockPrinter
instanceKlass apex/jorje/services/printers/ast/NameValueParameterPrinter
instanceKlass apex/jorje/services/printers/ast/ForControlPrinter
instanceKlass apex/jorje/services/printers/ast/CompilationUnitPrinter
instanceKlass apex/jorje/data/ast/BlockMember$MatchBlock
instanceKlass apex/jorje/services/printers/ast/BlockMemberPrinter
instanceKlass apex/jorje/services/printers/ast/EnumDeclPrinter
instanceKlass apex/jorje/services/printers/ast/InterfaceDeclPrinter
instanceKlass apex/jorje/services/printers/ast/ClassDeclPrinter
instanceKlass apex/jorje/services/printers/ast/VariableDeclsPrinter
instanceKlass apex/jorje/services/printers/ast/VariableDeclPrinter
instanceKlass apex/jorje/services/printers/ast/MethodDeclPrinter
instanceKlass apex/jorje/services/printers/ast/PropertyDeclPrinter
instanceKlass apex/jorje/services/printers/ast/PropertySetterPrinter
instanceKlass apex/jorje/services/printers/ast/PropertyGetterPrinter
instanceKlass apex/jorje/services/printers/ast/OptionalNestedStatementPrinter
instanceKlass apex/jorje/services/printers/ast/StmntPrinter
instanceKlass apex/jorje/services/printers/location/LocPrinter
instanceKlass apex/jorje/services/printers/ast/TypeRefPrinter
instanceKlass apex/jorje/services/printers/ast/ModifierPrinter
instanceKlass apex/jorje/services/printers/ast/ParameterRefPrinter
instanceKlass apex/jorje/services/printers/ast/OptionalPrinter
instanceKlass apex/jorje/services/printers/ListPrinter
instanceKlass apex/jorje/services/printers/ast/IdentifierPrinter
instanceKlass apex/jorje/services/printers/Printer
instanceKlass apex/jorje/services/printers/StandardPrinterFactory
instanceKlass apex/jorje/services/printers/PrinterFactory
instanceKlass apex/jorje/services/printers/PrinterUtil
instanceKlass apex/jorje/data/errors/UserError
instanceKlass apex/jorje/data/errors/SyntaxError
instanceKlass org/antlr/runtime/tree/TreeNodeStream
instanceKlass apex/jorje/data/ast/EnumDecl
instanceKlass apex/jorje/semantic/symbol/type/reference/TypeReferences$ResolvableTypeRef
instanceKlass apex/jorje/parser/impl/HiddenTokens$BlockComment
instanceKlass apex/jorje/semantic/ast/compilation/AdditionalInfo$Builder
instanceKlass apex/jorje/semantic/ast/compilation/AdditionalInfo
instanceKlass apex/jorje/semantic/ast/member/bridge/InterfaceErasedBridge
instanceKlass apex/jorje/semantic/ast/member/bridge/InterfaceBridge
instanceKlass apex/jorje/semantic/ast/member/bridge/InheritanceBridge
instanceKlass apex/jorje/semantic/ast/member/bridge/EqualsBridge
instanceKlass apex/jorje/semantic/ast/member/bridge/HashCodeBridge
instanceKlass apex/jorje/semantic/ast/member/bridge/Bridge
instanceKlass apex/jorje/data/ast/ParameterRef
instanceKlass apex/jorje/data/ast/ParameterRefs
instanceKlass apex/jorje/semantic/symbol/member/variable/LocalVariableScope
instanceKlass apex/jorje/data/ast/Stmnt$MatchBlockWithDefault
instanceKlass apex/jorje/semantic/ast/statement/BlockStatement$Builder
instanceKlass apex/jorje/semantic/ast/statement/BlockStatement$UnreachableStatementChecker
instanceKlass apex/jorje/data/ast/ForControl$MatchBlock
instanceKlass apex/jorje/semantic/ast/AstNodes$1
instanceKlass apex/jorje/semantic/ast/member/MethodFactory
instanceKlass apex/jorje/semantic/ast/member/FieldFactory$1
instanceKlass apex/jorje/semantic/ast/member/FieldFactory
instanceKlass apex/jorje/semantic/symbol/member/variable/ConstantValue
instanceKlass apex/jorje/semantic/ast/expression/LazyLabel
instanceKlass apex/jorje/semantic/ast/expression/ExpressionUtil
instanceKlass apex/jorje/semantic/symbol/member/variable/VariableVisitor
instanceKlass apex/jorje/semantic/ast/expression/VariableExpression$Store
instanceKlass apex/jorje/semantic/ast/expression/VariableExpression$Type
instanceKlass apex/jorje/data/ast/Expr$MatchBlockWithDefault
instanceKlass apex/jorje/semantic/ast/compilation/UserClassMembers$Builder
instanceKlass apex/jorje/data/ast/BlockMember$SwitchBlock
instanceKlass apex/jorje/semantic/ast/compilation/UserClassMembers
instanceKlass apex/jorje/data/LocationBlocks$9
instanceKlass apex/jorje/data/LocationBlocks$8
instanceKlass apex/jorje/data/LocationBlocks$7
instanceKlass apex/jorje/data/LocationBlocks$6
instanceKlass apex/jorje/data/LocationBlocks$5
instanceKlass apex/jorje/data/LocationBlocks$4
instanceKlass apex/jorje/data/LocationBlocks$3
instanceKlass apex/jorje/data/LocationBlocks$2
instanceKlass apex/jorje/data/LocationBlocks$1
instanceKlass apex/jorje/data/ast/WhenCase$MatchBlock
instanceKlass apex/jorje/data/errors/UserError$MatchBlock
instanceKlass apex/jorje/data/errors/SyntaxError$MatchBlock
instanceKlass apex/jorje/data/errors/LexicalError$MatchBlock
instanceKlass apex/jorje/data/LocationBlocks
instanceKlass apex/jorje/data/ast/CompilationUnit$MatchBlockWithDefault
instanceKlass apex/jorje/semantic/symbol/type/details/NameMatcher
instanceKlass apex/jorje/semantic/symbol/type/details/CodeUnitDetailsProvider$SourceCodeUnitDetails
instanceKlass apex/jorje/semantic/ast/modifier/ModifierGroupBuilder$1
instanceKlass apex/jorje/semantic/symbol/type/ModifiersMatchBlock
instanceKlass apex/jorje/semantic/symbol/member/variable/MultipleFieldTable
instanceKlass apex/jorje/semantic/symbol/type/AbstractTypeInfo$1
instanceKlass apex/jorje/semantic/ast/compilation/ArgumentTypeCalculator
instanceKlass org/objectweb/asm/ClassVisitor
instanceKlass apex/jorje/semantic/ast/AstNodes$3
instanceKlass apex/jorje/semantic/compiler/parser/ParserOutput
instanceKlass apex/jorje/data/ast/MethodDecl
instanceKlass apex/jorje/data/ast/Stmnt
instanceKlass apex/jorje/data/ast/BlockMember
instanceKlass apex/jorje/data/ast/VariableDecls
instanceKlass apex/jorje/data/Identifiers$LocationIdentifier
instanceKlass apex/jorje/data/ast/ClassDecl
instanceKlass apex/jorje/data/ast/CompilationUnit
instanceKlass apex/jorje/parser/impl/HiddenTokens$InlineComment
instanceKlass apex/jorje/parser/impl/HiddenTokens
instanceKlass apex/jorje/parser/impl/HiddenTokens$HiddenTokenFactory
instanceKlass apex/jorje/data/IndexLocation
instanceKlass org/antlr/runtime/CommonToken
instanceKlass org/antlr/runtime/CharStreamState
instanceKlass apex/jorje/parser/impl/ToLowerCaseFast
instanceKlass apex/jorje/parser/impl/ToLowerCaseProvider
instanceKlass apex/jorje/data/ast/Expr
instanceKlass org/antlr/runtime/BufferedTokenStream
instanceKlass apex/jorje/parser/impl/HiddenTokenDecorator
instanceKlass java/lang/StringUTF16$CharsSpliterator
instanceKlass java/util/stream/Sink$ChainedInt
instanceKlass java/util/OptionalInt
instanceKlass java/util/stream/Sink$OfInt
instanceKlass java/util/function/IntPredicate
instanceKlass java/lang/StringLatin1$CharsSpliterator
instanceKlass sun/util/locale/provider/LocaleResources
instanceKlass java/text/DecimalFormatSymbols
instanceKlass sun/util/resources/Bundles$2
instanceKlass sun/util/resources/Bundles$CacheKeyReference
instanceKlass sun/util/resources/LocaleData$LocaleDataResourceBundleProvider
instanceKlass java/util/spi/ResourceBundleProvider
instanceKlass sun/util/resources/Bundles$CacheKey
instanceKlass sun/util/resources/LocaleData$LocaleDataStrategy
instanceKlass sun/util/resources/Bundles$Strategy
instanceKlass sun/util/resources/LocaleData$1
instanceKlass sun/util/resources/LocaleData
instanceKlass java/util/Locale$Builder
instanceKlass sun/util/locale/provider/CalendarDataUtility
instanceKlass sun/util/locale/provider/AvailableLanguageTags
instanceKlass sun/util/resources/cldr/provider/CLDRLocaleDataMetaInfo
instanceKlass sun/util/locale/InternalLocaleBuilder$CaseInsensitiveChar
instanceKlass sun/util/locale/InternalLocaleBuilder
instanceKlass sun/util/locale/StringTokenIterator
instanceKlass sun/util/locale/ParseStatus
instanceKlass sun/util/locale/LanguageTag
instanceKlass sun/util/cldr/CLDRBaseLocaleDataMetaInfo
instanceKlass sun/util/locale/provider/LocaleDataMetaInfo
instanceKlass sun/util/locale/provider/ResourceBundleBasedAdapter
instanceKlass sun/util/locale/provider/LocaleProviderAdapter$1
instanceKlass sun/util/locale/provider/LocaleProviderAdapter
instanceKlass java/util/spi/LocaleServiceProvider
instanceKlass java/text/DateFormatSymbols
instanceKlass java/time/LocalDate$1
instanceKlass java/util/Formatter$DateTime
instanceKlass java/util/ResourceBundle$ResourceBundleProviderHelper
instanceKlass java/util/ResourceBundle$3
instanceKlass java/util/logging/Level$RbAccess
instanceKlass java/lang/StackStreamFactory$FrameBuffer
instanceKlass java/lang/StackStreamFactory$1
instanceKlass java/lang/StackStreamFactory
instanceKlass java/util/logging/LogRecord$CallerFinder
instanceKlass java/util/logging/LogManager$CloseOnReset
instanceKlass java/util/logging/StreamHandler$1
instanceKlass java/util/logging/Handler$1
instanceKlass java/util/logging/ErrorManager
instanceKlass jdk/internal/logger/SimpleConsoleLogger$Formatting
instanceKlass java/util/logging/Formatter
instanceKlass java/util/logging/LogRecord
instanceKlass org/antlr/runtime/BitSet
instanceKlass org/antlr/runtime/RecognizerSharedState
instanceKlass org/antlr/runtime/DFA
instanceKlass org/antlr/runtime/Token
instanceKlass org/antlr/runtime/BaseRecognizer
instanceKlass apex/jorje/parser/impl/ErrorLogger
instanceKlass org/antlr/runtime/ANTLRStringStream
instanceKlass apex/jorje/semantic/compiler/parser/ParserEngine$SourceVersion
instanceKlass apex/jorje/semantic/symbol/resolver/FieldContext
instanceKlass apex/jorje/semantic/symbol/resolver/StaticContext
instanceKlass apex/jorje/semantic/symbol/member/variable/StandardLocalVariableTable
instanceKlass apex/jorje/semantic/symbol/member/variable/LocalVariableTable
instanceKlass apex/jorje/semantic/compiler/CompilerContext$LocalContext
instanceKlass apex/jorje/semantic/exception/Errors
instanceKlass java/util/EnumMap$EntryIterator$Entry
instanceKlass java/util/EnumMap$EnumMapIterator
instanceKlass apex/jorje/semantic/compiler/CompilerOperations$EmitOperation
instanceKlass apex/jorje/semantic/compiler/CompilerOperations$ReferencesOperation
instanceKlass apex/jorje/semantic/compiler/CompilerOperations$AdditionalValidateOperation
instanceKlass apex/jorje/semantic/compiler/CompilerOperations$ValidateOperation
instanceKlass apex/jorje/semantic/compiler/CompilerOperations$PostTypeResolveOperation
instanceKlass apex/jorje/semantic/compiler/CompilerOperations$MemberResolveOperation
instanceKlass apex/jorje/semantic/compiler/CompilerOperations$ParentOperation
instanceKlass apex/jorje/semantic/compiler/CompilerOperations$SymbolsOperation
instanceKlass apex/jorje/semantic/compiler/CompilerOperations$ParseOperation
instanceKlass apex/jorje/semantic/compiler/CompilerOperation
instanceKlass apex/jorje/semantic/compiler/CompilerStageProcessor
instanceKlass apex/jorje/semantic/ast/context/ProxyMethodTable
instanceKlass apex/jorje/semantic/ast/context/AnnotationVisitor$VisitorContext
instanceKlass apex/jorje/semantic/ast/context/AnnotationVisitor
instanceKlass apex/jorje/semantic/ast/context/MethodStack
instanceKlass apex/jorje/semantic/ast/context/TypeStack
instanceKlass apex/jorje/semantic/ast/context/LoopStack
instanceKlass apex/jorje/semantic/ast/context/TryCatchFinallyStack
instanceKlass org/objectweb/asm/Handle
instanceKlass apex/jorje/semantic/bcl/AsmMethod$Builder
instanceKlass apex/jorje/semantic/bcl/AsmMethod
instanceKlass apex/jorje/semantic/bcl/TriggerEmitMethods
instanceKlass apex/jorje/semantic/symbol/member/variable/TriggerVariable
instanceKlass apex/jorje/semantic/symbol/type/TypeInfoEquivalence$1
instanceKlass apex/jorje/semantic/symbol/type/TypeInfoType$1
instanceKlass apex/jorje/semantic/symbol/type/ReifiedTypeInfos
instanceKlass apex/jorje/semantic/symbol/member/variable/TriggerVariableMap
instanceKlass apex/jorje/semantic/symbol/resolver/StandardSymbolResolver$LookupOnResolver
instanceKlass apex/jorje/semantic/symbol/resolver/StandardSymbolResolver
instanceKlass apex/jorje/semantic/compiler/CompilerContext
instanceKlass apex/jorje/semantic/ast/modifier/rule/RemoteActionContextRule
instanceKlass apex/jorje/semantic/ast/modifier/rule/WebServiceContextRule
instanceKlass apex/jorje/semantic/compiler/parser/ParserEngine$3
instanceKlass apex/jorje/semantic/compiler/parser/NamedParser
instanceKlass apex/jorje/semantic/compiler/parser/AnonymousParser
instanceKlass org/antlr/runtime/TokenStream
instanceKlass apex/jorje/parser/impl/TokenSourceDecorator
instanceKlass org/antlr/runtime/TokenSource
instanceKlass org/antlr/runtime/CharStream
instanceKlass org/antlr/runtime/IntStream
instanceKlass apex/jorje/semantic/compiler/parser/ParserWorker
instanceKlass apex/jorje/semantic/compiler/parser/ParserEngine
instanceKlass apex/jorje/semantic/compiler/ApexCompiler$Builder
instanceKlass apex/jorje/semantic/compiler/ValidationSettings$Builder
instanceKlass apex/jorje/semantic/compiler/ValidationSettings
instanceKlass apex/jorje/semantic/compiler/sfdc/NoopCompilerProgressCallback
instanceKlass apex/jorje/semantic/compiler/sfdc/CompilerProgressCallback
instanceKlass apex/jorje/semantic/compiler/CompilationInput
instanceKlass org/slf4j/helpers/FormattingTuple
instanceKlass org/slf4j/helpers/NormalizedParameters
instanceKlass org/slf4j/helpers/MessageFormatter
instanceKlass apex/jorje/lsp/impl/index/ApexIndexer$1
instanceKlass apex/jorje/lsp/impl/utils/Predicates
instanceKlass java/util/stream/StreamSpliterators
instanceKlass java/util/stream/StreamSpliterators$AbstractWrappingSpliterator
instanceKlass java/util/HashMap$HashMapSpliterator
instanceKlass apex/jorje/lsp/impl/utils/SfdxProjects$StandardProjectFileVisitor
instanceKlass com/google/gson/internal/ConstructorConstructor$13
instanceKlass apex/jorje/lsp/impl/index/SfdxProjectPOJO$PackageDirectoriesPOJO
instanceKlass com/google/gson/internal/ConstructorConstructor$11
instanceKlass com/google/gson/internal/$Gson$Types$GenericArrayTypeImpl
instanceKlass com/google/gson/internal/ConstructorConstructor$3
instanceKlass com/google/common/util/concurrent/AbstractScheduledService$ServiceDelegate$2
instanceKlass com/google/common/util/concurrent/WrappingExecutorService
instanceKlass sun/nio/fs/WindowsDirectoryStream$WindowsDirectoryIterator
instanceKlass com/google/common/util/concurrent/AbstractScheduledService$ServiceDelegate$1
instanceKlass sun/nio/fs/WindowsDirectoryStream
instanceKlass java/util/concurrent/RunnableScheduledFuture
instanceKlass java/util/concurrent/ScheduledFuture
instanceKlass java/util/concurrent/Delayed
instanceKlass java/nio/file/FileTreeIterator
instanceKlass java/util/concurrent/Executors$DelegatedExecutorService
instanceKlass com/google/common/util/concurrent/AbstractScheduledService$1ThreadFactoryImpl
instanceKlass java/util/concurrent/ForkJoinPool$DefaultCommonPoolForkJoinWorkerThreadFactory$1
instanceKlass jdk/internal/util/random/RandomSupport
instanceKlass java/util/Random
instanceKlass java/util/random/RandomGenerator
instanceKlass java/util/concurrent/ForkJoinTask$Aux
instanceKlass java/util/concurrent/ForkJoinTask
instanceKlass java/util/concurrent/CompletableFuture$AsynchronousCompletionTask
instanceKlass java/util/concurrent/CompletableFuture$AltResult
instanceKlass org/eclipse/jdt/internal/core/nd/db/Database$IORunnable
instanceKlass jdk/internal/misc/ScopedMemoryAccess$Scope$Handle
instanceKlass apex/jorje/lsp/impl/utils/OptionalIString
instanceKlass org/eclipse/jdt/internal/core/nd/field/FieldOneToMany$1
instanceKlass org/eclipse/jdt/internal/core/nd/RawGrowableArray$GrowableBlockHeader
instanceKlass java/util/Formattable
instanceKlass java/util/Formatter$FixedString
instanceKlass java/util/Formatter$Flags
instanceKlass java/util/Formatter$FormatSpecifier
instanceKlass java/util/Formatter$FormatString
instanceKlass java/util/Formatter$Conversion
instanceKlass java/util/Formatter
instanceKlass com/google/common/io/Files$2
instanceKlass com/google/common/io/LineProcessor
instanceKlass com/google/common/io/ByteSink
instanceKlass com/google/common/io/ByteSource
instanceKlass com/google/common/graph/SuccessorsFunction
instanceKlass com/google/common/io/Files
instanceKlass org/eclipse/jdt/internal/core/nd/NullProgressMonitor
instanceKlass jdk/internal/access/foreign/MemorySegmentProxy
instanceKlass apex/jorje/semantic/compiler/SourceFile$Builder
instanceKlass java/nio/channels/Channels
instanceKlass jdk/nio/zipfs/ByteArrayChannel
instanceKlass apex/jorje/lsp/impl/completions/Namespaces
instanceKlass sun/nio/fs/BasicFileAttributesHolder
instanceKlass java/nio/file/Files$3
instanceKlass java/nio/file/FileTreeWalker$Event
instanceKlass jdk/nio/zipfs/ZipDirectoryStream$1
instanceKlass java/nio/file/FileTreeWalker$DirectoryNode
instanceKlass jdk/nio/zipfs/ZipDirectoryStream
instanceKlass java/nio/file/Files$AcceptAllFilter
instanceKlass jdk/nio/zipfs/ZipUtils
instanceKlass java/util/RegularEnumSet$EnumSetIterator
instanceKlass java/nio/file/FileTreeWalker
instanceKlass jdk/nio/zipfs/ZipFileSystem$END
instanceKlass jdk/nio/zipfs/ZipConstants
instanceKlass sun/nio/fs/WindowsChannelFactory$2
instanceKlass sun/nio/fs/WindowsSecurityDescriptor
instanceKlass java/nio/file/attribute/PosixFileAttributeView
instanceKlass jdk/nio/zipfs/ZipFileAttributeView
instanceKlass jdk/nio/zipfs/ZipPath
instanceKlass jdk/nio/zipfs/ZipCoder
instanceKlass sun/nio/fs/WindowsSecurity
instanceKlass sun/nio/fs/AbstractAclFileAttributeView
instanceKlass java/nio/file/attribute/AclFileAttributeView
instanceKlass java/nio/file/attribute/FileOwnerAttributeView
instanceKlass sun/nio/ch/FileChannelImpl$Closer
instanceKlass sun/nio/fs/WindowsChannelFactory$Flags
instanceKlass sun/nio/fs/WindowsChannelFactory$1
instanceKlass sun/nio/fs/WindowsChannelFactory
instanceKlass sun/nio/fs/WindowsFileSystemProvider$1
instanceKlass java/util/concurrent/locks/ReentrantReadWriteLock$WriteLock
instanceKlass java/util/concurrent/locks/ReentrantReadWriteLock$ReadLock
instanceKlass java/util/concurrent/locks/ReentrantReadWriteLock
instanceKlass java/nio/file/attribute/PosixFilePermissions
instanceKlass java/nio/file/attribute/PosixFileAttributes
instanceKlass jdk/nio/zipfs/ZipFileAttributes
instanceKlass jdk/nio/zipfs/ZipFileSystem$IndexNode
instanceKlass java/util/concurrent/locks/ReadWriteLock
instanceKlass sun/nio/fs/WindowsLinkSupport
instanceKlass sun/nio/fs/WindowsUriSupport
instanceKlass java/util/AbstractMap$SimpleEntry
instanceKlass jdk/internal/jimage/ImageBufferCache$2
instanceKlass jdk/internal/jimage/ImageBufferCache
instanceKlass java/nio/channels/AsynchronousFileChannel
instanceKlass java/nio/channels/AsynchronousChannel
instanceKlass java/nio/file/FileStore
instanceKlass java/nio/file/DirectoryStream
instanceKlass java/nio/file/DirectoryStream$Filter
instanceKlass java/nio/file/spi/FileSystemProvider$1
instanceKlass java/nio/file/SimpleFileVisitor
instanceKlass apex/jorje/lsp/impl/services/ApexPreludeManagedService$SourceFilesCollector
instanceKlass apex/jorje/lsp/impl/utils/TypeInfoCache
instanceKlass org/eclipse/jdt/internal/core/nd/db/ShortString
instanceKlass org/eclipse/jdt/internal/core/nd/db/BTree$IBTreeVisitor2
instanceKlass org/eclipse/jdt/internal/core/nd/field/FieldSearchIndex$SearchCriteriaToBtreeVisitorAdapter
instanceKlass org/eclipse/jdt/internal/core/nd/field/FieldSearchIndex$SearchCriteria
instanceKlass apex/jorje/lsp/impl/completions/BuiltInTypes
instanceKlass sun/nio/ch/IOStatus
instanceKlass java/nio/DirectByteBuffer$Deallocator
instanceKlass sun/nio/ch/Util$BufferCache
instanceKlass sun/nio/ch/Util
instanceKlass sun/nio/ch/NativeThread
instanceKlass java/nio/channels/spi/AbstractInterruptibleChannel$1
instanceKlass sun/nio/ch/Interruptible
instanceKlass sun/nio/ch/NativeDispatcher
instanceKlass sun/nio/ch/NativeThreadSet
instanceKlass sun/nio/ch/IOUtil
instanceKlass java/nio/file/attribute/FileAttribute
instanceKlass java/nio/channels/spi/AbstractInterruptibleChannel
instanceKlass java/nio/channels/InterruptibleChannel
instanceKlass java/nio/channels/ScatteringByteChannel
instanceKlass java/nio/channels/GatheringByteChannel
instanceKlass java/nio/channels/SeekableByteChannel
instanceKlass java/nio/channels/ByteChannel
instanceKlass java/nio/channels/ReadableByteChannel
instanceKlass org/eclipse/jdt/internal/core/nd/Nd$1
instanceKlass java/lang/Short$ShortCache
instanceKlass org/eclipse/jdt/internal/core/nd/NdNodeTypeRegistry
instanceKlass org/eclipse/jdt/internal/core/nd/db/Chunk
instanceKlass org/eclipse/jdt/internal/core/nd/db/ChunkCache
instanceKlass org/eclipse/jdt/internal/core/nd/db/MemoryStats$PoolStats
instanceKlass org/eclipse/jdt/internal/core/nd/db/MemoryStats
instanceKlass org/eclipse/jdt/internal/core/nd/db/LargeBlock
instanceKlass java/nio/channels/WritableByteChannel
instanceKlass java/nio/channels/Channel
instanceKlass org/eclipse/jdt/internal/core/nd/db/Database
instanceKlass apex/jorje/lsp/Configuration
instanceKlass apex/jorje/lsp/api/db/interfaces/ISObjectField
instanceKlass apex/jorje/lsp/impl/db/nddb/NdDb
instanceKlass org/eclipse/jdt/internal/core/nd/AbstractTypeFactory
instanceKlass org/eclipse/jdt/internal/core/nd/db/BTree
instanceKlass org/eclipse/jdt/internal/core/nd/field/FieldSearchIndex$2
instanceKlass org/eclipse/jdt/internal/core/nd/field/FieldSearchIndex$1
instanceKlass org/eclipse/jdt/internal/core/nd/db/IBTreeVisitor
instanceKlass org/eclipse/jdt/internal/core/nd/db/IBTreeComparator
instanceKlass org/eclipse/jdt/internal/core/nd/field/FieldSearchIndex
instanceKlass org/eclipse/jdt/internal/core/nd/field/FieldLong
instanceKlass apex/jorje/lsp/api/db/interfaces/IApexClassInterfaceJunction
instanceKlass org/eclipse/jdt/internal/core/nd/field/FieldString
instanceKlass org/eclipse/jdt/internal/core/nd/field/FieldByte
instanceKlass org/eclipse/jdt/internal/core/nd/db/IString
instanceKlass org/eclipse/jdt/internal/core/nd/field/FieldSearchKey
instanceKlass org/eclipse/jdt/internal/core/nd/RawGrowableArray
instanceKlass org/eclipse/jdt/internal/core/nd/field/FieldOneToMany$Visitor
instanceKlass org/eclipse/jdt/internal/core/nd/field/FieldOneToMany
instanceKlass org/eclipse/jdt/internal/core/nd/field/FieldInt
instanceKlass org/eclipse/jdt/internal/core/nd/field/FieldPointer
instanceKlass org/eclipse/jdt/internal/core/nd/field/FieldManyToOne
instanceKlass org/eclipse/jdt/internal/core/nd/field/IRefCountedField
instanceKlass org/eclipse/jdt/internal/core/nd/field/FieldShort
instanceKlass org/eclipse/jdt/internal/core/nd/NdNode
instanceKlass apex/jorje/lsp/api/db/interfaces/IApexTreeNode
instanceKlass org/eclipse/jdt/internal/core/nd/field/StructDef$1
instanceKlass org/eclipse/jdt/internal/core/nd/IDestructable
instanceKlass org/eclipse/jdt/internal/core/nd/field/IDestructableField
instanceKlass org/eclipse/jdt/internal/core/nd/field/IField
instanceKlass org/eclipse/jdt/internal/core/nd/ITypeFactory
instanceKlass org/eclipse/jdt/internal/core/nd/field/StructDef
instanceKlass apex/jorje/lsp/impl/db/nddb/NdApexIndex$BestResourceFile
instanceKlass org/eclipse/jdt/internal/core/nd/IReader
instanceKlass org/eclipse/jdt/internal/core/nd/Nd
instanceKlass org/eclipse/jdt/internal/core/nd/field/FieldSearchIndex$IResultRank
instanceKlass org/eclipse/jdt/internal/core/nd/IProgressMonitor
instanceKlass apex/jorje/lsp/impl/db/nddb/NdApexIndex
instanceKlass ch/qos/logback/core/pattern/SpacePadder
instanceKlass java/time/format/DateTimeFormatterBuilder$2
instanceKlass java/time/LocalTime$1
instanceKlass java/time/ZonedDateTime$1
instanceKlass java/time/temporal/TemporalQueries$7
instanceKlass java/time/temporal/TemporalQueries$6
instanceKlass java/time/temporal/TemporalQueries$5
instanceKlass java/time/temporal/TemporalQueries$4
instanceKlass java/time/temporal/TemporalQueries$3
instanceKlass java/time/temporal/TemporalQueries$2
instanceKlass java/time/temporal/TemporalQueries$1
instanceKlass java/time/temporal/TemporalQueries
instanceKlass java/time/format/DateTimePrintContext
instanceKlass ch/qos/logback/classic/spi/EventArgUtil
instanceKlass java/time/Clock
instanceKlass java/time/InstantSource
instanceKlass ch/qos/logback/classic/spi/IThrowableProxy
instanceKlass java/util/concurrent/ForkJoinPool$WorkQueue
instanceKlass java/util/concurrent/ForkJoinPool$DefaultCommonPoolForkJoinWorkerThreadFactory
instanceKlass java/util/concurrent/ForkJoinPool$1
instanceKlass ch/qos/logback/classic/spi/LoggingEvent
instanceKlass java/util/concurrent/ForkJoinPool$DefaultForkJoinWorkerThreadFactory
instanceKlass java/util/concurrent/ForkJoinPool$ForkJoinWorkerThreadFactory
instanceKlass java/util/concurrent/locks/AbstractQueuedSynchronizer$Node
instanceKlass com/google/common/util/concurrent/Callables$4
instanceKlass com/google/common/util/concurrent/AsyncCallable
instanceKlass com/google/common/util/concurrent/Callables
instanceKlass com/google/common/util/concurrent/AbstractIdleService$DelegateService$1
instanceKlass com/google/common/util/concurrent/MoreExecutors$2
instanceKlass com/google/common/util/concurrent/AbstractIdleService$1
instanceKlass com/google/common/util/concurrent/ListenerCallQueue$PerListenerQueue
instanceKlass com/google/common/util/concurrent/ListeningScheduledExecutorService
instanceKlass com/google/common/util/concurrent/ListeningExecutorService
instanceKlass com/google/common/util/concurrent/MoreExecutors
instanceKlass com/google/common/collect/MultimapBuilder$LinkedHashSetSupplier
instanceKlass com/google/common/collect/MultimapBuilder$MultimapBuilderWithKeys
instanceKlass com/google/common/collect/MultimapBuilder
instanceKlass com/google/common/util/concurrent/ServiceManager$ServiceManagerState
instanceKlass com/google/common/util/concurrent/ServiceManager$2
instanceKlass com/google/common/util/concurrent/ServiceManager$1
instanceKlass com/google/common/util/concurrent/AbstractIdleService$ThreadNameSupplier
instanceKlass apex/jorje/lsp/impl/symbols/ApexStandardTypeInfos
instanceKlass com/google/gson/internal/bind/ObjectTypeAdapter$2
instanceKlass com/google/gson/internal/LinkedTreeMap$LinkedTreeMapIterator
instanceKlass com/google/gson/internal/ConstructorConstructor$18
instanceKlass java/util/concurrent/ConcurrentNavigableMap
instanceKlass com/google/gson/internal/LinkedTreeMap$Node
instanceKlass com/google/gson/internal/LinkedTreeMap$1
instanceKlass com/google/gson/internal/bind/TypeAdapters$35
instanceKlass org/eclipse/lsp4j/util/Preconditions
instanceKlass org/eclipse/lsp4j/jsonrpc/json/adapters/JsonElementTypeAdapter$Factory
instanceKlass org/eclipse/lsp4j/StaleRequestCapabilities
instanceKlass org/eclipse/lsp4j/MarkdownCapabilities
instanceKlass org/eclipse/lsp4j/RegularExpressionsCapabilities
instanceKlass org/eclipse/lsp4j/WindowShowMessageRequestActionItemCapabilities
instanceKlass org/eclipse/lsp4j/ShowDocumentCapabilities
instanceKlass org/eclipse/lsp4j/WindowShowMessageRequestCapabilities
instanceKlass org/eclipse/lsp4j/InlayHintResolveSupportCapabilities
instanceKlass org/eclipse/lsp4j/SemanticTokensClientCapabilitiesRequestsFull
instanceKlass org/eclipse/lsp4j/SemanticTokensClientCapabilitiesRequests
instanceKlass org/eclipse/lsp4j/FoldingRangeSupportCapabilities
instanceKlass org/eclipse/lsp4j/FoldingRangeKindSupportCapabilities
instanceKlass org/eclipse/lsp4j/jsonrpc/json/adapters/EitherTypeAdapter$EitherTypeArgument
instanceKlass org/eclipse/lsp4j/DiagnosticsTagSupport
instanceKlass org/eclipse/lsp4j/CodeActionKindCapabilities
instanceKlass org/eclipse/lsp4j/CodeActionResolveSupportCapabilities
instanceKlass org/eclipse/lsp4j/CodeActionLiteralSupportCapabilities
instanceKlass org/eclipse/lsp4j/ParameterInformationCapabilities
instanceKlass org/eclipse/lsp4j/SignatureInformationCapabilities
instanceKlass org/eclipse/lsp4j/CompletionItemInsertTextModeSupportCapabilities
instanceKlass org/eclipse/lsp4j/CompletionItemResolveSupportCapabilities
instanceKlass org/eclipse/lsp4j/CompletionItemTagSupportCapabilities
instanceKlass org/eclipse/lsp4j/CompletionListCapabilities
instanceKlass org/eclipse/lsp4j/CompletionItemCapabilities
instanceKlass org/eclipse/lsp4j/CompletionItemKindCapabilities
instanceKlass org/eclipse/lsp4j/PublishDiagnosticsCapabilities
instanceKlass org/eclipse/lsp4j/WorkspaceSymbolResolveSupportCapabilities
instanceKlass org/eclipse/lsp4j/SymbolTagSupportCapabilities
instanceKlass org/eclipse/lsp4j/SymbolKindCapabilities
instanceKlass org/eclipse/lsp4j/jsonrpc/json/adapters/TypeUtils$ParameterizedTypeImpl
instanceKlass org/eclipse/lsp4j/WorkspaceEditChangeAnnotationSupportCapabilities
instanceKlass org/eclipse/lsp4j/DiagnosticWorkspaceCapabilities
instanceKlass org/eclipse/lsp4j/InlineValueWorkspaceCapabilities
instanceKlass org/eclipse/lsp4j/InlayHintWorkspaceCapabilities
instanceKlass org/eclipse/lsp4j/CodeLensWorkspaceCapabilities
instanceKlass org/eclipse/lsp4j/SemanticTokensWorkspaceCapabilities
instanceKlass org/eclipse/lsp4j/DynamicRegistrationCapabilities
instanceKlass org/eclipse/lsp4j/WorkspaceEditCapabilities
instanceKlass org/eclipse/lsp4j/GeneralClientCapabilities
instanceKlass org/eclipse/lsp4j/NotebookDocumentClientCapabilities
instanceKlass org/eclipse/lsp4j/WindowClientCapabilities
instanceKlass org/eclipse/lsp4j/TextDocumentClientCapabilities
instanceKlass org/eclipse/lsp4j/WorkspaceClientCapabilities
instanceKlass org/eclipse/lsp4j/ClientCapabilities
instanceKlass com/google/gson/internal/Primitives
instanceKlass org/eclipse/lsp4j/jsonrpc/validation/NonNull
instanceKlass com/google/gson/annotations/SerializedName
instanceKlass org/eclipse/lsp4j/ClientInfo
instanceKlass com/google/gson/internal/ConstructorConstructor$9
instanceKlass com/google/gson/internal/reflect/ReflectionHelper$RecordHelper
instanceKlass com/google/gson/internal/reflect/ReflectionHelper
instanceKlass com/google/gson/internal/ReflectionAccessFilterHelper
instanceKlass org/eclipse/lsp4j/adapters/InitializeParamsTypeAdapter$Factory
instanceKlass com/google/gson/annotations/JsonAdapter
instanceKlass org/eclipse/lsp4j/jsonrpc/messages/Tuple$Two
instanceKlass org/eclipse/lsp4j/jsonrpc/messages/Tuple
instanceKlass org/eclipse/lsp4j/jsonrpc/json/adapters/TypeUtils
instanceKlass com/google/gson/internal/JsonReaderInternalAccess
instanceKlass org/eclipse/lsp4j/jsonrpc/json/StreamMessageProducer$Headers
instanceKlass org/eclipse/lsp4j/jsonrpc/json/ConcurrentMessageProcessor$1
instanceKlass java/util/concurrent/Executors$RunnableAdapter
instanceKlass java/util/concurrent/Callable
instanceKlass java/util/concurrent/FutureTask$WaitNode
instanceKlass java/util/concurrent/FutureTask
instanceKlass java/util/concurrent/RunnableFuture
instanceKlass org/eclipse/lsp4j/jsonrpc/StandardLauncher
instanceKlass org/eclipse/lsp4j/jsonrpc/json/ConcurrentMessageProcessor
instanceKlass org/eclipse/lsp4j/jsonrpc/json/StreamMessageProducer
instanceKlass org/eclipse/lsp4j/jsonrpc/services/EndpointProxy
instanceKlass org/eclipse/lsp4j/jsonrpc/messages/ResponseError
instanceKlass org/eclipse/lsp4j/jsonrpc/RemoteEndpoint
instanceKlass org/eclipse/lsp4j/jsonrpc/services/GenericEndpoint
instanceKlass apex/jorje/lsp/impl/debug/DebugOptions
instanceKlass org/eclipse/lsp4j/jsonrpc/json/StreamMessageConsumer
instanceKlass org/eclipse/lsp4j/jsonrpc/json/MessageConstants
instanceKlass com/google/gson/internal/bind/ReflectiveTypeAdapterFactory$BoundField
instanceKlass com/google/gson/internal/bind/ReflectiveTypeAdapterFactory
instanceKlass com/google/gson/internal/bind/JsonAdapterAnnotationTypeAdapterFactory
instanceKlass com/google/gson/internal/bind/MapTypeAdapterFactory
instanceKlass com/google/gson/internal/bind/CollectionTypeAdapterFactory
instanceKlass com/google/gson/internal/bind/ArrayTypeAdapter$1
instanceKlass com/google/gson/internal/bind/DateTypeAdapter$1
instanceKlass java/util/concurrent/atomic/AtomicLongArray
instanceKlass com/google/gson/internal/bind/NumberTypeAdapter$1
instanceKlass com/google/gson/internal/bind/ObjectTypeAdapter$1
instanceKlass com/google/gson/internal/bind/TypeAdapters$29
instanceKlass com/google/gson/internal/bind/TypeAdapters$33
instanceKlass java/util/Currency
instanceKlass java/util/UUID
instanceKlass com/google/gson/internal/bind/TypeAdapters$34
instanceKlass java/net/InetAddress
instanceKlass java/util/concurrent/atomic/AtomicIntegerArray
instanceKlass com/google/gson/internal/bind/TypeAdapters$32
instanceKlass java/util/BitSet
instanceKlass com/google/gson/internal/bind/TypeAdapters$31
instanceKlass com/google/gson/internal/bind/TypeAdapters
instanceKlass com/google/gson/internal/ObjectConstructor
instanceKlass com/google/gson/internal/ConstructorConstructor
instanceKlass com/google/gson/internal/sql/SqlTimestampTypeAdapter$1
instanceKlass com/google/gson/internal/sql/SqlTimeTypeAdapter$1
instanceKlass com/google/gson/internal/sql/SqlDateTypeAdapter$1
instanceKlass java/text/Format
instanceKlass jdk/internal/module/ModulePatcher$PatchedModuleReader
instanceKlass com/google/gson/internal/bind/DefaultDateTypeAdapter$DateType
instanceKlass com/google/gson/internal/sql/SqlTypesSupport
instanceKlass org/eclipse/lsp4j/jsonrpc/json/adapters/MessageTypeAdapter$Factory
instanceKlass org/eclipse/lsp4j/jsonrpc/json/adapters/EnumTypeAdapter$Factory
instanceKlass org/eclipse/lsp4j/jsonrpc/json/adapters/TupleTypeAdapters$TwoTypeAdapterFactory
instanceKlass org/eclipse/lsp4j/jsonrpc/json/adapters/EitherTypeAdapter$Factory
instanceKlass org/eclipse/lsp4j/jsonrpc/json/adapters/ThrowableTypeAdapter$Factory
instanceKlass org/eclipse/lsp4j/jsonrpc/json/adapters/CollectionTypeAdapter$Factory
instanceKlass com/google/gson/stream/JsonWriter
instanceKlass com/google/gson/stream/JsonReader
instanceKlass com/google/gson/ToNumberStrategy
instanceKlass com/google/gson/Gson
instanceKlass com/google/gson/JsonElement
instanceKlass com/google/gson/internal/Excluder
instanceKlass com/google/gson/FieldNamingStrategy
instanceKlass com/google/gson/GsonBuilder
instanceKlass org/eclipse/lsp4j/jsonrpc/messages/CancelParams
instanceKlass org/eclipse/lsp4j/jsonrpc/json/MessageJsonHandler
instanceKlass apex/jorje/lsp/api/debug/BreakpointInfo
instanceKlass org/eclipse/lsp4j/WorkspaceDiagnosticReport
instanceKlass org/eclipse/lsp4j/adapters/WorkspaceSymbolResponseAdapter
instanceKlass org/eclipse/lsp4j/DidChangeWorkspaceFoldersParams
instanceKlass org/eclipse/lsp4j/WorkspaceSymbol
instanceKlass org/eclipse/lsp4j/RenameFilesParams
instanceKlass org/eclipse/lsp4j/DeleteFilesParams
instanceKlass org/eclipse/lsp4j/ExecuteCommandParams
instanceKlass org/eclipse/lsp4j/CreateFilesParams
instanceKlass org/eclipse/lsp4j/CallHierarchyOutgoingCall
instanceKlass org/eclipse/lsp4j/CallHierarchyIncomingCall
instanceKlass org/eclipse/lsp4j/CallHierarchyItem
instanceKlass org/eclipse/lsp4j/SemanticTokensDelta
instanceKlass org/eclipse/lsp4j/adapters/SemanticTokensFullDeltaResponseAdapter
instanceKlass org/eclipse/lsp4j/TypeHierarchyItem
instanceKlass org/eclipse/lsp4j/adapters/CodeActionResponseAdapter
instanceKlass org/eclipse/lsp4j/SelectionRange
instanceKlass org/eclipse/lsp4j/SymbolInformation
instanceKlass org/eclipse/lsp4j/adapters/DocumentSymbolResponseAdapter
instanceKlass org/eclipse/lsp4j/adapters/DocumentDiagnosticReportTypeAdapter
instanceKlass org/eclipse/lsp4j/SemanticTokens
instanceKlass org/eclipse/lsp4j/Moniker
instanceKlass org/eclipse/lsp4j/LinkedEditingRanges
instanceKlass org/eclipse/lsp4j/ColorPresentation
instanceKlass org/eclipse/lsp4j/TextEdit
instanceKlass org/eclipse/lsp4j/FoldingRange
instanceKlass org/eclipse/lsp4j/ColorInformation
instanceKlass org/eclipse/lsp4j/PrepareRenameDefaultBehavior
instanceKlass org/eclipse/lsp4j/PrepareRenameResult
instanceKlass org/eclipse/lsp4j/adapters/PrepareRenameResponseAdapter
instanceKlass org/eclipse/lsp4j/CompletionList
instanceKlass org/eclipse/lsp4j/SignatureHelp
instanceKlass org/eclipse/lsp4j/LocationLink
instanceKlass com/google/gson/internal/$Gson$Types$WildcardTypeImpl
instanceKlass com/google/gson/internal/$Gson$Preconditions
instanceKlass com/google/gson/internal/$Gson$Types$ParameterizedTypeImpl
instanceKlass com/google/gson/internal/$Gson$Types
instanceKlass com/google/gson/TypeAdapter
instanceKlass com/google/gson/reflect/TypeToken
instanceKlass sun/reflect/generics/tree/Wildcard
instanceKlass sun/reflect/generics/tree/BottomSignature
instanceKlass org/eclipse/lsp4j/adapters/LocationLinkListAdapter
instanceKlass com/google/gson/TypeAdapterFactory
instanceKlass org/eclipse/lsp4j/DocumentLink
instanceKlass org/eclipse/lsp4j/InlineValueParams
instanceKlass org/eclipse/lsp4j/InlayHint
instanceKlass org/eclipse/lsp4j/InlayHintParams
instanceKlass org/eclipse/lsp4j/WillSaveTextDocumentParams
instanceKlass org/eclipse/lsp4j/CodeAction
instanceKlass org/eclipse/lsp4j/DidOpenNotebookDocumentParams
instanceKlass org/eclipse/lsp4j/DidSaveNotebookDocumentParams
instanceKlass org/eclipse/lsp4j/DidChangeNotebookDocumentParams
instanceKlass org/eclipse/lsp4j/DidCloseNotebookDocumentParams
instanceKlass org/eclipse/lsp4j/InitializeResult
instanceKlass org/eclipse/lsp4j/WorkDoneProgressCancelParams
instanceKlass org/eclipse/lsp4j/services/NotebookDocumentService
instanceKlass org/eclipse/lsp4j/InitializedParams
instanceKlass jdk/internal/vm/annotation/IntrinsicCandidate
instanceKlass java/lang/Deprecated
instanceKlass org/eclipse/lsp4j/jsonrpc/json/JsonRpcMethodProvider
instanceKlass org/eclipse/lsp4j/WorkspaceFolder
instanceKlass org/eclipse/lsp4j/ApplyWorkspaceEditResponse
instanceKlass org/eclipse/lsp4j/ShowDocumentResult
instanceKlass org/eclipse/lsp4j/MessageActionItem
instanceKlass org/eclipse/lsp4j/jsonrpc/services/JsonNotification
instanceKlass org/eclipse/lsp4j/jsonrpc/json/JsonRpcMethod
instanceKlass org/eclipse/lsp4j/jsonrpc/json/ResponseJsonAdapter
instanceKlass org/eclipse/lsp4j/jsonrpc/services/JsonRequest
instanceKlass org/eclipse/lsp4j/WorkDoneProgressCreateParams
instanceKlass org/eclipse/lsp4j/ProgressParams
instanceKlass org/eclipse/lsp4j/LogTraceParams
instanceKlass org/eclipse/lsp4j/ApplyWorkspaceEditParams
instanceKlass org/eclipse/lsp4j/ShowDocumentParams
instanceKlass org/eclipse/lsp4j/RegistrationParams
instanceKlass org/eclipse/lsp4j/PublishDiagnosticsParams
instanceKlass org/eclipse/lsp4j/MessageParams
instanceKlass org/eclipse/lsp4j/UnregistrationParams
instanceKlass org/eclipse/lsp4j/ConfigurationParams
instanceKlass org/eclipse/lsp4j/jsonrpc/services/AnnotationUtil
instanceKlass org/eclipse/lsp4j/jsonrpc/services/AnnotationUtil$MethodInfo
instanceKlass org/eclipse/lsp4j/jsonrpc/services/ServiceEndpoints
instanceKlass org/eclipse/lsp4j/jsonrpc/json/MethodProvider
instanceKlass org/eclipse/lsp4j/jsonrpc/Endpoint
instanceKlass org/eclipse/lsp4j/jsonrpc/MessageProducer
instanceKlass org/eclipse/lsp4j/jsonrpc/MessageIssueHandler
instanceKlass org/eclipse/lsp4j/jsonrpc/Launcher$Builder
instanceKlass org/eclipse/lsp4j/jsonrpc/Launcher
instanceKlass java/util/concurrent/Executors$DefaultThreadFactory
instanceKlass java/util/concurrent/SynchronousQueue$TransferStack$SNode
instanceKlass java/util/concurrent/ForkJoinPool$ManagedBlocker
instanceKlass java/util/concurrent/SynchronousQueue$Transferer
instanceKlass java/util/concurrent/ThreadPoolExecutor$AbortPolicy
instanceKlass java/util/concurrent/RejectedExecutionHandler
instanceKlass java/util/concurrent/AbstractExecutorService
instanceKlass java/util/concurrent/Executors
instanceKlass com/google/common/collect/Queues
instanceKlass com/google/common/util/concurrent/AbstractScheduledService$ServiceDelegate$Task
instanceKlass com/google/common/util/concurrent/AbstractService$StateSnapshot
instanceKlass com/google/common/util/concurrent/ListenerCallQueue
instanceKlass com/google/common/util/concurrent/Monitor
instanceKlass com/google/common/util/concurrent/AbstractService$3
instanceKlass com/google/common/util/concurrent/AbstractService$4
instanceKlass com/google/common/util/concurrent/AbstractService$2
instanceKlass com/google/common/util/concurrent/AbstractService$1
instanceKlass com/google/common/util/concurrent/ListenerCallQueue$Event
instanceKlass com/google/common/util/concurrent/Monitor$Guard
instanceKlass sun/nio/fs/WindowsFileSystem$2
instanceKlass sun/nio/fs/Globs
instanceKlass apex/jorje/data/Locations$IndexFactory
instanceKlass apex/jorje/semantic/common/TestQueryValidators$Noop
instanceKlass apex/jorje/semantic/common/TestAccessEvaluator
instanceKlass com/google/common/collect/SortedSetMultimap
instanceKlass com/google/common/collect/Multimaps
instanceKlass apex/jorje/semantic/symbol/member/variable/VariableVisitor$Context
instanceKlass apex/jorje/semantic/ast/context/Emitter
instanceKlass apex/jorje/semantic/symbol/member/variable/DynamicFieldInfo$VariableEmitter
instanceKlass apex/jorje/semantic/symbol/member/variable/DynamicFieldInfoFactory
instanceKlass apex/jorje/semantic/symbol/member/variable/PropertyFactory$1
instanceKlass apex/jorje/semantic/symbol/member/variable/PropertyInfo
instanceKlass apex/jorje/semantic/ast/member/Parameter$Builder
instanceKlass apex/jorje/semantic/ast/member/ParameterUtil
instanceKlass apex/jorje/semantic/ast/member/AccessorFactory$1
instanceKlass apex/jorje/semantic/ast/member/AccessorFactory$AccessorEmitter
instanceKlass apex/jorje/semantic/ast/member/AccessorFactory
instanceKlass apex/jorje/semantic/symbol/member/variable/PropertyFactory
instanceKlass apex/jorje/semantic/symbol/member/variable/FieldSupplier
instanceKlass apex/jorje/semantic/symbol/member/variable/DynamicFieldTable
instanceKlass apex/jorje/semantic/symbol/member/variable/DynamicFieldTables
instanceKlass apex/jorje/semantic/common/TestVfTypeInfos
instanceKlass apex/jorje/semantic/symbol/type/common/BiPredicates
instanceKlass apex/jorje/semantic/symbol/type/SObjectMetadata$Builder
instanceKlass apex/jorje/semantic/symbol/type/SObjectMetadata
instanceKlass apex/jorje/semantic/symbol/type/SObjectTypeInfo$MethodsForEmit
instanceKlass java/util/function/IntConsumer
instanceKlass java/util/stream/IntStream
instanceKlass com/google/common/collect/CollectSpliterators$1WithCharacteristics
instanceKlass com/google/common/collect/CollectSpliterators
instanceKlass apex/jorje/semantic/common/TestSObjectTypeInfos
instanceKlass apex/jorje/semantic/symbol/type/common/DynamicTypeNameFactory
instanceKlass apex/jorje/semantic/symbol/member/variable/AbstractFieldInfo$1
instanceKlass apex/jorje/semantic/symbol/member/variable/AbstractFieldInfo$Builder
instanceKlass apex/jorje/semantic/symbol/member/variable/AbstractFieldInfo
instanceKlass apex/jorje/semantic/common/BusinessHoursMethods
instanceKlass apex/jorje/semantic/common/TestFields
instanceKlass apex/common/collect/AbstractHashedMap$HashIterator
instanceKlass apex/jorje/semantic/symbol/type/UnresolvedTypeInfoFactory
instanceKlass apex/jorje/data/ast/AnnotationValue$MatchBlockWithDefault
instanceKlass apex/jorje/semantic/ast/modifier/AnnotationParameter$5
instanceKlass apex/jorje/semantic/ast/modifier/AnnotationParameter$4
instanceKlass apex/jorje/semantic/ast/modifier/AnnotationParameter$3
instanceKlass apex/jorje/semantic/ast/modifier/AnnotationParameter$2
instanceKlass apex/jorje/semantic/ast/modifier/AnnotationParameter$1
instanceKlass apex/jorje/data/ast/AnnotationValue$MatchBlock
instanceKlass apex/jorje/semantic/ast/modifier/Annotation$1
instanceKlass com/google/common/collect/NullnessCasts
instanceKlass com/google/common/collect/AbstractIterator$1
instanceKlass com/google/common/collect/Collections2
instanceKlass apex/jorje/data/ast/AnnotationParameter
instanceKlass apex/jorje/data/ast/AnnotationValue
instanceKlass apex/jorje/semantic/ast/modifier/Annotations
instanceKlass apex/common/collect/MoreCollections
instanceKlass apex/jorje/data/ast/VariableDecl
instanceKlass apex/jorje/data/ast/Stmnt$MatchBlock
instanceKlass apex/jorje/data/ast/Expr$MatchBlock
instanceKlass apex/jorje/semantic/ast/AstNodes
instanceKlass apex/jorje/data/ast/Modifier
instanceKlass apex/jorje/data/JadtFactory
instanceKlass apex/jorje/data/ast/AnnotationParameter$MatchBlock
instanceKlass apex/jorje/semantic/symbol/member/method/ReifiedMethodInfo
instanceKlass apex/jorje/semantic/symbol/member/method/MethodUtil
instanceKlass apex/jorje/semantic/symbol/member/method/MethodTableFactory
instanceKlass apex/jorje/semantic/symbol/member/method/Generated$Builder
instanceKlass com/google/common/base/Ascii
instanceKlass apex/jorje/semantic/symbol/type/reference/TypeReferences$ResolvedTypeRef
instanceKlass apex/jorje/data/ast/TypeRefs$1
instanceKlass apex/jorje/data/ast/TypeRefs$ClassTypeRef
instanceKlass apex/jorje/data/Identifiers$SyntheticIdentifier
instanceKlass apex/jorje/data/Identifier
instanceKlass apex/jorje/data/Identifiers
instanceKlass apex/jorje/data/ast/TypeRef
instanceKlass apex/jorje/data/ast/TypeRef$Visitor
instanceKlass apex/jorje/data/ast/TypeRefs
instanceKlass apex/jorje/semantic/symbol/type/reference/TypeReference
instanceKlass apex/jorje/semantic/symbol/type/reference/TypeReferences
instanceKlass apex/jorje/semantic/symbol/member/method/StandardMethodInfoBuilder
instanceKlass apex/jorje/semantic/symbol/member/method/StandardMethodInfo
instanceKlass apex/jorje/semantic/common/TestMethods
instanceKlass apex/jorje/semantic/common/TestStandardTypeInfos
instanceKlass apex/jorje/semantic/symbol/type/AnnotationTypeInfos$30
instanceKlass apex/jorje/semantic/symbol/type/AnnotationTypeInfos$29
instanceKlass apex/jorje/semantic/symbol/type/AnnotationTypeInfos$28
instanceKlass apex/jorje/semantic/symbol/type/AnnotationTypeInfos$27
instanceKlass apex/jorje/semantic/symbol/type/AnnotationTypeInfos$26
instanceKlass apex/jorje/semantic/symbol/type/AnnotationTypeInfos$25
instanceKlass apex/jorje/semantic/symbol/type/AnnotationTypeInfos$24
instanceKlass apex/jorje/semantic/symbol/type/AnnotationTypeInfos$23
instanceKlass apex/jorje/semantic/symbol/type/AnnotationTypeInfos$22
instanceKlass apex/jorje/semantic/symbol/type/AnnotationTypeInfos$21
instanceKlass apex/jorje/semantic/symbol/type/AnnotationTypeInfos$20
instanceKlass apex/jorje/semantic/symbol/type/AnnotationTypeInfos$19
instanceKlass apex/jorje/semantic/symbol/type/AnnotationTypeInfos$18
instanceKlass apex/jorje/semantic/symbol/type/AnnotationTypeInfos$17
instanceKlass apex/jorje/semantic/symbol/type/AnnotationTypeInfos$16
instanceKlass apex/jorje/semantic/symbol/type/AnnotationTypeInfos$15
instanceKlass apex/jorje/semantic/symbol/type/AnnotationTypeInfos$14
instanceKlass apex/jorje/semantic/ast/modifier/property/rule/AnnotationPropertyRules$ValidateParameterValueDataTypeMatchesFieldRule
instanceKlass apex/jorje/semantic/ast/modifier/property/rule/AnnotationPropertyRules$ValidateParameterValueNotEmptyRule
instanceKlass apex/jorje/semantic/ast/modifier/property/rule/AnnotationPropertyRules$AllowedFieldEmitTypesRule
instanceKlass apex/jorje/semantic/symbol/type/AnnotationTypeInfos$13
instanceKlass apex/jorje/semantic/ast/modifier/property/rule/AnnotationPropertyRules$InvocableMethodCapabilityTypeRule
instanceKlass apex/jorje/semantic/ast/modifier/property/rule/AnnotationPropertyRules$InvocableMethodIconNameRule
instanceKlass apex/jorje/semantic/ast/modifier/property/rule/AnnotationPropertyRules$InvocableMethodConfigurationEditorRule
instanceKlass apex/jorje/semantic/ast/modifier/property/rule/AnnotationPropertyRules$MaxVersion
instanceKlass apex/jorje/semantic/symbol/type/AnnotationTypeInfos$12
instanceKlass apex/jorje/semantic/symbol/type/AnnotationTypeInfos$11
instanceKlass apex/jorje/semantic/ast/modifier/property/rule/AnnotationPropertyRules$IntegerRule
instanceKlass apex/jorje/semantic/symbol/type/AnnotationTypeInfos$10
instanceKlass apex/jorje/semantic/ast/visitor/reference/ExternalDependency
instanceKlass apex/jorje/semantic/ast/modifier/property/rule/IsTestTestForValueParser
instanceKlass apex/jorje/semantic/ast/modifier/property/rule/AnnotationPropertyRules$IsTestTestForTypeRule
instanceKlass apex/jorje/semantic/ast/modifier/property/rule/AnnotationPropertyRules$DuplicateAnnotationParameterKeyRule
instanceKlass apex/jorje/semantic/symbol/type/AnnotationTypeInfos$9
instanceKlass apex/jorje/semantic/symbol/type/AnnotationTypeInfos$8
instanceKlass apex/jorje/semantic/ast/modifier/property/rule/AnnotationPropertyRules$ValidApiVersion
instanceKlass apex/jorje/semantic/symbol/type/AnnotationTypeInfos$7
instanceKlass apex/jorje/semantic/symbol/type/AnnotationTypeInfos$6
instanceKlass apex/jorje/semantic/symbol/type/AnnotationTypeInfos$5
instanceKlass apex/jorje/semantic/symbol/type/AnnotationTypeInfos$4
instanceKlass apex/jorje/semantic/ast/modifier/property/rule/AnnotationPropertyRules$PermGuardedProperty
instanceKlass apex/jorje/semantic/ast/modifier/property/rule/AnnotationPropertyRules$ValidSiblingParametersRule
instanceKlass apex/jorje/semantic/ast/modifier/property/rule/AnnotationPropertyRules$StringRule
instanceKlass apex/jorje/semantic/ast/modifier/property/rule/AnnotationPropertyRules$MinVersion
instanceKlass com/google/common/collect/MoreSets
instanceKlass apex/jorje/semantic/ast/modifier/property/rule/AnnotationPropertyRules$AllowedElementsRule
instanceKlass apex/jorje/semantic/ast/modifier/rule/AnnotationContext
instanceKlass apex/jorje/semantic/symbol/type/visitor/AnnotationContextVisitor$Default
instanceKlass apex/jorje/semantic/symbol/type/visitor/AnnotationContextVisitor
instanceKlass apex/jorje/semantic/ast/modifier/property/rule/AnnotationPropertyRules
instanceKlass java/util/ResourceBundle$Control$2
instanceKlass sun/util/resources/Bundles
instanceKlass java/util/ResourceBundle$CacheKeyReference
instanceKlass java/util/ResourceBundle$CacheKey
instanceKlass java/util/ResourceBundle$Control
instanceKlass java/util/stream/AbstractSpinedBuffer
instanceKlass java/util/ImmutableCollections$Access$1
instanceKlass jdk/internal/access/JavaUtilCollectionAccess
instanceKlass java/util/ImmutableCollections$Access
instanceKlass java/util/ServiceLoader$ProviderSpliterator
instanceKlass java/util/spi/ResourceBundleControlProvider
instanceKlass java/util/ResourceBundle$ResourceBundleControlProviderHolder
instanceKlass java/util/ResourceBundle$1
instanceKlass jdk/internal/access/JavaUtilResourceBundleAccess
instanceKlass java/util/ResourceBundle
instanceKlass apex/jorje/services/I18nSupport
instanceKlass apex/jorje/semantic/ast/modifier/property/rule/AnnotationPropertyRule
instanceKlass apex/jorje/semantic/symbol/type/AnnotationTypeInfos$3
instanceKlass apex/jorje/semantic/symbol/type/AnnotationTypeInfos$2
instanceKlass apex/jorje/semantic/symbol/type/AnnotationTypeInfos$1
instanceKlass apex/jorje/semantic/ast/modifier/property/rule/AnnotationPropertyRuleGroup$Builder
instanceKlass apex/jorje/semantic/ast/modifier/property/rule/AnnotationPropertyRuleGroup
instanceKlass apex/jorje/semantic/symbol/type/AnnotationProperty$Builder
instanceKlass apex/jorje/semantic/symbol/type/AnnotationProperty
instanceKlass apex/jorje/semantic/symbol/type/AnnotationTypeInfos
instanceKlass apex/jorje/semantic/bcl/ListIteratorMethods
instanceKlass apex/jorje/semantic/symbol/type/WrapperTypeInfos
instanceKlass apex/common/base/ToUpperCaseFast
instanceKlass apex/common/base/ToUpperCaseProvider
instanceKlass apex/common/base/ToLowerCaseFast
instanceKlass apex/common/base/ToLowerCaseProvider
instanceKlass apex/common/base/MoreStrings
instanceKlass apex/jorje/semantic/symbol/type/GenericTypeInfoDepthCalculator
instanceKlass apex/jorje/semantic/symbol/type/ReifiedMethodsInitializer
instanceKlass apex/jorje/semantic/symbol/type/ReifiedParentsInitializer
instanceKlass apex/jorje/semantic/symbol/type/ReifiedFieldsInitializer
instanceKlass apex/jorje/semantic/symbol/type/details/CodeUnitDetailsProvider
instanceKlass apex/jorje/semantic/symbol/type/details/CodeUnitDetailsProvider$NonSourceCodeUnitDetails$Builder
instanceKlass apex/jorje/semantic/symbol/type/details/CodeUnitDetailsProvider$NonSourceCodeUnitDetails
instanceKlass apex/jorje/semantic/symbol/type/common/CollectionTypeInfoUtil
instanceKlass apex/jorje/semantic/common/iterable/LessStrings
instanceKlass apex/jorje/semantic/symbol/type/visitor/TypeInfoVisitor$Default
instanceKlass apex/jorje/semantic/symbol/type/common/GenericTypeInfoUtil
instanceKlass apex/jorje/semantic/symbol/type/GenericTypeInfoFactory
instanceKlass apex/jorje/semantic/bcl/SObjectMethods
instanceKlass apex/jorje/semantic/bcl/SObjectFields
instanceKlass apex/jorje/semantic/bcl/ExceptionMethods
instanceKlass apex/jorje/semantic/bcl/MapMethods
instanceKlass apex/jorje/semantic/symbol/type/naming/TypeEraser
instanceKlass apex/jorje/semantic/symbol/member/method/signature/SignatureFactory
instanceKlass apex/jorje/semantic/symbol/member/method/signature/EmitSignatureFactory
instanceKlass apex/jorje/semantic/bcl/SetMethods
instanceKlass apex/common/collect/MoreIterables
instanceKlass apex/jorje/semantic/symbol/type/visitor/TypeInfoVisitor
instanceKlass apex/jorje/semantic/symbol/type/common/TypeInfoUtil
instanceKlass apex/jorje/semantic/bcl/ListMethods
instanceKlass apex/jorje/semantic/symbol/type/parent/ParentTableFactory
instanceKlass apex/jorje/semantic/bcl/FlowInterviewMethods
instanceKlass apex/jorje/semantic/bcl/LabelMethods
instanceKlass apex/jorje/semantic/symbol/type/ArgumentTypeInfos
instanceKlass apex/jorje/semantic/bcl/EnumMethods
instanceKlass com/google/common/base/NullnessCasts
instanceKlass com/google/common/base/AbstractIterator$1
instanceKlass com/google/common/base/Splitter$5
instanceKlass com/google/common/base/AbstractIterator
instanceKlass com/google/common/base/Splitter$1
instanceKlass com/google/common/base/CharMatcher
instanceKlass com/google/common/base/Splitter$Strategy
instanceKlass com/google/common/base/Splitter
instanceKlass apex/jorje/semantic/symbol/member/variable/FieldInfo
instanceKlass apex/jorje/semantic/symbol/member/variable/Variable
instanceKlass apex/jorje/semantic/symbol/type/InternalTypeInfos
instanceKlass apex/jorje/semantic/bcl/DateMethods
instanceKlass apex/jorje/semantic/bcl/DateTimeMethods
instanceKlass java/util/Calendar
instanceKlass apex/jorje/semantic/bcl/TimeMethods
instanceKlass apex/jorje/semantic/bcl/StringMethods
instanceKlass apex/jorje/semantic/bcl/BooleanMethods
instanceKlass apex/jorje/semantic/bcl/IntegerMethods
instanceKlass apex/jorje/semantic/bcl/LongMethods
instanceKlass apex/jorje/semantic/bcl/DoubleMethods
instanceKlass apex/jorje/semantic/bcl/DecimalMethods
instanceKlass apex/jorje/semantic/bcl/IdMethods
instanceKlass apex/jorje/semantic/bcl/CurrencyMethods
instanceKlass apex/jorje/semantic/bcl/BlobMethods
instanceKlass apex/jorje/semantic/ast/modifier/Modifiers$NoLocFactory
instanceKlass apex/jorje/semantic/ast/modifier/Modifiers$Factory
instanceKlass apex/jorje/semantic/ast/modifier/Modifiers
instanceKlass apex/jorje/semantic/symbol/type/ModifierTypeInfos$18
instanceKlass apex/jorje/semantic/symbol/type/ModifierTypeInfos$17
instanceKlass apex/jorje/semantic/symbol/type/ModifierTypeInfos$16
instanceKlass apex/jorje/semantic/symbol/type/ModifierTypeInfos$15
instanceKlass apex/jorje/semantic/symbol/type/ModifierTypeInfos$14
instanceKlass apex/jorje/semantic/ast/modifier/rule/AnnotationContextRule
instanceKlass apex/jorje/semantic/symbol/type/ModifierTypeInfos$13
instanceKlass apex/jorje/semantic/symbol/type/ModifierTypeInfos$12
instanceKlass apex/jorje/semantic/symbol/type/ModifierTypeInfos$11
instanceKlass apex/jorje/semantic/symbol/type/ModifierTypeInfos$10
instanceKlass apex/jorje/semantic/symbol/type/ModifierTypeInfos$9
instanceKlass apex/jorje/semantic/symbol/type/ModifierTypeInfos$8
instanceKlass apex/jorje/semantic/symbol/type/ModifierTypeInfos$7
instanceKlass apex/jorje/semantic/symbol/type/ModifierTypeInfos$6
instanceKlass apex/jorje/semantic/ast/modifier/rule/AnnotationRuleGroup$Builder
instanceKlass apex/jorje/semantic/ast/modifier/rule/AnnotationRuleGroup
instanceKlass apex/jorje/semantic/symbol/type/ModifierTypeInfos$5
instanceKlass apex/jorje/semantic/symbol/type/ModifierTypeInfos$4
instanceKlass apex/jorje/semantic/symbol/type/ModifierTypeInfos$3
instanceKlass apex/jorje/semantic/symbol/type/ModifierTypeInfos$2
instanceKlass com/google/common/base/Equivalence$Wrapper
instanceKlass apex/jorje/semantic/symbol/type/naming/TypeNameUtil
instanceKlass apex/jorje/semantic/ast/modifier/ModifierGroup$AllSupplier
instanceKlass apex/common/base/WeakStringInterner
instanceKlass apex/jorje/semantic/compiler/Namespaces
instanceKlass com/google/common/collect/MoreLists
instanceKlass java/util/Spliterators$IteratorSpliterator
instanceKlass apex/jorje/semantic/symbol/member/method/MemoizingMethodTable
instanceKlass apex/common/base/Result
instanceKlass apex/jorje/semantic/symbol/member/variable/StandardFieldTable
instanceKlass apex/jorje/semantic/symbol/type/parent/StandardParentTable
instanceKlass apex/jorje/semantic/symbol/type/UnitType$1
instanceKlass apex/jorje/semantic/symbol/type/ModifierTypeInfos$1
instanceKlass apex/jorje/semantic/symbol/type/ModifierTypeInfos
instanceKlass apex/jorje/data/Locations$PositionFactory
instanceKlass apex/common/base/ObjectHash
instanceKlass apex/common/tuple/IntPairFactory
instanceKlass apex/common/tuple/IntPairInterner
instanceKlass apex/common/tuple/IntPair
instanceKlass apex/jorje/data/PositionLocation
instanceKlass apex/jorje/data/Locations$Factory
instanceKlass apex/jorje/data/Locations
instanceKlass apex/jorje/data/ast/Modifier$SwitchBlock
instanceKlass apex/jorje/semantic/ast/modifier/ModifierGroupBuilder
instanceKlass com/google/common/collect/MapMakerInternalMap$WeakKeyDummyValueEntry$Helper
instanceKlass com/google/common/collect/Interners$InternerImpl
instanceKlass com/google/common/collect/Interner
instanceKlass com/google/common/collect/Interners$InternerBuilder
instanceKlass com/google/common/collect/Interners
instanceKlass apex/jorje/semantic/symbol/type/visitor/ModifierOrAnnotationVisitor
instanceKlass apex/jorje/semantic/ast/modifier/ModifierGroups
instanceKlass com/google/common/base/Suppliers$MemoizingSupplier
instanceKlass com/google/common/base/Suppliers$NonSerializableMemoizingSupplier
instanceKlass apex/jorje/semantic/bcl/ObjectMethods
instanceKlass javax/xml/namespace/QName
instanceKlass apex/jorje/semantic/symbol/type/BasicType$Builder
instanceKlass apex/jorje/semantic/symbol/type/naming/TypeNameFactory
instanceKlass apex/common/base/Initializers$OfInstanceInitializer
instanceKlass apex/common/base/Initializers$MemoizingInitializer
instanceKlass apex/common/base/Initializers
instanceKlass apex/common/base/Initializer
instanceKlass apex/jorje/data/ast/CompilationUnit$MatchBlock
instanceKlass apex/jorje/semantic/symbol/type/parent/ParentTable
instanceKlass apex/jorje/semantic/symbol/member/method/MethodTable
instanceKlass apex/jorje/semantic/symbol/member/variable/FieldTable
instanceKlass apex/jorje/semantic/symbol/type/CodeUnitDetails
instanceKlass apex/jorje/semantic/symbol/type/AbstractTypeInfo$Builder
instanceKlass apex/common/collect/AbstractHashedMap$HashEntry
instanceKlass apex/common/collect/KeyValue
instanceKlass apex/common/collect/MapIterator
instanceKlass apex/common/collect/IterableMap
instanceKlass com/google/common/collect/MoreMaps
instanceKlass apex/jorje/semantic/symbol/type/StandardTypeInfo
instanceKlass apex/jorje/semantic/symbol/type/AbstractTypeInfo
instanceKlass apex/jorje/semantic/symbol/type/TypeInfos
instanceKlass apex/jorje/semantic/symbol/type/TypeInfoTables
instanceKlass apex/jorje/semantic/common/TestFlowInterviewTypeInfos
instanceKlass com/google/common/collect/MapMakerInternalMap$StrongValueEntry
instanceKlass com/google/inject/internal/DelegatingInvocationHandler
instanceKlass apex/jorje/lsp/impl/visitors/ApexOASContextVisitor$$FastClassByGuice$$48116f6
instanceKlass apex/jorje/lsp/impl/visitors/ApexOASEligibleSymbolVisitor$$FastClassByGuice$$4790d63
instanceKlass apex/jorje/lsp/impl/visitors/DocCommentVisitor$$FastClassByGuice$$465e85b
instanceKlass apex/jorje/lsp/impl/visitors/codeActions/ParameterPlaceholderVisitor$$FastClassByGuice$$455069b
instanceKlass apex/jorje/lsp/impl/visitors/CodeActionVisitor$$FastClassByGuice$$445be7f
instanceKlass apex/jorje/lsp/impl/visitors/FieldNameConflictVisitor$$FastClassByGuice$$43dd365
instanceKlass apex/jorje/lsp/impl/visitors/StandardDocumentSymbolVisitor$$FastClassByGuice$$42ac0e1
instanceKlass apex/jorje/lsp/impl/visitors/MethodNameConflictVisitor$$FastClassByGuice$$41f1591
instanceKlass apex/jorje/lsp/impl/visitors/InnerUserClassVisitor$$FastClassByGuice$$402c224
instanceKlass apex/jorje/lsp/impl/visitors/codeActions/DeclareMissingMethodVisitor$$FastClassByGuice$$3f820b7
instanceKlass apex/jorje/lsp/impl/index/converter/TypeInfoConverter$$FastClassByGuice$$3e5cf22
instanceKlass apex/jorje/lsp/impl/completions/triggers/TriggerValidationBasedCompletionActivationStrategy$$FastClassByGuice$$3d2ab5a
instanceKlass apex/jorje/lsp/impl/completions/SObjectCompletionActivationStrategy$$FastClassByGuice$$3cdd51e
instanceKlass apex/jorje/lsp/impl/completions/StringCompletionActivationStrategy$$FastClassByGuice$$3bcfcc2
instanceKlass apex/jorje/lsp/impl/completions/PrefixCompletionActivationStrategy$$FastClassByGuice$$3ac4efb
instanceKlass sun/reflect/annotation/AnnotationInvocationHandler$1
instanceKlass com/google/inject/internal/WeakKeySet$KeyAndSource
instanceKlass com/google/common/collect/Count
instanceKlass com/google/common/base/Strings
instanceKlass com/google/inject/internal/SourceFormatter
instanceKlass com/google/inject/internal/Messages$Converter
instanceKlass com/google/inject/internal/Messages
instanceKlass apex/jorje/lsp/impl/completions/ValidationBasedCompletionActivationStrategy$$FastClassByGuice$$394af13
instanceKlass com/google/inject/internal/InjectorShell$InheritedScannersModule
instanceKlass com/google/inject/internal/Initializer$1
instanceKlass com/google/common/collect/AbstractMapBasedMultimap$AsMap$AsMapIterator
instanceKlass com/google/inject/name/NamedImpl
instanceKlass com/google/inject/name/Named
instanceKlass com/google/inject/name/Names
instanceKlass com/google/inject/internal/Indexer$IndexedBinding
instanceKlass com/google/common/collect/AbstractMapBasedMultimap$WrappedCollection$WrappedIterator
instanceKlass com/google/inject/internal/SingleMethodInjector$1
instanceKlass com/google/inject/assistedinject/FactoryProvider2$$FastClassByGuice$$38f7a80
instanceKlass com/google/inject/internal/InjectorImpl$MethodInvoker
instanceKlass com/google/inject/internal/SingleMethodInjector
instanceKlass apex/jorje/lsp/impl/telemetry/StandardTelemetryHandler$$FastClassByGuice$$37ebf74
instanceKlass apex/jorje/lsp/impl/error/StandardErrorHandler$$FastClassByGuice$$3613384
instanceKlass apex/jorje/lsp/impl/codeLens/AnonymousApexCodeLensesProvider$$FastClassByGuice$$3566604
instanceKlass apex/jorje/lsp/impl/codeLens/ApexTestRunCodeLensesProvider$$FastClassByGuice$$34dc4a2
instanceKlass org/eclipse/lsp4j/Command
instanceKlass apex/jorje/lsp/impl/codeLens/CodeLensesProviderAggregator$$FastClassByGuice$$337f1eb
instanceKlass apex/jorje/lsp/impl/codeActions/ApexCodeActionsProvider$$FastClassByGuice$$323017e
instanceKlass apex/jorje/lsp/impl/codeActions/quickFix/DeclareMissingMethodProvider$$FastClassByGuice$$316662c
instanceKlass apex/jorje/lsp/impl/codeActions/quickFix/DeclareMissingMethodProvider$GeneratedMethod
instanceKlass org/eclipse/lsp4j/Range
instanceKlass apex/jorje/lsp/impl/codeActions/CodeActionsProviderAggregator$$FastClassByGuice$$301e4dd
instanceKlass apex/jorje/lsp/impl/services/StandardWorkspaceService$$FastClassByGuice$$2f2b9b6
instanceKlass apex/jorje/lsp/impl/workspace/WorkspaceChangeListenerDispatcher$$FastClassByGuice$$2e660fb
instanceKlass apex/jorje/lsp/impl/workspace/StandardDependentCompilationTracker$$FastClassByGuice$$2df8eb7
instanceKlass apex/jorje/lsp/impl/services/StandardTextDocumentService$$FastClassByGuice$$2c02a3a
instanceKlass org/eclipse/lsp4j/jsonrpc/CancelChecker
instanceKlass org/eclipse/lsp4j/WorkDoneProgressAndPartialResultParams
instanceKlass org/eclipse/lsp4j/CodeLens
instanceKlass org/eclipse/lsp4j/DocumentFormattingParams
instanceKlass org/eclipse/lsp4j/DocumentRangeFormattingParams
instanceKlass apex/jorje/lsp/impl/services/StandardTextDocumentService$ParamCreator
instanceKlass org/eclipse/lsp4j/PartialResultParams
instanceKlass apex/jorje/lsp/impl/workspace/StandardApexDocumentService$$FastClassByGuice$$2bfdec9
instanceKlass apex/jorje/lsp/impl/utils/StandardSymbolPrinter$$FastClassByGuice$$2ac5de8
instanceKlass apex/jorje/lsp/impl/tests/StandardTestService$$FastClassByGuice$$296bc36
instanceKlass apex/jorje/lsp/impl/tests/TestMethod
instanceKlass apex/jorje/lsp/impl/apexoas/ApexOASService$$FastClassByGuice$$28705fa
instanceKlass apex/jorje/lsp/api/db/interfaces/IApexMethodParameter
instanceKlass apex/jorje/lsp/api/apexoas/ApexOASInterface
instanceKlass apex/jorje/lsp/api/db/interfaces/IApexMethod
instanceKlass apex/jorje/lsp/api/db/interfaces/IApexField
instanceKlass apex/jorje/lsp/api/apexoas/ApexOASEligiblePayload
instanceKlass apex/jorje/lsp/impl/apexoas/ApexOASClientConfig
instanceKlass apex/jorje/lsp/impl/debug/ApexDebuggerService$$FastClassByGuice$$270646a
instanceKlass apex/jorje/lsp/impl/symbols/ApexSymbolProvider$$FastClassByGuice$$263bb8b
instanceKlass apex/jorje/semantic/compiler/Namespace
instanceKlass apex/jorje/lsp/impl/services/ServiceManagerProvider$$FastClassByGuice$$251b4fb
instanceKlass apex/jorje/lsp/ApexLanguageServerLauncher$$FastClassByGuice$$2404a40
instanceKlass org/eclipse/lsp4j/jsonrpc/messages/Message
instanceKlass apex/jorje/lsp/impl/services/ApexLanguageServer$$FastClassByGuice$$23e088f
instanceKlass org/eclipse/lsp4j/jsonrpc/services/JsonDelegate
instanceKlass org/eclipse/lsp4j/SetTraceParams
instanceKlass apex/jorje/lsp/api/client/ExtendedLanguageClient
instanceKlass org/eclipse/lsp4j/InitializeParams
instanceKlass apex/jorje/lsp/impl/concurrency/ParentProcessWatcher
instanceKlass java/util/concurrent/CompletableFuture
instanceKlass java/util/concurrent/CompletionStage
instanceKlass apex/jorje/lsp/impl/services/StandardCompilerService$$FastClassByGuice$$222a8d7
instanceKlass apex/jorje/semantic/compiler/ApexCompiler
instanceKlass apex/jorje/semantic/compiler/CompilerService
instanceKlass apex/jorje/semantic/compiler/Compiler
instanceKlass apex/jorje/lsp/impl/utils/CodeUnitLRU
instanceKlass apex/jorje/semantic/symbol/resolver/SymbolResolver
instanceKlass apex/jorje/semantic/compiler/sfdc/QueryValidator
instanceKlass apex/jorje/semantic/compiler/sfdc/AccessEvaluator
instanceKlass apex/jorje/lsp/impl/index/ApexIndexProvider$$FastClassByGuice$$21a135b
instanceKlass apex/jorje/lsp/impl/typings/TypeDefinitionLifecycleHandler$$FastClassByGuice$$20dca52
instanceKlass apex/jorje/lsp/impl/diagnostics/DiagnosticsReporter$$FastClassByGuice$$1f27399
instanceKlass apex/jorje/lsp/impl/document/DocumentLifecycleDispatcher$$FastClassByGuice$$1e9b21f
instanceKlass apex/jorje/lsp/impl/connection/StandardIoProvider$$FastClassByGuice$$1d5bcb4
instanceKlass apex/jorje/lsp/impl/concurrency/ExecutorServiceProvider$$FastClassByGuice$$1c59753
instanceKlass apex/jorje/lsp/impl/hover/StandardHoverProvider$$FastClassByGuice$$1bc166e
instanceKlass org/eclipse/lsp4j/Hover
instanceKlass apex/jorje/lsp/impl/rename/StandardRenameProvider$$FastClassByGuice$$1a6bbaf
instanceKlass org/eclipse/lsp4j/WorkspaceEdit
instanceKlass org/eclipse/lsp4j/WorkDoneProgressParams
instanceKlass apex/jorje/lsp/impl/references/DBBackedReferenceProvider$$FastClassByGuice$$1968873
instanceKlass apex/jorje/semantic/symbol/member/method/MethodInfo
instanceKlass apex/jorje/lsp/api/db/interfaces/IDb
instanceKlass apex/jorje/lsp/api/db/interfaces/IApexReference
instanceKlass apex/jorje/lsp/impl/references/DBBackedReferenceProvider$DBReferenceInfo
instanceKlass apex/jorje/lsp/impl/references/ReferenceInfo
instanceKlass apex/jorje/lsp/impl/references/TrackedUsageReferenceStrategy$$FastClassByGuice$$18995f4
instanceKlass org/eclipse/lsp4j/Location
instanceKlass apex/jorje/lsp/impl/references/ApexReferenceStrategyAggregator$$FastClassByGuice$$1775539
instanceKlass apex/jorje/lsp/impl/services/StandardDocumentationService$$FastClassByGuice$$1698ca7
instanceKlass org/eclipse/lsp4j/MarkupContent
instanceKlass apex/jorje/lsp/impl/definition/StandardSymbolsDefinitionStrategy$$FastClassByGuice$$15ad511
instanceKlass apex/jorje/lsp/impl/search/StandardMemberDefinitionLocator$$FastClassByGuice$$14a0017
instanceKlass apex/jorje/semantic/symbol/member/Member
instanceKlass apex/jorje/lsp/impl/search/StandardMemberDefinitionLocator$Locator
instanceKlass apex/jorje/lsp/impl/definition/ApexDefinitionStrategyAggregator$$FastClassByGuice$$13d8c7a
instanceKlass apex/jorje/lsp/impl/completions/SObjectFieldNamesCompletionStrategy$$FastClassByGuice$$1260689
instanceKlass apex/jorje/lsp/impl/completions/soql/EmbeddedSoqlCompletionStrategy$$FastClassByGuice$$11b0db3
instanceKlass apex/jorje/lsp/impl/completions/triggers/TriggerContextVariablesCompletionStrategy$$FastClassByGuice$$10535ff
instanceKlass apex/jorje/lsp/impl/completions/triggers/TriggerKeywordCompletionStrategy$$FastClassByGuice$$fbfe23
instanceKlass apex/jorje/lsp/impl/completions/SystemNamespaceCompletionStrategy$$FastClassByGuice$$e2cc36
instanceKlass apex/jorje/lsp/impl/completions/TypesCompletionStrategy$$FastClassByGuice$$d156a7
instanceKlass org/eclipse/lsp4j/CompletionItem
instanceKlass apex/jorje/lsp/impl/utils/ConstructorContextUtil$$FastClassByGuice$$c1a8ff
instanceKlass apex/jorje/lsp/impl/utils/ConstructorContextUtil
instanceKlass apex/jorje/lsp/impl/completions/MembersCompletionStrategy$$FastClassByGuice$$bed2f0
instanceKlass apex/jorje/lsp/impl/utils/MembersContextUtil$$FastClassByGuice$$acf65c
instanceKlass apex/jorje/lsp/impl/utils/MembersContextUtil
instanceKlass apex/jorje/lsp/impl/completions/MethodNamesCompletionStrategy$$FastClassByGuice$$9e4f1b
instanceKlass apex/jorje/lsp/impl/completions/FieldNamesCompletionStrategy$$FastClassByGuice$$8136ac
instanceKlass apex/jorje/lsp/impl/utils/NamesCompletionStrategies$NameProcessor
instanceKlass apex/jorje/lsp/impl/completions/LocalVariableNamesCompletionStrategy$$FastClassByGuice$$78a0f9
instanceKlass apex/jorje/lsp/impl/completions/ApexCompletionStrategyAggregator$$FastClassByGuice$$63381f
instanceKlass org/apache/commons/lang3/mutable/MutableBoolean
instanceKlass org/apache/commons/lang3/mutable/Mutable
instanceKlass org/eclipse/lsp4j/TextDocumentPositionParams
instanceKlass com/google/inject/internal/DefaultConstructionProxyFactory$ReflectiveProxy
instanceKlass apex/jorje/lsp/impl/utils/SfdxProjects$$FastClassByGuice$$535480
instanceKlass apex/jorje/lsp/impl/utils/Symbols$$FastClassByGuice$$4a6b8e
instanceKlass apex/jorje/lsp/impl/utils/Symbols$Builder
instanceKlass apex/jorje/lsp/impl/services/ApexPreludeManagedService$$FastClassByGuice$$38f9d2
instanceKlass apex/jorje/semantic/compiler/SourceFile
instanceKlass apex/jorje/semantic/compiler/SourceInfo
instanceKlass apex/jorje/lsp/impl/index/ApexIndexer$$FastClassByGuice$$2f0a22
instanceKlass org/eclipse/lsp4j/DidOpenTextDocumentParams
instanceKlass org/eclipse/lsp4j/DidSaveTextDocumentParams
instanceKlass org/eclipse/lsp4j/DidCloseTextDocumentParams
instanceKlass org/eclipse/lsp4j/DidChangeTextDocumentParams
instanceKlass apex/jorje/lsp/impl/utils/ApexIndexerOperationForUri
instanceKlass apex/jorje/semantic/compiler/CodeUnit
instanceKlass apex/jorje/lsp/impl/index/SfdxProjectPOJO
instanceKlass org/eclipse/lsp4j/DidChangeWatchedFilesParams
instanceKlass org/eclipse/lsp4j/DidChangeConfigurationParams
instanceKlass java/util/concurrent/CountDownLatch
instanceKlass com/google/common/util/concurrent/AbstractScheduledService$Scheduler
instanceKlass java/util/concurrent/ScheduledExecutorService
instanceKlass apex/jorje/lsp/impl/typings/Typings$$FastClassByGuice$$1ecce3
instanceKlass java/nio/file/PathMatcher
instanceKlass com/google/inject/internal/DefaultConstructionProxyFactory$FastClassProxy
instanceKlass com/google/inject/internal/aop/ImmutableStringTrie
instanceKlass java/util/function/ToIntFunction
instanceKlass apex/jorje/lsp/impl/typings/TypeDefinitionWriter$$FastClassByGuice$$8ca8c
instanceKlass com/google/inject/internal/aop/GeneratedClassDefiner
instanceKlass com/google/inject/internal/aop/UnsafeClassDefiner$ClassLoaderDefineClassHolder
instanceKlass com/google/inject/internal/asm/$Handler
instanceKlass com/google/inject/internal/asm/$Attribute
instanceKlass com/google/inject/internal/aop/BytecodeTasks
instanceKlass com/google/inject/internal/asm/$Handle
instanceKlass com/google/inject/internal/asm/$Label
instanceKlass com/google/inject/internal/asm/$Frame
instanceKlass com/google/inject/internal/asm/$ByteVector
instanceKlass com/google/inject/internal/asm/$Symbol
instanceKlass com/google/inject/internal/asm/$SymbolTable
instanceKlass com/google/inject/internal/asm/$FieldVisitor
instanceKlass com/google/inject/internal/asm/$MethodVisitor
instanceKlass com/google/inject/internal/asm/$AnnotationVisitor
instanceKlass com/google/inject/internal/asm/$ModuleVisitor
instanceKlass com/google/inject/internal/asm/$RecordComponentVisitor
instanceKlass com/google/inject/internal/asm/$ClassVisitor
instanceKlass com/google/inject/internal/aop/AbstractGlueGenerator
instanceKlass com/google/inject/internal/asm/$Type
instanceKlass com/google/inject/internal/aop/HiddenClassDefiner
instanceKlass java/util/Collections$UnmodifiableCollection$1
instanceKlass java/lang/StackTraceElement$HashedModules
instanceKlass com/google/inject/internal/aop/UnsafeGetter
instanceKlass com/google/inject/internal/aop/AnonymousClassDefiner
instanceKlass com/google/inject/internal/aop/UnsafeClassDefiner
instanceKlass com/google/inject/internal/aop/ClassDefining$ClassDefinerHolder
instanceKlass com/google/inject/internal/aop/ClassDefiner
instanceKlass com/google/inject/internal/aop/ClassDefining
instanceKlass com/google/inject/internal/BytecodeGen$EnhancerBuilder
instanceKlass com/google/inject/internal/aop/ClassBuilding
instanceKlass com/google/common/collect/MapMakerInternalMap$WeakKeyStrongValueEntry$Helper
instanceKlass com/google/common/collect/MapMakerInternalMap$InternalEntry
instanceKlass com/google/common/collect/MapMakerInternalMap$1
instanceKlass com/google/common/collect/MapMakerInternalMap$InternalEntryHelper
instanceKlass com/google/common/collect/MapMakerInternalMap$WeakValueReference
instanceKlass com/google/common/collect/MapMaker
instanceKlass com/google/inject/internal/BytecodeGen
instanceKlass com/google/inject/internal/DefaultConstructionProxyFactory
instanceKlass com/google/inject/internal/ConstructorInjector
instanceKlass com/google/inject/internal/ConstructionProxy
instanceKlass com/google/inject/internal/ProxyFactory
instanceKlass com/google/common/collect/TransformedIterator
instanceKlass com/google/inject/spi/InterceptorBinding
instanceKlass com/google/inject/internal/MethodAspect
instanceKlass com/google/inject/internal/MembersInjectorImpl
instanceKlass com/google/inject/internal/EncounterImpl
instanceKlass apex/jorje/lsp/impl/typings/TypeDefinitionModule
instanceKlass apex/jorje/lsp/impl/typings/TypeDefinitionWriter
instanceKlass apex/jorje/lsp/impl/typings/Typings
instanceKlass com/google/common/util/concurrent/Service$Listener
instanceKlass com/google/common/util/concurrent/AbstractService
instanceKlass com/google/inject/internal/InjectorImpl$SyntheticProviderBindingImpl$1
instanceKlass com/google/inject/internal/InjectorImpl$1
instanceKlass apex/jorje/lsp/impl/utils/SfdxProjects$ProjectFileVisitor
instanceKlass com/google/inject/internal/ConstructorBindingImpl$Factory
instanceKlass java/nio/file/FileVisitor
instanceKlass com/google/inject/ProvidedBy
instanceKlass com/google/inject/ImplementedBy
instanceKlass com/google/inject/internal/InternalFactoryToProviderAdapter
instanceKlass com/google/inject/internal/ConstructionContext
instanceKlass com/google/inject/internal/SingletonScope$1
instanceKlass com/google/inject/internal/ProviderToInternalFactoryAdapter
instanceKlass com/google/inject/internal/BindingProcessor$2
instanceKlass com/google/inject/multibindings/MultibindingsTargetVisitor
instanceKlass com/google/inject/internal/FactoryProxy
instanceKlass com/google/common/cache/LocalCache$AbstractReferenceEntry
instanceKlass com/google/inject/internal/ProvisionListenerCallbackStore$KeyBinding
instanceKlass com/google/inject/internal/ProviderInternalFactory
instanceKlass com/google/inject/internal/CycleDetectingLock$CycleDetectingLockFactory$ReentrantCycleDetectingLock
instanceKlass com/google/inject/internal/Initializer$InjectableReference
instanceKlass com/google/inject/assistedinject/AssistedInjectTargetVisitor
instanceKlass com/google/inject/spi/ExposedBinding
instanceKlass com/google/inject/internal/CreationListener
instanceKlass com/google/inject/internal/InjectorShell$LoggerFactory
instanceKlass com/google/inject/internal/InjectorShell$InjectorFactory
instanceKlass com/google/inject/internal/Initializables$1
instanceKlass com/google/inject/internal/Initializables
instanceKlass com/google/inject/internal/ConstantFactory
instanceKlass com/google/inject/internal/InjectorShell
instanceKlass com/google/inject/internal/ProvisionListenerCallbackStore
instanceKlass com/google/inject/internal/SingleMemberInjector
instanceKlass com/google/inject/spi/TypeEncounter
instanceKlass com/google/inject/internal/MembersInjectorStore
instanceKlass com/google/inject/internal/TypeConverterBindingProcessor$4
instanceKlass com/google/inject/internal/TypeConverterBindingProcessor$2
instanceKlass com/google/inject/internal/TypeConverterBindingProcessor$1
instanceKlass com/google/inject/spi/TypeConverterBinding
instanceKlass com/google/inject/matcher/AbstractMatcher
instanceKlass com/google/inject/matcher/Matchers
instanceKlass com/google/inject/internal/TypeConverterBindingProcessor$5
instanceKlass com/google/inject/internal/ConstructionProxyFactory
instanceKlass com/google/inject/internal/FailableCache
instanceKlass com/google/inject/internal/ConstructorInjectorStore
instanceKlass com/google/inject/internal/DeferredLookups
instanceKlass com/google/inject/spi/ConvertedConstantBinding
instanceKlass com/google/inject/spi/ProviderBinding
instanceKlass com/google/inject/internal/InjectorImpl$InjectorOptions
instanceKlass org/eclipse/lsp4j/jsonrpc/services/JsonSegment
instanceKlass javax/annotation/Nonnull
instanceKlass javax/annotation/meta/TypeQualifierDefault
instanceKlass com/google/common/util/concurrent/ElementTypesAreNonnullByDefault
instanceKlass com/google/inject/internal/GuiceInternal
instanceKlass com/google/inject/internal/util/StackTraceElements$InMemoryStackTraceElement
instanceKlass com/google/inject/internal/util/StackTraceElements
instanceKlass apex/jorje/lsp/impl/telemetry/TelemetryFactory
instanceKlass apex/jorje/lsp/impl/telemetry/StandardTelemetryHandler
instanceKlass apex/jorje/lsp/api/telemetry/TelemetryHandler
instanceKlass apex/jorje/lsp/impl/error/StandardErrorHandler
instanceKlass apex/jorje/lsp/api/error/ErrorHandler
instanceKlass apex/jorje/lsp/impl/codeLens/AnonymousApexCodeLensesProvider
instanceKlass apex/jorje/lsp/impl/codeLens/ApexTestRunCodeLensesProvider
instanceKlass apex/jorje/lsp/impl/codeLens/CodeLensesProviderAggregator
instanceKlass apex/jorje/lsp/api/codeLenses/CodeLensProvider
instanceKlass apex/jorje/lsp/impl/codeActions/BaseCodeActionsProvider
instanceKlass apex/jorje/lsp/api/codeActions/QuickFixProvider
instanceKlass apex/jorje/lsp/impl/codeActions/CodeActionsProviderAggregator
instanceKlass apex/jorje/lsp/api/codeActions/CodeActionsProvider
instanceKlass apex/jorje/lsp/impl/workspace/WorkspaceChangeListenerDispatcher
instanceKlass apex/jorje/lsp/impl/services/StandardWorkspaceService
instanceKlass org/eclipse/lsp4j/services/WorkspaceService
instanceKlass apex/jorje/lsp/impl/workspace/StandardDependentCompilationTracker
instanceKlass apex/jorje/lsp/api/workspace/DependentCompilationTracker
instanceKlass apex/jorje/lsp/impl/services/StandardTextDocumentService
instanceKlass org/eclipse/lsp4j/services/TextDocumentService
instanceKlass apex/jorje/lsp/impl/workspace/StandardApexDocumentService
instanceKlass apex/jorje/lsp/api/workspace/ApexDocumentService
instanceKlass apex/jorje/lsp/api/apexoas/ApexAnnotationDetail
instanceKlass org/eclipse/lsp4j/jsonrpc/messages/Either
instanceKlass apex/jorje/lsp/api/apexoas/ApexOASMethodDetail
instanceKlass apex/jorje/lsp/api/apexoas/ApexOASPropertyDetail
instanceKlass apex/jorje/lsp/api/apexoas/ApexClassOASGatherContextResponse
instanceKlass apex/jorje/lsp/api/visitors/ApexOASContextVisitorFactory
instanceKlass apex/jorje/lsp/api/apexoas/SymbolEligibility
instanceKlass java/lang/reflect/AnnotatedParameterizedType
instanceKlass sun/reflect/generics/tree/MethodTypeSignature
instanceKlass sun/reflect/generics/tree/VoidDescriptor
instanceKlass apex/jorje/semantic/symbol/type/ModifierOrAnnotationTypeInfo
instanceKlass apex/jorje/lsp/api/apexoas/ApexClassOASEligibleResponse
instanceKlass apex/jorje/lsp/api/visitors/ApexOASEligibleSymbolVisitorFactory
instanceKlass apex/jorje/parser/impl/HiddenToken
instanceKlass apex/jorje/parser/impl/HiddenToken$Visitor
instanceKlass apex/jorje/data/Location
instanceKlass org/eclipse/lsp4j/DocumentSymbol
instanceKlass apex/jorje/semantic/symbol/member/method/signature/Signature
instanceKlass apex/jorje/semantic/ast/statement/WhenCases$IdentifierCase
instanceKlass apex/jorje/semantic/ast/statement/ElseWhenBlock
instanceKlass apex/jorje/semantic/ast/modifier/ModifierNode
instanceKlass apex/jorje/semantic/ast/statement/TypeWhenBlock
instanceKlass apex/jorje/semantic/ast/statement/ValueWhenBlock
instanceKlass apex/jorje/semantic/ast/statement/WhenBlock
instanceKlass apex/jorje/semantic/ast/expression/ReferenceContext
instanceKlass apex/jorje/semantic/ast/compilation/Compilation
instanceKlass apex/jorje/semantic/ast/statement/WhenCases$LiteralCase
instanceKlass apex/jorje/semantic/ast/statement/WhenCase
instanceKlass apex/jorje/semantic/ast/member/Field
instanceKlass apex/jorje/semantic/ast/member/Property
instanceKlass apex/jorje/semantic/ast/member/PropertyDescriptor
instanceKlass apex/jorje/semantic/ast/expression/BindExpressions
instanceKlass apex/jorje/semantic/ast/expression/MapEntryNode
instanceKlass apex/jorje/semantic/ast/expression/QueryNode
instanceKlass apex/jorje/semantic/ast/modifier/ModifierOrAnnotation
instanceKlass apex/jorje/semantic/ast/compilation/UserExceptionMethods
instanceKlass apex/jorje/semantic/ast/modifier/ModifierGroup
instanceKlass apex/jorje/semantic/ast/modifier/AnnotationParameter
instanceKlass apex/jorje/semantic/ast/member/Method
instanceKlass apex/jorje/semantic/ast/member/Parameter
instanceKlass apex/jorje/semantic/ast/condition/StandardCondition
instanceKlass apex/jorje/semantic/ast/condition/Condition
instanceKlass apex/jorje/semantic/ast/compilation/UserClassMethods
instanceKlass apex/jorje/semantic/ast/statement/Statement
instanceKlass apex/jorje/semantic/ast/member/bridge/BridgeMethodCreator
instanceKlass apex/jorje/semantic/ast/expression/Expression
instanceKlass apex/jorje/semantic/ast/expression/ShortCircuitable
instanceKlass apex/jorje/semantic/ast/AstNode
instanceKlass apex/jorje/data/Locatable
instanceKlass apex/jorje/semantic/ast/visitor/Scope
instanceKlass apex/jorje/lsp/api/visitors/VisitorFactory
instanceKlass apex/jorje/lsp/impl/utils/SfdxProjects
instanceKlass apex/jorje/lsp/impl/utils/Symbols
instanceKlass apex/jorje/lsp/impl/utils/StandardSymbolPrinter
instanceKlass apex/jorje/lsp/api/utils/SymbolPrinter
instanceKlass apex/jorje/lsp/impl/tests/StandardTestService
instanceKlass apex/jorje/lsp/api/tests/TestService
instanceKlass apex/jorje/lsp/impl/apexoas/ApexOASService
instanceKlass org/eclipse/lsp4j/services/LanguageClientAware
instanceKlass apex/jorje/lsp/api/apexoas/OASService
instanceKlass apex/jorje/lsp/impl/debug/ApexDebuggerService
instanceKlass apex/jorje/lsp/api/debug/DebuggerService
instanceKlass apex/jorje/lsp/impl/symbols/ApexSymbolProvider
instanceKlass apex/jorje/lsp/api/symbols/CachingSymbolProvider
instanceKlass apex/jorje/semantic/compiler/sfdc/SymbolProvider
instanceKlass apex/jorje/lsp/impl/services/ServiceManagerProvider
instanceKlass com/google/common/util/concurrent/ServiceManager
instanceKlass com/google/common/util/concurrent/ServiceManagerBridge
instanceKlass apex/jorje/lsp/impl/workspace/ServerSetup
instanceKlass com/google/common/util/concurrent/AbstractIdleService
instanceKlass apex/jorje/lsp/impl/services/ApexLanguageServer
instanceKlass apex/jorje/lsp/api/client/ExtendedLanguageClientAware
instanceKlass org/eclipse/lsp4j/services/LanguageServer
instanceKlass apex/jorje/lsp/impl/services/StandardCompilerService
instanceKlass apex/jorje/lsp/impl/index/ApexIndexProvider
instanceKlass apex/jorje/lsp/api/db/interfaces/IApexTypeId
instanceKlass apex/jorje/lsp/api/db/interfaces/IApexType
instanceKlass apex/jorje/semantic/symbol/type/TypeInfo
instanceKlass apex/jorje/semantic/symbol/type/naming/TypeNameProvider
instanceKlass apex/jorje/lsp/impl/index/converter/MethodConverter
instanceKlass apex/jorje/lsp/impl/index/converter/FieldConverter
instanceKlass apex/jorje/lsp/impl/index/converter/ParameterConverter
instanceKlass apex/jorje/lsp/impl/index/converter/TypeIdConverter
instanceKlass com/google/common/collect/Iterables
instanceKlass java/util/stream/ForEachOps$ForEachOp
instanceKlass java/util/stream/ForEachOps
instanceKlass apex/jorje/lsp/api/db/interfaces/IApexIndex
instanceKlass apex/jorje/lsp/api/db/interfaces/IApexResourceFile
instanceKlass apex/jorje/lsp/api/db/interfaces/IApexNode
instanceKlass apex/jorje/lsp/api/index/converter/ConverterFactory
instanceKlass apex/jorje/lsp/impl/index/converter/TypeInfoConverter
instanceKlass apex/jorje/lsp/impl/typings/TypeDefinitionLifecycleHandler
instanceKlass apex/jorje/lsp/impl/diagnostics/DiagnosticsReporter
instanceKlass com/google/common/util/concurrent/AbstractScheduledService
instanceKlass com/google/common/util/concurrent/Service
instanceKlass apex/jorje/lsp/api/workspace/WorkspaceChangeListener
instanceKlass apex/jorje/lsp/impl/document/DocumentLifecycleDispatcher
instanceKlass apex/jorje/lsp/api/document/DocumentLifecycleHandler
instanceKlass apex/jorje/lsp/impl/connection/StandardIoProvider
instanceKlass apex/jorje/lsp/api/connection/ConnectionStreamProvider
instanceKlass apex/jorje/lsp/impl/concurrency/ExecutorServiceProvider
instanceKlass apex/jorje/lsp/impl/hover/StandardHoverProvider
instanceKlass apex/jorje/lsp/api/hover/HoverProvider
instanceKlass apex/jorje/lsp/impl/rename/StandardRenameProvider
instanceKlass apex/jorje/lsp/api/rename/RenameProvider
instanceKlass apex/jorje/lsp/impl/references/DBBackedReferenceProvider
instanceKlass apex/jorje/lsp/api/references/ReferenceLocationProvider
instanceKlass apex/jorje/lsp/impl/references/TrackedUsageReferenceStrategy
instanceKlass apex/jorje/lsp/impl/references/ApexReferenceStrategyAggregator
instanceKlass apex/jorje/lsp/api/references/ReferenceStrategy
instanceKlass apex/jorje/lsp/impl/services/StandardDocumentationService
instanceKlass apex/jorje/lsp/api/services/DocumentationService
instanceKlass apex/jorje/lsp/impl/definition/StandardSymbolsDefinitionStrategy
instanceKlass apex/jorje/lsp/impl/search/StandardMemberDefinitionLocator
instanceKlass apex/jorje/lsp/api/search/MemberDefinitionLocator
instanceKlass apex/jorje/lsp/impl/definition/ApexDefinitionStrategyAggregator
instanceKlass apex/jorje/lsp/api/definition/DefinitionStrategy
instanceKlass apex/jorje/lsp/impl/completions/SObjectFieldNamesCompletionStrategy
instanceKlass apex/jorje/lsp/impl/completions/soql/EmbeddedSoqlCompletionStrategy
instanceKlass apex/jorje/lsp/impl/completions/triggers/TriggerContextVariablesCompletionStrategy
instanceKlass apex/jorje/lsp/impl/completions/triggers/TriggerKeywordCompletionStrategy
instanceKlass apex/jorje/lsp/impl/completions/SystemNamespaceCompletionStrategy
instanceKlass apex/jorje/lsp/impl/completions/TypesCompletionStrategy
instanceKlass apex/jorje/lsp/impl/completions/MembersCompletionStrategy
instanceKlass apex/jorje/lsp/impl/completions/MethodNamesCompletionStrategy
instanceKlass apex/jorje/lsp/impl/completions/FieldNamesCompletionStrategy
instanceKlass apex/jorje/lsp/impl/completions/LocalVariableNamesCompletionStrategy
instanceKlass com/google/inject/internal/RealElement
instanceKlass com/google/inject/internal/Element
instanceKlass com/google/inject/internal/MoreTypes$WildcardTypeImpl
instanceKlass com/google/inject/internal/SingleParameterInjector
instanceKlass com/google/inject/internal/InjectorImpl
instanceKlass com/google/inject/internal/Lookups
instanceKlass com/google/inject/internal/InternalContext
instanceKlass com/google/inject/internal/ProvisionListenerStackCallback
instanceKlass sun/reflect/misc/ReflectUtil
instanceKlass sun/reflect/generics/reflectiveObjects/ParameterizedTypeImpl
instanceKlass com/google/inject/internal/ProvisionListenerStackCallback$ProvisionCallback
instanceKlass com/google/inject/internal/InternalProviderInstanceBindingImpl$Factory
instanceKlass com/google/inject/multibindings/MultibinderBinding
instanceKlass sun/reflect/generics/reflectiveObjects/LazyReflectiveObjectGenerator
instanceKlass com/google/inject/internal/MoreTypes$ParameterizedTypeImpl
instanceKlass com/google/inject/internal/MoreTypes$CompositeType
instanceKlass com/google/inject/util/Types
instanceKlass com/google/inject/internal/RealMultibinder$BindingSelection
instanceKlass apex/jorje/lsp/impl/completions/ApexCompletionStrategyAggregator
instanceKlass apex/jorje/lsp/api/completions/CompletionStrategy
instanceKlass com/google/inject/spi/ProvisionListener
instanceKlass com/google/inject/spi/TypeListener
instanceKlass org/aopalliance/intercept/MethodInterceptor
instanceKlass org/aopalliance/intercept/Interceptor
instanceKlass org/aopalliance/aop/Advice
instanceKlass com/google/inject/MembersInjector
instanceKlass com/google/inject/spi/TypeConverter
instanceKlass com/google/inject/matcher/Matcher
instanceKlass com/google/inject/spi/Message
instanceKlass com/google/inject/spi/InjectionPoint$OverrideIndex
instanceKlass com/google/inject/spi/Toolable
instanceKlass sun/reflect/generics/tree/TypeVariableSignature
instanceKlass com/google/inject/internal/Scoping
instanceKlass com/google/inject/internal/InternalFactory
instanceKlass com/google/inject/internal/InternalFlags$1
instanceKlass com/google/inject/internal/InternalFlags
instanceKlass com/google/inject/spi/ConstructorBinding
instanceKlass com/google/inject/spi/InstanceBinding
instanceKlass com/google/inject/internal/DelayedInitialize
instanceKlass com/google/inject/spi/ProviderKeyBinding
instanceKlass com/google/inject/spi/ProviderInstanceBinding
instanceKlass com/google/inject/spi/LinkedKeyBinding
instanceKlass com/google/inject/spi/UntargettedBinding
instanceKlass com/google/inject/internal/BindingImpl
instanceKlass com/google/common/collect/AbstractMapBasedMultimap$Itr
instanceKlass com/google/inject/assistedinject/FactoryProvider2$AssistData
instanceKlass com/google/inject/assistedinject/AssistedMethod
instanceKlass com/google/inject/Inject
instanceKlass jakarta/inject/Inject
instanceKlass com/google/inject/spi/InjectionPoint$InjectableMembers
instanceKlass com/google/inject/spi/Dependency
instanceKlass com/google/inject/internal/Nullability
instanceKlass com/google/inject/internal/KotlinSupport$KotlinUnsupported
instanceKlass com/google/inject/internal/KotlinSupport$KotlinSupportHolder
instanceKlass com/google/inject/internal/KotlinSupportInterface
instanceKlass com/google/inject/internal/KotlinSupport
instanceKlass com/google/inject/spi/InjectionPoint$InjectableMember
instanceKlass com/google/inject/spi/InjectionPoint
instanceKlass com/google/errorprone/annotations/Keep
instanceKlass apex/jorje/lsp/api/services/ApexCompilerService
instanceKlass apex/jorje/semantic/ast/visitor/AstVisitor
instanceKlass com/google/inject/internal/util/Classes
instanceKlass jakarta/inject/Named
instanceKlass com/google/inject/Key$AnnotationInstanceStrategy
instanceKlass com/google/common/cache/LocalCache$StrongValueReference
instanceKlass com/google/common/util/concurrent/AbstractFuture$Failure
instanceKlass com/google/common/util/concurrent/AbstractFuture$Cancellation
instanceKlass com/google/common/util/concurrent/AbstractFuture$SetFuture
instanceKlass com/google/common/util/concurrent/Uninterruptibles
instanceKlass com/google/common/util/concurrent/AbstractFuture$Waiter
instanceKlass com/google/common/util/concurrent/AbstractFuture$Listener
instanceKlass jdk/internal/reflect/UnsafeFieldAccessorFactory
instanceKlass com/google/common/util/concurrent/AbstractFuture$UnsafeAtomicHelper$1
instanceKlass sun/misc/Unsafe
instanceKlass com/google/common/util/concurrent/AbstractFuture$AtomicHelper
instanceKlass com/google/common/util/concurrent/internal/InternalFutureFailureAccess
instanceKlass com/google/common/util/concurrent/AbstractFuture$Trusted
instanceKlass com/google/common/util/concurrent/ListenableFuture
instanceKlass java/lang/annotation/Documented
instanceKlass com/google/common/collect/ObjectArrays
instanceKlass java/lang/reflect/WildcardType
instanceKlass java/lang/reflect/ParameterizedType
instanceKlass apex/jorje/lsp/impl/completions/triggers/TriggerValidationBasedCompletionActivationStrategy
instanceKlass apex/jorje/lsp/impl/completions/SObjectCompletionActivationStrategy
instanceKlass apex/jorje/lsp/impl/completions/StringCompletionActivationStrategy
instanceKlass apex/jorje/lsp/impl/completions/PrefixCompletionActivationStrategy
instanceKlass apex/jorje/lsp/impl/completions/ValidationBasedCompletionActivationStrategy
instanceKlass org/eclipse/lsp4j/Position
instanceKlass apex/jorje/lsp/api/document/Document
instanceKlass com/google/inject/assistedinject/FactoryProvider2$1
instanceKlass com/google/inject/assistedinject/AssistedInject
instanceKlass com/google/inject/internal/UniqueAnnotations$1
instanceKlass jakarta/inject/Qualifier
instanceKlass com/google/inject/BindingAnnotation
instanceKlass jakarta/inject/Scope
instanceKlass com/google/inject/ScopeAnnotation
instanceKlass com/google/inject/internal/Annotations$AnnotationChecker
instanceKlass com/google/inject/internal/Annotations$TestAnnotation
instanceKlass com/google/inject/internal/Annotations$AnnotationToStringConfig
instanceKlass com/google/common/base/Joiner$MapJoiner
instanceKlass com/google/common/base/Joiner
instanceKlass com/google/inject/internal/Annotations
instanceKlass com/google/inject/internal/UniqueAnnotations$Internal
instanceKlass com/google/inject/internal/UniqueAnnotations
instanceKlass com/google/inject/assistedinject/Assisted
instanceKlass com/google/inject/assistedinject/FactoryProvider2
instanceKlass com/google/inject/assistedinject/AssistedInjectBinding
instanceKlass com/google/inject/spi/HasDependencies
instanceKlass com/google/inject/spi/ProviderWithExtensionVisitor
instanceKlass com/google/inject/Key$AnnotationStrategy
instanceKlass com/google/inject/Key
instanceKlass apex/jorje/lsp/impl/completions/CompletionActivationFactory
instanceKlass com/google/inject/assistedinject/BindingCollector
instanceKlass com/google/inject/assistedinject/FactoryModuleBuilder
instanceKlass com/google/inject/util/Modules$EmptyModule
instanceKlass com/google/inject/util/Modules$OverriddenModuleBuilder
instanceKlass com/google/inject/util/Modules
instanceKlass java/util/stream/Nodes$ArrayNode
instanceKlass java/util/stream/Node$Builder
instanceKlass java/util/stream/Node$OfDouble
instanceKlass java/util/stream/Node$OfLong
instanceKlass java/util/stream/Node$OfInt
instanceKlass java/util/stream/Node$OfPrimitive
instanceKlass java/util/stream/Nodes$EmptyNode
instanceKlass java/util/stream/Node
instanceKlass java/util/stream/Nodes
instanceKlass java/util/function/IntFunction
instanceKlass java/util/stream/SortedOps
instanceKlass com/google/common/collect/Ordering
instanceKlass com/google/inject/internal/DeclaredMembers
instanceKlass com/google/common/base/ExtraObjectsMethodsForWeb
instanceKlass com/google/common/collect/ImmutableMap$Builder
instanceKlass com/google/inject/internal/MoreTypes
instanceKlass com/google/inject/TypeLiteral
instanceKlass com/google/inject/multibindings/ProvidesIntoOptional
instanceKlass com/google/inject/multibindings/ProvidesIntoMap
instanceKlass com/google/inject/multibindings/ProvidesIntoSet
instanceKlass com/google/inject/Provides
instanceKlass com/google/inject/spi/ModuleAnnotatedMethodScanner
instanceKlass jakarta/inject/Singleton
instanceKlass com/google/inject/spi/ElementSource
instanceKlass com/google/inject/spi/ScopeBinding
instanceKlass com/google/inject/Scopes$2
instanceKlass com/google/inject/Scopes$1
instanceKlass com/google/inject/internal/SingletonScope
instanceKlass com/google/inject/spi/BindingScopingVisitor
instanceKlass com/google/inject/Scope
instanceKlass com/google/inject/Scopes
instanceKlass com/google/inject/Singleton
instanceKlass com/google/inject/spi/Elements$ModuleInfo
instanceKlass com/google/inject/PrivateModule
instanceKlass java/util/stream/Streams$2
instanceKlass java/util/stream/Streams$ConcatSpliterator
instanceKlass sun/reflect/annotation/AnnotatedTypeFactory$AnnotatedTypeBaseImpl
instanceKlass java/lang/reflect/AnnotatedType
instanceKlass sun/reflect/annotation/AnnotatedTypeFactory
instanceKlass sun/reflect/annotation/TypeAnnotation$LocationInfo$Location
instanceKlass sun/reflect/annotation/TypeAnnotation$LocationInfo
instanceKlass sun/reflect/generics/tree/ClassSignature
instanceKlass sun/reflect/generics/tree/Signature
instanceKlass sun/reflect/generics/tree/FormalTypeParameter
instanceKlass java/lang/reflect/TypeVariable
instanceKlass sun/reflect/generics/repository/AbstractRepository
instanceKlass sun/reflect/annotation/TypeAnnotation
instanceKlass sun/reflect/annotation/TypeAnnotationParser
instanceKlass com/google/inject/RestrictedBindingSource
instanceKlass com/google/inject/spi/BindingSourceRestriction
instanceKlass com/google/inject/spi/ModuleSource
instanceKlass com/google/inject/spi/BindingSourceRestriction$PermitMapConstruction$PermitMapImpl
instanceKlass com/google/inject/spi/BindingSourceRestriction$PermitMap
instanceKlass com/google/inject/spi/BindingSourceRestriction$PermitMapConstruction
instanceKlass com/google/inject/internal/ProviderMethodsModule
instanceKlass com/google/inject/internal/RealOptionalBinder
instanceKlass com/google/inject/internal/RealMultibinder
instanceKlass com/google/inject/internal/RealMapBinder$MultimapBinder
instanceKlass com/google/inject/internal/RealMapBinder
instanceKlass com/google/inject/internal/InternalClassesToSkipSources
instanceKlass com/google/inject/multibindings/OptionalBinder
instanceKlass com/google/inject/multibindings/Multibinder
instanceKlass com/google/inject/multibindings/MapBinder
instanceKlass com/google/inject/internal/AbstractBindingBuilder
instanceKlass com/google/inject/binder/ConstantBindingBuilder
instanceKlass com/google/inject/binder/AnnotatedElementBuilder
instanceKlass com/google/inject/binder/AnnotatedConstantBindingBuilder
instanceKlass com/google/inject/binder/AnnotatedBindingBuilder
instanceKlass com/google/inject/binder/LinkedBindingBuilder
instanceKlass com/google/inject/binder/ScopedBindingBuilder
instanceKlass com/google/inject/spi/Elements$RecordingBinder
instanceKlass com/google/inject/PrivateBinder
instanceKlass com/google/inject/Binding
instanceKlass com/google/inject/spi/DefaultBindingTargetVisitor
instanceKlass com/google/inject/Binder
instanceKlass com/google/inject/spi/BindingTargetVisitor
instanceKlass com/google/inject/spi/Elements
instanceKlass com/google/inject/internal/InjectorShell$RootModule
instanceKlass com/google/common/collect/ListMultimap
instanceKlass com/google/inject/internal/InjectorBindingData
instanceKlass java/util/concurrent/atomic/AtomicReferenceArray
instanceKlass com/google/common/cache/LocalCache$LoadingValueReference
instanceKlass java/util/concurrent/Future
instanceKlass java/util/concurrent/ConcurrentLinkedQueue$Node
instanceKlass com/google/common/cache/Weigher
instanceKlass com/google/common/base/Predicate
instanceKlass com/google/common/base/Equivalence
instanceKlass java/util/function/BiPredicate
instanceKlass com/google/common/base/MoreObjects
instanceKlass com/google/common/cache/LocalCache$1
instanceKlass com/google/common/cache/ReferenceEntry
instanceKlass com/google/common/cache/CacheLoader
instanceKlass com/google/common/cache/LocalCache$LocalManualCache
instanceKlass com/google/common/cache/RemovalListener
instanceKlass com/google/common/cache/LocalCache$ValueReference
instanceKlass com/google/common/cache/CacheBuilder$2
instanceKlass com/google/common/cache/CacheStats
instanceKlass com/google/common/base/Suppliers$SupplierOfInstance
instanceKlass com/google/common/base/Suppliers
instanceKlass com/google/common/cache/CacheBuilder$1
instanceKlass com/google/common/cache/AbstractCache$StatsCounter
instanceKlass com/google/common/cache/LoadingCache
instanceKlass com/google/common/cache/Cache
instanceKlass com/google/common/base/Supplier
instanceKlass com/google/common/cache/CacheBuilder
instanceKlass com/google/inject/internal/WeakKeySet
instanceKlass com/google/common/collect/Sets
instanceKlass com/google/inject/internal/InjectorJitBindingData
instanceKlass com/google/inject/internal/ProcessedBindingData
instanceKlass com/google/inject/spi/Element
instanceKlass com/google/inject/spi/DefaultElementVisitor
instanceKlass com/google/inject/spi/ElementVisitor
instanceKlass com/google/inject/internal/InjectorShell$Builder
instanceKlass com/google/common/collect/Lists
instanceKlass com/google/common/collect/AbstractMapEntry
instanceKlass com/google/common/collect/LinkedHashMultimap$ValueSetLink
instanceKlass com/google/common/collect/CollectPreconditions
instanceKlass com/google/common/collect/Platform
instanceKlass com/google/common/collect/Multiset
instanceKlass com/google/common/collect/AbstractMultimap
instanceKlass com/google/common/collect/SetMultimap
instanceKlass com/google/common/collect/Maps$EntryTransformer
instanceKlass com/google/common/base/Converter
instanceKlass com/google/common/collect/BiMap
instanceKlass com/google/common/collect/ImmutableMap
instanceKlass com/google/common/base/Function
instanceKlass com/google/common/collect/SortedMapDifference
instanceKlass com/google/common/collect/MapDifference
instanceKlass com/google/common/collect/Maps
instanceKlass com/google/inject/internal/CycleDetectingLock
instanceKlass com/google/common/collect/Multimap
instanceKlass com/google/inject/internal/CycleDetectingLock$CycleDetectingLockFactory
instanceKlass com/google/inject/internal/Initializable
instanceKlass com/google/inject/internal/Initializer
instanceKlass com/google/common/collect/PeekingIterator
instanceKlass com/google/common/collect/UnmodifiableIterator
instanceKlass com/google/common/collect/Iterators
instanceKlass com/google/common/collect/ImmutableCollection$Builder
instanceKlass com/google/common/collect/Hashing
instanceKlass com/google/common/math/IntMath$1
instanceKlass com/google/common/math/MathPreconditions
instanceKlass com/google/common/math/IntMath
instanceKlass com/google/common/collect/ImmutableSet$SetBuilderImpl
instanceKlass com/google/inject/internal/util/NewThrowableFinder
instanceKlass com/google/inject/internal/util/CallerFinder
instanceKlass com/google/inject/internal/util/SourceProvider
instanceKlass com/google/inject/spi/ErrorDetail
instanceKlass com/google/inject/internal/Errors
instanceKlass com/google/inject/internal/util/ContinuousStopwatch
instanceKlass com/google/inject/Injector
instanceKlass com/google/inject/internal/InternalInjectorCreator
instanceKlass com/google/inject/Guice
instanceKlass com/google/inject/AbstractModule
instanceKlass com/google/inject/Module
instanceKlass apex/jorje/lsp/impl/utils/StopwatchStepper$Mark
instanceKlass java/util/concurrent/TimeUnit$1
instanceKlass com/google/common/base/CommonPattern
instanceKlass com/google/common/base/Platform$JdkPatternCompiler
instanceKlass java/util/logging/Logger$SystemLoggerHelper$1
instanceKlass java/util/logging/Logger$SystemLoggerHelper
instanceKlass java/util/logging/LogManager$4
instanceKlass jdk/internal/logger/BootstrapLogger$BootstrapExecutors
instanceKlass java/io/FilePermission$1
instanceKlass jdk/internal/access/JavaIOFilePermissionAccess
instanceKlass jdk/internal/logger/LoggerFinderLoader
instanceKlass java/util/stream/Streams
instanceKlass java/util/stream/Stream$Builder
instanceKlass java/util/stream/Streams$AbstractStreamBuilderImpl
instanceKlass java/util/stream/FindOps$FindOp
instanceKlass java/util/stream/FindOps$FindSink
instanceKlass java/util/stream/FindOps
instanceKlass java/util/Hashtable$Enumerator
instanceKlass java/util/Collections$SynchronizedCollection
instanceKlass java/util/Properties$EntrySet
instanceKlass java/util/Collections$3
instanceKlass java/util/logging/LogManager$LoggerContext$1
instanceKlass java/util/logging/LogManager$VisitedLoggers
instanceKlass java/util/logging/LogManager$2
instanceKlass sun/security/util/FilePermCompat
instanceKlass java/util/logging/LogManager$LoggingProviderAccess
instanceKlass java/lang/Shutdown$Lock
instanceKlass java/lang/Shutdown
instanceKlass java/lang/ApplicationShutdownHooks$1
instanceKlass java/lang/ApplicationShutdownHooks
instanceKlass java/util/logging/LogManager$LogNode
instanceKlass java/util/logging/LogManager$LoggerContext
instanceKlass java/util/logging/LogManager$1
instanceKlass java/util/logging/LogManager
instanceKlass java/util/logging/Logger$ConfigurationData
instanceKlass java/util/logging/Logger$LoggerBundle
instanceKlass java/util/logging/Level
instanceKlass java/util/logging/Handler
instanceKlass java/util/logging/Logger
instanceKlass com/google/common/base/PatternCompiler
instanceKlass com/google/common/base/Platform
instanceKlass com/google/common/base/Preconditions
instanceKlass com/google/common/base/Ticker
instanceKlass com/google/common/base/Stopwatch
instanceKlass apex/jorje/lsp/impl/utils/StopwatchStepper
instanceKlass org/eclipse/lsp4j/jsonrpc/MessageConsumer
instanceKlass org/slf4j/helpers/Reporter
instanceKlass ch/qos/logback/core/util/StatusPrinter2
instanceKlass ch/qos/logback/core/util/StatusPrinter
instanceKlass ch/qos/logback/core/status/StatusUtil
instanceKlass ch/qos/logback/classic/util/LoggerNameUtil
instanceKlass ch/qos/logback/core/spi/AppenderAttachableImpl
instanceKlass java/lang/ProcessEnvironment$CheckedEntry
instanceKlass java/lang/ProcessEnvironment$CheckedEntrySet$1
instanceKlass java/lang/ProcessEnvironment$EntryComparator
instanceKlass java/lang/ProcessEnvironment$NameComparator
instanceKlass java/util/Vector$Itr
instanceKlass ch/qos/logback/classic/pattern/TargetLengthBasedClassNameAbbreviator
instanceKlass java/util/concurrent/atomic/AtomicReference
instanceKlass ch/qos/logback/core/util/CachingDateFormatter$CacheTuple
instanceKlass java/time/Period
instanceKlass java/time/chrono/ChronoPeriod
instanceKlass java/time/format/DateTimeFormatterBuilder$TextPrinterParser
instanceKlass java/time/format/DateTimeTextProvider$1
instanceKlass java/time/format/DateTimeTextProvider
instanceKlass java/util/AbstractMap$SimpleImmutableEntry
instanceKlass java/time/format/DateTimeTextProvider$LocaleStore
instanceKlass java/time/format/DateTimeFormatterBuilder$InstantPrinterParser
instanceKlass java/time/format/DateTimeFormatterBuilder$StringLiteralPrinterParser
instanceKlass java/time/format/DateTimeFormatterBuilder$ZoneIdPrinterParser
instanceKlass java/time/format/DateTimeFormatterBuilder$OffsetIdPrinterParser
instanceKlass java/time/format/DecimalStyle
instanceKlass java/time/format/DateTimeFormatterBuilder$CompositePrinterParser
instanceKlass java/time/format/DateTimeFormatterBuilder$CharLiteralPrinterParser
instanceKlass java/time/format/DateTimeFormatterBuilder$NumberPrinterParser
instanceKlass java/time/format/DateTimeFormatterBuilder$DateTimePrinterParser
instanceKlass java/time/temporal/JulianFields
instanceKlass java/time/temporal/IsoFields
instanceKlass java/lang/Character$CharacterCache
instanceKlass java/time/temporal/TemporalQuery
instanceKlass java/time/format/DateTimeFormatterBuilder
instanceKlass java/time/format/DateTimeFormatter
instanceKlass java/time/chrono/AbstractChronology
instanceKlass java/time/chrono/Chronology
instanceKlass java/time/zone/Ser
instanceKlass java/io/Externalizable
instanceKlass java/time/zone/ZoneRulesProvider$1
instanceKlass java/time/zone/ZoneRulesProvider
instanceKlass sun/util/calendar/ZoneInfoFile$ZoneOffsetTransitionRule
instanceKlass sun/util/calendar/ZoneInfoFile$1
instanceKlass sun/util/calendar/ZoneInfoFile
instanceKlass java/util/TimeZone
instanceKlass ch/qos/logback/core/util/CachingDateFormatter
instanceKlass ch/qos/logback/core/pattern/ConverterUtil
instanceKlass ch/qos/logback/classic/pattern/NamedConverter$CacheMissCalculator
instanceKlass ch/qos/logback/core/pattern/FormatInfo
instanceKlass ch/qos/logback/core/pattern/util/AsIsEscapeUtil
instanceKlass ch/qos/logback/core/pattern/parser/OptionTokenizer
instanceKlass ch/qos/logback/core/pattern/util/RestrictedEscapeUtil
instanceKlass ch/qos/logback/core/pattern/parser/TokenStream
instanceKlass ch/qos/logback/core/pattern/util/RegularEscapeUtil
instanceKlass ch/qos/logback/classic/pattern/EnsureExceptionHandling
instanceKlass java/lang/invoke/MethodHandle$1
instanceKlass ch/qos/logback/classic/pattern/Abbreviator
instanceKlass ch/qos/logback/core/pattern/Converter
instanceKlass ch/qos/logback/core/pattern/parser/Token
instanceKlass ch/qos/logback/core/pattern/parser/Node
instanceKlass ch/qos/logback/core/pattern/util/IEscapeUtil
instanceKlass ch/qos/logback/core/pattern/PostCompileProcessor
instanceKlass ch/qos/logback/core/joran/spi/NoAutoStart
instanceKlass ch/qos/logback/core/joran/spi/NoAutoStartUtil
instanceKlass ch/qos/logback/core/CoreConstants
instanceKlass ch/qos/logback/core/model/processor/ImplicitModelHandler$1
instanceKlass jdk/internal/loader/BootLoader$PackageHelper
instanceKlass ch/qos/logback/core/joran/util/StringToObjectConverter
instanceKlass ch/qos/logback/core/util/StringUtil
instanceKlass ch/qos/logback/core/joran/util/beans/BeanDescription
instanceKlass ch/qos/logback/core/joran/util/beans/BeanUtil
instanceKlass java/util/concurrent/atomic/AtomicBoolean
instanceKlass ch/qos/logback/core/util/COWArrayList
instanceKlass ch/qos/logback/core/spi/FilterAttachableImpl
instanceKlass ch/qos/logback/core/model/processor/DefaultProcessor$TraverseMethod
instanceKlass ch/qos/logback/core/model/processor/DependencyDefinition
instanceKlass ch/qos/logback/core/subst/NodeToStringTransformer$1
instanceKlass ch/qos/logback/core/subst/Node
instanceKlass ch/qos/logback/core/subst/Parser$1
instanceKlass ch/qos/logback/core/subst/Parser
instanceKlass ch/qos/logback/core/subst/Token
instanceKlass ch/qos/logback/core/subst/Tokenizer
instanceKlass ch/qos/logback/core/subst/NodeToStringTransformer
instanceKlass java/util/regex/Pattern$BitClass
instanceKlass ch/qos/logback/core/util/Duration
instanceKlass ch/qos/logback/core/model/processor/ChainedModelFilter$1
instanceKlass ch/qos/logback/core/model/processor/AllowAllModelFilter
instanceKlass ch/qos/logback/core/model/processor/DenyAllModelFilter
instanceKlass java/lang/reflect/Proxy$ProxyBuilder$1
instanceKlass jdk/internal/org/objectweb/asm/Edge
instanceKlass java/lang/reflect/ProxyGenerator$PrimitiveTypeInfo
instanceKlass java/lang/reflect/ProxyGenerator$ProxyMethod
instanceKlass java/lang/WeakPairMap$Pair$Lookup
instanceKlass java/lang/WeakPairMap$Pair
instanceKlass java/lang/WeakPairMap
instanceKlass java/lang/Module$ReflectionData
instanceKlass java/lang/module/ModuleDescriptor$Builder
instanceKlass java/lang/PublicMethods
instanceKlass java/util/Collections$1
instanceKlass java/lang/reflect/Proxy$ProxyBuilder
instanceKlass java/lang/ClassValue$Version
instanceKlass java/lang/ClassValue$Identity
instanceKlass java/lang/ClassValue
instanceKlass java/lang/reflect/Proxy
instanceKlass sun/reflect/annotation/AnnotationInvocationHandler
instanceKlass java/lang/reflect/InvocationHandler
instanceKlass sun/reflect/annotation/AnnotationParser$1
instanceKlass java/lang/annotation/Target
instanceKlass java/lang/annotation/Inherited
instanceKlass java/lang/annotation/Retention
instanceKlass sun/reflect/annotation/ExceptionProxy
instanceKlass sun/reflect/annotation/AnnotationType$1
instanceKlass sun/reflect/annotation/AnnotationType
instanceKlass java/lang/reflect/GenericArrayType
instanceKlass sun/reflect/generics/visitor/Reifier
instanceKlass sun/reflect/generics/visitor/TypeTreeVisitor
instanceKlass sun/reflect/generics/factory/CoreReflectionFactory
instanceKlass sun/reflect/generics/factory/GenericsFactory
instanceKlass sun/reflect/generics/scope/AbstractScope
instanceKlass sun/reflect/generics/scope/Scope
instanceKlass sun/reflect/generics/tree/ClassTypeSignature
instanceKlass sun/reflect/generics/tree/SimpleClassTypeSignature
instanceKlass sun/reflect/generics/tree/FieldTypeSignature
instanceKlass sun/reflect/generics/tree/BaseType
instanceKlass sun/reflect/generics/tree/TypeSignature
instanceKlass sun/reflect/generics/tree/ReturnType
instanceKlass sun/reflect/generics/tree/TypeArgument
instanceKlass sun/reflect/generics/tree/TypeTree
instanceKlass sun/reflect/generics/tree/Tree
instanceKlass sun/reflect/generics/parser/SignatureParser
instanceKlass ch/qos/logback/core/sift/AppenderFactory
instanceKlass ch/qos/logback/core/joran/action/ImplicitModelData
instanceKlass ch/qos/logback/core/hook/ShutdownHook
instanceKlass ch/qos/logback/core/model/processor/AllowModelFilter
instanceKlass ch/qos/logback/core/model/processor/DefaultProcessor$1
instanceKlass java/lang/Class$AnnotationData
instanceKlass ch/qos/logback/core/model/processor/PhaseIndicator
instanceKlass ch/qos/logback/core/model/ModelHandlerFactoryMethod
instanceKlass ch/qos/logback/core/joran/ModelClassToModelHandlerLinkerBase
instanceKlass ch/qos/logback/core/model/processor/ChainedModelFilter
instanceKlass ch/qos/logback/core/model/processor/ModelFilter
instanceKlass ch/qos/logback/core/net/ssl/SSLComponent
instanceKlass ch/qos/logback/core/net/ssl/SSLNestedComponentRegistryRules
instanceKlass ch/qos/logback/core/boolex/EventEvaluator
instanceKlass ch/qos/logback/core/joran/spi/HostClassAndPropertyDouble
instanceKlass ch/qos/logback/core/Appender
instanceKlass ch/qos/logback/core/spi/FilterAttachable
instanceKlass ch/qos/logback/core/net/ssl/SecureRandomFactoryBean
instanceKlass ch/qos/logback/core/net/ssl/TrustManagerFactoryFactoryBean
instanceKlass ch/qos/logback/core/net/ssl/KeyManagerFactoryFactoryBean
instanceKlass ch/qos/logback/core/net/ssl/KeyStoreFactoryBean
instanceKlass ch/qos/logback/core/net/ssl/SSLContextFactoryBean
instanceKlass ch/qos/logback/core/Layout
instanceKlass ch/qos/logback/core/encoder/Encoder
instanceKlass ch/qos/logback/core/joran/util/ParentTag_Tag_Class_Tuple
instanceKlass ch/qos/logback/classic/model/processor/LogbackClassicDefaultNestedComponentRules
instanceKlass ch/qos/logback/core/joran/spi/DefaultNestedComponentRegistry
instanceKlass ch/qos/logback/core/spi/ContextAwarePropertyContainer
instanceKlass java/util/stream/Sink$ChainedReference
instanceKlass java/util/stream/ReduceOps$AccumulatingSink
instanceKlass java/util/stream/TerminalSink
instanceKlass java/util/stream/ReduceOps$Box
instanceKlass java/util/stream/ReduceOps$ReduceOp
instanceKlass java/util/stream/ReduceOps
instanceKlass java/util/function/BinaryOperator
instanceKlass java/util/function/BiConsumer
instanceKlass java/util/stream/Collectors$CollectorImpl
instanceKlass java/util/stream/Collector
instanceKlass java/util/stream/Collectors
instanceKlass ch/qos/logback/core/joran/sanity/Pair
instanceKlass ch/qos/logback/core/joran/JoranConstants
instanceKlass java/util/stream/MatchOps$BooleanTerminalSink
instanceKlass java/util/stream/Sink
instanceKlass java/util/stream/MatchOps$MatchOp
instanceKlass java/util/stream/TerminalOp
instanceKlass java/util/stream/MatchOps
instanceKlass java/util/function/Predicate
instanceKlass java/util/ArrayList$ArrayListSpliterator
instanceKlass ch/qos/logback/core/joran/spi/EventPlayer
instanceKlass ch/qos/logback/core/joran/spi/SaxEventInterpreter
instanceKlass ch/qos/logback/core/model/INamedModel
instanceKlass ch/qos/logback/core/model/Model
instanceKlass org/xml/sax/helpers/AttributesImpl
instanceKlass org/xml/sax/helpers/LocatorImpl
instanceKlass ch/qos/logback/core/joran/event/SaxEvent
instanceKlass com/sun/org/apache/xerces/internal/impl/Constants$ArrayEnumeration
instanceKlass com/sun/org/apache/xerces/internal/impl/Constants
instanceKlass com/sun/org/apache/xerces/internal/util/XMLChar
instanceKlass com/sun/org/apache/xerces/internal/parsers/AbstractSAXParser$LocatorProxy
instanceKlass org/xml/sax/ext/Locator2
instanceKlass org/xml/sax/Locator
instanceKlass com/sun/org/apache/xerces/internal/util/XMLSymbols
instanceKlass com/sun/xml/internal/stream/Entity
instanceKlass com/sun/xml/internal/stream/util/BufferAllocator
instanceKlass com/sun/xml/internal/stream/util/ThreadLocalBufferAllocator
instanceKlass com/sun/org/apache/xerces/internal/impl/XMLEntityManager$EncodingInfo
instanceKlass com/sun/org/apache/xerces/internal/util/URI
instanceKlass com/sun/org/apache/xerces/internal/utils/XMLLimitAnalyzer
instanceKlass com/sun/org/apache/xerces/internal/xni/parser/XMLInputSource
instanceKlass com/sun/org/apache/xerces/internal/util/ErrorHandlerWrapper
instanceKlass com/sun/org/apache/xerces/internal/xni/parser/XMLErrorHandler
instanceKlass com/sun/org/apache/xerces/internal/impl/ExternalSubsetResolver
instanceKlass com/sun/org/apache/xerces/internal/util/EntityResolverWrapper
instanceKlass org/xml/sax/ext/EntityResolver2
instanceKlass com/sun/org/apache/xerces/internal/parsers/AbstractSAXParser$AttributesProxy
instanceKlass org/xml/sax/ext/Attributes2
instanceKlass org/xml/sax/Attributes
instanceKlass org/xml/sax/AttributeList
instanceKlass com/sun/org/apache/xerces/internal/util/FeatureState
instanceKlass com/sun/org/apache/xerces/internal/util/PropertyState
instanceKlass com/sun/org/apache/xerces/internal/impl/msg/XMLMessageFormatter
instanceKlass com/sun/org/apache/xerces/internal/util/MessageFormatter
instanceKlass com/sun/org/apache/xerces/internal/impl/XMLVersionDetector
instanceKlass com/sun/org/apache/xerces/internal/impl/validation/ValidationManager
instanceKlass com/sun/org/apache/xerces/internal/impl/dv/dtd/NMTOKENDatatypeValidator
instanceKlass com/sun/org/apache/xerces/internal/impl/dv/dtd/NOTATIONDatatypeValidator
instanceKlass com/sun/org/apache/xerces/internal/impl/dv/dtd/ENTITYDatatypeValidator
instanceKlass com/sun/org/apache/xerces/internal/impl/dv/dtd/ListDatatypeValidator
instanceKlass com/sun/org/apache/xerces/internal/impl/dv/dtd/IDREFDatatypeValidator
instanceKlass com/sun/org/apache/xerces/internal/impl/dv/dtd/IDDatatypeValidator
instanceKlass com/sun/org/apache/xerces/internal/impl/dv/dtd/StringDatatypeValidator
instanceKlass com/sun/org/apache/xerces/internal/impl/dv/DatatypeValidator
instanceKlass com/sun/org/apache/xerces/internal/impl/dv/DTDDVFactory
instanceKlass com/sun/org/apache/xerces/internal/impl/dtd/DTDGrammarBucket
instanceKlass com/sun/org/apache/xerces/internal/impl/dtd/XMLAttributeDecl
instanceKlass com/sun/org/apache/xerces/internal/impl/dtd/XMLSimpleType
instanceKlass com/sun/org/apache/xerces/internal/impl/dtd/XMLElementDecl
instanceKlass com/sun/org/apache/xerces/internal/impl/validation/ValidationState
instanceKlass com/sun/org/apache/xerces/internal/impl/dv/ValidationContext
instanceKlass com/sun/org/apache/xerces/internal/impl/dtd/XMLDTDValidator
instanceKlass com/sun/org/apache/xerces/internal/impl/RevalidationHandler
instanceKlass com/sun/org/apache/xerces/internal/impl/dtd/XMLDTDValidatorFilter
instanceKlass com/sun/org/apache/xerces/internal/xni/parser/XMLDocumentFilter
instanceKlass com/sun/org/apache/xerces/internal/impl/dtd/XMLEntityDecl
instanceKlass com/sun/org/apache/xerces/internal/impl/dtd/XMLDTDProcessor
instanceKlass com/sun/org/apache/xerces/internal/xni/parser/XMLDTDContentModelFilter
instanceKlass com/sun/org/apache/xerces/internal/xni/parser/XMLDTDFilter
instanceKlass com/sun/org/apache/xerces/internal/xni/parser/XMLDTDScanner
instanceKlass com/sun/org/apache/xerces/internal/xni/parser/XMLDTDContentModelSource
instanceKlass com/sun/org/apache/xerces/internal/xni/parser/XMLDTDSource
instanceKlass com/sun/org/apache/xerces/internal/xni/grammars/XMLDTDDescription
instanceKlass com/sun/org/apache/xerces/internal/xni/grammars/XMLGrammarDescription
instanceKlass com/sun/org/apache/xerces/internal/impl/XMLDocumentScannerImpl$TrailingMiscDriver
instanceKlass com/sun/org/apache/xerces/internal/impl/XMLDocumentScannerImpl$PrologDriver
instanceKlass com/sun/org/apache/xerces/internal/impl/XMLDocumentScannerImpl$XMLDeclDriver
instanceKlass com/sun/org/apache/xerces/internal/util/NamespaceSupport
instanceKlass com/sun/org/apache/xerces/internal/xni/NamespaceContext
instanceKlass com/sun/org/apache/xerces/internal/util/XMLAttributesImpl$Attribute
instanceKlass com/sun/org/apache/xerces/internal/util/XMLAttributesImpl
instanceKlass com/sun/org/apache/xerces/internal/xni/XMLAttributes
instanceKlass com/sun/org/apache/xerces/internal/impl/XMLDocumentFragmentScannerImpl$FragmentContentDriver
instanceKlass com/sun/org/apache/xerces/internal/impl/XMLDocumentFragmentScannerImpl$Driver
instanceKlass com/sun/org/apache/xerces/internal/impl/XMLDocumentFragmentScannerImpl$ElementStack2
instanceKlass com/sun/org/apache/xerces/internal/xni/QName
instanceKlass com/sun/org/apache/xerces/internal/impl/XMLDocumentFragmentScannerImpl$ElementStack
instanceKlass com/sun/org/apache/xerces/internal/xni/XMLString
instanceKlass com/sun/org/apache/xerces/internal/impl/XMLScanner
instanceKlass com/sun/xml/internal/stream/XMLBufferListener
instanceKlass com/sun/org/apache/xerces/internal/impl/XMLEntityHandler
instanceKlass com/sun/org/apache/xerces/internal/xni/parser/XMLDocumentScanner
instanceKlass com/sun/org/apache/xerces/internal/xni/parser/XMLDocumentSource
instanceKlass com/sun/org/apache/xerces/internal/impl/XMLErrorReporter
instanceKlass com/sun/org/apache/xerces/internal/impl/XMLEntityScanner
instanceKlass com/sun/org/apache/xerces/internal/xni/XMLLocator
instanceKlass com/sun/xml/internal/stream/XMLEntityStorage
instanceKlass com/sun/org/apache/xerces/internal/util/AugmentationsImpl$AugmentationsItemsContainer
instanceKlass com/sun/org/apache/xerces/internal/util/AugmentationsImpl
instanceKlass com/sun/org/apache/xerces/internal/xni/Augmentations
instanceKlass com/sun/org/apache/xerces/internal/util/XMLResourceIdentifierImpl
instanceKlass com/sun/org/apache/xerces/internal/xni/XMLResourceIdentifier
instanceKlass com/sun/org/apache/xerces/internal/impl/XMLEntityManager
instanceKlass com/sun/org/apache/xerces/internal/xni/parser/XMLEntityResolver
instanceKlass com/sun/org/apache/xerces/internal/xni/parser/XMLComponent
instanceKlass com/sun/org/apache/xerces/internal/util/SymbolTable$Entry
instanceKlass com/sun/org/apache/xerces/internal/util/SymbolTable
instanceKlass jdk/xml/internal/JdkConstants
instanceKlass jdk/xml/internal/JdkXmlUtils
instanceKlass com/sun/org/apache/xerces/internal/util/ParserConfigurationSettings
instanceKlass com/sun/org/apache/xerces/internal/parsers/XML11Configurable
instanceKlass com/sun/org/apache/xerces/internal/xni/parser/XMLPullParserConfiguration
instanceKlass com/sun/org/apache/xerces/internal/xni/parser/XMLParserConfiguration
instanceKlass com/sun/org/apache/xerces/internal/xni/parser/XMLComponentManager
instanceKlass com/sun/org/apache/xerces/internal/parsers/XMLParser
instanceKlass com/sun/org/apache/xerces/internal/xni/XMLDTDContentModelHandler
instanceKlass com/sun/org/apache/xerces/internal/xni/XMLDTDHandler
instanceKlass com/sun/org/apache/xerces/internal/xni/XMLDocumentHandler
instanceKlass org/xml/sax/XMLReader
instanceKlass org/xml/sax/Parser
instanceKlass com/sun/org/apache/xerces/internal/utils/XMLSecurityPropertyManager
instanceKlass com/sun/org/apache/xerces/internal/utils/XMLSecurityManager
instanceKlass javax/xml/parsers/SAXParser
instanceKlass com/sun/org/apache/xerces/internal/xs/PSVIProvider
instanceKlass com/sun/org/apache/xerces/internal/jaxp/JAXPConstants
instanceKlass jdk/internal/misc/ScopedMemoryAccess$Scope
instanceKlass javax/xml/parsers/FactoryFinder$1
instanceKlass jdk/xml/internal/SecuritySupport
instanceKlass javax/xml/parsers/FactoryFinder
instanceKlass javax/xml/parsers/SAXParserFactory
instanceKlass ch/qos/logback/core/joran/spi/ElementPath
instanceKlass org/xml/sax/helpers/DefaultHandler
instanceKlass org/xml/sax/ErrorHandler
instanceKlass org/xml/sax/ContentHandler
instanceKlass org/xml/sax/DTDHandler
instanceKlass org/xml/sax/EntityResolver
instanceKlass ch/qos/logback/core/spi/ConfigurationEventListener
instanceKlass ch/qos/logback/core/spi/ConfigurationEvent
instanceKlass org/xml/sax/InputSource
instanceKlass ch/qos/logback/core/joran/util/ConfigurationWatchListUtil
instanceKlass ch/qos/logback/core/joran/sanity/SanityChecker
instanceKlass ch/qos/logback/core/joran/spi/RuleStore
instanceKlass java/lang/invoke/LambdaFormEditor$1
instanceKlass java/lang/invoke/MethodHandles$1
instanceKlass ch/qos/logback/core/spi/ContextAwareBase
instanceKlass java/util/TimSort
instanceKlass java/util/Arrays$LegacyMergeSort
instanceKlass ch/qos/logback/core/status/StatusListener
instanceKlass ch/qos/logback/core/util/StatusListenerConfigHelper
instanceKlass ch/qos/logback/core/status/StatusBase
instanceKlass ch/qos/logback/core/util/EnvUtil
instanceKlass ch/qos/logback/classic/util/ClassicEnvUtil
instanceKlass ch/qos/logback/core/util/OptionHelper
instanceKlass ch/qos/logback/core/util/Loader
instanceKlass ch/qos/logback/classic/spi/Configurator
instanceKlass ch/qos/logback/core/spi/ContextAwareImpl
instanceKlass ch/qos/logback/classic/util/ContextInitializer$1
instanceKlass ch/qos/logback/core/spi/ContextAware
instanceKlass ch/qos/logback/classic/util/ContextInitializer
instanceKlass org/slf4j/MDC
instanceKlass ch/qos/logback/classic/util/LogbackMDCAdapter
instanceKlass ch/qos/logback/classic/Level
instanceKlass ch/qos/logback/classic/spi/ILoggingEvent
instanceKlass ch/qos/logback/core/spi/DeferredProcessingAware
instanceKlass org/slf4j/spi/LoggingEventBuilder
instanceKlass ch/qos/logback/classic/Logger
instanceKlass ch/qos/logback/core/spi/AppenderAttachable
instanceKlass org/slf4j/spi/LoggingEventAware
instanceKlass org/slf4j/spi/LocationAwareLogger
instanceKlass ch/qos/logback/classic/spi/LoggerContextVO
instanceKlass ch/qos/logback/core/spi/LogbackLock
instanceKlass ch/qos/logback/core/helpers/CyclicBuffer
instanceKlass ch/qos/logback/core/BasicStatusManager
instanceKlass java/util/concurrent/ExecutorService
instanceKlass java/util/concurrent/Executor
instanceKlass ch/qos/logback/core/status/Status
instanceKlass ch/qos/logback/core/status/StatusManager
instanceKlass ch/qos/logback/core/ContextBase
instanceKlass ch/qos/logback/core/spi/LifeCycle
instanceKlass ch/qos/logback/core/Context
instanceKlass ch/qos/logback/core/spi/PropertyContainer
instanceKlass ch/qos/logback/classic/spi/LogbackServiceProvider
instanceKlass java/nio/charset/CoderResult
instanceKlass java/io/Reader
instanceKlass sun/util/logging/PlatformLogger
instanceKlass sun/util/logging/PlatformLogger$ConfigurableBridge$LoggerConfiguration
instanceKlass jdk/internal/logger/BootstrapLogger$RedirectedLoggers
instanceKlass jdk/internal/logger/LazyLoggers$LazyLoggerAccessor
instanceKlass jdk/internal/logger/LazyLoggers$LoggerAccessor
instanceKlass jdk/internal/logger/AbstractLoggerWrapper
instanceKlass java/util/ServiceLoader$ProviderImpl
instanceKlass java/util/ServiceLoader$Provider
instanceKlass java/util/ServiceLoader$1
instanceKlass sun/util/logging/internal/LoggingProviderImpl$LogManagerAccess
instanceKlass java/util/concurrent/CopyOnWriteArrayList$COWIterator
instanceKlass jdk/internal/logger/BootstrapLogger$DetectBackend$1
instanceKlass jdk/internal/logger/BootstrapLogger$DetectBackend
instanceKlass jdk/internal/logger/BootstrapLogger
instanceKlass sun/util/logging/PlatformLogger$ConfigurableBridge
instanceKlass sun/util/logging/PlatformLogger$Bridge
instanceKlass jdk/internal/logger/DefaultLoggerFinder$1
instanceKlass java/lang/System$LoggerFinder
instanceKlass jdk/internal/logger/LazyLoggers$LazyLoggerFactories
instanceKlass jdk/internal/logger/LazyLoggers$1
instanceKlass jdk/internal/logger/LazyLoggers
instanceKlass jdk/internal/misc/ThreadTracker
instanceKlass jdk/internal/event/EventHelper$ThreadTrackHolder
instanceKlass sun/security/util/MemoryCache$QueueCacheEntry
instanceKlass sun/net/www/MessageHeader
instanceKlass sun/net/www/protocol/jar/JarFileFactory
instanceKlass sun/net/www/protocol/jar/URLJarFile$URLJarFileCloseController
instanceKlass java/net/URLConnection
instanceKlass jdk/internal/loader/URLClassPath$1
instanceKlass java/lang/CompoundEnumeration
instanceKlass jdk/internal/loader/BuiltinClassLoader$1
instanceKlass java/util/Collections$EmptyEnumeration
instanceKlass jdk/internal/loader/BuiltinClassLoader$2
instanceKlass java/util/ServiceLoader$3
instanceKlass java/util/ServiceLoader$2
instanceKlass java/util/ServiceLoader$LazyClassPathLookupIterator
instanceKlass java/util/Spliterators$1Adapter
instanceKlass java/util/function/Consumer
instanceKlass sun/reflect/annotation/AnnotationParser
instanceKlass java/lang/Class$3
instanceKlass java/util/EnumMap$1
instanceKlass java/util/stream/StreamOpFlag$MaskBuilder
instanceKlass java/util/stream/Stream
instanceKlass java/util/stream/BaseStream
instanceKlass java/util/stream/PipelineHelper
instanceKlass java/util/stream/StreamSupport
instanceKlass java/util/Spliterators$ArraySpliterator
instanceKlass java/util/Spliterator$OfDouble
instanceKlass java/util/Spliterator$OfLong
instanceKlass java/util/Spliterator$OfInt
instanceKlass java/util/Spliterator$OfPrimitive
instanceKlass java/util/Spliterator
instanceKlass java/util/Spliterators$EmptySpliterator
instanceKlass java/util/Spliterators
instanceKlass java/util/ServiceLoader$ModuleServicesLookupIterator
instanceKlass java/util/ServiceLoader
instanceKlass org/slf4j/helpers/Util
instanceKlass org/slf4j/helpers/NOPMDCAdapter
instanceKlass org/slf4j/helpers/NOPLoggerFactory
instanceKlass org/slf4j/helpers/NOP_FallbackServiceProvider
instanceKlass org/slf4j/helpers/ThreadLocalMapOfStacks
instanceKlass org/slf4j/helpers/BasicMDCAdapter
instanceKlass org/slf4j/Marker
instanceKlass org/slf4j/helpers/BasicMarkerFactory
instanceKlass java/util/concurrent/LinkedBlockingQueue$Node
instanceKlass java/util/concurrent/locks/AbstractQueuedSynchronizer$ConditionObject
instanceKlass java/util/concurrent/locks/Condition
instanceKlass java/util/concurrent/BlockingQueue
instanceKlass org/slf4j/Logger
instanceKlass org/slf4j/helpers/SubstituteLoggerFactory
instanceKlass org/slf4j/ILoggerFactory
instanceKlass org/slf4j/spi/MDCAdapter
instanceKlass org/slf4j/IMarkerFactory
instanceKlass jdk/internal/reflect/ClassDefiner$1
instanceKlass jdk/internal/reflect/ClassDefiner
instanceKlass jdk/internal/reflect/MethodAccessorGenerator$1
instanceKlass jdk/internal/reflect/Label$PatchInfo
instanceKlass jdk/internal/reflect/Label
instanceKlass jdk/internal/reflect/UTF8
instanceKlass jdk/internal/reflect/ClassFileAssembler
instanceKlass jdk/internal/reflect/ByteVectorImpl
instanceKlass jdk/internal/reflect/ByteVector
instanceKlass jdk/internal/reflect/ByteVectorFactory
instanceKlass jdk/internal/reflect/AccessorGenerator
instanceKlass jdk/internal/reflect/ClassFileConstants
instanceKlass org/slf4j/helpers/SubstituteServiceProvider
instanceKlass org/slf4j/event/LoggingEvent
instanceKlass org/slf4j/spi/SLF4JServiceProvider
instanceKlass org/slf4j/LoggerFactory
instanceKlass java/lang/Long$LongCache
instanceKlass apex/jorje/lsp/impl/telemetry/TelemetryData
instanceKlass java/lang/PublicMethods$Key
instanceKlass java/lang/PublicMethods$MethodList
instanceKlass org/eclipse/lsp4j/services/LanguageClient
instanceKlass apex/jorje/lsp/ApexLanguageServerLauncher
instanceKlass com/google/inject/Provider
instanceKlass jakarta/inject/Provider
instanceKlass java/security/SecureClassLoader$DebugHolder
instanceKlass java/security/PermissionCollection
instanceKlass java/security/SecureClassLoader$1
instanceKlass java/security/SecureClassLoader$CodeSourceKey
instanceKlass java/util/zip/Checksum$1
instanceKlass java/util/zip/CRC32
instanceKlass java/util/zip/Checksum
instanceKlass sun/nio/ByteBuffered
instanceKlass sun/security/util/ManifestEntryVerifier$SunProviderHolder
instanceKlass java/lang/Package$VersionInfo
instanceKlass java/lang/NamedPackage
instanceKlass java/util/LinkedList$Node
instanceKlass java/util/Base64$Encoder
instanceKlass java/util/Base64$Decoder
instanceKlass java/util/Base64
instanceKlass javax/crypto/SecretKey
instanceKlass sun/security/util/Length
instanceKlass sun/security/util/KeyUtil
instanceKlass java/security/interfaces/XECKey
instanceKlass java/security/interfaces/ECKey
instanceKlass sun/security/util/JarConstraintsParameters
instanceKlass sun/security/util/ConstraintsParameters
instanceKlass java/security/Timestamp
instanceKlass sun/security/timestamp/TimestampToken
instanceKlass java/security/cert/CertPath
instanceKlass java/math/MutableBigInteger
instanceKlass sun/security/rsa/RSAPadding
instanceKlass sun/security/rsa/RSACore
instanceKlass java/security/interfaces/RSAPrivateCrtKey
instanceKlass sun/security/pkcs/PKCS8Key
instanceKlass java/security/interfaces/RSAPrivateKey
instanceKlass java/security/PrivateKey
instanceKlass javax/security/auth/Destroyable
instanceKlass java/security/Signature$1
instanceKlass jdk/internal/access/JavaSecuritySignatureAccess
instanceKlass java/security/SignatureSpi
instanceKlass jdk/internal/icu/util/CodePointTrie$Data
instanceKlass jdk/internal/icu/util/CodePointTrie$1
instanceKlass java/lang/Readable
instanceKlass jdk/internal/icu/util/CodePointMap
instanceKlass jdk/internal/icu/util/VersionInfo
instanceKlass jdk/internal/jimage/ImageLocation
instanceKlass jdk/internal/jimage/decompressor/Decompressor
instanceKlass jdk/internal/jimage/ImageStringsReader
instanceKlass jdk/internal/jimage/ImageStrings
instanceKlass jdk/internal/jimage/ImageHeader
instanceKlass jdk/internal/jimage/NativeImageBuffer$1
instanceKlass jdk/internal/jimage/NativeImageBuffer
instanceKlass jdk/internal/jimage/BasicImageReader$1
instanceKlass jdk/internal/jimage/BasicImageReader
instanceKlass jdk/internal/jimage/ImageReader
instanceKlass jdk/internal/jimage/ImageReaderFactory$1
instanceKlass java/nio/file/FileSystems$DefaultFileSystemHolder$1
instanceKlass java/nio/file/FileSystems$DefaultFileSystemHolder
instanceKlass java/nio/file/FileSystems
instanceKlass java/nio/file/Paths
instanceKlass jdk/internal/jimage/ImageReaderFactory
instanceKlass jdk/internal/module/SystemModuleFinders$SystemImage
instanceKlass jdk/internal/module/SystemModuleFinders$SystemModuleReader
instanceKlass java/lang/module/ModuleReader
instanceKlass jdk/internal/loader/BuiltinClassLoader$5
instanceKlass jdk/internal/module/Checks
instanceKlass jdk/internal/module/Resources
instanceKlass jdk/internal/icu/impl/ICUBinary$1
instanceKlass jdk/internal/icu/impl/ICUBinary
instanceKlass jdk/internal/icu/impl/NormalizerImpl$IsAcceptable
instanceKlass jdk/internal/icu/impl/ICUBinary$Authenticate
instanceKlass jdk/internal/icu/impl/NormalizerImpl
instanceKlass jdk/internal/icu/impl/Norm2AllModes$Norm2AllModesSingleton
instanceKlass jdk/internal/icu/impl/Norm2AllModes$NFKCSingleton
instanceKlass jdk/internal/icu/impl/Norm2AllModes
instanceKlass jdk/internal/icu/text/Normalizer2
instanceKlass jdk/internal/icu/text/NormalizerBase$ModeImpl
instanceKlass jdk/internal/icu/text/NormalizerBase$NFKDModeImpl
instanceKlass jdk/internal/icu/text/NormalizerBase$1
instanceKlass jdk/internal/icu/text/NormalizerBase$Mode
instanceKlass jdk/internal/icu/text/NormalizerBase
instanceKlass java/text/Normalizer
instanceKlass sun/security/x509/AVAKeyword
instanceKlass java/util/StringJoiner
instanceKlass sun/security/util/SignatureUtil
instanceKlass java/lang/constant/DynamicConstantDesc
instanceKlass java/lang/constant/DirectMethodHandleDesc$1
instanceKlass java/lang/constant/DirectMethodHandleDescImpl$1
instanceKlass java/lang/constant/DirectMethodHandleDescImpl
instanceKlass java/lang/constant/DirectMethodHandleDesc
instanceKlass java/lang/constant/MethodHandleDesc$1
instanceKlass java/lang/constant/MethodHandleDesc
instanceKlass java/lang/constant/MethodTypeDescImpl
instanceKlass java/lang/constant/MethodTypeDesc
instanceKlass java/lang/constant/ReferenceClassDescImpl
instanceKlass java/lang/constant/ConstantUtils
instanceKlass java/lang/constant/ClassDesc
instanceKlass java/lang/constant/ConstantDescs
instanceKlass java/lang/invoke/VarHandle$2
instanceKlass java/lang/invoke/VarHandle$TypesAndInvokers
instanceKlass java/lang/invoke/VarHandle$AccessDescriptor
instanceKlass java/lang/invoke/VarHandleByteArrayBase
instanceKlass sun/security/provider/ByteArrayAccess$BE
instanceKlass sun/security/provider/ByteArrayAccess
instanceKlass sun/security/util/MessageDigestSpi2
instanceKlass sun/security/util/SecurityProperties
instanceKlass sun/security/util/CryptoAlgorithmConstraints$CryptoHolder
instanceKlass java/security/MessageDigestSpi
instanceKlass sun/security/pkcs/ESSCertId
instanceKlass sun/security/pkcs/SigningCertificateInfo
instanceKlass java/lang/Byte$ByteCache
instanceKlass sun/security/pkcs/PKCS9Attribute
instanceKlass sun/security/pkcs/PKCS9Attributes
instanceKlass java/time/Instant
instanceKlass java/time/zone/ZoneOffsetTransition
instanceKlass java/time/LocalTime
instanceKlass java/time/temporal/ValueRange
instanceKlass java/time/Duration
instanceKlass java/time/temporal/TemporalAmount
instanceKlass java/time/temporal/TemporalUnit
instanceKlass java/time/temporal/TemporalField
instanceKlass java/time/LocalDate
instanceKlass java/time/chrono/ChronoLocalDate
instanceKlass java/time/ZonedDateTime
instanceKlass java/time/chrono/ChronoZonedDateTime
instanceKlass java/time/LocalDateTime
instanceKlass java/time/chrono/ChronoLocalDateTime
instanceKlass java/time/temporal/Temporal
instanceKlass java/time/zone/ZoneOffsetTransitionRule
instanceKlass java/time/zone/ZoneRules
instanceKlass java/time/temporal/TemporalAdjuster
instanceKlass java/time/temporal/TemporalAccessor
instanceKlass java/time/ZoneId
instanceKlass java/util/regex/Pattern$BmpCharPredicate
instanceKlass java/util/regex/CharPredicates
instanceKlass sun/security/util/DisabledAlgorithmConstraints$Constraints$Holder
instanceKlass sun/security/util/DisabledAlgorithmConstraints$1
instanceKlass sun/security/util/DisabledAlgorithmConstraints$Constraint
instanceKlass java/util/StringTokenizer
instanceKlass java/security/spec/ECFieldF2m
instanceKlass java/security/spec/ECParameterSpec
instanceKlass java/security/spec/ECPoint
instanceKlass java/security/spec/EllipticCurve
instanceKlass java/security/spec/ECFieldFp
instanceKlass java/security/spec/ECField
instanceKlass sun/security/util/CurveDB
instanceKlass sun/security/util/DisabledAlgorithmConstraints$Constraints
instanceKlass java/util/regex/IntHashSet
instanceKlass java/util/regex/Matcher
instanceKlass java/util/regex/MatchResult
instanceKlass sun/security/util/AbstractAlgorithmConstraints$1
instanceKlass sun/security/util/AlgorithmDecomposer
instanceKlass sun/security/util/DisabledAlgorithmConstraints$JarHolder
instanceKlass java/util/regex/Pattern$TreeInfo
instanceKlass java/util/regex/Pattern$CharPredicate
instanceKlass java/util/regex/ASCII
instanceKlass java/util/regex/Pattern$Node
instanceKlass java/util/regex/Pattern
instanceKlass sun/security/util/AbstractAlgorithmConstraints
instanceKlass java/security/AlgorithmConstraints
instanceKlass sun/security/pkcs/SignerInfo
instanceKlass sun/security/x509/AccessDescription
instanceKlass sun/security/util/HostnameChecker
instanceKlass sun/security/x509/DNSName
instanceKlass java/net/URI$Parser
instanceKlass sun/security/x509/URIName
instanceKlass sun/security/x509/GeneralName
instanceKlass sun/security/x509/DistributionPoint
instanceKlass sun/security/x509/GeneralNames
instanceKlass java/security/cert/PolicyQualifierInfo
instanceKlass sun/security/x509/CertificatePolicyId
instanceKlass sun/security/x509/PolicyInformation
instanceKlass java/lang/invoke/VarForm
instanceKlass java/lang/invoke/VarHandleGuards
instanceKlass jdk/internal/util/Preconditions$1
instanceKlass java/lang/invoke/VarHandle$1
instanceKlass java/lang/invoke/VarHandles
instanceKlass java/lang/System$Logger
instanceKlass jdk/internal/event/EventHelper
instanceKlass sun/security/jca/JCAUtil
instanceKlass sun/security/util/MemoryCache$CacheEntry
instanceKlass sun/security/x509/X509AttributeName
instanceKlass sun/security/x509/KeyIdentifier
instanceKlass sun/security/x509/OIDMap$OIDInfo
instanceKlass sun/security/x509/PKIXExtensions
instanceKlass sun/security/x509/OIDMap
instanceKlass sun/security/x509/Extension
instanceKlass java/security/cert/Extension
instanceKlass java/util/Collections$SynchronizedMap
instanceKlass sun/security/x509/CertificateExtensions
instanceKlass sun/security/rsa/RSAUtil
instanceKlass sun/security/util/IOUtils
instanceKlass java/security/interfaces/RSAPublicKey
instanceKlass java/security/interfaces/RSAKey
instanceKlass java/security/spec/PSSParameterSpec
instanceKlass java/security/spec/AlgorithmParameterSpec
instanceKlass java/security/spec/RSAPrivateKeySpec
instanceKlass java/security/spec/RSAPublicKeySpec
instanceKlass java/security/KeyFactorySpi
instanceKlass sun/security/rsa/SunRsaSignEntries
instanceKlass sun/security/jca/ProviderList$ServiceList$1
instanceKlass java/security/KeyFactory
instanceKlass java/security/spec/EncodedKeySpec$1
instanceKlass jdk/internal/access/JavaSecuritySpecAccess
instanceKlass java/security/spec/EncodedKeySpec
instanceKlass java/security/spec/KeySpec
instanceKlass sun/security/util/BitArray
instanceKlass sun/security/x509/X509Key
instanceKlass java/security/PublicKey
instanceKlass java/security/Key
instanceKlass sun/security/x509/CertificateX509Key
instanceKlass java/util/Date
instanceKlass sun/util/calendar/CalendarUtils
instanceKlass sun/util/calendar/CalendarDate
instanceKlass sun/util/calendar/CalendarSystem$GregorianHolder
instanceKlass sun/util/calendar/CalendarSystem
instanceKlass sun/security/x509/CertificateValidity
instanceKlass sun/security/x509/AVA
instanceKlass sun/security/x509/RDN
instanceKlass javax/security/auth/x500/X500Principal
instanceKlass sun/security/x509/X500Name$1
instanceKlass sun/security/x509/X500Name
instanceKlass sun/security/x509/GeneralNameInterface
instanceKlass sun/security/x509/CertificateAlgorithmId
instanceKlass sun/security/x509/SerialNumber
instanceKlass sun/security/x509/CertificateSerialNumber
instanceKlass sun/security/x509/CertificateVersion
instanceKlass sun/security/x509/X509CertInfo
instanceKlass sun/security/x509/CertAttrSet
instanceKlass sun/security/util/Cache$EqualByteArray
instanceKlass java/security/cert/X509Extension
instanceKlass sun/security/jca/GetInstance$Instance
instanceKlass sun/security/util/Cache
instanceKlass jdk/internal/event/Event
instanceKlass sun/security/jca/GetInstance
instanceKlass java/security/cert/CertificateFactorySpi
instanceKlass java/security/cert/CertificateFactory
instanceKlass sun/security/x509/AlgorithmId
instanceKlass sun/security/util/ByteArrayTagOrder
instanceKlass sun/security/util/ByteArrayLexOrder
instanceKlass sun/security/util/DerEncoder
instanceKlass sun/security/util/DerValue
instanceKlass sun/security/util/ObjectIdentifier
instanceKlass sun/security/pkcs/ContentInfo
instanceKlass sun/security/util/DerInputStream
instanceKlass sun/security/pkcs/PKCS7
instanceKlass java/util/Collections$EmptyIterator
instanceKlass java/util/LinkedHashMap$LinkedHashIterator
instanceKlass sun/security/util/SecurityProviderConstants
instanceKlass java/security/Provider$UString
instanceKlass java/security/Provider$Service
instanceKlass sun/security/provider/NativePRNG$NonBlocking
instanceKlass sun/security/provider/NativePRNG$Blocking
instanceKlass sun/security/provider/NativePRNG
instanceKlass sun/security/provider/SunEntries$1
instanceKlass sun/security/provider/SunEntries
instanceKlass sun/security/util/SecurityConstants
instanceKlass java/security/Security$2
instanceKlass jdk/internal/access/JavaSecurityPropertiesAccess
instanceKlass java/util/concurrent/ConcurrentHashMap$MapEntry
instanceKlass java/io/FileInputStream$1
instanceKlass java/util/Properties$LineReader
instanceKlass java/security/Security$1
instanceKlass java/security/Security
instanceKlass sun/security/jca/ProviderList$2
instanceKlass jdk/internal/math/FloatingDecimal$ASCIIToBinaryBuffer
instanceKlass jdk/internal/math/FloatingDecimal$PreparedASCIIToBinaryBuffer
instanceKlass jdk/internal/math/FloatingDecimal$ASCIIToBinaryConverter
instanceKlass jdk/internal/math/FloatingDecimal$BinaryToASCIIBuffer
instanceKlass jdk/internal/math/FloatingDecimal$ExceptionalBinaryToASCIIBuffer
instanceKlass jdk/internal/math/FloatingDecimal$BinaryToASCIIConverter
instanceKlass jdk/internal/math/FloatingDecimal
instanceKlass javax/security/auth/login/Configuration$Parameters
instanceKlass java/security/Policy$Parameters
instanceKlass java/security/cert/CertStoreParameters
instanceKlass java/security/SecureRandomParameters
instanceKlass java/security/Provider$EngineDescription
instanceKlass java/security/Provider$ServiceKey
instanceKlass sun/security/jca/ProviderConfig
instanceKlass sun/security/jca/ProviderList
instanceKlass sun/security/jca/Providers
instanceKlass java/util/function/BiFunction
instanceKlass jdk/internal/org/objectweb/asm/FieldVisitor
instanceKlass java/lang/invoke/InvokerBytecodeGenerator$ClassData
instanceKlass jdk/internal/org/objectweb/asm/Frame
instanceKlass java/lang/invoke/LambdaFormBuffer
instanceKlass java/lang/invoke/LambdaFormEditor$TransformKey
instanceKlass java/lang/invoke/LambdaFormEditor
instanceKlass sun/invoke/util/Wrapper$1
instanceKlass java/lang/invoke/DelegatingMethodHandle$Holder
instanceKlass java/lang/invoke/DirectMethodHandle$2
instanceKlass sun/invoke/empty/Empty
instanceKlass sun/invoke/util/VerifyType
instanceKlass java/lang/invoke/ClassSpecializer$Factory
instanceKlass java/lang/invoke/ClassSpecializer$SpeciesData
instanceKlass java/lang/invoke/ClassSpecializer$1
instanceKlass java/lang/invoke/ClassSpecializer
instanceKlass java/lang/invoke/InnerClassLambdaMetafactory$1
instanceKlass java/lang/invoke/MethodHandles$Lookup$ClassDefiner
instanceKlass jdk/internal/org/objectweb/asm/ClassReader
instanceKlass java/lang/invoke/MethodHandles$Lookup$ClassFile
instanceKlass jdk/internal/org/objectweb/asm/AnnotationVisitor
instanceKlass jdk/internal/org/objectweb/asm/Attribute
instanceKlass jdk/internal/org/objectweb/asm/Handler
instanceKlass jdk/internal/org/objectweb/asm/Label
instanceKlass jdk/internal/org/objectweb/asm/MethodVisitor
instanceKlass java/lang/invoke/LambdaProxyClassArchive
instanceKlass jdk/internal/org/objectweb/asm/ByteVector
instanceKlass jdk/internal/org/objectweb/asm/Symbol
instanceKlass jdk/internal/org/objectweb/asm/SymbolTable
instanceKlass jdk/internal/org/objectweb/asm/ClassVisitor
instanceKlass java/lang/invoke/InfoFromMemberName
instanceKlass java/lang/invoke/MethodHandleInfo
instanceKlass jdk/internal/org/objectweb/asm/ConstantDynamic
instanceKlass sun/invoke/util/BytecodeDescriptor
instanceKlass jdk/internal/org/objectweb/asm/Handle
instanceKlass sun/security/action/GetBooleanAction
instanceKlass jdk/internal/org/objectweb/asm/Type
instanceKlass java/lang/invoke/AbstractValidatingLambdaMetafactory
instanceKlass java/lang/invoke/MethodHandleImpl$1
instanceKlass jdk/internal/access/JavaLangInvokeAccess
instanceKlass java/lang/invoke/Invokers$Holder
instanceKlass java/lang/invoke/BootstrapMethodInvoker
instanceKlass java/lang/invoke/InvokerBytecodeGenerator$2
instanceKlass java/lang/invoke/InvokerBytecodeGenerator
instanceKlass java/lang/invoke/LambdaForm$Holder
instanceKlass java/lang/invoke/LambdaForm$Name
instanceKlass java/lang/invoke/Invokers
instanceKlass java/lang/invoke/MethodHandleImpl
instanceKlass sun/invoke/util/ValueConversions
instanceKlass java/lang/invoke/DirectMethodHandle$Holder
instanceKlass java/lang/invoke/LambdaForm$NamedFunction
instanceKlass sun/invoke/util/Wrapper$Format
instanceKlass java/lang/invoke/MethodTypeForm
instanceKlass java/lang/Void
instanceKlass java/lang/invoke/MethodType$ConcurrentWeakInternSet
instanceKlass java/lang/invoke/LambdaMetafactory
instanceKlass sun/security/util/ManifestDigester$Section
instanceKlass sun/security/util/ManifestDigester$Entry
instanceKlass sun/security/util/ManifestDigester$Position
instanceKlass sun/security/util/ManifestDigester
instanceKlass sun/security/util/ManifestEntryVerifier
instanceKlass java/util/jar/Attributes$Name
instanceKlass java/util/jar/Attributes
instanceKlass java/security/CodeSigner
instanceKlass java/util/jar/JarVerifier
instanceKlass jdk/internal/loader/Resource
instanceKlass java/util/ArrayList$Itr
instanceKlass sun/security/action/GetIntegerAction
instanceKlass sun/security/util/Debug
instanceKlass sun/security/util/SignatureFileVerifier
instanceKlass java/util/zip/ZipFile$InflaterCleanupAction
instanceKlass java/util/zip/Inflater$InflaterZStreamRef
instanceKlass java/util/zip/Inflater
instanceKlass java/util/zip/ZipEntry
instanceKlass jdk/internal/util/jar/JarIndex
instanceKlass java/nio/Bits$1
instanceKlass jdk/internal/misc/VM$BufferPool
instanceKlass java/nio/Bits
instanceKlass sun/nio/ch/DirectBuffer
instanceKlass jdk/internal/perf/PerfCounter$CoreCounters
instanceKlass jdk/internal/perf/Perf
instanceKlass jdk/internal/perf/Perf$GetPerfAction
instanceKlass jdk/internal/perf/PerfCounter
instanceKlass java/nio/file/attribute/FileTime
instanceKlass java/util/TreeMap$PrivateEntryIterator
instanceKlass java/util/TreeMap$Entry
instanceKlass java/util/NavigableMap
instanceKlass java/util/SortedMap
instanceKlass java/util/NavigableSet
instanceKlass java/util/SortedSet
instanceKlass java/util/zip/ZipUtils
instanceKlass java/util/zip/ZipFile$Source$End
instanceKlass java/io/RandomAccessFile$2
instanceKlass jdk/internal/access/JavaIORandomAccessFileAccess
instanceKlass java/io/RandomAccessFile
instanceKlass java/io/DataInput
instanceKlass java/io/DataOutput
instanceKlass sun/nio/fs/WindowsNativeDispatcher$CompletionStatus
instanceKlass sun/nio/fs/WindowsNativeDispatcher$AclInformation
instanceKlass sun/nio/fs/WindowsNativeDispatcher$Account
instanceKlass sun/nio/fs/WindowsNativeDispatcher$DiskFreeSpace
instanceKlass sun/nio/fs/WindowsNativeDispatcher$VolumeInformation
instanceKlass sun/nio/fs/WindowsNativeDispatcher$FirstStream
instanceKlass sun/nio/fs/WindowsNativeDispatcher$FirstFile
instanceKlass java/util/Enumeration
instanceKlass java/util/concurrent/ConcurrentHashMap$Traverser
instanceKlass java/util/concurrent/ConcurrentHashMap$CollectionView
instanceKlass jdk/internal/loader/NativeLibraries$NativeLibraryImpl
instanceKlass jdk/internal/loader/NativeLibrary
instanceKlass java/util/ArrayDeque$DeqIterator
instanceKlass jdk/internal/loader/NativeLibraries$1
instanceKlass jdk/internal/loader/NativeLibraries$LibraryPaths
instanceKlass sun/nio/fs/WindowsNativeDispatcher
instanceKlass sun/nio/fs/NativeBuffer$Deallocator
instanceKlass sun/nio/fs/NativeBuffer
instanceKlass java/lang/ThreadLocal$ThreadLocalMap
instanceKlass sun/nio/fs/NativeBuffers
instanceKlass sun/nio/fs/WindowsFileAttributes
instanceKlass java/nio/file/attribute/DosFileAttributes
instanceKlass sun/nio/fs/AbstractBasicFileAttributeView
instanceKlass sun/nio/fs/DynamicFileAttributeView
instanceKlass sun/nio/fs/WindowsFileAttributeViews
instanceKlass sun/nio/fs/Util
instanceKlass java/nio/file/attribute/BasicFileAttributeView
instanceKlass java/nio/file/attribute/FileAttributeView
instanceKlass java/nio/file/attribute/AttributeView
instanceKlass java/nio/file/Files
instanceKlass java/nio/file/CopyOption
instanceKlass java/nio/file/attribute/BasicFileAttributes
instanceKlass sun/nio/fs/WindowsPath
instanceKlass java/nio/file/Path
instanceKlass java/nio/file/Watchable
instanceKlass java/util/zip/ZipFile$Source$Key
instanceKlass sun/nio/fs/WindowsPathParser$Result
instanceKlass sun/nio/fs/WindowsPathParser
instanceKlass java/util/Collections$UnmodifiableCollection
instanceKlass java/util/Arrays$ArrayItr
instanceKlass java/nio/file/FileSystem
instanceKlass java/nio/file/OpenOption
instanceKlass java/nio/file/spi/FileSystemProvider
instanceKlass sun/nio/fs/DefaultFileSystemProvider
instanceKlass java/util/zip/ZipFile$Source
instanceKlass java/lang/ref/Cleaner$Cleanable
instanceKlass jdk/internal/ref/CleanerImpl
instanceKlass java/lang/ref/Cleaner$1
instanceKlass java/lang/ref/Cleaner
instanceKlass jdk/internal/ref/CleanerFactory$1
instanceKlass java/util/concurrent/ThreadFactory
instanceKlass jdk/internal/ref/CleanerFactory
instanceKlass java/util/zip/ZipCoder
instanceKlass java/util/zip/ZipFile$CleanableResource
instanceKlass java/lang/Runtime$Version
instanceKlass java/util/jar/JavaUtilJarAccessImpl
instanceKlass jdk/internal/access/JavaUtilJarAccess
instanceKlass jdk/internal/loader/FileURLMapper
instanceKlass jdk/internal/loader/URLClassPath$JarLoader$1
instanceKlass java/util/zip/ZipFile$1
instanceKlass jdk/internal/access/JavaUtilZipFileAccess
instanceKlass java/util/zip/ZipFile
instanceKlass java/util/zip/ZipConstants
instanceKlass jdk/internal/loader/URLClassPath$Loader
instanceKlass jdk/internal/loader/URLClassPath$3
instanceKlass java/security/PrivilegedExceptionAction
instanceKlass sun/util/locale/LocaleObjectCache
instanceKlass sun/util/locale/BaseLocale$Key
instanceKlass sun/util/locale/LocaleUtils
instanceKlass sun/util/locale/BaseLocale
instanceKlass java/util/Locale
instanceKlass sun/net/util/URLUtil
instanceKlass java/lang/StringCoding
instanceKlass sun/nio/cs/ArrayDecoder
instanceKlass java/nio/charset/CharsetDecoder
instanceKlass sun/launcher/LauncherHelper
instanceKlass java/lang/reflect/Array
instanceKlass java/lang/invoke/StringConcatFactory$3
instanceKlass java/lang/invoke/StringConcatFactory$2
instanceKlass java/lang/invoke/StringConcatFactory$1
instanceKlass java/lang/invoke/StringConcatFactory
instanceKlass java/lang/ModuleLayer$Controller
instanceKlass java/util/concurrent/CopyOnWriteArrayList
instanceKlass jdk/internal/module/ServicesCatalog$ServiceProvider
instanceKlass jdk/internal/loader/AbstractClassLoaderValue$Memoizer
instanceKlass java/util/ImmutableCollections$ListItr
instanceKlass java/util/ListIterator
instanceKlass java/lang/ModuleLayer
instanceKlass jdk/internal/module/ModuleLoaderMap$Modules
instanceKlass jdk/internal/module/ModuleLoaderMap$Mapper
instanceKlass java/util/function/Function
instanceKlass jdk/internal/module/ModuleLoaderMap
instanceKlass java/util/AbstractMap$1$1
instanceKlass java/lang/module/ResolvedModule
instanceKlass java/lang/module/Configuration
instanceKlass jdk/internal/loader/BuiltinClassLoader$LoadedModule
instanceKlass jdk/internal/loader/AbstractClassLoaderValue
instanceKlass jdk/internal/module/ServicesCatalog
instanceKlass jdk/internal/util/Preconditions
instanceKlass sun/net/util/IPAddressUtil
instanceKlass java/net/URLStreamHandler
instanceKlass java/util/HexFormat
instanceKlass sun/net/www/ParseUtil
instanceKlass java/net/URL$3
instanceKlass jdk/internal/access/JavaNetURLAccess
instanceKlass java/net/URL$DefaultFactory
instanceKlass java/net/URLStreamHandlerFactory
instanceKlass jdk/internal/loader/URLClassPath
instanceKlass java/security/Principal
instanceKlass java/security/ProtectionDomain$Key
instanceKlass java/security/ProtectionDomain$JavaSecurityAccessImpl
instanceKlass jdk/internal/access/JavaSecurityAccess
instanceKlass java/lang/ClassLoader$ParallelLoaders
instanceKlass java/security/cert/Certificate
instanceKlass jdk/internal/loader/ArchivedClassLoaders
instanceKlass java/util/Deque
instanceKlass java/util/Queue
instanceKlass jdk/internal/loader/ClassLoaderHelper
instanceKlass jdk/internal/loader/NativeLibraries
instanceKlass jdk/internal/loader/BootLoader
instanceKlass java/util/Optional
instanceKlass jdk/internal/module/SystemModuleFinders$SystemModuleFinder
instanceKlass java/lang/module/ModuleFinder
instanceKlass jdk/internal/module/SystemModuleFinders$3
instanceKlass jdk/internal/module/ModuleHashes$HashSupplier
instanceKlass jdk/internal/module/SystemModuleFinders$2
instanceKlass java/util/function/Supplier
instanceKlass java/lang/module/ModuleReference
instanceKlass jdk/internal/module/ModuleResolution
instanceKlass java/util/Collections$UnmodifiableMap
instanceKlass jdk/internal/module/ModuleHashes$Builder
instanceKlass jdk/internal/module/ModuleHashes
instanceKlass jdk/internal/module/ModuleTarget
instanceKlass java/util/ImmutableCollections$Set12$1
instanceKlass java/lang/Enum
instanceKlass java/lang/module/ModuleDescriptor$Version
instanceKlass java/lang/module/ModuleDescriptor$Provides
instanceKlass java/lang/module/ModuleDescriptor$Opens
instanceKlass java/util/ImmutableCollections$SetN$SetNIterator
instanceKlass java/lang/module/ModuleDescriptor$Exports
instanceKlass java/lang/module/ModuleDescriptor$Requires
instanceKlass jdk/internal/module/Builder
instanceKlass jdk/internal/module/SystemModules$default
instanceKlass jdk/internal/module/SystemModules
instanceKlass jdk/internal/module/SystemModulesMap
instanceKlass java/net/URI$1
instanceKlass jdk/internal/access/JavaNetUriAccess
instanceKlass java/net/URI
instanceKlass jdk/internal/module/SystemModuleFinders
instanceKlass jdk/internal/module/ArchivedModuleGraph
instanceKlass jdk/internal/module/ArchivedBootLayer
instanceKlass jdk/internal/module/ModuleBootstrap$Counters
instanceKlass jdk/internal/module/ModulePatcher
instanceKlass java/io/FileSystem
instanceKlass java/io/DefaultFileSystem
instanceKlass java/io/File
instanceKlass java/lang/module/ModuleDescriptor$1
instanceKlass jdk/internal/access/JavaLangModuleAccess
instanceKlass sun/invoke/util/VerifyAccess
instanceKlass java/lang/module/ModuleDescriptor
instanceKlass jdk/internal/module/ModuleBootstrap
instanceKlass java/lang/invoke/MethodHandleStatics
instanceKlass java/util/Collections
instanceKlass sun/io/Win32ErrorMode
instanceKlass jdk/internal/misc/OSEnvironment
instanceKlass jdk/internal/misc/Signal$NativeHandler
instanceKlass java/util/Hashtable$Entry
instanceKlass jdk/internal/misc/Signal
instanceKlass java/lang/Terminator$1
instanceKlass jdk/internal/misc/Signal$Handler
instanceKlass java/lang/Terminator
instanceKlass java/nio/ByteOrder
instanceKlass java/nio/Buffer$1
instanceKlass jdk/internal/access/JavaNioAccess
instanceKlass jdk/internal/misc/ScopedMemoryAccess
instanceKlass java/nio/charset/CodingErrorAction
instanceKlass sun/nio/cs/SingleByte
instanceKlass java/lang/StringUTF16
instanceKlass sun/nio/cs/MS1252$Holder
instanceKlass sun/nio/cs/ArrayEncoder
instanceKlass java/nio/charset/CharsetEncoder
instanceKlass java/lang/reflect/Modifier
instanceKlass java/lang/Class$1
instanceKlass java/lang/Class$Atomic
instanceKlass java/lang/Class$ReflectionData
instanceKlass jdk/internal/util/ArraysSupport
instanceKlass java/nio/charset/StandardCharsets
instanceKlass sun/nio/cs/HistoricallyNamedCharset
instanceKlass sun/security/action/GetPropertyAction
instanceKlass java/lang/ThreadLocal
instanceKlass java/nio/charset/spi/CharsetProvider
instanceKlass java/nio/charset/Charset
instanceKlass java/io/Writer
instanceKlass java/io/OutputStream
instanceKlass java/io/Flushable
instanceKlass java/io/FileDescriptor$1
instanceKlass jdk/internal/access/JavaIOFileDescriptorAccess
instanceKlass java/io/FileDescriptor
instanceKlass jdk/internal/util/StaticProperty
instanceKlass java/util/HashMap$HashIterator
instanceKlass java/lang/Integer$IntegerCache
instanceKlass java/lang/CharacterData
instanceKlass java/util/Arrays
instanceKlass java/lang/VersionProps
instanceKlass java/lang/StringConcatHelper
instanceKlass jdk/internal/misc/VM
instanceKlass jdk/internal/util/SystemProps$Raw
instanceKlass jdk/internal/util/SystemProps
instanceKlass java/lang/System$2
instanceKlass jdk/internal/access/JavaLangAccess
instanceKlass java/lang/ref/Reference$1
instanceKlass jdk/internal/access/JavaLangRefAccess
instanceKlass java/lang/ref/ReferenceQueue$Lock
instanceKlass java/lang/ref/ReferenceQueue
instanceKlass jdk/internal/reflect/ReflectionFactory
instanceKlass jdk/internal/reflect/ReflectionFactory$GetReflectionFactoryAction
instanceKlass java/security/PrivilegedAction
instanceKlass java/util/concurrent/locks/LockSupport
instanceKlass java/util/concurrent/ConcurrentHashMap$Node
instanceKlass java/util/concurrent/ConcurrentHashMap$CounterCell
instanceKlass java/util/concurrent/locks/ReentrantLock
instanceKlass java/util/concurrent/locks/Lock
instanceKlass java/lang/Runtime
instanceKlass java/util/HashMap$Node
instanceKlass java/util/KeyValueHolder
instanceKlass java/util/Map$Entry
instanceKlass java/util/ImmutableCollections$MapN$MapNIterator
instanceKlass java/lang/Math
instanceKlass jdk/internal/reflect/Reflection
instanceKlass java/lang/invoke/MethodHandles$Lookup
instanceKlass java/lang/StringLatin1
instanceKlass java/security/Permission
instanceKlass java/security/Guard
instanceKlass java/lang/invoke/MemberName$Factory
instanceKlass java/lang/invoke/MethodHandles
instanceKlass jdk/internal/access/SharedSecrets
instanceKlass java/lang/reflect/ReflectAccess
instanceKlass jdk/internal/access/JavaLangReflectAccess
instanceKlass java/util/ImmutableCollections
instanceKlass java/util/Objects
instanceKlass java/util/Set
instanceKlass jdk/internal/misc/CDS
instanceKlass java/lang/Module$ArchivedData
instanceKlass java/lang/String$CaseInsensitiveComparator
instanceKlass java/util/Comparator
instanceKlass java/io/ObjectStreamField
instanceKlass jdk/internal/vm/vector/VectorSupport$VectorPayload
instanceKlass jdk/internal/vm/vector/VectorSupport
instanceKlass java/lang/reflect/RecordComponent
instanceKlass java/util/Iterator
instanceKlass java/lang/Number
instanceKlass java/lang/Character
instanceKlass java/lang/Boolean
instanceKlass java/util/concurrent/locks/AbstractOwnableSynchronizer
instanceKlass java/lang/LiveStackFrame
instanceKlass java/lang/StackFrameInfo
instanceKlass java/lang/StackWalker$StackFrame
instanceKlass java/lang/StackStreamFactory$AbstractStackWalker
instanceKlass java/lang/StackWalker
instanceKlass java/nio/Buffer
instanceKlass java/lang/StackTraceElement
instanceKlass java/util/RandomAccess
instanceKlass java/util/List
instanceKlass java/util/AbstractCollection
instanceKlass java/util/Collection
instanceKlass java/lang/Iterable
instanceKlass java/util/concurrent/ConcurrentMap
instanceKlass java/util/AbstractMap
instanceKlass java/security/CodeSource
instanceKlass jdk/internal/loader/ClassLoaders
instanceKlass java/util/jar/Manifest
instanceKlass java/net/URL
instanceKlass java/io/InputStream
instanceKlass java/io/Closeable
instanceKlass java/lang/AutoCloseable
instanceKlass jdk/internal/module/Modules
instanceKlass jdk/internal/misc/Unsafe
instanceKlass jdk/internal/misc/UnsafeConstants
instanceKlass java/lang/AbstractStringBuilder
instanceKlass java/lang/Appendable
instanceKlass java/lang/AssertionStatusDirectives
instanceKlass java/lang/invoke/MethodHandleNatives$CallSiteContext
instanceKlass jdk/internal/invoke/NativeEntryPoint
instanceKlass java/lang/invoke/CallSite
instanceKlass java/lang/invoke/MethodType
instanceKlass java/lang/invoke/TypeDescriptor$OfMethod
instanceKlass java/lang/invoke/LambdaForm
instanceKlass java/lang/invoke/MethodHandleNatives
instanceKlass java/lang/invoke/ResolvedMethodName
instanceKlass java/lang/invoke/MemberName
instanceKlass java/lang/invoke/VarHandle
instanceKlass java/lang/invoke/MethodHandle
instanceKlass jdk/internal/reflect/CallerSensitive
instanceKlass java/lang/annotation/Annotation
instanceKlass jdk/internal/reflect/FieldAccessor
instanceKlass jdk/internal/reflect/ConstantPool
instanceKlass jdk/internal/reflect/ConstructorAccessor
instanceKlass jdk/internal/reflect/MethodAccessor
instanceKlass jdk/internal/reflect/MagicAccessorImpl
instanceKlass java/lang/reflect/Parameter
instanceKlass java/lang/reflect/Member
instanceKlass java/lang/reflect/AccessibleObject
instanceKlass java/lang/Module
instanceKlass java/util/Map
instanceKlass java/util/Dictionary
instanceKlass java/lang/ThreadGroup
instanceKlass java/lang/Thread$UncaughtExceptionHandler
instanceKlass java/lang/Thread
instanceKlass java/lang/Runnable
instanceKlass java/lang/ref/Reference
instanceKlass java/lang/Record
instanceKlass java/security/AccessController
instanceKlass java/security/AccessControlContext
instanceKlass java/security/ProtectionDomain
instanceKlass java/lang/SecurityManager
instanceKlass java/lang/Throwable
instanceKlass java/lang/System
instanceKlass java/lang/ClassLoader
instanceKlass java/lang/Cloneable
instanceKlass java/lang/Class
instanceKlass java/lang/invoke/TypeDescriptor$OfField
instanceKlass java/lang/invoke/TypeDescriptor
instanceKlass java/lang/reflect/Type
instanceKlass java/lang/reflect/GenericDeclaration
instanceKlass java/lang/reflect/AnnotatedElement
instanceKlass java/lang/String
instanceKlass java/lang/constant/ConstantDesc
instanceKlass java/lang/constant/Constable
instanceKlass java/lang/CharSequence
instanceKlass java/lang/Comparable
instanceKlass java/io/Serializable
ciInstanceKlass java/lang/Object 1 1 92 100 1 10 12 1 1 10 7 12 1 1 1 10 100 12 1 1 1 10 12 1 1 8 1 10 12 1 1 10 100 12 1 1 1 10 12 1 10 12 1 1 100 1 8 1 10 12 1 3 8 1 100 1 5 0 1 1 1 1 1 1 1 1 1 1 1 1 1 1 1 1 7 1 1 1 7 1 1 1 1 1 1 1 7 1 1 1 1 1 1 1
ciMethod java/lang/Object equals (Ljava/lang/Object;)Z 522 0 30469 0 0
ciMethod java/lang/Object hashCode ()I 256 0 128 0 -1
ciInstanceKlass java/lang/Class 1 1 1600 10 7 12 1 1 1 9 7 12 1 1 1 9 12 1 1 7 1 10 10 12 1 1 8 1 10 12 1 8 1 8 1 10 12 1 1 10 12 1 1 10 12 1 10 10 12 1 10 12 1 1 10 12 1 1 10 7 12 1 1 10 12 1 10 12 1 10 12 1 8 1 10 12 1 8 1 10 12 1 8 1 8 1 10 12 1 1 10 7 12 1 1 1 18 12 1 1 11 7 12 1 1 1 8 1 8 1 8 1 10 7 12 1 1 1 11 12 1 1 7 1 8 1 10 12 1 11 100 12 1 1 1 10 12 1 1 11 8 1 18 8 1 10 12 1 10 7 12 1 1 10 7 12 1 1 1 10 12 1 1 10 7 12 1 1 1 9 100 12 1 1 1 10 100 12 1 1 1 10 7 12 1 1 1 10 12 1 1 18 12 1 1 10 7 12 1 1 1 10 7 12 1 1 10 12 1 1 10 7 1 100 1 10 12 1 1 9 12 1 1 7 1 8 1 10 12 1 10 12 1 1 10 12 1 1 10 7 12 1 1 1 7 1 10 12 1 7 1 7 1 10 10 12 1 1 10 12 1 1 100 1 10 100 12 1 1 1 10 12 1 1 10 12 1 1 9 12 1 1 10 12 1 10 12 1 10 12 1 1 9 12 1 1 9 12 1 1 10 12 1 1 10 7 1 10 12 1 10 12 1 10 12 1 1 10 9 12 1 10 12 1 8 1 10 12 1 1 10 12 1 1 10 12 1 10 12 1 1 10 12 1 1 10 12 1 1 9 7 12 1 1 1 10 7 12 1 1 10 12 10 12 1 10 12 1 1 10 100 12 1 1 10 12 1 10 12 1 1 10 100 12 1 1 1 10 12 1 10 12 1 1 10 12 1 10 12 1 10 12 1 1 10 7 1 10 10 10 12 1 1 10 12 1 1 10 12 10 12 1 1 100 1 8 1 10 10 12 1 1 10 12 1 100 1 11 12 1 10 100 12 1 1 10 12 1 10 12 1 10 100 12 1 1 10 10 12 1 1 8 1 10 12 1 10 12 1 1 8 1 9 12 1 10 12 1 10 12 1 10 12 1 10 12 100 1 9 12 1 10 12 1 9 12 1 10 12 1 10 12 1 10 12 1 10 10 12 1 10 12 1 10 12 1 10 12 1 10 12 1 10 12 1 100 1 10 12 1 10 12 1 1 10 12 1 1 10 12 1 1 10 12 1 1 10 12 1 1 10 12 1 1 7 1 10 10 12 1 1 10 12 1 1 10 12 1 1 10 10 12 1 10 12 1 1 10 12 1 1 10 12 1 1 10 12 1 1 7 1 10 10 12 11 100 12 1 1 10 12 1 1 10 12 1 10 7 12 1 1 1 10 12 1 1 10 10 12 1 1 100 1 10 10 12 1 1 10 100 12 1 1 1 100 1 7 1 10 12 1 1 10 12 1 10 10 12 1 1 10 12 1 10 12 1 10 12 1 10 100 12 1 1 1 11 7 12 1 1 10 12 1 10 12 1 9 12 1 10 12 1 1 10 12 1 9 100 12 1 1 1 9 12 1 10 100 12 1 1 1 10 12 1 10 12 1 10 100 12 1 1 1 10 12 1 10 12 10 12 1 1 100 1 10 8 1 10 12 1 11 11 12 1 1 11 7 12 1 1 11 12 1 8 1 10 12 1 10 12 1 1 9 12 1 9 12 1 1 10 7 12 1 1 9 12 1 10 12 1 1 10 10 12 1 10 7 12 1 1 1 10 7 12 1 1 10 7 12 1 1 9 12 1 1 10 12 1 9 12 1 10 12 1 10 12 1 1 9 12 1 1 9 12 1 10 12 1 10 12 1 1 9 12 1 7 1 10 10 12 1 1 7 1 10 12 1 1 7 11 7 1 9 12 1 1 9 12 1 100 1 10 12 1 9 12 1 1 9 12 1 10 12 1 10 12 1 1 9 12 1 7 1 10 10 12 1 1 10 10 12 1 1 10 12 10 10 12 1 9 12 1 10 12 1 1 10 7 12 1 1 1 10 12 1 1 10 12 1 8 10 7 8 1 18 8 1 8 1 10 12 1 9 12 1 9 12 1 1 10 12 1 7 1 7 1 10 12 1 9 12 1 1 7 1 10 10 12 1 10 7 1 9 12 1 8 1 10 12 1 7 1 10 12 1 10 12 1 1 9 12 1 100 1 8 1 10 7 1 4 10 10 12 11 7 12 1 1 1 10 12 1 100 1 10 12 1 1 10 8 1 8 1 10 12 1 1 9 7 12 1 1 11 12 7 1 11 100 12 1 1 9 12 1 10 100 12 1 1 1 10 7 12 1 1 10 12 1 1 9 12 1 9 10 12 1 1 10 12 1 1 10 12 1 1 10 12 1 1 10 12 1 1 11 12 1 7 1 11 12 1 10 7 12 1 1 1 10 12 1 100 1 11 12 1 10 100 12 1 1 1 10 12 1 10 11 12 1 11 12 1 1 10 12 1 10 12 1 1 9 12 1 1 9 7 12 1 1 10 12 1 10 7 12 1 1 1 10 12 1 1 10 12 1 10 12 1 10 12 1 10 7 12 1 1 1 10 12 1 8 1 10 12 1 10 12 1 10 12 1 10 100 12 1 1 1 11 100 12 1 1 1 10 12 1 1 10 12 1 18 12 1 1 11 12 1 1 18 11 12 1 18 12 1 11 12 1 10 12 1 1 10 12 1 10 12 1 10 12 10 12 1 8 1 10 12 1 7 1 9 12 1 1 100 1 100 1 100 1 100 1 100 1 1 1 3 1 3 1 3 1 1 1 1 1 1 1 5 0 1 1 1 1 1 1 1 1 1 1 1 1 1 1 1 1 1 1 1 1 1 1 1 100 1 1 1 1 1 1 1 100 1 1 1 1 1 1 7 1 1 1 1 1 1 1 1 1 1 1 1 1 1 1 1 1 1 1 1 1 1 1 1 1 1 1 1 1 1 1 1 1 1 1 1 1 1 100 1 1 1 1 1 1 1 1 1 1 1 1 1 1 1 1 1 1 1 1 1 1 1 1 1 1 1 1 100 1 1 1 1 1 1 1 1 1 1 1 1 1 1 1 1 1 1 1 1 1 1 1 1 1 1 1 1 1 1 1 1 1 1 1 1 1 1 1 1 1 1 1 1 1 1 1 1 1 1 1 1 1 100 1 100 1 1 1 1 1 1 1 100 1 1 1 1 1 1 1 1 1 1 1 1 1 1 1 1 1 1 1 1 1 1 1 1 1 1 1 1 1 1 1 1 1 1 1 1 1 1 1 1 1 1 1 1 1 1 1 1 1 1 1 1 1 1 1 100 1 1 1 1 1 1 1 1 1 1 1 1 1 1 1 1 1 1 1 1 1 1 1 1 1 1 1 1 1 1 1 1 1 1 1 1 1 1 1 1 1 1 1 1 1 1 1 1 1 1 1 1 1 1 1 1 1 1 1 1 1 1 1 1 1 1 1 1 15 10 7 12 1 1 1 16 15 10 12 16 15 11 12 16 1 16 15 16 15 10 12 16 16 15 10 12 16 15 16 1 15 10 12 16 1 1 1 1 1 1 1 1 1 100 1 1 100 1 100 1 1 100 1 100 1 1
staticfield java/lang/Class EMPTY_CLASS_ARRAY [Ljava/lang/Class; 0 [Ljava/lang/Class;
staticfield java/lang/Class serialPersistentFields [Ljava/io/ObjectStreamField; 0 [Ljava/io/ObjectStreamField;
ciInstanceKlass java/io/Serializable 1 0 7 100 1 100 1 1 1
instanceKlass jdk/internal/vm/vector/VectorSupport$VectorShuffle
instanceKlass jdk/internal/vm/vector/VectorSupport$VectorMask
instanceKlass jdk/internal/vm/vector/VectorSupport$Vector
ciInstanceKlass jdk/internal/vm/vector/VectorSupport$VectorPayload 0 0 32 10 100 12 1 1 1 9 100 12 1 1 1 10 100 12 1 1 1 1 1 1 1 1 1 1 1 1 1 1 1 1
ciInstanceKlass jdk/internal/vm/vector/VectorSupport$VectorShuffle 0 0 28 10 100 12 1 1 1 100 1 1 1 1 1 1 1 1 1 1 1 1 1 1 1 100 1 1 1 1
ciInstanceKlass jdk/internal/vm/vector/VectorSupport$VectorMask 0 0 28 10 100 12 1 1 1 100 1 1 1 1 1 1 1 1 1 1 1 1 1 1 1 100 1 1 1 1
ciInstanceKlass jdk/internal/vm/vector/VectorSupport$Vector 0 0 28 10 100 12 1 1 1 100 1 1 1 1 1 1 1 1 1 1 1 1 1 1 1 100 1 1 1 1
ciInstanceKlass jdk/internal/vm/vector/VectorSupport 0 0 487 100 1 10 100 12 1 1 1 9 12 1 1 10 12 1 1 100 1 10 12 1 11 100 12 1 1 1 11 100 12 1 1 1 11 100 12 1 1 11 100 12 1 1 1 11 100 1 100 1 10 12 1 1 11 100 12 1 1 11 100 12 1 1 100 1 11 100 12 1 1 11 100 12 1 1 11 100 12 1 1 1 11 100 12 1 1 1 11 100 12 1 1 1 11 100 12 1 1 1 100 1 10 12 1 1 11 100 12 1 1 100 1 11 100 12 1 1 11 100 12 1 1 11 100 12 1 1 11 100 1 100 1 9 12 1 1 10 100 12 1 1 11 100 12 1 1 10 12 1 1 10 100 12 1 1 1 10 12 1 10 12 1 1 10 12 1 1 1 1 1 3 1 3 1 3 1 3 1 3 1 3 1 3 1 3 1 3 1 3 1 3 1 3 1 3 1 3 1 3 1 3 1 3 1 3 1 3 1 3 1 3 1 3 1 3 1 3 1 3 1 3 1 3 1 3 1 3 1 3 1 3 1 3 1 3 1 3 1 3 1 3 1 3 1 3 1 3 1 1 1 1 1 3 1 1 1 1 1 1 3 1 1 1 1 1 1 1 1 1 1 1 1 1 1 1 1 1 1 1 1 1 1 1 1 1 1 1 1 1 1 1 1 1 1 1 1 1 1 1 1 1 1 1 1 1 1 1 1 1 1 1 1 1 1 1 1 1 1 1 1 1 1 1 1 1 1 1 1 1 1 1 1 1 1 1 1 1 1 1 1 1 1 1 1 1 1 1 1 1 1 1 1 1 1 1 1 1 1 1 1 1 1 1 1 1 1 1 1 1 1 1 1 1 1 1 1 1 1 1 1 1 1 1 1 1 1 1 1 1 1 1 1 1 1 1 1 1 1 1 1 1 1 1 1 1 1 1 1 1 1 1 1 1 1 1 1 1 1 1 1 1 1 1 1 1 1 1 1 1 1 1 1 1 1 1 1 1 1 1 1 1 1 1 1 1 1 1 1 1 1 1 1 1 1 1 1 1 1 1 100 1 100 1 1 1 1 1 1 1 1 1 1 1 1 1 1 1 1 1 1 1 1 1 1 1 1
ciInstanceKlass java/lang/reflect/RecordComponent 1 0 196 10 100 12 1 1 1 9 100 12 1 1 1 9 12 1 1 9 12 1 10 12 1 1 10 12 1 1 10 100 12 1 1 1 10 12 1 1 9 12 1 1 10 12 1 1 10 12 1 1 10 12 1 10 100 12 1 1 10 100 12 1 1 9 12 1 1 10 100 12 1 1 1 11 100 12 1 1 1 10 9 100 12 1 1 1 10 100 12 1 1 1 9 12 1 1 10 100 12 1 1 1 10 12 1 1 11 100 12 1 1 10 100 12 1 1 100 1 9 12 1 9 12 1 1 9 12 1 10 100 12 1 1 1 10 12 1 1 10 12 1 1 100 1 10 10 12 1 10 12 1 1 8 1 10 12 1 10 12 1 9 12 1 100 1 1 1 1 1 1 1 1 1 1 1 1 1 1 1 1 1 1 1 1 1 1 100 1 1 1 1 1 1 100 1 1
ciInstanceKlass java/util/Iterator 1 1 53 100 1 8 1 10 12 1 1 10 7 12 1 1 1 11 7 12 1 1 1 11 12 1 1 11 7 12 1 1 1 100 1 1 1 1 1 1 1 1 1 1 1 1 1 1 1 1 1 1 1 1 1
ciInstanceKlass java/lang/System 1 1 803 10 100 12 1 1 1 9 7 12 1 1 1 10 12 1 10 12 1 1 10 12 1 1 10 12 1 9 12 1 1 10 7 12 1 1 1 11 100 12 1 1 1 10 100 12 1 1 1 10 12 1 1 10 12 1 1 100 1 8 1 10 12 1 10 100 12 1 1 1 10 7 12 1 1 1 18 12 1 1 10 100 12 1 1 1 100 1 10 12 1 1 10 100 12 1 1 1 10 12 1 10 7 12 1 1 1 9 100 12 1 1 1 10 100 12 1 1 1 11 7 12 1 1 1 10 12 1 1 10 7 12 1 1 1 100 1 10 10 12 1 1 8 1 10 12 1 8 1 10 12 1 9 12 1 1 8 1 10 7 12 1 1 1 10 12 1 1 100 1 8 1 10 9 12 1 1 8 1 10 12 1 1 10 100 12 1 1 1 8 1 10 12 1 100 1 10 12 1 8 1 10 12 1 10 12 1 1 100 1 10 12 10 12 1 9 12 1 1 9 12 1 1 10 7 12 1 1 1 10 7 12 1 1 1 10 12 1 1 10 12 1 10 12 1 10 7 12 1 1 1 10 12 1 100 1 100 1 8 1 10 12 1 10 12 1 1 7 1 10 12 1 100 1 8 1 10 10 12 1 100 1 8 1 10 8 1 10 7 12 1 1 8 1 10 12 100 1 8 1 10 10 12 1 1 10 7 12 1 1 1 100 1 18 12 1 100 1 9 100 12 1 1 1 10 12 1 100 1 10 12 1 1 10 12 1 1 10 7 12 1 1 1 10 12 1 1 10 12 1 10 12 1 10 12 1 1 10 12 1 7 1 10 12 1 10 12 1 100 1 10 12 1 10 7 12 1 1 1 100 1 8 1 10 9 12 1 9 12 1 10 12 1 10 100 12 1 1 10 12 1 10 12 1 1 8 1 10 12 1 1 8 1 11 12 1 10 12 11 12 1 1 11 7 12 1 1 1 11 7 12 1 1 11 12 1 1 7 1 11 12 1 10 12 1 8 1 10 12 1 1 8 1 8 1 8 1 8 1 11 12 1 10 12 1 10 12 1 10 12 1 10 7 12 1 1 8 1 7 1 9 7 12 1 1 1 10 12 1 7 1 9 12 10 9 12 7 1 10 12 8 1 10 12 1 1 8 1 10 7 12 1 1 10 12 1 10 7 12 1 1 1 10 12 1 1 10 7 12 1 1 1 10 12 10 7 12 1 1 1 9 12 1 1 100 1 8 1 10 12 1 1 10 7 12 1 1 1 7 1 10 12 1 1 8 1 10 8 1 8 1 8 1 8 1 10 10 7 12 1 1 10 12 1 1 10 12 1 1 10 12 1 1 10 12 1 10 100 12 1 1 1 10 100 1 8 1 10 10 10 12 1 1 10 12 1 1 8 1 10 12 1 8 1 10 12 1 10 12 1 1 7 1 10 10 12 1 10 12 1 9 12 1 1 1 3 1 3 1 1 1 1 1 1 1 1 1 1 1 1 100 1 1 100 1 1 1 1 1 1 1 1 1 1 1 100 1 100 1 1 1 1 1 1 1 1 1 1 1 1 1 1 1 1 1 1 1 1 1 1 1 1 1 1 1 1 1 1 1 1 1 1 1 1 1 1 1 1 1 1 1 1 1 1 1 1 1 1 1 1 1 1 1 1 1 1 100 1 1 1 1 1 1 1 1 1 1 1 1 1 1 1 1 1 1 1 1 1 1 1 1 1 1 1 1 1 1 1 1 1 100 1 1 15 10 100 12 1 1 1 16 15 10 12 1 1 16 15 10 12 16 1 1 1 1 1 1 1 100 1 100 1 1
staticfield java/lang/System in Ljava/io/InputStream; java/io/BufferedInputStream
staticfield java/lang/System out Ljava/io/PrintStream; java/io/PrintStream
staticfield java/lang/System err Ljava/io/PrintStream; java/io/PrintStream
instanceKlass jdk/internal/reflect/DelegatingClassLoader
instanceKlass java/security/SecureClassLoader
ciInstanceKlass java/lang/ClassLoader 1 1 1098 9 7 12 1 1 1 10 7 12 1 1 1 9 12 1 1 10 7 12 1 1 1 7 1 10 12 1 1 10 12 1 1 9 12 1 1 10 12 1 1 100 1 10 12 1 10 12 1 1 10 7 12 1 1 1 100 1 8 1 10 12 1 10 7 12 1 1 1 10 100 12 1 10 7 1 10 7 1 7 1 7 1 10 12 1 10 12 1 9 12 1 1 10 10 7 12 1 1 1 9 12 1 1 9 12 1 9 12 1 1 9 12 1 9 12 1 1 9 12 1 1 7 1 10 12 1 9 12 1 1 10 12 1 1 10 7 12 1 1 1 9 12 1 9 12 1 1 9 12 1 10 12 1 1 9 12 10 12 1 1 7 1 10 8 1 10 12 1 1 10 12 1 10 7 1 7 1 10 12 1 1 10 7 12 1 1 1 8 1 10 12 1 10 12 1 10 12 1 1 10 12 1 1 10 12 1 1 10 12 1 1 10 12 1 1 10 12 1 100 1 10 12 1 10 100 12 1 1 1 10 12 1 1 10 12 1 10 12 1 10 12 1 10 12 1 10 12 1 1 10 10 12 1 10 12 1 10 100 12 1 1 10 12 1 1 10 12 1 1 10 12 1 100 1 10 12 1 100 1 10 12 1 10 100 12 1 1 1 10 10 12 1 1 10 12 1 1 100 1 8 1 10 8 1 10 12 1 10 12 1 100 1 8 1 10 12 1 1 10 12 1 1 10 10 12 1 1 10 12 1 1 10 12 1 1 10 7 1 10 12 1 1 10 12 1 1 10 12 1 1 10 12 1 1 10 12 1 1 10 12 1 1 10 12 1 10 7 12 1 1 1 10 12 1 10 12 1 10 12 1 1 10 12 1 10 12 1 10 12 1 10 12 1 1 10 12 1 10 12 1 1 8 1 9 12 1 10 12 1 1 8 1 8 1 10 7 12 1 1 100 1 10 10 12 10 12 1 10 12 1 10 12 1 10 12 1 1 10 7 12 1 1 10 12 1 10 7 1 7 1 10 12 1 1 10 12 1 10 7 1 10 12 1 100 1 18 12 1 10 100 12 1 1 1 10 100 12 1 1 1 10 7 12 1 1 10 12 1 1 10 12 1 10 12 1 1 100 1 10 12 1 10 12 1 1 10 7 12 1 1 10 12 1 8 1 100 1 10 10 12 1 9 12 1 10 7 12 1 1 10 12 1 100 1 8 1 10 12 1 10 8 1 8 1 10 12 1 1 10 12 1 1 10 12 1 1 10 100 12 1 1 1 100 1 100 1 10 12 1 1 100 1 100 1 10 100 12 1 1 10 12 1 10 12 1 1 10 12 1 10 12 1 1 10 12 1 1 9 100 12 1 1 1 10 12 1 1 10 12 1 10 12 1 10 12 1 1 10 12 1 8 1 10 12 1 7 1 18 12 1 1 10 12 1 1 10 12 1 10 12 1 10 12 1 8 1 10 12 1 10 12 1 18 12 1 11 100 12 1 1 1 100 1 10 12 1 1 10 12 1 10 11 12 1 1 10 18 10 12 1 1 11 100 12 1 18 12 1 11 12 1 1 10 12 10 12 1 1 10 12 1 1 100 1 8 1 10 10 12 1 8 1 8 1 10 100 12 1 1 10 12 1 100 1 10 10 12 1 8 1 8 1 8 1 10 12 1 10 12 1 1 10 12 1 10 100 12 1 1 1 11 100 12 1 1 100 1 10 11 10 12 1 10 12 1 10 12 1 1 9 100 12 1 1 9 12 1 1 9 12 9 12 1 9 12 1 9 12 1 8 10 12 1 1 10 7 12 1 1 1 10 12 1 1 10 12 1 1 10 12 1 10 10 12 1 11 12 1 1 10 100 12 1 1 1 100 1 10 12 1 10 12 1 10 12 1 1 1 1 1 1 1 1 1 1 1 1 1 1 1 1 1 1 1 1 1 1 1 1 1 1 1 1 100 1 1 1 1 1 1 1 1 1 1 1 1 1 1 1 1 1 1 1 1 1 100 1 1 1 1 1 1 1 1 1 1 100 1 1 1 1 1 1 1 1 1 1 1 1 1 1 1 1 1 1 1 1 1 1 1 1 1 1 1 1 1 1 1 1 1 1 1 1 1 1 1 1 1 100 1 1 1 1 1 1 1 1 1 1 1 1 1 1 1 1 1 1 100 1 1 1 1 1 1 1 1 1 1 1 1 1 1 1 1 1 1 1 1 1 1 1 1 1 1 1 1 1 1 1 1 1 1 1 1 1 1 1 1 1 1 1 1 1 1 1 1 1 1 1 100 1 1 1 1 1 1 1 1 1 1 1 1 1 1 1 1 1 1 1 1 1 1 1 1 1 1 1 1 1 1 1 1 1 1 1 1 1 1 1 1 1 1 1 1 1 1 15 10 7 12 1 1 1 16 1 15 10 12 16 1 16 15 10 12 16 1 16 1 15 10 12 16 15 10 12 16 15 10 12 16 1 1 100 1 100 1 1
staticfield java/lang/ClassLoader nocerts [Ljava/security/cert/Certificate; 0 [Ljava/security/cert/Certificate;
staticfield java/lang/ClassLoader $assertionsDisabled Z 1
ciInstanceKlass jdk/internal/reflect/DelegatingClassLoader 1 1 18 10 7 12 1 1 1 100 1 1 1 1 1 1 1 1 1 1
instanceKlass jdk/internal/loader/BuiltinClassLoader
ciInstanceKlass java/security/SecureClassLoader 1 1 102 10 7 12 1 1 1 7 1 10 12 1 9 7 12 1 1 1 10 12 1 10 12 1 10 12 1 1 10 12 1 1 10 12 1 7 1 10 7 1 10 12 1 7 1 10 12 1 11 7 12 1 1 1 7 1 11 12 1 10 12 1 1 1 1 1 1 1 1 1 1 1 1 1 1 1 1 1 1 1 1 1 1 1 1 1 1 1 1 1 1 1 1 1 1 1 1 100 1 1 1 1
instanceKlass jdk/internal/loader/ClassLoaders$BootClassLoader
instanceKlass jdk/internal/loader/ClassLoaders$PlatformClassLoader
instanceKlass jdk/internal/loader/ClassLoaders$AppClassLoader
ciInstanceKlass jdk/internal/loader/BuiltinClassLoader 1 1 737 9 7 12 1 1 1 10 7 12 1 1 1 10 7 12 1 1 1 9 12 1 1 9 12 1 1 7 1 10 12 1 9 12 1 10 12 1 9 12 1 10 7 12 1 1 1 10 7 12 1 1 1 10 7 12 1 1 1 11 7 12 1 1 1 100 1 100 1 10 10 12 1 1 8 1 10 12 1 10 12 7 1 10 12 1 10 12 1 1 11 7 12 1 1 1 11 7 12 1 1 1 11 12 1 1 7 1 8 1 8 1 10 9 12 1 1 10 7 12 1 1 11 12 1 1 10 12 1 1 10 12 1 1 10 12 1 1 10 7 12 1 1 1 10 12 1 10 7 12 1 1 1 10 12 1 1 11 7 12 1 1 1 10 7 12 1 1 7 1 10 7 12 1 1 1 10 12 1 100 1 8 1 10 12 1 1 10 8 1 10 12 1 1 10 12 1 1 10 12 1 1 11 7 12 1 1 11 12 1 7 1 10 11 12 1 1 11 10 12 1 1 7 1 10 12 1 10 7 12 1 10 12 1 7 1 10 12 1 10 7 12 1 1 1 100 1 10 12 1 1 11 12 1 100 1 100 1 10 12 1 10 12 1 1 100 1 100 1 10 12 1 10 12 1 18 12 1 1 10 12 1 10 12 1 1 18 100 1 10 7 12 1 1 1 7 1 10 10 12 1 1 10 12 1 1 10 12 1 1 10 12 1 9 12 1 1 100 1 10 10 12 1 1 10 12 1 1 10 12 1 10 12 10 12 1 1 10 12 1 1 10 12 1 1 10 12 1 10 12 1 1 18 12 1 7 1 10 12 1 1 10 12 1 10 12 1 1 10 12 1 100 1 10 12 1 7 1 10 12 1 10 7 12 1 1 1 10 12 1 11 12 1 7 1 10 12 1 7 1 100 1 10 12 1 10 12 1 11 12 1 1 10 12 1 1 10 12 1 1 10 12 1 1 10 12 1 1 10 12 1 10 12 1 10 12 1 10 12 1 8 1 10 12 1 1 10 7 12 1 1 10 12 1 100 1 8 1 8 1 10 10 12 1 8 1 8 1 10 7 12 1 1 1 11 7 12 1 1 1 9 7 12 1 1 1 10 7 12 1 1 1 9 12 1 9 12 1 9 12 1 9 12 1 9 12 1 9 12 1 10 7 12 1 1 1 8 1 10 12 1 7 1 10 12 1 1 10 12 1 7 1 10 11 12 1 1 10 12 10 12 1 10 12 1 100 1 10 12 1 10 12 1 10 10 12 1 10 7 12 1 1 8 1 10 7 12 1 1 10 12 1 1 1 1 1 1 1 1 1 1 1 1 1 1 1 1 1 1 1 1 1 1 1 1 1 1 1 1 1 1 1 1 1 1 1 1 1 1 1 1 1 1 1 1 1 1 1 1 1 1 1 1 1 1 1 1 100 1 1 1 1 1 1 1 1 1 1 1 1 1 1 1 1 1 1 100 1 100 1 1 1 1 1 1 1 1 1 1 1 1 1 1 1 1 1 1 1 1 1 1 1 1 1 1 1 1 1 1 1 1 1 1 1 1 1 1 1 1 1 1 1 1 1 1 1 1 1 1 1 100 1 1 15 10 100 12 1 1 1 16 15 10 12 16 15 10 12 16 15 10 12 16 1 1 1 100 1 1 1 1 1 100 1 100 1 1
staticfield jdk/internal/loader/BuiltinClassLoader packageToModule Ljava/util/Map; java/util/concurrent/ConcurrentHashMap
staticfield jdk/internal/loader/BuiltinClassLoader $assertionsDisabled Z 1
ciInstanceKlass java/security/AccessController 1 1 295 10 100 12 1 1 1 10 7 12 1 1 1 10 7 12 1 1 1 10 12 1 1 10 12 1 1 10 7 12 1 1 1 10 12 1 1 10 12 1 10 12 1 1 10 12 1 100 1 8 1 10 12 1 10 12 1 10 12 1 1 10 12 1 7 1 7 1 10 12 1 1 10 12 1 10 12 1 10 12 1 1 10 7 12 1 1 1 10 12 1 1 9 100 12 1 1 1 10 100 12 1 1 1 10 12 1 10 12 1 9 100 12 1 1 1 10 12 1 10 12 1 1 9 12 1 1 10 100 1 10 11 7 12 1 1 1 10 7 12 1 1 11 7 1 100 1 10 12 1 10 12 1 10 12 1 8 1 10 12 1 1 8 1 10 100 12 1 1 1 8 1 100 1 10 10 12 1 1 10 12 1 10 7 12 1 1 1 10 12 1 8 1 10 100 12 1 1 8 1 8 1 10 12 1 8 1 10 12 1 10 12 1 1 10 12 1 1 1 1 1 1 1 1 1 1 1 1 1 1 1 1 1 1 1 1 1 1 1 1 1 1 1 1 100 1 1 1 1 1 1 1 1 1 1 1 1 1 1 1 1 1 1 1 1 1 1 1 1 1 1 1 1 1 1 1 1 1 1 100 1 100 1 1 1 1 1 1 1 1 1 3 1 1 1
staticfield java/security/AccessController $assertionsDisabled Z 1
instanceKlass jdk/internal/reflect/GeneratedConstructorAccessor14
instanceKlass jdk/internal/reflect/GeneratedConstructorAccessor13
instanceKlass jdk/internal/reflect/GeneratedConstructorAccessor12
instanceKlass jdk/internal/reflect/GeneratedConstructorAccessor11
instanceKlass jdk/internal/reflect/GeneratedConstructorAccessor10
instanceKlass jdk/internal/reflect/GeneratedConstructorAccessor9
instanceKlass jdk/internal/reflect/GeneratedConstructorAccessor8
instanceKlass jdk/internal/reflect/GeneratedConstructorAccessor7
instanceKlass jdk/internal/reflect/GeneratedConstructorAccessor6
instanceKlass jdk/internal/reflect/GeneratedConstructorAccessor5
instanceKlass jdk/internal/reflect/GeneratedConstructorAccessor4
instanceKlass jdk/internal/reflect/GeneratedConstructorAccessor3
instanceKlass jdk/internal/reflect/GeneratedConstructorAccessor2
instanceKlass jdk/internal/reflect/BootstrapConstructorAccessorImpl
instanceKlass jdk/internal/reflect/GeneratedConstructorAccessor1
instanceKlass jdk/internal/reflect/DelegatingConstructorAccessorImpl
instanceKlass jdk/internal/reflect/NativeConstructorAccessorImpl
ciInstanceKlass jdk/internal/reflect/ConstructorAccessorImpl 1 1 27 10 7 12 1 1 1 100 1 100 1 1 1 1 1 1 1 1 1 100 1 100 1 100 1 1 1
instanceKlass jdk/internal/reflect/FieldAccessorImpl
instanceKlass jdk/internal/reflect/ConstructorAccessorImpl
instanceKlass jdk/internal/reflect/MethodAccessorImpl
ciInstanceKlass jdk/internal/reflect/MagicAccessorImpl 1 1 16 10 7 12 1 1 1 100 1 1 1 1 1 1 1 1
instanceKlass jdk/internal/reflect/GeneratedMethodAccessor2
instanceKlass jdk/internal/reflect/GeneratedMethodAccessor1
instanceKlass jdk/internal/reflect/DelegatingMethodAccessorImpl
instanceKlass jdk/internal/reflect/NativeMethodAccessorImpl
ciInstanceKlass jdk/internal/reflect/MethodAccessorImpl 1 1 25 10 7 12 1 1 1 100 1 100 1 1 1 1 1 1 1 1 1 100 1 100 1 1 1
ciInstanceKlass java/lang/Module 1 1 959 10 7 12 1 1 1 9 7 12 1 1 1 10 7 12 1 1 1 9 12 1 9 12 1 1 9 12 1 1 10 12 1 1 10 12 1 10 12 1 1 10 7 12 1 1 1 7 1 10 7 12 1 1 1 10 12 1 1 11 7 12 1 1 1 10 12 1 1 10 7 12 1 1 1 10 12 1 1 10 7 12 1 1 1 9 100 12 1 1 1 10 100 12 1 1 1 10 12 1 8 1 10 7 12 1 1 1 10 7 12 1 1 1 9 12 1 1 9 12 1 1 10 12 1 9 12 1 1 11 12 1 9 7 12 1 1 10 7 12 1 1 1 10 7 12 1 1 1 10 12 1 1 100 1 100 1 10 10 12 1 1 8 1 10 12 1 10 12 10 12 1 10 12 1 1 10 12 1 1 10 12 1 1 9 7 12 1 1 1 10 12 1 1 10 12 1 1 9 12 1 10 12 1 10 12 1 9 12 1 1 11 7 12 1 1 10 12 1 1 9 12 1 9 12 1 10 12 1 10 12 1 100 1 8 1 10 10 12 1 1 10 12 1 8 1 10 12 1 1 8 1 8 1 10 12 1 1 10 12 1 10 12 1 1 18 12 1 1 10 12 1 1 11 12 1 9 12 1 11 12 10 100 12 1 1 100 1 8 1 10 7 1 11 12 1 1 10 12 1 10 12 1 10 12 1 1 11 12 1 1 11 7 12 1 1 11 12 1 1 9 12 1 11 12 1 10 12 1 1 10 12 1 1 9 12 1 10 12 10 7 12 1 1 10 7 12 1 1 10 7 1 18 12 1 1 11 100 12 1 1 1 18 12 1 11 12 1 1 10 100 12 1 1 1 11 12 1 1 10 7 12 1 1 4 7 1 11 12 1 7 1 7 1 10 10 7 12 1 1 1 10 11 7 12 1 8 1 10 10 12 1 1 10 7 12 1 1 10 12 1 10 12 1 7 1 10 12 1 10 11 12 1 1 10 12 10 12 1 1 9 12 1 100 1 10 10 12 1 1 11 100 1 10 12 1 1 11 12 1 10 10 12 1 11 10 12 1 1 10 12 1 1 10 12 1 1 10 7 12 1 1 10 12 1 10 12 1 1 10 10 12 1 1 10 12 1 18 12 1 11 12 1 18 12 1 10 12 1 10 12 1 10 12 7 1 10 12 1 10 12 1 10 12 1 9 12 1 7 1 10 10 10 10 12 1 10 12 1 10 12 1 10 12 1 1 10 12 1 1 10 12 1 9 12 1 18 12 1 1 10 100 12 1 1 1 100 1 8 1 10 12 1 1 10 12 1 1 10 100 12 1 1 100 1 10 12 1 1 100 1 8 1 100 1 10 100 1 100 1 3 10 12 1 100 1 10 12 1 10 12 1 1 10 12 1 1 100 1 10 12 1 10 12 1 1 100 1 100 1 10 12 8 1 10 12 1 1 10 12 1 1 10 7 12 1 1 10 12 1 1 10 12 1 10 12 10 12 1 1 100 1 10 10 12 1 1 10 100 12 1 1 1 100 1 8 1 10 12 1 1 10 100 12 1 1 8 1 10 12 1 8 1 10 12 1 10 12 10 12 1 8 1 10 10 100 12 1 1 7 1 10 10 12 1 10 7 12 1 1 9 12 1 9 12 1 9 12 1 9 12 1 10 12 11 12 1 10 12 1 100 1 1 1 1 1 1 1 1 1 1 1 1 1 1 1 1 100 1 1 1 1 1 1 1 1 1 1 1 1 1 1 1 1 1 1 1 1 1 1 1 1 1 1 1 1 1 1 1 1 1 1 1 1 1 1 1 1 1 1 1 1 1 1 1 1 1 1 1 1 1 1 1 1 1 1 1 1 1 1 1 1 1 1 1 1 1 1 1 1 1 1 1 1 1 1 1 1 1 1 1 100 100 1 1 1 1 1 1 1 1 1 1 1 1 1 1 1 1 1 1 1 1 1 1 1 1 1 1 1 1 1 1 1 1 1 1 100 1 100 1 100 1 1 1 1 1 1 1 1 1 1 1 1 1 1 1 1 1 1 1 1 1 1 1 1 1 1 1 1 15 10 7 12 1 1 1 16 15 10 12 16 16 15 10 12 16 16 15 10 16 1 15 10 12 16 1 15 10 12 16 1 16 15 10 12 16 1 1 1 1 1 1 1 100 1 100 1 1
staticfield java/lang/Module ALL_UNNAMED_MODULE Ljava/lang/Module; java/lang/Module
staticfield java/lang/Module ALL_UNNAMED_MODULE_SET Ljava/util/Set; java/util/ImmutableCollections$Set12
staticfield java/lang/Module EVERYONE_MODULE Ljava/lang/Module; java/lang/Module
staticfield java/lang/Module EVERYONE_SET Ljava/util/Set; java/util/ImmutableCollections$Set12
staticfield java/lang/Module $assertionsDisabled Z 1
ciInstanceKlass java/util/ArrayList 1 1 492 10 7 12 1 1 1 7 1 9 7 12 1 1 1 9 12 1 100 1 100 1 10 8 1 10 12 1 1 10 12 1 10 12 1 1 10 12 1 9 12 1 11 7 12 1 1 1 9 12 1 1 10 12 1 1 7 10 7 12 1 1 1 9 12 1 10 12 1 10 12 1 1 10 7 12 1 1 1 10 7 12 1 1 1 10 12 1 1 10 12 1 1 10 12 1 1 10 12 1 10 12 1 1 100 1 100 1 10 12 1 10 7 12 1 1 1 10 7 12 1 1 10 12 1 10 12 10 12 1 1 10 12 1 1 10 12 1 1 7 1 10 12 1 1 10 12 1 1 10 12 1 100 1 10 11 12 1 1 11 100 12 1 1 1 11 12 1 10 12 1 10 12 1 10 12 1 1 100 1 10 12 1 1 10 10 12 1 1 10 12 1 8 1 8 1 8 1 8 1 10 12 1 1 10 12 1 1 11 12 1 100 1 10 100 12 1 1 10 12 1 10 12 1 1 10 100 12 1 1 10 12 1 10 100 12 1 1 1 11 100 12 1 1 1 10 12 1 100 1 8 1 10 7 1 10 12 1 7 1 10 12 1 10 12 1 1 7 1 10 12 1 10 12 1 1 11 7 12 1 1 7 1 10 12 1 10 12 1 1 11 7 12 1 1 10 12 1 1 10 12 1 1 10 12 1 1 10 12 1 1 11 100 12 1 1 10 12 1 1 100 1 100 1 100 1 1 1 1 5 0 1 3 1 1 1 1 1 1 1 1 1 1 1 1 1 1 1 1 1 1 1 1 1 1 1 1 1 1 1 1 1 1 1 1 1 1 1 1 1 1 1 1 1 1 1 1 1 1 1 1 1 1 1 1 1 1 1 1 1 1 1 1 1 1 1 1 1 1 1 1 1 1 1 1 1 1 1 1 1 1 1 1 1 1 1 1 1 1 1 1 1 1 1 1 1 1 1 1 100 1 1 1 1 100 1 1 1 1 1 1 1 1 1 1 1 1 1 1 1 1 1 1 1 1 1 1 1 1 1 1 1 1 1 100 1 1 1 1 1 1 1 1 1 1 1 1 1 1 1 1 1 1 100 1 100 1 1 1 1 1 1
staticfield java/util/ArrayList EMPTY_ELEMENTDATA [Ljava/lang/Object; 0 [Ljava/lang/Object;
staticfield java/util/ArrayList DEFAULTCAPACITY_EMPTY_ELEMENTDATA [Ljava/lang/Object; 0 [Ljava/lang/Object;
ciInstanceKlass java/util/concurrent/ConcurrentHashMap 1 1 1210 7 1 7 1 3 10 12 1 1 3 100 1 10 7 12 1 1 1 100 1 10 100 12 1 1 1 100 1 11 12 1 1 11 12 1 11 12 1 1 9 12 1 1 9 12 1 1 9 12 1 10 7 12 1 1 1 7 1 10 12 1 1 10 12 1 1 10 7 12 1 1 1 4 10 12 1 9 12 1 10 12 1 1 100 1 10 5 0 10 12 1 10 12 1 1 5 0 10 12 1 1 10 12 1 9 12 1 1 10 12 1 1 9 12 1 9 12 1 1 10 12 1 1 9 12 1 10 12 1 1 9 12 1 1 10 12 1 1 100 1 10 100 1 10 12 1 10 12 1 1 10 12 1 1 10 12 1 1 10 12 1 10 12 1 1 10 12 1 1 100 1 10 12 1 1 7 1 100 1 8 1 10 12 1 10 12 1 1 10 12 1 1 11 7 12 1 1 10 12 1 1 11 12 1 1 11 7 12 1 1 1 11 7 12 1 1 1 11 12 1 7 1 11 12 1 11 12 1 10 12 1 1 10 12 1 1 9 12 1 1 10 100 12 1 1 1 9 10 12 1 1 9 12 1 10 12 1 1 5 0 9 12 1 1 7 1 10 12 1 9 12 1 1 7 1 10 12 1 9 12 1 7 1 10 100 1 10 10 12 1 1 8 1 10 12 1 10 12 1 1 11 100 1 10 12 1 10 100 12 1 1 1 8 1 10 100 12 1 1 1 8 1 10 12 1 8 1 10 12 1 10 12 1 1 10 100 12 1 1 10 12 1 10 12 1 10 12 1 9 12 1 9 10 12 1 9 12 1 1 11 100 12 1 1 1 11 7 12 1 1 1 100 1 10 12 11 100 12 1 1 10 11 7 12 1 10 12 1 100 1 10 12 1 100 1 10 10 9 7 12 1 1 1 10 12 3 10 100 12 1 1 9 12 1 10 12 1 1 9 12 1 1 9 12 1 10 12 1 1 10 100 12 1 1 9 12 1 9 7 12 1 1 10 12 1 1 10 12 1 3 9 12 1 9 12 1 10 12 1 1 7 1 9 3 9 12 1 100 1 10 12 1 9 12 1 10 12 1 9 12 1 10 12 1 9 12 1 10 100 12 1 1 1 100 10 12 1 100 1 5 0 10 100 12 1 1 100 1 10 12 1 1 10 12 1 10 12 1 100 1 10 12 1 10 100 1 100 1 10 10 12 1 10 100 1 10 12 1 10 100 1 10 12 1 10 100 1 10 12 1 1 100 1 10 12 1 10 10 12 1 100 1 10 12 1 10 10 12 1 100 1 10 12 1 10 100 1 10 12 1 10 100 1 10 12 1 10 100 1 10 12 1 10 100 1 10 12 1 10 100 1 10 12 1 10 100 1 10 12 1 10 100 1 10 12 1 10 100 1 10 10 100 1 10 10 100 1 10 10 100 1 10 12 1 10 100 1 10 12 1 10 100 1 10 12 1 10 100 1 10 12 1 10 100 1 10 12 1 10 100 1 10 10 100 1 10 10 100 1 10 10 100 1 10 12 1 10 100 1 10 12 1 10 100 1 10 12 1 10 100 1 10 12 1 10 100 1 10 12 1 10 10 12 1 10 7 12 1 1 1 10 12 1 7 1 7 1 10 12 1 9 12 1 1 9 12 1 1 10 12 1 1 8 10 12 1 1 8 8 8 8 7 10 12 1 1 10 12 1 100 1 8 1 10 7 1 100 1 100 1 1 1 5 0 1 1 3 1 3 1 1 1 1 3 1 3 1 3 1 1 1 1 1 3 1 3 1 3 1 1 1 1 1 1 1 1 1 1 1 1 1 1 1 1 1 1 1 1 1 1 1 1 1 100 1 1 1 1 1 1 1 1 1 1 1 1 1 1 1 1 1 1 1 1 1 1 1 1 1 1 1 1 1 1 1 1 1 1 1 1 1 1 1 1 1 1 1 1 1 1 1 1 1 1 1 1 1 1 1 1 1 1 1 1 1 1 1 1 1 1 1 1 1 1 1 1 1 1 1 1 1 1 1 1 1 1 1 1 100 1 1 1 1 1 1 1 1 1 1 1 100 1 1 1 1 1 1 1 1 1 1 1 1 1 1 1 1 1 1 1 1 1 1 1 1 1 1 1 1 1 1 1 1 1 1 1 1 1 1 1 1 1 1 1 1 1 1 1 1 1 1 1 1 1 1 1 1 1 1 1 1 1 1 1 1 1 1 1 1 1 1 1 1 1 1 1 1 1 1 1 1 1 1 1 1 1 1 1 1 1 1 1 1 1 1 1 1 1 1 1 1 1 1 1 1 1 1 1 1 1 1 1 1 1 1 1 1 1 1 1 1 1 1 1 1 1 1 1 1 1 1 1 1 1 1 1 1 1 1 1 1 1 1 1 1 1 1 1 1 1 1 1 1 1 1 1 1 1 1 1 1 1 1 1 1 1 1 1 1 1 1 1 1 1 1 1 1 1 1 1 1 1 1 1 1 1 1 1 1 1 1 1 1 1 1 1 1 1 1 1 1 1 1 1 1 1 1 1 1 1 1 1 1 1 1 1 1 1 1 1 1 1 1 1 100 1 100 1 100 1 100 1 100 1 100 1 100 1 100 1 100 1 1 1 1 1 1 1 1 1 1 1 1 1 1 1 1 1 1 1 1 1 1 1 1 1 1 1 1 1 1 1 1 1 1 1 1 1 1 1 1 1 1 1 1 1 1 1 1 1 1 1 1 1 1 1 1 1 1
staticfield java/util/concurrent/ConcurrentHashMap NCPU I 16
staticfield java/util/concurrent/ConcurrentHashMap serialPersistentFields [Ljava/io/ObjectStreamField; 3 [Ljava/io/ObjectStreamField;
staticfield java/util/concurrent/ConcurrentHashMap U Ljdk/internal/misc/Unsafe; jdk/internal/misc/Unsafe
staticfield java/util/concurrent/ConcurrentHashMap SIZECTL J 20
staticfield java/util/concurrent/ConcurrentHashMap TRANSFERINDEX J 32
staticfield java/util/concurrent/ConcurrentHashMap BASECOUNT J 24
staticfield java/util/concurrent/ConcurrentHashMap CELLSBUSY J 36
staticfield java/util/concurrent/ConcurrentHashMap CELLVALUE J 144
staticfield java/util/concurrent/ConcurrentHashMap ABASE I 16
staticfield java/util/concurrent/ConcurrentHashMap ASHIFT I 2
ciInstanceKlass java/lang/String 1 1 1396 10 7 12 1 1 1 8 1 9 7 12 1 1 1 9 12 1 1 9 12 1 1 10 12 1 10 12 1 1 10 12 1 1 9 12 1 1 10 7 12 1 1 1 10 7 1 10 7 12 1 1 1 10 12 1 1 10 12 1 1 10 12 1 10 12 1 1 10 12 1 10 7 12 1 1 1 9 7 12 1 1 1 10 7 12 1 1 1 10 12 1 1 10 12 1 1 10 12 1 1 10 12 1 1 10 12 1 1 9 7 12 1 1 10 12 9 7 12 1 1 3 10 7 12 1 1 1 7 1 11 12 1 1 11 12 1 11 12 1 1 10 7 12 1 1 1 10 12 1 1 9 100 12 1 1 1 10 12 1 1 10 12 1 11 12 1 1 10 12 1 1 10 12 10 12 1 1 10 100 12 1 1 1 10 7 12 1 1 1 10 12 1 1 100 1 100 1 10 12 1 10 12 1 10 12 1 1 100 1 10 12 1 1 100 1 10 12 1 1 10 12 1 1 10 10 12 1 100 1 100 1 100 1 10 12 1 10 12 1 1 10 12 1 1 10 12 1 10 12 1 1 10 12 1 1 10 7 12 1 1 7 1 11 11 12 1 11 12 1 10 12 1 1 10 12 1 10 12 10 12 1 1 10 10 100 12 1 1 1 10 100 12 1 1 10 12 1 1 10 100 12 1 1 10 12 1 10 12 1 1 10 12 1 1 10 12 1 10 12 1 10 12 1 1 100 1 10 12 1 1 10 12 10 12 1 10 12 1 1 10 100 12 1 1 1 10 12 1 10 12 1 1 10 12 1 10 12 1 3 3 10 12 1 10 12 1 1 10 12 1 1 10 12 1 1 10 12 1 10 12 1 1 10 12 1 1 10 12 1 10 12 1 10 12 1 10 12 1 1 10 12 1 10 12 1 10 12 1 10 12 1 10 12 1 10 12 1 10 100 1 10 8 1 10 12 1 1 10 12 1 8 1 10 12 1 1 10 12 10 12 1 8 1 10 10 12 1 1 10 12 1 1 10 12 1 10 12 1 1 10 12 10 100 1 10 10 12 1 10 12 1 10 12 1 10 10 12 1 10 12 1 1 10 12 1 100 1 10 10 12 1 100 1 10 10 12 1 10 12 1 1 10 12 1 10 12 1 1 10 10 12 1 1 10 100 1 10 10 12 1 10 12 1 1 10 12 1 1 10 100 1 10 12 1 10 12 1 10 12 1 10 12 1 1 10 12 1 11 7 1 11 12 10 12 1 10 12 1 1 10 12 1 1 10 10 12 1 10 12 1 9 12 1 1 11 7 12 1 1 1 10 10 12 1 10 12 1 1 10 10 12 1 10 12 1 10 12 1 1 9 12 1 10 12 1 1 10 10 12 1 1 10 12 10 10 12 1 10 12 10 10 12 10 10 12 1 10 12 1 10 12 10 10 12 10 12 1 10 12 10 12 10 10 12 1 10 12 1 1 10 12 1 10 10 12 1 10 7 12 1 1 1 10 12 1 1 10 10 7 12 1 1 1 11 10 12 1 10 12 1 1 10 12 1 1 10 7 12 1 1 1 10 12 1 10 10 12 1 10 12 1 10 12 1 10 100 12 1 1 10 12 1 100 1 100 1 8 1 10 10 10 12 1 8 1 10 12 1 3 3 7 1 10 10 12 1 10 12 1 10 12 1 1 10 12 1 1 11 7 12 1 1 1 7 1 10 12 1 1 10 12 1 10 12 1 1 10 12 1 1 8 1 10 12 1 1 10 12 1 11 7 12 1 1 1 11 7 12 1 1 11 12 1 1 10 12 1 10 12 1 1 10 10 7 12 1 1 1 10 12 1 10 12 1 10 10 12 10 12 1 1 10 10 12 1 10 10 12 1 10 10 12 1 10 10 12 1 10 12 1 1 10 10 12 1 8 1 10 12 1 1 18 12 1 1 11 100 12 1 1 1 100 1 3 18 12 1 18 12 1 8 1 10 100 12 1 1 1 11 12 1 1 10 12 10 10 12 1 10 11 12 1 1 10 12 1 1 11 12 1 18 3 11 10 12 1 11 11 10 12 1 10 12 1 1 8 1 10 12 1 10 12 1 10 12 1 1 10 10 12 1 11 100 12 1 7 1 100 1 10 12 1 7 1 10 10 7 12 1 1 1 100 1 10 7 1 10 10 12 1 10 10 12 1 8 1 10 10 12 1 8 1 8 1 10 12 1 10 12 1 10 10 12 10 100 12 1 1 10 100 12 1 1 10 100 12 1 1 8 1 10 12 1 10 12 1 1 10 10 12 8 1 8 1 10 8 1 8 1 8 1 8 1 10 12 1 10 12 1 8 1 10 100 12 1 1 1 10 12 10 12 1 1 10 12 10 10 12 10 12 7 1 9 12 1 1 7 1 10 100 1 100 1 100 1 100 1 1 1 1 1 1 5 0 1 1 1 1 1 3 1 3 1 1 1 1 1 1 1 1 1 1 1 1 1 1 1 100 1 1 1 100 1 1 1 1 1 1 1 1 1 1 1 1 1 1 1 1 1 1 1 1 1 1 1 1 1 1 1 100 1 1 1 1 1 1 1 1 1 100 1 1 1 1 1 1 1 1 1 1 1 1 1 1 1 1 1 1 1 1 1 1 1 1 1 1 1 1 1 1 1 1 1 1 1 1 1 1 1 1 1 1 1 1 1 1 1 1 1 1 1 1 1 1 1 1 1 1 1 1 1 1 1 1 1 1 1 1 1 1 1 1 1 1 1 1 1 1 1 1 1 1 1 1 1 1 1 1 1 1 1 1 1 1 1 1 1 1 1 1 1 1 1 1 1 1 1 1 1 1 1 1 1 1 1 1 1 1 1 1 1 1 1 1 1 1 1 1 1 1 1 1 1 1 1 1 1 1 1 1 1 1 1 1 1 1 1 1 1 1 1 1 1 1 1 1 1 1 1 1 1 1 1 1 1 1 1 1 1 100 1 1 1 1 1 1 1 1 1 1 1 1 1 1 1 1 1 1 1 1 1 1 1 1 100 1 1 1 1 1 1 1 1 1 1 1 1 1 100 1 1 1 1 1 1 1 1 1 1 1 1 1 1 1 15 10 100 12 1 1 1 16 15 10 12 16 15 10 12 15 10 12 15 10 12 1 1 1 1 100 1 100 1 1 1
staticfield java/lang/String COMPACT_STRINGS Z 1
staticfield java/lang/String serialPersistentFields [Ljava/io/ObjectStreamField; 0 [Ljava/io/ObjectStreamField;
staticfield java/lang/String CASE_INSENSITIVE_ORDER Ljava/util/Comparator; java/lang/String$CaseInsensitiveComparator
ciInstanceKlass java/security/ProtectionDomain 1 1 324 10 7 12 1 1 1 9 7 12 1 1 1 7 1 10 9 12 1 1 9 12 1 1 9 12 1 1 10 7 12 1 1 7 1 9 12 1 9 12 1 1 7 1 9 12 1 1 9 12 1 10 100 12 1 1 10 100 12 1 1 1 10 12 1 1 10 12 1 9 12 1 9 100 12 1 1 10 12 1 1 10 100 1 10 12 1 1 8 1 100 1 8 1 10 12 1 10 10 100 12 1 1 1 10 12 1 1 8 1 11 8 1 10 12 1 8 1 8 1 10 12 1 1 10 12 1 10 12 1 1 10 12 1 8 1 10 12 1 8 1 8 1 10 100 12 1 1 1 9 100 12 1 1 1 10 12 1 1 9 100 12 1 1 1 10 100 12 1 1 1 100 1 100 1 10 12 1 10 100 12 1 1 1 10 100 1 10 12 1 10 12 1 1 11 100 12 1 1 11 12 1 100 1 11 100 12 1 1 1 10 12 1 10 11 12 1 1 11 12 1 1 10 12 1 10 7 12 1 1 10 100 12 1 1 11 12 1 10 12 8 1 8 1 10 7 12 1 1 1 7 1 10 10 7 12 1 1 1 1 1 1 1 1 1 1 100 1 1 100 1 1 1 1 1 1 1 1 1 1 1 1 1 1 1 1 1 1 1 1 1 1 1 1 1 1 1 1 1 1 1 1 1 1 1 1 1 1 1 1 1 1 100 1 1 1 1 1 100 1 1 1 1 1
staticfield java/security/ProtectionDomain filePermCompatInPD Z 0
ciInstanceKlass java/security/CodeSource 1 1 395 10 7 12 1 1 1 9 7 12 1 1 1 9 12 1 1 9 12 1 1 9 12 1 1 10 7 12 1 1 1 9 12 1 1 10 7 12 1 1 10 7 10 100 12 1 1 1 10 100 12 1 1 1 10 12 1 1 7 1 10 10 7 12 1 1 1 10 7 12 1 1 1 10 12 1 1 10 12 1 7 1 10 12 1 1 10 12 1 1 10 12 1 1 10 12 1 10 10 10 12 1 1 10 100 12 1 1 1 10 12 1 10 12 1 10 12 1 8 1 10 12 1 10 12 1 10 12 1 1 10 12 1 8 1 10 12 1 1 10 100 1 10 10 12 1 1 8 1 10 12 1 10 12 1 10 12 1 8 1 8 1 9 12 1 1 100 1 8 1 10 12 1 10 12 1 1 8 1 10 12 1 8 1 8 1 8 1 10 100 12 1 1 10 12 1 1 10 12 1 10 12 1 1 10 12 1 1 10 12 1 1 100 1 100 1 10 12 1 10 12 10 12 1 1 10 100 12 1 1 10 12 1 100 1 10 12 10 8 1 10 12 1 10 12 1 10 12 1 1 100 1 10 12 1 1 100 1 100 1 8 1 8 1 10 10 12 1 1 10 100 12 1 1 1 100 1 10 12 10 12 1 1 11 100 12 1 1 10 10 12 1 11 10 12 1 8 1 100 1 10 12 1 10 12 1 1 10 12 1 11 12 1 1 11 100 1 1 1 1 5 0 1 1 1 1 1 1 1 1 1 1 1 1 1 1 1 1 1 1 1 1 1 1 1 1 1 1 1 1 1 1 1 1 1 1 1 1 1 1 1 1 1 1 1 1 1 1 1 1 1 1 1 1 1 1 1 1 1 1 1 1 1 1 1 1 1 100 1 1 1 1 1 1 1
ciInstanceKlass java/lang/StringBuilder 1 1 409 10 7 12 1 1 1 10 12 1 10 12 1 10 12 1 1 10 7 12 1 1 1 10 7 12 1 1 1 10 12 1 10 12 1 10 12 1 10 12 1 10 12 1 10 12 1 10 12 1 10 12 1 10 12 1 10 12 1 10 12 1 10 12 1 10 12 1 10 12 1 1 10 12 1 10 12 1 1 10 12 1 1 10 12 1 10 12 1 10 12 1 10 12 1 10 12 1 10 12 1 10 12 1 10 12 10 12 1 10 12 1 10 12 1 10 12 1 1 10 12 1 10 12 1 10 12 10 12 1 1 10 12 1 1 9 12 1 1 9 12 1 1 10 7 12 1 1 1 10 100 1 10 100 12 1 1 1 10 12 1 10 12 1 1 10 12 1 1 10 10 12 1 1 10 100 12 1 1 10 12 1 10 12 1 1 100 1 100 1 8 1 10 10 12 1 1 10 12 1 1 10 12 1 10 12 1 10 12 1 10 12 1 10 12 1 10 12 1 10 12 1 10 12 1 10 12 1 10 12 1 10 12 1 10 12 1 10 12 1 10 12 1 10 12 1 1 10 12 1 1 10 12 1 10 12 1 10 12 1 10 12 10 12 10 12 1 10 12 1 10 12 1 10 12 10 12 1 10 12 1 10 12 1 10 12 1 10 12 1 10 12 1 10 12 1 10 12 1 10 12 1 1 10 12 1 10 12 1 1 10 12 1 10 12 1 1 10 12 1 10 12 1 1 10 12 1 10 12 1 10 12 1 10 10 12 1 10 12 1 100 1 100 1 100 1 1 1 1 5 0 1 1 1 1 1 1 1 1 1 1 1 1 1 1 1 1 1 1 1 1 1 1 1 1 1 1 1 1 1 1 1 1 1 1 1 1 1 1 1 1 1 1 1 100 1 1 1 100 1 1 1 1 1 1 1 1 1 1
ciInstanceKlass jdk/internal/loader/ClassLoaders 1 1 183 10 100 12 1 1 1 10 7 12 1 1 1 10 12 1 1 10 100 12 1 1 1 9 7 12 1 1 1 9 12 1 1 9 12 1 1 7 1 11 100 12 1 1 1 100 1 11 12 1 1 11 12 1 1 10 100 12 1 1 1 10 100 12 1 1 1 100 1 100 1 10 7 12 1 1 1 9 12 1 1 10 12 1 1 7 1 10 12 1 1 10 12 1 7 1 8 1 10 7 12 1 1 1 10 12 1 1 7 1 10 12 1 10 12 1 10 12 1 8 1 10 7 12 1 1 8 1 8 1 10 12 1 7 1 10 12 1 10 12 1 10 12 1 1 1 1 1 1 1 1 1 1 1 1 1 1 1 1 1 1 1 1 100 1 1 1 1 1 1 1 1 1 1 1 1 1 1 1 1 1 1 1
staticfield jdk/internal/loader/ClassLoaders JLA Ljdk/internal/access/JavaLangAccess; java/lang/System$2
staticfield jdk/internal/loader/ClassLoaders BOOT_LOADER Ljdk/internal/loader/ClassLoaders$BootClassLoader; jdk/internal/loader/ClassLoaders$BootClassLoader
staticfield jdk/internal/loader/ClassLoaders PLATFORM_LOADER Ljdk/internal/loader/ClassLoaders$PlatformClassLoader; jdk/internal/loader/ClassLoaders$PlatformClassLoader
staticfield jdk/internal/loader/ClassLoaders APP_LOADER Ljdk/internal/loader/ClassLoaders$AppClassLoader; jdk/internal/loader/ClassLoaders$AppClassLoader
ciInstanceKlass jdk/internal/misc/Unsafe 1 1 1285 10 7 12 1 1 1 9 7 12 1 1 1 9 12 1 1 10 12 1 1 10 7 12 1 1 1 10 12 1 1 10 12 1 1 10 12 1 1 10 12 1 1 10 12 1 1 10 12 1 1 10 12 1 1 10 12 1 1 10 12 1 1 10 12 1 1 10 12 1 1 10 12 1 1 10 12 1 1 10 12 1 10 12 1 100 1 10 10 12 1 1 10 12 1 1 5 0 10 12 1 1 10 12 1 1 10 7 12 1 1 1 10 12 1 1 10 12 1 10 12 1 10 12 1 1 10 12 1 1 10 12 1 10 12 1 100 1 100 1 10 8 1 10 12 1 1 10 12 1 8 1 10 12 1 1 10 12 1 10 12 1 10 12 1 1 10 12 1 10 12 1 1 10 12 1 1 10 12 1 10 12 1 10 12 1 10 12 1 1 10 12 1 10 12 1 10 12 1 1 10 12 1 5 0 5 0 5 0 10 12 1 10 12 1 10 12 1 10 12 1 10 12 1 10 12 1 10 12 1 10 12 1 10 12 1 1 10 12 1 10 12 1 100 1 8 1 10 100 1 10 10 12 1 1 10 12 1 1 10 12 1 10 12 1 1 10 12 1 1 10 12 1 10 12 1 1 10 12 1 9 7 12 1 1 9 12 1 100 1 10 10 12 1 1 8 1 10 8 1 8 1 10 12 1 1 9 7 12 1 1 1 9 100 1 9 7 1 9 7 1 9 9 100 1 9 100 1 9 100 1 10 12 1 1 10 12 1 1 10 12 1 1 10 12 1 1 5 0 5 0 9 12 1 1 10 12 1 10 12 1 10 12 1 1 10 12 1 1 10 12 1 8 1 3 10 12 1 1 10 12 1 1 10 12 1 10 12 1 1 10 12 1 1 10 12 1 10 12 1 10 12 1 10 12 1 10 12 1 10 12 1 1 10 12 1 1 10 12 1 10 12 1 10 12 1 10 12 1 10 12 1 10 12 1 1 10 12 1 1 10 12 1 10 12 1 10 12 1 10 12 1 10 12 1 10 12 1 1 10 12 1 1 10 12 1 1 10 12 1 1 10 12 1 10 12 1 10 12 1 10 12 1 10 12 1 10 12 1 10 12 1 1 10 12 1 1 10 12 1 10 12 1 10 12 1 10 12 1 10 12 1 10 12 1 10 12 1 1 10 12 1 1 10 12 1 10 12 1 10 12 1 10 12 1 10 12 1 10 12 1 10 12 1 10 12 1 1 10 12 1 10 12 1 10 12 1 10 12 1 10 12 1 1 10 12 1 10 12 1 10 12 1 10 12 1 10 12 1 10 12 1 10 12 1 10 12 1 1 10 12 1 10 12 1 10 12 1 10 12 1 10 12 1 10 12 1 1 10 12 1 10 12 1 10 12 1 1 10 12 1 10 12 1 10 12 1 10 12 1 10 12 1 10 12 1 10 12 1 10 12 1 10 12 1 10 12 1 10 12 1 10 12 1 10 12 1 10 12 1 10 12 1 10 12 1 10 12 1 10 12 1 10 12 1 10 12 1 10 12 1 10 12 1 100 1 10 100 1 10 9 12 1 5 0 10 12 1 1 5 0 10 12 1 5 0 10 12 1 10 12 1 10 12 1 1 10 12 1 1 10 12 1 10 12 1 10 12 1 10 12 1 1 10 12 1 10 12 1 10 12 1 10 12 1 10 12 1 1 10 12 1 10 12 1 10 12 1 10 12 1 1 10 12 1 10 12 1 10 12 1 1 10 12 1 10 12 1 10 12 1 10 12 1 1 10 12 1 10 10 12 1 1 10 12 1 10 12 1 1 10 12 1 10 12 5 0 5 0 5 0 10 12 1 1 10 12 1 10 12 1 10 12 10 100 12 1 1 8 1 100 1 11 12 1 1 8 1 11 12 1 1 10 100 12 1 1 10 12 1 10 12 1 10 12 1 10 12 1 10 12 1 1 10 12 1 10 12 1 10 12 1 10 12 1 10 12 1 10 12 1 10 7 1 10 12 1 9 12 1 7 1 9 12 1 7 1 9 12 1 7 1 9 12 1 7 1 9 12 1 7 1 9 12 1 7 1 9 12 1 7 1 9 12 1 7 1 9 12 1 10 12 1 9 12 1 9 12 1 9 12 1 9 12 1 9 12 1 9 12 1 9 12 1 9 12 1 9 12 1 9 12 1 1 1 3 1 1 1 1 1 1 1 1 1 1 1 1 1 1 1 1 1 1 1 1 1 1 1 1 1 1 1 1 1 1 1 1 1 1 1 1 1 1 1 1 1 1 1 1 1 1 1 1 1 1 1 1 1 1 1 1 1 1 1 1 1 1 1 1 1 1 1 1 1 1 1 1 1 1 1 1 1 1 1 1 1 1 1 1 1 1 1 1 1 100 1 1 1 1 1 1 1 1 1 1 1 1 1 1 1 1 1 1 1 1 1 1 1 1 1 1 1 1 1 1 1 1 1 1 1 1 1 1 1 1 1 1 1 1 1 1 1 1 1 1 1 1 1 1 1 1 1 1 1 1 1 1 1 1 1 1 1 1 1 1 1 1 1 1 1 1 1 1 1 1 1 1 1 1 1 1 1 1 1 1 1 1 1 1 1 1 1 1 1 1 1 1 1 1 1 1 1 1 1 1 1 1 1 1 1 1 1 1 1 1 1 1 1 1 1 1 1 1 1 1 1 1 1 1 1 1 1 1 1 1 1 1 1 1 1 1 1 1 1 1 1 1 1 1 1 1 1 1 1 1 1 1 1 1 1 1 1 1 1 1 1 1 1 1 1 1 1 1 1 1 1 1 1 1 1 1 1 1 1 1 1 1 1 1 1 1 1 1 1 1 1 1 1 1 1 1 1 3 1 1 1 1 1 1 1 1 1 1 1 1 1 1 1 1 1 1 1 1 1
staticfield jdk/internal/misc/Unsafe theUnsafe Ljdk/internal/misc/Unsafe; jdk/internal/misc/Unsafe
staticfield jdk/internal/misc/Unsafe ARRAY_BOOLEAN_BASE_OFFSET I 16
staticfield jdk/internal/misc/Unsafe ARRAY_BYTE_BASE_OFFSET I 16
staticfield jdk/internal/misc/Unsafe ARRAY_SHORT_BASE_OFFSET I 16
staticfield jdk/internal/misc/Unsafe ARRAY_CHAR_BASE_OFFSET I 16
staticfield jdk/internal/misc/Unsafe ARRAY_INT_BASE_OFFSET I 16
staticfield jdk/internal/misc/Unsafe ARRAY_LONG_BASE_OFFSET I 16
staticfield jdk/internal/misc/Unsafe ARRAY_FLOAT_BASE_OFFSET I 16
staticfield jdk/internal/misc/Unsafe ARRAY_DOUBLE_BASE_OFFSET I 16
staticfield jdk/internal/misc/Unsafe ARRAY_OBJECT_BASE_OFFSET I 16
staticfield jdk/internal/misc/Unsafe ARRAY_BOOLEAN_INDEX_SCALE I 1
staticfield jdk/internal/misc/Unsafe ARRAY_BYTE_INDEX_SCALE I 1
staticfield jdk/internal/misc/Unsafe ARRAY_SHORT_INDEX_SCALE I 2
staticfield jdk/internal/misc/Unsafe ARRAY_CHAR_INDEX_SCALE I 2
staticfield jdk/internal/misc/Unsafe ARRAY_INT_INDEX_SCALE I 4
staticfield jdk/internal/misc/Unsafe ARRAY_LONG_INDEX_SCALE I 8
staticfield jdk/internal/misc/Unsafe ARRAY_FLOAT_INDEX_SCALE I 4
staticfield jdk/internal/misc/Unsafe ARRAY_DOUBLE_INDEX_SCALE I 8
staticfield jdk/internal/misc/Unsafe ARRAY_OBJECT_INDEX_SCALE I 4
staticfield jdk/internal/misc/Unsafe ADDRESS_SIZE I 8
ciInstanceKlass java/util/Map 1 1 259 11 7 12 1 1 1 11 12 1 1 10 7 12 1 1 11 12 1 1 11 7 12 1 1 1 11 100 12 1 1 1 11 12 1 1 7 1 11 12 1 11 12 1 100 1 100 1 10 12 1 1 11 100 12 1 1 1 11 100 12 1 1 1 11 12 1 11 12 1 10 12 1 1 11 12 1 11 7 12 1 9 7 12 1 1 1 100 1 10 12 7 1 7 1 10 12 1 7 1 10 7 1 11 12 1 1 7 1 11 12 1 1 1 1 1 1 1 1 1 1 1 1 1 1 1 1 1 1 1 1 1 1 1 1 1 1 1 1 1 1 1 1 1 1 1 1 1 1 1 1 1 1 1 1 1 1 1 1 1 1 1 1 1 1 1 1 1 1 1 1 1 1 1 1 1 1 1 1 1 1 1 1 1 1 1 1 1 1 1 1 1 1 1 1 1 1 1 1 1 1 1 1 1 1 1 1 1 1 1 1 1 1 1 1 1 1 1 1 1 1 1 1 1 1 1 1 1 1 1 1 1 1 1 1 1 1 1 1 1 100 1 1 1 1 1 1 1 1 1 1 1 1 1 1 1 1 1 1
ciInstanceKlass java/lang/ThreadGroup 1 1 293 10 7 12 1 1 1 9 7 12 1 1 1 8 1 9 12 1 1 7 1 9 12 1 9 12 1 1 10 12 1 1 10 12 1 1 10 12 1 10 12 1 1 10 12 1 9 12 1 1 10 12 1 1 10 12 1 9 12 1 10 100 12 1 1 1 9 12 1 9 12 1 1 10 7 12 1 1 1 100 10 12 1 1 10 7 12 1 1 1 10 100 12 1 9 12 1 10 12 1 1 10 12 1 1 9 12 1 1 10 12 1 1 10 12 1 10 12 1 10 12 1 1 10 12 1 1 10 12 1 10 12 1 10 10 12 1 10 12 1 10 100 1 10 10 12 1 10 12 1 10 12 1 7 10 12 1 9 12 1 1 10 12 1 1 8 1 10 100 12 1 1 1 10 12 1 1 10 12 1 1 10 12 1 1 11 100 1 100 1 9 12 1 100 1 10 8 1 10 12 1 1 10 12 1 1 8 1 10 12 1 10 100 12 1 1 1 10 12 1 1 10 100 1 8 1 10 8 1 10 12 1 8 1 1 1 1 1 1 1 1 1 1 1 1 1 1 1 1 1 3 1 1 1 1 1 1 1 1 1 1 1 1 1 1 1 1 1 1 1 1 1 1 1 1 1 1 1 1 1 1 1 1 1 1 1 1 1 1 1 1 1 1
instanceKlass java/security/Provider
ciInstanceKlass java/util/Properties 1 1 651 10 7 12 1 1 1 100 1 10 7 12 1 1 7 1 10 12 1 9 12 1 1 9 12 1 1 9 12 1 1 10 7 12 1 1 1 10 12 1 1 8 1 10 7 12 1 1 1 7 1 10 12 1 10 12 1 1 8 1 10 12 1 7 1 10 12 10 12 1 1 9 12 1 1 10 12 1 1 7 1 10 12 1 10 12 1 10 12 1 1 100 1 8 1 10 12 1 10 12 1 10 12 1 1 10 12 1 100 1 3 10 10 100 12 1 1 1 10 12 1 10 12 1 1 8 1 10 12 1 10 12 1 1 8 1 10 100 12 1 1 10 12 1 1 10 12 1 10 12 1 1 100 1 10 12 1 10 12 1 1 100 1 9 100 12 1 1 1 10 12 1 10 12 1 1 100 1 10 10 10 12 1 1 11 7 12 1 1 1 11 7 12 1 1 1 11 12 1 1 7 1 11 12 1 11 12 1 10 12 1 1 8 1 10 12 1 10 12 1 100 1 10 10 12 1 1 10 100 12 1 1 9 100 12 1 1 10 12 1 1 10 100 12 1 1 1 100 1 100 1 100 1 10 8 1 8 1 10 12 1 10 12 1 10 12 1 1 10 10 12 1 1 10 12 1 1 100 1 10 10 12 1 11 7 12 1 1 10 7 12 1 1 1 8 1 10 100 12 1 1 11 8 1 10 100 1 11 10 12 1 10 12 1 10 12 1 10 12 1 1 10 12 1 1 10 12 1 1 10 12 1 10 12 1 10 10 12 1 10 12 1 10 12 1 10 10 12 1 1 10 12 1 1 7 1 10 10 12 1 10 12 1 10 12 1 10 12 1 10 12 1 1 10 12 1 1 10 12 1 10 12 1 10 12 1 1 10 12 10 12 1 1 10 12 1 1 10 12 1 10 12 1 1 10 12 1 1 10 12 100 1 10 11 100 12 1 1 4 11 10 12 1 1 10 100 12 1 1 11 12 1 10 12 1 1 10 100 12 1 1 10 12 1 100 1 8 1 10 12 1 10 10 100 12 1 1 1 100 1 6 0 10 12 1 1 11 100 12 1 1 1 10 12 1 10 12 1 1 1 1 1 5 0 1 1 1 1 1 1 1 1 1 1 1 1 1 1 1 1 1 1 1 1 1 1 1 1 1 1 1 1 1 1 1 1 1 1 1 1 1 1 1 1 100 1 1 1 1 1 1 1 1 1 1 1 1 1 1 1 1 1 1 1 1 100 1 1 1 1 1 1 1 100 1 100 1 1 1 1 100 1 1 1 1 1 1 1 1 1 1 1 1 1 1 1 1 1 1 1 1 1 1 1 1 1 1 1 1 1 1 1 1 1 1 1 1 1 1 1 1 1 1 1 1 1 1 1 1 1 1 1 1 1 1 1 1 1 1 1 1 1 1 1 1 1 1 1 1 1 1 1 1 1 1 1 1 100 1 1 1 1 1 1 1 1 1 100 1 1 1
staticfield java/util/Properties UNSAFE Ljdk/internal/misc/Unsafe; jdk/internal/misc/Unsafe
instanceKlass java/util/Hashtable
ciInstanceKlass java/util/Dictionary 1 1 36 10 7 12 1 1 1 100 1 1 1 1 1 1 1 1 1 1 1 1 1 1 1 1 1 1 1 1 1 1 1 1 1 1 1 1
instanceKlass java/util/Properties
ciInstanceKlass java/util/Hashtable 1 1 512 100 1 10 7 12 1 1 1 9 7 12 1 1 1 100 1 100 1 10 8 1 10 12 1 1 10 12 1 10 12 1 1 10 12 1 10 7 12 1 1 1 8 1 10 12 1 9 12 1 1 7 1 9 12 1 1 4 10 7 12 1 1 1 9 12 1 4 10 12 1 11 100 12 1 1 1 10 12 1 1 10 12 1 1 9 12 1 10 12 1 1 100 1 10 9 12 1 1 10 7 12 1 1 1 9 12 1 1 10 12 1 10 12 1 3 9 12 1 9 12 1 3 10 12 1 10 12 1 10 12 1 1 11 12 1 1 11 100 12 1 1 1 11 100 12 1 1 1 11 12 1 100 1 11 12 1 11 12 1 10 12 1 1 10 12 1 1 10 12 1 9 12 1 1 9 12 9 12 1 1 10 100 1 100 1 10 12 1 10 8 1 10 10 12 1 8 1 10 8 1 10 100 12 1 1 1 7 1 10 12 1 10 12 1 100 1 10 12 1 10 12 1 1 100 1 10 100 1 10 10 12 1 1 11 12 1 1 11 12 1 100 1 10 10 10 100 12 1 1 11 100 12 1 1 1 100 1 10 11 100 12 1 1 11 100 12 1 10 12 1 10 12 1 1 10 100 12 1 1 10 12 1 1 10 12 1 1 10 12 1 1 10 100 12 1 1 1 8 10 100 12 1 1 100 1 8 1 10 4 10 12 4 10 12 1 8 1 10 12 10 100 12 1 1 1 100 1 11 100 12 1 1 1 10 100 12 1 1 1 10 12 1 10 12 1 1 10 100 1 100 1 1 1 1 1 1 5 0 1 1 1 1 1 3 1 3 1 3 1 1 1 1 1 1 1 1 1 1 1 1 1 1 1 1 1 1 1 1 1 1 1 1 1 100 1 1 1 1 1 1 1 1 1 1 1 1 1 1 1 1 1 1 1 1 1 1 1 1 1 1 1 1 1 100 1 1 1 1 1 1 1 1 1 1 1 1 1 1 1 1 1 1 1 1 1 1 1 1 1 1 1 1 1 1 1 1 1 1 1 1 1 1 1 1 1 1 1 1 1 1 1 1 1 1 1 1 1 1 1 1 1 1 100 1 1 1 100 1 1 1 1 1 100 1 1 1 1 1 1 1 1 1 1 1 1 1 1 1 1 1 1
instanceKlass sun/nio/ch/ChannelInputStream
instanceKlass jdk/nio/zipfs/ZipFileSystem$EntryInputStream
instanceKlass com/sun/org/apache/xerces/internal/impl/XMLEntityManager$RewindableInputStream
instanceKlass java/util/jar/JarVerifier$VerifierStream
instanceKlass java/util/zip/ZipFile$ZipFileInputStream
instanceKlass java/io/FilterInputStream
instanceKlass java/io/FileInputStream
instanceKlass java/io/ByteArrayInputStream
ciInstanceKlass java/io/InputStream 1 1 184 100 1 10 7 12 1 1 1 100 1 10 10 7 12 1 1 1 10 7 12 1 1 1 10 12 1 100 1 3 10 12 1 1 100 1 8 1 10 12 1 10 7 12 1 1 1 3 100 1 8 1 10 10 7 12 1 1 1 7 1 10 11 7 12 1 1 1 10 12 1 1 11 12 1 1 11 7 12 1 1 1 11 12 1 1 7 1 10 7 12 1 1 1 5 0 10 12 1 10 12 1 1 100 1 10 8 1 10 8 1 8 1 10 12 1 1 10 100 12 1 1 1 100 1 1 1 1 3 1 3 1 1 1 1 1 1 1 1 1 1 1 1 1 1 1 1 1 1 1 1 1 1 1 1 1 1 1 1 1 1 1 1 1 1 1 1 1 1 1 1 1 1 1 1 1 1 1 1 1 1 1 1 1
ciInstanceKlass java/io/ByteArrayInputStream 1 1 117 10 7 12 1 1 1 9 7 12 1 1 1 9 12 1 1 9 12 1 9 12 1 10 100 12 1 1 1 10 7 12 1 1 1 10 7 12 1 1 1 10 100 12 1 1 1 10 12 1 1 3 10 100 1 10 100 12 1 1 1 9 12 1 1 100 1 10 10 7 12 1 1 1 1 1 1 1 1 1 1 1 1 1 1 1 1 1 1 1 1 1 1 1 1 1 1 1 1 1 1 1 100 1 1 1 1 1 1 1 1 1 1 1 1 1 1
staticfield java/io/ByteArrayInputStream $assertionsDisabled Z 1
instanceKlass java/util/concurrent/ForkJoinWorkerThread
instanceKlass java/util/logging/LogManager$Cleaner
instanceKlass jdk/internal/misc/InnocuousThread
instanceKlass java/lang/ref/Finalizer$FinalizerThread
instanceKlass java/lang/ref/Reference$ReferenceHandler
ciInstanceKlass java/lang/Thread 1 1 612 9 7 12 1 1 1 9 12 1 1 10 12 1 1 9 12 1 1 9 12 1 1 100 1 8 1 10 12 1 1 3 8 1 100 1 5 0 10 12 1 1 10 7 12 1 1 9 12 1 1 9 12 1 9 12 1 1 9 12 1 100 1 8 1 10 9 12 1 1 10 7 12 1 1 1 10 100 12 1 1 1 10 10 7 12 1 1 10 12 1 1 10 12 1 1 9 100 12 1 1 1 10 12 1 1 10 12 1 9 12 1 1 10 12 1 1 10 12 1 1 9 12 1 10 12 1 1 9 12 1 1 10 7 12 1 1 1 9 12 1 1 9 12 1 1 10 12 1 1 10 100 12 1 1 1 9 12 1 10 12 1 1 9 12 1 100 1 10 100 1 10 8 1 10 12 1 1 10 12 1 10 12 1 10 12 1 1 10 12 1 10 12 1 9 12 1 100 1 10 10 12 1 1 10 12 1 10 12 1 100 1 11 7 12 1 1 9 100 12 1 1 1 10 12 1 10 12 1 10 12 9 12 1 1 10 9 12 1 10 12 1 100 1 10 10 12 1 1 9 12 1 10 12 1 11 100 12 1 1 10 12 1 9 12 1 10 12 1 10 12 1 10 10 12 1 10 12 1 10 12 1 10 12 1 10 12 1 1 100 1 10 10 12 1 10 12 1 10 12 1 9 100 12 1 1 1 10 12 1 1 10 12 1 100 1 8 1 10 10 12 1 10 12 8 1 10 12 1 8 1 10 8 1 8 1 10 100 12 1 1 10 100 12 1 1 1 100 1 8 1 10 9 12 1 9 12 1 1 10 12 1 1 10 10 12 1 1 9 12 1 10 12 1 1 100 1 10 12 11 100 12 1 1 1 9 100 12 1 1 1 9 12 1 1 10 12 1 1 100 1 10 12 1 11 100 12 1 1 1 100 1 10 12 1 10 12 1 1 11 12 1 10 12 1 100 1 10 12 1 10 12 1 1 10 7 12 1 1 1 8 1 9 12 1 10 12 1 1 11 100 12 1 1 1 10 100 12 1 1 1 11 12 1 10 12 1 7 1 1 1 1 3 1 3 1 3 1 1 1 1 1 1 1 1 1 1 1 1 1 1 1 1 1 1 1 100 1 1 1 1 1 1 1 1 1 1 1 1 100 1 100 1 1 1 1 1 1 1 1 1 1 1 1 1 1 1 1 1 1 1 1 1 1 1 1 1 1 1 1 1 1 1 1 1 1 1 1 1 1 1 1 1 1 1 100 100 1 1 1 1 1 1 1 1 1 100 1 1 1 1 1 1 1 1 1 1 1 1 1 1 1 1 1 1 1 1 1 1 1 1 1 1 1 1 100 1 1 1 1 1 1 100 1 1 100 1 1 1 1 1 1
staticfield java/lang/Thread EMPTY_STACK_TRACE [Ljava/lang/StackTraceElement; 0 [Ljava/lang/StackTraceElement;
instanceKlass com/google/common/util/concurrent/ServiceManager$FailedService
instanceKlass com/google/common/util/concurrent/ServiceManager$EmptyServiceManagerWarning
instanceKlass apex/jorje/lsp/impl/document/BadLocationException
instanceKlass java/lang/Exception
instanceKlass java/lang/Error
ciInstanceKlass java/lang/Throwable 1 1 393 10 7 12 1 1 1 9 7 12 1 1 1 9 12 1 1 9 12 1 9 12 1 1 9 12 1 10 12 1 1 9 12 1 1 10 12 1 1 10 12 1 100 1 100 1 10 8 1 10 12 1 1 8 1 10 100 12 1 1 10 10 12 1 100 1 8 1 10 10 12 1 1 10 7 12 1 1 10 12 1 8 1 9 100 12 1 1 1 10 12 1 1 100 1 10 12 10 12 1 100 1 10 10 7 12 1 1 1 11 100 12 1 1 1 10 100 12 1 1 1 10 12 1 1 10 12 1 1 8 1 10 12 1 10 12 1 1 8 1 8 1 10 12 1 1 10 12 1 8 1 8 1 9 12 1 1 10 100 12 1 1 100 1 10 11 12 1 8 1 8 1 10 7 12 1 1 8 1 10 12 1 8 1 100 1 10 12 1 9 12 1 1 10 12 1 10 7 12 1 9 12 1 1 10 12 1 1 100 1 8 1 10 12 1 10 100 12 1 1 10 12 1 1 100 1 10 100 12 1 1 1 10 12 1 11 100 12 1 1 1 11 100 12 1 1 1 11 12 1 8 1 10 12 1 1 8 1 10 10 9 100 12 1 1 1 8 1 10 12 1 1 10 100 1 8 1 10 11 12 1 1 8 1 9 12 1 10 100 12 1 1 11 9 12 1 1 11 12 1 1 100 10 12 1 10 12 1 1 100 1 1 1 1 5 0 1 1 1 1 1 1 1 1 1 1 1 1 1 100 1 1 1 1 1 1 1 1 1 1 1 1 1 1 1 1 1 1 1 1 1 1 1 1 1 1 1 1 1 1 1 1 1 1 1 1 1 1 1 1 1 1 100 1 100 1 1 1 1 1 1 1 1 1 1 1 1 1 1 1 1 1 1
staticfield java/lang/Throwable UNASSIGNED_STACK [Ljava/lang/StackTraceElement; 0 [Ljava/lang/StackTraceElement;
staticfield java/lang/Throwable SUPPRESSED_SENTINEL Ljava/util/List; java/util/Collections$EmptyList
staticfield java/lang/Throwable EMPTY_THROWABLE_ARRAY [Ljava/lang/Throwable; 0 [Ljava/lang/Throwable;
staticfield java/lang/Throwable $assertionsDisabled Z 1
instanceKlass org/antlr/runtime/RecognitionException
instanceKlass sun/nio/fs/WindowsException
instanceKlass org/eclipse/jdt/internal/core/nd/db/BTree$BTreeKeyNotFoundException
instanceKlass java/net/URISyntaxException
instanceKlass java/text/ParseException
instanceKlass java/lang/CloneNotSupportedException
instanceKlass java/security/PrivilegedActionException
instanceKlass java/util/concurrent/TimeoutException
instanceKlass java/util/concurrent/ExecutionException
instanceKlass com/google/inject/internal/ErrorsException
instanceKlass com/google/inject/internal/InternalProvisionException
instanceKlass ch/qos/logback/core/boolex/EvaluationException
instanceKlass ch/qos/logback/core/util/PropertySetterException
instanceKlass java/lang/InterruptedException
instanceKlass javax/naming/NamingException
instanceKlass ch/qos/logback/core/model/processor/ModelHandlerException
instanceKlass ch/qos/logback/core/spi/ScanException
instanceKlass ch/qos/logback/core/joran/spi/ActionException
instanceKlass javax/xml/parsers/ParserConfigurationException
instanceKlass org/xml/sax/SAXException
instanceKlass java/security/GeneralSecurityException
instanceKlass ch/qos/logback/core/util/DynamicClassLoadingException
instanceKlass ch/qos/logback/core/util/IncompatibleClassException
instanceKlass ch/qos/logback/core/joran/spi/JoranException
instanceKlass java/io/IOException
instanceKlass java/lang/ReflectiveOperationException
instanceKlass java/lang/RuntimeException
ciInstanceKlass java/lang/Exception 1 1 40 10 7 12 1 1 1 10 12 1 10 12 1 10 12 1 10 12 1 100 1 1 1 1 5 0 1 1 1 1 1 1 1 1 1 1 1 1 1 1
instanceKlass java/lang/reflect/InvocationTargetException
instanceKlass java/lang/IllegalAccessException
instanceKlass java/lang/InstantiationException
instanceKlass java/lang/NoSuchFieldException
instanceKlass java/lang/NoSuchMethodException
instanceKlass java/lang/ClassNotFoundException
ciInstanceKlass java/lang/ReflectiveOperationException 1 1 34 10 7 12 1 1 1 10 12 1 10 12 1 10 12 1 100 1 1 1 1 5 0 1 1 1 1 1 1 1 1 1 1 1
instanceKlass com/google/common/util/concurrent/ExecutionError
instanceKlass java/lang/AssertionError
instanceKlass java/util/ServiceConfigurationError
instanceKlass java/lang/VirtualMachineError
instanceKlass java/lang/LinkageError
instanceKlass java/lang/ThreadDeath
ciInstanceKlass java/lang/Error 1 1 40 10 7 12 1 1 1 10 12 1 10 12 1 10 12 1 10 12 1 100 1 1 1 1 5 0 1 1 1 1 1 1 1 1 1 1 1 1 1 1
ciInstanceKlass java/lang/ThreadDeath 0 0 21 10 100 12 1 1 1 100 1 1 1 1 5 0 1 1 1 1 1 1 1
ciInstanceKlass java/lang/ClassNotFoundException 1 1 96 7 1 10 7 12 1 1 1 10 12 1 10 12 1 1 10 100 12 1 1 1 8 1 10 100 12 1 1 1 10 7 12 1 1 10 100 12 1 1 1 10 100 12 1 1 1 10 12 1 1 7 1 10 12 1 9 12 1 1 1 1 1 5 0 1 1 1 1 1 1 1 1 1 1 1 1 1 1 1 1 1 1 100 1 1 1 1 1 1 1 1 1 1 1 1
staticfield java/lang/ClassNotFoundException serialPersistentFields [Ljava/io/ObjectStreamField; 1 [Ljava/io/ObjectStreamField;
instanceKlass java/lang/ExceptionInInitializerError
instanceKlass java/lang/IncompatibleClassChangeError
instanceKlass java/lang/BootstrapMethodError
instanceKlass java/lang/NoClassDefFoundError
ciInstanceKlass java/lang/LinkageError 1 1 31 10 7 12 1 1 1 10 12 1 10 12 1 100 1 1 1 1 5 0 1 1 1 1 1 1 1 1 1 1 1
instanceKlass jdk/internal/misc/ThreadTracker$ThreadRef
instanceKlass sun/security/pkcs/SignerInfo$AlgorithmInfo
ciInstanceKlass java/lang/Record 1 1 22 10 7 12 1 1 1 100 1 1 1 1 1 1 1 1 1 1 1 1 1 1
ciInstanceKlass java/lang/Boolean 1 1 151 10 7 12 1 1 1 9 7 12 1 1 1 10 12 1 1 10 12 1 8 1 10 7 12 1 1 9 12 1 1 9 12 1 8 1 10 12 1 1 10 12 1 1 10 7 12 1 1 1 100 1 100 1 10 12 1 1 9 100 12 1 1 9 12 10 100 12 1 1 1 10 12 1 1 8 1 10 7 12 1 1 1 9 12 1 1 100 1 100 1 100 1 1 1 1 1 1 5 0 1 1 1 1 1 1 1 1 1 1 3 1 1 1 1 1 1 1 1 1 1 1 1 1 1 1 1 1 1 1 1 100 1 1 1 1 1 1 1 1 1 1 100 1 1 1 1 1 1 1 1
staticfield java/lang/Boolean TRUE Ljava/lang/Boolean; java/lang/Boolean
staticfield java/lang/Boolean FALSE Ljava/lang/Boolean; java/lang/Boolean
staticfield java/lang/Boolean TYPE Ljava/lang/Class; java/lang/Class
instanceKlass java/util/concurrent/locks/AbstractQueuedSynchronizer
ciInstanceKlass java/util/concurrent/locks/AbstractOwnableSynchronizer 1 1 32 10 7 12 1 1 1 9 7 12 1 1 1 100 1 1 1 1 5 0 1 1 1 1 1 1 1 1 1 1 1 1
instanceKlass com/google/gson/internal/LazilyParsedNumber
instanceKlass java/math/BigDecimal
instanceKlass java/math/BigInteger
instanceKlass java/util/concurrent/atomic/AtomicLong
instanceKlass java/util/concurrent/atomic/AtomicInteger
instanceKlass java/lang/Long
instanceKlass java/lang/Integer
instanceKlass java/lang/Short
instanceKlass java/lang/Byte
instanceKlass java/lang/Double
instanceKlass java/lang/Float
ciInstanceKlass java/lang/Number 1 1 37 10 7 12 1 1 1 10 100 12 1 1 1 100 1 1 1 1 5 0 1 1 1 1 1 1 1 1 1 1 1 1 1 1 1 1 1
instanceKlass java/lang/LiveStackFrameInfo
ciInstanceKlass java/lang/StackFrameInfo 1 1 132 10 7 12 1 1 1 9 7 12 1 1 1 9 7 1 9 12 1 1 11 7 12 1 1 1 9 12 1 1 11 12 1 1 10 12 1 1 10 7 12 1 1 1 10 12 1 11 12 1 11 12 1 1 11 12 1 10 12 1 1 9 12 1 1 10 12 1 1 10 100 12 1 1 10 12 1 1 11 12 1 1 10 12 1 9 12 1 1 10 12 1 1 100 1 8 1 10 12 1 10 7 12 1 1 1 100 1 1 1 1 1 1 1 1 1 1 1 1 1 1 1 1 1 1 100 1 1 1 1 1 1
staticfield java/lang/StackFrameInfo JLIA Ljdk/internal/access/JavaLangInvokeAccess; java/lang/invoke/MethodHandleImpl$1
ciInstanceKlass java/lang/LiveStackFrameInfo 0 0 97 10 100 12 1 1 1 9 100 12 1 1 1 9 12 1 9 12 1 9 12 1 9 12 1 1 100 1 10 12 1 1 10 12 1 8 1 10 12 1 1 8 1 8 1 8 1 10 100 1 10 12 1 100 1 10 12 1 100 1 100 1 1 1 3 1 3 1 1 1 1 1 1 1 1 1 1 1 1 1 1 1 1 1 1 1 1 1 1 1 1 1 1 1 100 1 1
ciMethod java/lang/Boolean valueOf (Z)Ljava/lang/Boolean; 244 0 110224 0 0
ciInstanceKlass java/lang/Character 1 1 576 7 1 100 1 100 1 9 12 1 1 8 1 9 12 1 1 100 1 9 12 1 1 10 100 12 1 1 1 10 100 12 1 1 1 10 100 12 1 1 1 10 7 12 1 1 1 9 7 12 1 1 1 10 12 1 10 12 1 1 10 12 1 1 10 100 12 1 1 10 12 1 1 3 3 3 3 3 10 12 1 1 10 12 1 3 11 7 12 1 1 1 11 12 1 1 10 12 1 1 10 12 1 1 100 1 10 10 12 1 3 10 12 1 1 10 12 1 10 12 1 1 100 1 8 1 10 12 1 1 10 12 1 10 12 1 10 12 1 10 12 1 10 12 1 1 10 12 1 10 7 12 1 1 10 10 12 1 10 10 12 1 10 12 1 1 10 12 1 10 10 12 1 10 12 1 10 12 1 10 12 1 10 12 1 10 12 1 10 12 1 10 12 10 10 12 10 10 12 1 10 10 12 1 10 10 12 1 10 10 12 1 10 10 12 1 10 10 12 1 10 10 12 1 1 10 10 12 1 10 5 0 10 12 1 10 12 1 10 10 12 1 10 10 12 1 1 10 10 12 1 10 10 12 1 9 12 1 1 100 1 10 10 12 1 10 12 1 1 3 10 100 12 1 1 1 10 12 1 10 100 12 1 1 100 1 10 10 12 1 1 10 12 1 1 10 12 1 1 8 1 10 12 1 9 100 12 1 1 1 10 12 1 10 10 12 1 10 12 1 1 10 12 1 10 10 12 1 1 10 10 12 1 1 100 1 8 1 10 12 1 1 10 7 12 1 1 1 8 1 10 12 1 1 9 12 1 1 100 1 100 1 100 1 1 1 1 3 1 3 1 3 1 3 1 1 1 1 1 3 1 1 3 1 3 1 3 1 3 1 3 1 3 1 3 1 3 1 3 1 3 1 3 1 3 1 3 1 3 1 3 1 3 1 3 1 3 1 3 1 3 1 3 1 3 1 3 1 3 1 3 1 3 1 3 1 3 1 1 1 1 1 1 1 1 1 1 1 1 1 1 1 1 1 1 1 3 1 1 1 1 1 1 1 3 1 1 3 1 1 1 1 1 3 1 1 5 0 1 1 1 1 1 1 1 1 1 1 1 1 1 1 1 1 1 1 1 1 1 1 1 1 1 1 1 1 1 1 1 1 1 1 1 1 1 1 1 1 1 1 1 1 1 1 1 1 1 1 1 1 1 1 1 1 1 1 1 1 1 1 1 1 1 1 1 1 1 1 1 1 1 1 1 1 1 1 1 1 1 1 1 1 1 1 1 1 1 100 1 100 1 1 1 1 1 1
staticfield java/lang/Character TYPE Ljava/lang/Class; java/lang/Class
staticfield java/lang/Character $assertionsDisabled Z 1
ciInstanceKlass java/lang/Float 1 1 223 7 1 100 1 10 100 12 1 1 1 10 100 12 1 1 1 4 100 1 10 12 1 1 10 12 1 1 8 1 8 1 10 100 12 1 1 1 10 12 1 1 10 12 1 1 10 4 4 4 10 7 12 1 1 9 12 1 1 10 12 1 1 10 12 1 10 12 1 10 12 1 1 10 12 1 10 12 1 3 10 12 1 1 10 12 1 1 10 12 1 10 100 12 1 1 1 10 12 1 1 10 12 1 1 8 1 10 7 12 1 1 1 9 12 1 1 100 1 100 1 100 1 1 1 1 1 4 1 1 1 4 1 1 3 1 3 1 3 1 3 1 1 1 1 5 0 1 1 1 1 1 1 1 1 1 1 7 1 1 1 1 1 1 1 1 1 1 1 1 1 3 1 1 1 1 1 1 1 1 1 1 1 1 1 1 1 1 1 1 1 1 1 1 1 1 1 1 1 1 1 1 1 1 1 1 1 1 1 1 7 1 1 1 1 1 1 1 100 1 100 1 1
staticfield java/lang/Float TYPE Ljava/lang/Class; java/lang/Class
ciInstanceKlass java/lang/Double 1 1 285 7 1 100 1 10 7 12 1 1 1 10 12 1 1 10 12 1 100 1 10 12 1 1 10 100 12 1 1 1 6 0 8 1 10 12 1 1 8 1 10 12 1 1 8 1 6 0 10 12 1 1 100 1 5 0 5 0 8 1 8 1 10 100 12 1 1 1 10 100 12 1 1 1 8 1 10 12 1 1 8 1 8 1 8 1 10 12 1 1 10 12 1 10 12 1 1 10 12 1 10 12 1 10 12 1 1 10 12 1 10 6 0 6 0 6 0 10 7 12 1 1 9 12 1 1 10 12 1 10 12 1 10 12 1 10 12 1 5 0 10 12 1 1 10 12 1 10 12 1 10 100 12 1 1 1 10 12 1 1 10 12 1 1 8 1 10 7 12 1 1 1 9 12 1 1 100 1 100 1 100 1 1 1 1 1 6 0 1 1 1 6 0 1 1 3 1 3 1 3 1 3 1 1 1 1 5 0 1 1 1 1 1 1 1 1 1 1 1 1 1 1 1 1 7 1 1 1 1 1 1 1 1 1 1 1 1 3 1 1 1 1 1 1 1 1 1 1 1 1 1 1 1 1 1 1 1 1 1 1 1 1 1 1 1 1 1 1 1 1 1 1 7 1 1 1 1 1 1 1 100 1 100 1 1
staticfield java/lang/Double TYPE Ljava/lang/Class; java/lang/Class
ciInstanceKlass java/lang/Byte 1 1 215 7 1 100 1 10 100 12 1 1 1 9 12 1 1 8 1 9 12 1 1 100 1 10 12 1 1 10 12 1 1 10 100 12 1 1 1 10 100 12 1 1 1 9 7 12 1 1 1 10 12 1 1 7 1 100 1 10 12 1 1 8 1 10 12 1 1 8 1 10 12 1 10 12 1 10 12 1 10 12 1 1 10 12 1 10 12 1 10 12 1 1 10 8 1 8 1 10 7 1 9 12 1 1 10 12 1 10 12 1 1 10 12 1 1 10 12 1 1 10 12 1 5 0 10 12 1 1 8 1 10 7 12 1 1 1 9 12 1 1 100 1 100 1 1 1 3 1 3 1 1 1 1 3 1 3 1 1 5 0 1 1 1 1 1 1 1 1 1 1 1 1 1 1 1 1 1 1 1 1 1 1 1 1 1 1 1 1 1 1 1 1 1 1 1 1 1 1 1 1 1 1 1 1 1 1 1 1 1 1 1 1 1 1 1
staticfield java/lang/Byte TYPE Ljava/lang/Class; java/lang/Class
ciInstanceKlass java/lang/Short 1 1 224 7 1 100 1 100 1 10 100 12 1 1 1 10 12 1 1 7 1 100 1 10 12 1 1 8 1 10 12 1 1 8 1 10 12 1 10 12 1 10 12 1 10 12 1 1 10 12 1 1 10 12 1 9 12 1 1 8 1 9 12 1 1 100 1 10 12 1 1 10 12 1 10 100 12 1 1 1 10 100 12 1 1 1 9 7 12 1 1 1 10 12 1 10 12 1 1 10 8 1 8 1 10 7 1 9 12 1 1 10 12 1 10 12 1 1 10 12 1 1 10 12 1 1 10 12 1 3 3 5 0 10 12 1 1 8 1 10 7 12 1 1 1 9 12 1 1 100 1 100 1 1 1 3 1 3 1 1 1 1 3 1 3 1 1 5 0 1 1 1 1 1 1 1 1 1 1 1 1 1 1 1 1 1 1 1 1 1 1 1 1 1 1 1 3 1 1 1 1 1 1 1 1 1 1 1 1 1 1 1 1 1 1 1 1 1 1 1 1 1 1 1 1 1
staticfield java/lang/Short TYPE Ljava/lang/Class; java/lang/Class
ciInstanceKlass java/lang/Integer 1 1 445 7 1 100 1 7 1 7 1 10 12 1 1 9 12 1 1 9 12 1 1 10 100 12 1 1 1 10 12 1 1 10 100 12 1 1 1 10 10 12 1 1 10 100 12 1 1 1 10 12 1 10 12 1 1 10 7 12 1 1 1 10 12 1 1 10 12 1 1 10 12 1 10 12 1 10 12 1 1 10 10 12 1 9 12 1 1 9 12 1 7 1 8 1 10 12 1 100 1 10 12 1 8 1 10 12 1 1 10 12 1 8 1 10 12 1 8 1 10 12 1 1 3 10 12 1 1 3 10 12 1 1 10 12 1 1 10 7 12 1 1 1 11 7 1 100 1 10 11 10 12 1 1 8 1 10 12 1 1 8 1 100 1 10 12 1 1 10 12 1 1 5 0 8 1 10 12 1 10 12 1 10 12 1 10 12 1 1 7 1 9 12 1 1 9 12 1 1 10 12 1 10 7 1 9 12 1 10 12 1 10 12 1 10 12 1 1 10 7 12 1 1 1 100 1 100 1 10 12 1 1 10 12 1 1 8 1 8 1 10 12 1 1 8 1 8 1 8 1 8 1 8 1 8 1 10 12 1 10 12 1 10 12 1 5 0 3 3 3 3 10 12 1 3 10 12 1 10 100 12 1 1 1 10 12 1 1 10 12 1 1 8 1 10 7 12 1 1 1 9 12 1 1 3 3 3 3 3 3 9 12 1 1 100 1 100 1 100 1 1 1 1 1 1 1 3 1 3 1 1 5 0 1 1 1 1 1 1 1 1 1 100 1 1 1 1 1 1 1 1 1 1 1 1 1 1 1 1 1 1 1 1 1 1 1 1 1 1 1 1 1 1 1 1 1 1 1 1 1 1 1 3 1 1 1 1 1 1 1 1 1 1 1 1 1 1 1 1 100 1 1 1 1 1 1 1 1 1 1 1 1 1 1 1 1 1 1 1 1 1 1 1 1 1 1 1 1 1 1 1 7 1 1 1 1 1 1 1 1 1 100 1 100 1 1
staticfield java/lang/Integer TYPE Ljava/lang/Class; java/lang/Class
staticfield java/lang/Integer digits [C 36
staticfield java/lang/Integer DigitTens [B 100
staticfield java/lang/Integer DigitOnes [B 100
staticfield java/lang/Integer sizeTable [I 10
ciInstanceKlass java/lang/Long 1 1 506 7 1 100 1 7 1 100 1 10 12 1 1 9 12 1 1 9 7 12 1 1 1 10 100 12 1 1 1 10 12 1 1 10 100 12 1 1 1 10 10 12 10 12 1 10 12 1 10 12 1 5 0 5 0 100 1 10 12 1 1 10 12 1 1 10 12 1 10 12 1 10 12 1 10 12 1 1 10 100 12 1 1 10 12 1 10 12 1 1 10 12 1 1 10 12 1 1 10 12 1 1 10 7 12 1 1 1 10 12 1 1 10 12 1 10 12 1 10 12 1 10 12 1 1 10 10 12 1 5 0 5 0 9 12 1 1 9 12 1 5 0 7 1 8 1 10 12 1 8 1 10 12 1 8 1 8 1 10 12 1 1 5 0 10 12 1 1 5 0 10 12 1 1 10 12 1 1 10 100 12 1 1 1 11 100 1 100 1 10 11 10 12 1 1 8 1 10 12 1 1 8 1 100 1 10 12 1 1 10 12 1 8 1 8 1 11 12 1 1 10 12 1 10 12 1 10 12 1 5 0 5 0 9 7 12 1 1 1 10 12 1 10 12 1 1 8 1 8 1 10 12 1 1 8 1 8 1 8 1 8 1 8 1 8 1 10 12 1 10 12 1 10 12 1 1 10 7 1 9 12 1 1 10 12 1 10 12 1 1 10 100 12 1 1 1 100 1 100 1 10 12 1 1 10 12 1 1 5 0 10 12 1 10 12 1 5 0 5 0 5 0 10 12 1 1 5 0 5 0 10 12 1 10 12 1 10 100 12 1 1 1 10 12 1 1 10 12 1 1 8 1 10 7 12 1 1 1 9 12 1 1 100 1 100 1 100 1 1 1 1 5 0 1 1 1 1 3 1 3 1 5 0 1 1 1 1 1 1 1 1 1 100 1 1 1 1 1 1 1 1 1 1 1 1 1 1 1 1 1 1 1 1 1 1 1 1 1 1 1 1 1 1 1 1 1 1 1 1 1 1 1 1 1 1 1 1 1 1 1 1 1 1 1 1 1 1 3 1 1 1 1 1 1 1 1 1 1 1 1 1 1 1 100 1 1 1 1 1 1 1 1 1 1 1 1 1 1 1 1 1 1 1 1 1 1 1 1 1 1 1 7 1 1 1 1 1 1 1 1 1 100 1 100 1 1
staticfield java/lang/Long TYPE Ljava/lang/Class; java/lang/Class
instanceKlass java/lang/ref/PhantomReference
instanceKlass java/lang/ref/FinalReference
instanceKlass java/lang/ref/WeakReference
instanceKlass java/lang/ref/SoftReference
ciInstanceKlass java/lang/ref/Reference 1 1 195 9 7 12 1 1 1 9 7 12 1 1 10 12 1 1 10 12 1 1 9 12 1 1 10 12 1 1 9 12 1 1 9 12 1 1 7 1 10 12 1 10 7 12 1 1 10 12 1 10 12 1 1 10 12 1 9 12 1 10 12 1 1 10 12 1 10 12 1 9 12 1 100 1 100 1 10 12 1 9 12 1 9 12 1 100 1 10 10 12 1 10 10 7 12 1 1 10 7 12 1 1 1 10 12 1 1 10 7 12 1 1 7 1 8 1 10 12 1 10 12 1 1 10 12 1 1 10 12 1 7 1 10 10 7 12 1 1 1 1 1 1 1 1 1 1 1 1 1 1 1 1 1 1 1 100 1 1 1 100 1 1 1 1 1 1 1 1 1 1 1 1 1 1 1 1 1 1 1 1 1 1 1 1 1 1 1 1 1 1 1 1 1 1 1
staticfield java/lang/ref/Reference processPendingLock Ljava/lang/Object; java/lang/Object
staticfield java/lang/ref/Reference $assertionsDisabled Z 1
instanceKlass sun/util/locale/provider/LocaleResources$ResourceReference
instanceKlass sun/util/resources/Bundles$BundleReference
instanceKlass java/util/ResourceBundle$BundleReference
instanceKlass sun/security/util/MemoryCache$SoftCacheEntry
instanceKlass java/lang/invoke/LambdaFormEditor$Transform
instanceKlass sun/util/locale/LocaleObjectCache$CacheEntry
ciInstanceKlass java/lang/ref/SoftReference 1 1 47 10 7 12 1 1 1 9 7 12 1 1 1 9 12 1 10 12 1 10 12 1 1 1 1 1 1 1 1 1 1 1 1 1 1 1 1 1 1 1 1 100 1 1 1 1 1
instanceKlass java/util/ResourceBundle$KeyElementReference
instanceKlass com/google/common/collect/MapMakerInternalMap$AbstractWeakKeyEntry
instanceKlass com/google/common/cache/LocalCache$WeakEntry
instanceKlass java/util/logging/LogManager$LoggerWeakRef
instanceKlass java/util/logging/Level$KnownLevel
instanceKlass java/lang/WeakPairMap$WeakRefPeer
instanceKlass java/lang/ClassValue$Entry
instanceKlass java/lang/invoke/MethodType$ConcurrentWeakInternSet$WeakEntry
instanceKlass java/lang/ThreadLocal$ThreadLocalMap$Entry
instanceKlass java/util/WeakHashMap$Entry
ciInstanceKlass java/lang/ref/WeakReference 1 1 31 10 7 12 1 1 1 10 12 1 100 1 1 1 1 1 1 1 1 1 1 1 1 1 1 1 1 1 1 1 1
instanceKlass java/lang/ref/Finalizer
ciInstanceKlass java/lang/ref/FinalReference 1 1 47 10 7 12 1 1 1 10 7 12 1 1 1 10 12 1 1 100 1 8 1 10 12 1 1 1 1 1 1 1 1 1 1 1 1 1 1 1 1 1 1 1 1 1 1 1 1
ciInstanceKlass java/lang/ref/Finalizer 1 1 152 9 7 12 1 1 1 10 7 12 1 1 1 9 12 1 1 9 12 1 1 9 12 1 9 12 1 10 12 1 10 12 1 1 9 12 1 1 100 1 10 12 1 7 1 11 7 12 1 1 100 1 10 12 1 100 1 10 12 1 10 100 12 1 1 1 10 100 12 1 1 1 100 1 10 10 12 1 10 7 12 1 1 1 7 1 10 7 1 10 10 7 12 1 1 1 10 12 1 1 10 7 12 1 1 7 1 10 12 1 10 12 1 1 10 12 1 1 10 12 1 1 1 1 1 1 1 1 1 1 1 1 1 1 1 1 1 1 1 1 1 1 1 1 1 1 1 1 1 1 1 1
staticfield java/lang/ref/Finalizer lock Ljava/lang/Object; java/lang/Object
staticfield java/lang/ref/Finalizer $assertionsDisabled Z 1
instanceKlass jdk/internal/ref/PhantomCleanable
instanceKlass jdk/internal/ref/Cleaner
ciInstanceKlass java/lang/ref/PhantomReference 1 1 39 10 100 12 1 1 1 10 7 12 1 1 1 1 1 1 1 1 1 1 1 1 1 1 1 1 1 1 1 1 1 1 1 1 1 1 1 1 1
instanceKlass java/lang/reflect/Executable
instanceKlass java/lang/reflect/Field
ciInstanceKlass java/lang/reflect/AccessibleObject 1 1 398 10 7 12 1 1 1 9 100 12 1 1 1 10 100 12 1 1 1 10 7 12 1 1 10 7 12 1 1 1 10 7 12 1 1 1 10 12 1 1 10 12 1 1 9 12 1 1 100 1 10 7 12 1 1 1 11 12 1 100 1 10 12 1 7 1 100 1 10 12 1 10 12 1 1 7 1 10 7 12 1 1 1 10 12 1 1 7 1 10 12 1 1 7 1 10 10 10 7 12 1 1 1 10 12 1 1 10 12 1 10 12 1 10 12 1 1 10 12 1 8 1 100 1 10 10 12 1 1 8 1 10 12 1 10 12 1 8 1 8 1 8 1 8 1 8 1 8 1 100 1 10 12 1 10 12 1 9 12 1 1 10 12 1 1 10 12 1 10 11 100 1 100 1 8 1 10 10 12 1 10 12 1 1 8 1 10 12 1 8 1 10 12 1 1 10 100 1 8 1 10 11 7 12 1 1 10 12 1 1 10 12 1 1 10 12 1 1 9 12 1 1 100 1 10 12 1 7 1 10 12 1 10 12 1 1 10 100 1 10 12 1 10 12 10 12 1 10 12 1 1 10 12 1 10 12 1 1 10 12 1 9 12 1 10 100 12 1 1 8 1 10 100 12 1 1 1 8 1 10 100 12 1 1 1 9 12 1 100 1 10 7 1 10 10 7 12 1 1 1 7 1 10 10 7 12 1 1 1 7 1 9 12 1 1 1 1 1 1 1 1 1 1 1 1 1 1 1 1 1 1 1 1 1 1 1 1 1 1 1 1 1 1 1 1 1 1 1 1 1 1 1 1 1 1 1 1 1 1 1 1 1 1 1 1 1 1 1 1 1 1 1 1 1 1 1 1 1 1 1 1 1 1 1 1 1 1 1 1 1 1 1 1 1 1 1 1 1
staticfield java/lang/reflect/AccessibleObject reflectionFactory Ljdk/internal/reflect/ReflectionFactory; jdk/internal/reflect/ReflectionFactory
instanceKlass java/lang/reflect/Constructor
instanceKlass java/lang/reflect/Method
ciInstanceKlass java/lang/reflect/Executable 1 1 548 10 7 12 1 1 1 10 7 12 1 1 1 10 7 12 1 1 1 11 7 12 1 1 1 10 7 12 1 1 1 10 12 1 1 10 7 12 1 1 1 10 7 12 1 1 1 10 12 1 8 1 10 10 12 1 1 10 12 1 1 10 7 12 1 1 1 18 12 1 1 11 7 12 1 1 1 8 1 8 1 8 1 10 7 12 1 1 1 11 12 1 1 7 1 8 1 8 1 10 12 1 100 1 8 1 10 12 1 8 1 11 100 12 1 1 1 100 1 10 12 1 1 11 12 1 8 1 18 8 1 10 12 1 10 12 1 1 18 8 1 10 12 1 100 1 10 12 1 10 12 1 11 7 12 1 1 10 12 1 1 8 1 8 1 10 12 1 1 10 12 1 1 10 10 12 1 100 1 10 10 12 1 10 12 1 1 10 7 12 1 1 10 12 1 10 12 1 10 12 1 1 10 7 12 1 1 10 12 1 10 12 1 10 7 12 1 1 1 10 12 1 8 1 10 12 1 10 12 1 3 100 1 8 1 10 12 1 10 12 1 10 10 12 1 10 12 1 1 8 1 8 1 8 1 9 12 1 10 12 1 100 1 8 1 9 12 1 10 12 1 10 12 1 1 10 12 1 1 10 12 1 10 12 10 12 1 7 1 10 12 1 10 12 1 1 100 1 10 100 12 1 1 1 7 1 10 7 12 1 1 1 10 12 1 1 11 7 12 1 1 10 7 12 1 1 10 100 12 1 1 1 10 12 1 1 9 12 1 10 12 1 1 10 12 1 10 12 1 1 9 7 12 1 1 1 10 7 12 1 1 1 10 12 1 10 12 1 1 9 12 1 10 10 10 10 100 12 1 1 1 10 12 1 9 12 1 10 12 1 1 9 12 1 100 1 100 1 1 1 1 1 1 1 1 1 1 1 1 1 1 1 1 1 1 1 1 1 1 1 1 1 1 1 1 1 1 1 1 1 1 100 1 1 1 1 1 1 1 1 100 1 1 1 1 1 1 1 1 1 1 1 1 100 1 1 1 1 1 1 1 1 1 1 1 1 1 1 1 1 1 1 1 1 1 1 1 1 1 1 1 1 1 1 1 1 1 1 1 1 1 1 1 1 1 100 1 1 1 1 1 1 1 1 1 1 1 1 1 1 1 1 1 1 1 1 1 100 1 100 1 1 15 10 7 12 1 1 1 16 15 16 1 16 1 15 10 12 16 1 100 1 1 100 1 100 1 1
ciInstanceKlass java/lang/reflect/Constructor 1 1 433 10 7 12 1 1 1 10 7 12 1 1 9 7 12 1 1 1 10 12 1 1 10 12 1 1 10 7 12 1 1 9 12 1 1 10 7 12 1 1 1 9 12 1 1 9 12 1 1 9 12 1 9 12 1 1 9 12 1 9 12 1 1 9 12 1 1 9 12 1 100 1 8 1 10 12 1 10 12 1 9 12 1 1 10 7 12 1 1 10 7 12 1 1 1 10 12 1 1 10 12 1 1 10 12 1 7 1 100 1 8 1 10 10 12 1 10 12 1 10 12 1 1 10 12 1 1 9 100 12 1 1 1 10 7 12 1 1 10 12 1 1 10 12 1 10 12 1 1 10 7 12 1 1 1 10 100 12 1 1 10 12 1 1 10 12 1 10 100 12 1 1 1 8 1 10 10 12 1 100 1 8 1 10 12 1 10 12 1 1 10 12 1 1 10 12 1 10 12 1 10 12 1 1 10 12 1 1 9 12 1 1 10 12 1 1 10 12 1 1 10 12 1 8 1 10 12 1 1 11 7 12 1 1 1 10 12 1 1 10 12 1 10 12 1 9 12 1 1 10 7 12 1 1 1 10 12 1 1 10 12 1 1 10 12 1 1 10 12 1 1 10 12 1 9 100 12 1 1 10 12 1 10 12 1 10 12 1 100 1 8 1 10 10 12 1 1 10 12 1 10 10 12 1 1 10 12 1 1 10 100 12 1 1 1 11 100 12 1 1 1 10 12 1 1 9 100 12 1 1 1 10 100 12 1 1 1 10 12 1 1 1 1 1 1 1 1 1 1 1 1 1 1 1 1 1 1 1 1 1 1 1 1 1 1 1 1 1 1 1 1 1 1 1 1 1 1 1 1 1 1 1 1 1 1 1 1 1 1 1 100 1 100 1 100 1 100 1 1 1 1 1 1 1 1 1 1 1 1 1 1 1 1 1 1 1 1 1 1 1 1 1 1 1 1 1 1 1 1 1 100 1 1
ciInstanceKlass java/lang/reflect/Method 1 1 450 9 7 12 1 1 1 10 7 12 1 1 1 10 7 12 1 1 9 12 1 1 10 12 1 1 10 12 1 1 10 7 12 1 1 10 7 12 1 1 1 9 12 1 1 9 12 1 9 12 1 1 9 12 1 9 12 1 9 12 1 1 9 12 1 9 12 1 1 9 12 1 9 12 1 9 12 1 1 100 1 8 1 10 12 1 10 12 1 9 12 1 1 8 1 10 7 12 1 1 10 7 12 1 1 1 10 12 1 1 10 12 1 1 10 12 1 10 12 1 1 10 12 1 1 9 100 12 1 1 1 10 12 1 1 10 12 10 7 12 1 1 10 12 1 1 10 12 1 10 12 1 10 12 1 10 7 12 1 1 1 10 12 1 1 10 7 1 10 7 12 1 1 1 10 7 12 1 1 10 12 1 1 10 12 1 1 10 12 1 10 7 12 1 1 1 10 12 1 10 8 1 10 12 1 10 12 1 7 1 8 1 8 1 8 1 10 12 1 10 12 1 1 10 12 1 1 10 10 12 1 1 10 12 1 11 100 1 9 12 1 1 10 12 1 1 10 12 1 10 12 1 1 10 12 1 1 11 7 12 1 1 1 10 12 1 10 12 1 10 12 1 10 12 1 10 12 1 9 12 1 1 10 7 12 1 1 1 10 12 1 1 10 7 12 1 1 1 10 7 12 1 1 1 10 7 12 1 1 1 11 7 12 1 1 1 10 7 12 1 1 1 7 1 100 1 100 1 10 12 1 10 12 1 1 10 12 1 100 1 8 1 10 12 1 10 10 12 1 1 10 12 1 1 10 12 1 1 10 12 1 1 8 1 10 12 1 1 1 1 1 1 1 1 1 1 1 1 1 1 1 1 1 1 1 1 1 1 1 1 1 1 1 1 1 1 1 1 1 1 1 1 1 1 1 1 1 1 1 1 1 1 1 1 1 1 1 1 1 100 1 100 1 100 1 1 1 1 1 1 1 1 1 1 1 1 1 1 1 1 1 1 1 1 1 1 1 1 1 1
ciInstanceKlass java/lang/reflect/Field 1 1 437 9 7 12 1 1 1 10 12 1 1 10 7 12 1 1 1 10 7 12 1 1 9 12 1 1 10 12 1 1 10 12 1 1 10 7 12 1 1 10 7 12 1 1 1 9 12 1 1 9 12 1 9 12 1 9 12 1 1 9 12 1 1 9 12 1 9 12 1 1 9 12 1 1 100 1 8 1 10 12 1 10 12 1 9 12 1 1 9 12 1 10 12 1 10 7 12 1 1 10 12 1 1 10 12 1 1 10 12 1 10 12 1 1 7 1 10 12 1 1 10 12 1 1 10 12 1 1 10 12 1 10 12 1 10 7 1 10 7 12 1 1 100 1 10 8 1 10 12 1 1 10 12 1 1 8 1 10 12 10 12 1 8 1 8 1 10 11 100 1 9 12 1 10 12 1 1 10 12 1 1 11 7 12 1 1 1 11 12 1 1 11 12 1 1 11 12 1 1 11 12 1 1 11 12 1 1 11 12 1 1 11 12 1 1 11 12 1 1 11 12 1 1 11 12 1 1 11 12 1 1 11 12 1 1 11 12 1 1 11 12 1 1 11 12 1 1 11 12 1 1 11 12 1 1 10 12 1 10 100 12 1 1 10 12 1 10 12 1 1 10 12 9 12 1 1 10 7 12 1 1 1 10 12 1 1 10 7 12 1 1 10 12 1 1 11 7 1 10 12 1 100 1 10 100 12 1 1 1 10 7 12 1 1 1 9 12 1 10 7 12 1 1 1 11 7 12 1 1 1 10 12 1 1 10 12 1 1 9 100 12 1 1 1 10 100 12 1 1 1 10 12 1 1 100 1 1 1 1 1 1 1 1 1 1 1 1 1 1 1 1 1 1 1 1 1 1 1 1 1 1 1 1 1 1 1 1 1 1 1 100 1 1 1 1 1 1 1 1 1 1 1 1 1 1 1 1 1 1 1 1 1 1 1 1 1 1 1 1 1 1 1 1 1 1 100 1 1 1 1 1 1 1 1 100 1 1
ciInstanceKlass java/lang/reflect/Parameter 1 1 226 10 7 12 1 1 1 9 7 12 1 1 1 9 12 1 1 9 12 1 1 9 12 1 10 12 1 1 10 12 1 1 10 7 12 1 1 1 100 1 10 10 12 1 1 11 100 12 1 1 1 10 12 1 10 100 12 1 1 1 10 12 1 1 10 12 1 10 12 1 8 1 8 1 10 100 12 1 1 1 10 12 1 10 12 10 12 1 8 1 10 12 1 9 12 1 1 10 12 1 1 9 12 1 1 10 12 1 1 10 12 1 1 10 12 1 1 10 12 1 10 10 12 1 10 100 12 1 1 1 10 12 1 1 11 100 12 1 1 10 100 12 1 1 100 1 10 100 12 1 1 1 10 12 1 1 10 12 1 1 10 12 1 1 10 12 1 1 9 12 1 100 1 10 11 12 1 1 11 12 1 1 100 1 1 1 1 1 1 1 1 1 1 1 1 1 1 1 1 1 1 1 1 1 1 1 1 1 1 1 1 1 1 1 1 1 1 1 1 1 1 100 1 1 1 1
ciInstanceKlass java/lang/StringBuffer 1 1 470 10 7 12 1 1 1 10 12 1 10 12 1 10 12 1 1 9 7 12 1 1 1 10 12 1 1 10 12 1 10 12 1 1 9 12 1 1 10 12 1 10 12 1 1 10 12 1 1 10 12 1 10 12 1 1 10 12 1 10 12 1 1 10 12 1 1 10 100 12 1 1 1 10 12 1 1 10 12 1 10 12 1 10 12 1 10 12 1 10 12 1 10 12 1 10 12 1 10 12 1 10 12 1 10 12 1 10 12 1 10 12 1 10 12 1 10 12 1 1 10 12 1 10 12 1 1 10 12 1 1 10 10 12 1 1 10 12 1 10 12 1 10 12 1 10 12 1 10 12 1 10 12 1 10 12 10 12 1 10 12 1 10 12 1 10 12 1 1 10 12 1 10 12 1 10 10 12 1 1 10 12 1 1 9 12 1 1 10 7 12 1 1 1 10 100 1 10 10 100 12 1 1 1 10 10 12 1 10 8 10 100 12 1 1 1 8 10 12 1 8 1 10 12 1 10 12 1 10 100 12 1 1 1 10 100 12 1 1 1 7 1 10 12 100 1 8 1 10 10 12 1 1 10 12 1 1 10 12 1 1 10 12 1 10 12 1 10 12 1 10 12 1 10 12 1 10 12 1 10 12 1 10 12 1 10 12 1 10 12 1 10 12 1 10 12 1 10 12 1 10 12 1 10 12 1 10 12 1 10 12 10 12 10 12 1 10 12 1 10 12 1 10 12 10 12 1 10 12 1 10 12 1 10 12 1 10 12 1 10 12 1 10 12 1 10 12 1 10 12 1 10 12 1 10 12 1 7 1 10 12 1 9 7 12 1 1 1 9 7 1 9 12 1 1 100 1 100 1 100 1 1 1 1 5 0 1 1 1 1 1 1 1 1 1 1 1 1 1 1 1 1 1 1 1 1 1 1 1 1 1 1 1 1 1 1 1 1 1 1 1 1 1 1 1 1 1 1 1 1 1 1 1 1 1 1 1 1 1 1 1 1 1 1 1 1 100 1 1 1 1 1 100 1 1 1 1 1 1 1 1 1 1 1 1 1 1 1 1 1
staticfield java/lang/StringBuffer serialPersistentFields [Ljava/io/ObjectStreamField; 3 [Ljava/io/ObjectStreamField;
instanceKlass java/lang/StringBuilder
instanceKlass java/lang/StringBuffer
ciInstanceKlass java/lang/AbstractStringBuilder 1 1 547 7 1 7 1 10 7 12 1 1 1 9 7 12 1 1 1 9 12 1 9 12 1 1 9 12 1 1 10 7 12 1 1 1 10 12 1 1 3 3 10 12 1 10 12 1 1 11 7 1 100 1 100 1 10 8 1 10 12 1 10 12 1 10 12 1 1 10 12 1 10 12 1 10 12 1 9 12 1 1 10 12 1 1 10 7 12 1 1 1 10 10 12 1 10 12 1 10 12 1 1 10 12 1 1 10 7 12 1 1 1 10 7 12 1 1 1 100 1 8 1 10 10 12 1 1 100 1 10 12 10 12 1 1 10 10 12 1 1 10 12 1 1 10 12 1 1 10 12 1 1 100 1 10 10 12 1 10 100 12 1 1 1 10 12 1 1 10 12 1 10 12 1 1 10 10 12 1 1 10 12 10 12 1 10 12 1 1 10 12 1 1 10 12 1 1 10 12 1 10 10 12 1 1 10 12 1 10 12 1 1 8 1 10 12 1 1 10 12 1 10 12 1 10 12 1 10 12 1 10 12 1 10 12 1 10 7 12 1 1 10 12 1 10 12 1 10 100 12 1 1 1 10 12 1 10 12 1 10 12 1 10 12 1 10 12 1 1 10 12 1 10 12 1 1 10 12 1 1 10 10 7 12 1 1 1 10 12 1 10 12 1 10 12 1 1 10 12 1 10 12 1 10 12 1 10 12 1 10 12 1 10 12 1 10 12 1 10 12 1 10 12 1 1 10 12 1 10 12 1 10 12 10 12 1 1 18 12 1 1 100 1 10 100 12 1 1 1 18 10 12 1 1 10 12 1 10 12 1 1 11 12 1 10 12 1 10 12 1 10 10 12 1 10 8 1 8 1 8 1 10 10 100 1 10 12 1 100 1 10 100 1 10 100 1 1 1 3 1 1 1 1 1 1 1 1 1 1 100 1 1 1 1 1 1 1 1 1 1 1 1 1 1 1 1 1 1 1 1 1 1 1 1 1 1 1 1 1 1 1 1 1 1 1 1 1 1 1 1 1 1 1 1 1 1 1 1 1 1 1 1 1 1 1 1 1 1 1 1 1 1 1 1 1 1 1 1 1 1 1 1 1 1 1 1 1 1 1 1 1 1 1 1 1 1 1 1 1 1 1 1 1 1 1 1 1 100 1 1 100 1 1 1 1 1 100 1 1 1 1 1 1 15 10 100 12 1 1 1 16 1 15 10 12 16 15 10 12 1 1 1 1 100 1 100 1 1
staticfield java/lang/AbstractStringBuilder EMPTYVALUE [B 0
ciInstanceKlass java/lang/SecurityManager 0 0 576 10 100 12 1 1 1 9 100 12 1 1 1 10 100 12 1 1 1 100 1 8 1 10 12 1 10 12 1 1 10 100 12 1 1 1 10 100 1 10 100 1 10 9 100 12 1 1 1 10 100 12 1 1 1 10 12 1 1 10 100 12 1 1 100 1 8 1 10 9 12 1 1 9 12 1 8 1 9 12 1 100 1 10 8 1 10 12 1 1 10 12 1 10 12 1 1 100 1 10 10 12 1 1 100 1 8 1 10 12 1 8 1 8 1 8 1 8 1 8 1 8 1 10 12 1 8 1 8 1 8 1 8 1 8 1 10 100 12 1 1 1 10 12 1 1 8 1 100 1 8 1 10 8 1 8 1 8 1 8 1 8 1 10 100 12 1 1 8 1 100 1 8 1 8 1 10 8 1 10 12 1 100 1 8 1 10 10 12 1 1 10 12 1 10 12 1 10 12 1 10 100 12 1 1 1 10 12 1 10 100 12 1 1 11 100 12 1 1 1 18 12 1 1 11 100 12 1 1 1 18 12 1 1 11 12 1 1 18 18 11 12 1 18 12 1 11 12 1 1 9 12 1 1 9 12 1 9 12 1 9 12 1 100 1 10 100 12 1 1 10 12 1 10 12 1 18 12 1 18 10 100 12 1 1 1 18 12 1 10 12 1 18 18 8 1 10 12 1 9 12 1 1 11 100 12 1 1 1 8 1 100 1 10 12 1 10 12 1 1 10 12 1 1 9 12 1 1 10 12 1 10 12 1 1 8 1 100 1 10 9 12 1 8 1 10 12 1 8 1 100 1 10 10 100 12 1 1 10 100 1 9 100 12 1 1 1 11 12 1 1 10 12 1 11 12 1 10 12 1 100 1 10 10 12 1 1 10 12 1 1 1 1 1 1 1 1 1 1 1 100 1 1 1 1 1 1 1 1 1 1 1 1 1 1 1 1 1 1 1 1 1 1 1 1 1 1 1 1 1 1 1 1 1 1 1 1 1 1 1 1 1 1 1 1 1 1 1 1 1 1 1 1 1 1 1 1 3 1 1 1 1 1 1 1 1 1 1 100 1 1 1 1 1 1 1 1 1 1 1 1 1 1 1 1 1 1 1 1 1 1 1 1 1 1 1 1 1 1 1 1 1 1 1 1 1 1 15 10 100 12 1 1 1 16 15 10 100 12 1 1 1 16 1 16 15 10 12 16 1 15 10 12 16 15 11 100 1 16 1 16 1 15 10 12 16 15 10 12 16 15 10 12 1 16 1 15 11 12 1 15 10 12 16 15 10 16 1 1 1 1 100 1 100 1 1
instanceKlass java/time/DateTimeException
instanceKlass java/nio/file/FileSystemAlreadyExistsException
instanceKlass java/nio/file/FileSystemNotFoundException
instanceKlass org/eclipse/jdt/internal/core/nd/db/IndexException
instanceKlass org/eclipse/jdt/internal/core/nd/db/OperationCanceledException
instanceKlass org/eclipse/lsp4j/jsonrpc/ResponseErrorException
instanceKlass java/util/MissingResourceException
instanceKlass apex/jorje/services/exception/UnhandledException
instanceKlass apex/jorje/services/exception/CompilationException
instanceKlass java/util/ConcurrentModificationException
instanceKlass apex/jorje/lsp/impl/apexoas/OASServiceException
instanceKlass org/eclipse/lsp4j/jsonrpc/JsonRpcException
instanceKlass org/eclipse/lsp4j/jsonrpc/MessageIssueException
instanceKlass apex/jorje/semantic/exception/UnexpectedCodePathException
instanceKlass java/lang/TypeNotPresentException
instanceKlass com/google/inject/internal/aop/GlueException
instanceKlass com/google/gson/JsonParseException
instanceKlass com/google/common/cache/CacheLoader$InvalidCacheLoadException
instanceKlass com/google/common/util/concurrent/UncheckedExecutionException
instanceKlass java/util/NoSuchElementException
instanceKlass com/google/inject/ProvisionException
instanceKlass com/google/inject/CreationException
instanceKlass com/google/inject/ConfigurationException
instanceKlass java/lang/reflect/UndeclaredThrowableException
instanceKlass ch/qos/logback/core/LogbackException
instanceKlass java/lang/SecurityException
instanceKlass java/lang/UnsupportedOperationException
instanceKlass java/lang/IllegalStateException
instanceKlass java/lang/IndexOutOfBoundsException
instanceKlass java/lang/IllegalArgumentException
instanceKlass java/lang/ArithmeticException
instanceKlass java/lang/NullPointerException
instanceKlass java/lang/IllegalMonitorStateException
instanceKlass java/lang/ArrayStoreException
instanceKlass java/lang/ClassCastException
ciInstanceKlass java/lang/RuntimeException 1 1 40 10 7 12 1 1 1 10 12 1 10 12 1 10 12 1 10 12 1 100 1 1 1 1 5 0 1 1 1 1 1 1 1 1 1 1 1 1 1 1
instanceKlass java/util/regex/PatternSyntaxException
instanceKlass java/nio/file/InvalidPathException
instanceKlass java/nio/file/ProviderMismatchException
instanceKlass java/lang/NumberFormatException
instanceKlass java/nio/charset/UnsupportedCharsetException
ciInstanceKlass java/lang/IllegalArgumentException 1 1 35 10 100 12 1 1 1 10 12 1 10 12 1 10 12 1 100 1 1 1 1 5 0 1 1 1 1 1 1 1 1 1 1 1 1
ciInstanceKlass java/lang/ArithmeticException 1 1 26 10 100 12 1 1 1 10 12 1 100 1 1 1 1 5 0 1 1 1 1 1 1 1 1 1
ciInstanceKlass java/lang/NullPointerException 1 1 52 10 100 12 1 1 1 10 12 1 9 100 12 1 1 1 10 12 1 1 9 12 1 1 10 12 1 1 10 12 1 1 1 1 5 0 1 1 1 1 1 1 1 1 100 1 100 1 100 1 1 1
instanceKlass com/google/gson/internal/LinkedTreeMap
instanceKlass apex/common/collect/AbstractHashedMap
instanceKlass com/google/common/collect/Maps$ViewCachingAbstractMap
instanceKlass com/google/common/collect/MapMakerInternalMap
instanceKlass com/google/common/cache/LocalCache
instanceKlass java/util/Collections$SingletonMap
instanceKlass java/util/EnumMap
instanceKlass java/util/TreeMap
instanceKlass java/util/IdentityHashMap
instanceKlass java/util/WeakHashMap
instanceKlass java/util/Collections$EmptyMap
instanceKlass sun/util/PreHashedMap
instanceKlass java/util/HashMap
instanceKlass java/util/ImmutableCollections$AbstractImmutableMap
instanceKlass java/util/concurrent/ConcurrentHashMap
ciInstanceKlass java/util/AbstractMap 1 1 192 10 7 12 1 1 1 10 7 12 1 1 1 11 7 12 1 1 1 10 11 12 1 1 11 7 12 1 1 1 11 12 1 1 7 1 11 12 1 10 12 1 1 11 12 1 100 1 10 11 12 1 11 7 1 10 12 1 1 11 12 1 9 12 1 1 7 1 10 12 1 9 12 1 1 100 1 10 11 11 12 1 1 11 12 1 100 1 100 1 11 12 1 8 1 7 1 10 10 12 1 1 8 1 10 12 1 10 12 1 1 10 12 1 1 1 1 1 1 1 1 1 1 1 1 1 1 1 1 1 1 1 1 1 1 1 1 1 1 1 1 1 1 1 1 1 1 1 1 1 1 1 1 100 1 1 1 1 1 1 1 1 1 1 1 1 1 1 1 1 100 1 1 1 1 1 1 1 1 1 100 1 100 1 100 1 100 1 1 1 1 1
ciInstanceKlass java/util/Collections$EmptyList 1 1 150 10 7 12 1 1 1 10 7 12 1 1 1 10 12 1 1 11 100 12 1 1 1 7 1 100 1 100 1 10 8 1 10 12 1 1 10 12 1 10 12 1 1 10 12 1 100 1 11 10 100 12 1 1 1 10 7 12 1 1 1 9 12 1 1 100 1 100 1 100 1 1 1 1 5 0 1 1 1 1 1 1 1 1 1 1 1 1 1 1 1 1 1 1 1 1 1 1 1 1 1 1 1 1 1 1 1 1 1 1 1 1 1 1 1 1 1 1 1 1 1 1 1 1 1 1 1 1 1 1 1 1 1 1 1 1 1 1 1 1 1 1 1 1 1 1 1 1 1 1
ciInstanceKlass java/security/AccessControlContext 1 1 373 9 7 12 1 1 1 9 12 1 1 10 100 12 1 1 1 8 1 10 100 12 1 1 1 10 7 12 1 1 1 9 12 1 9 12 1 1 9 12 1 1 10 7 12 1 1 100 1 10 12 1 11 100 12 1 1 1 11 12 1 11 12 1 11 12 1 1 100 1 11 12 1 1 10 12 1 10 100 12 1 1 1 9 100 12 1 1 1 10 100 12 1 1 1 11 100 12 1 1 1 10 7 1 100 1 8 1 10 12 1 10 12 1 1 7 1 10 7 12 1 1 1 9 12 1 9 12 1 9 12 1 9 12 1 1 9 12 1 1 9 12 1 9 12 1 10 7 12 1 1 1 9 12 1 10 12 1 1 10 12 1 1 8 1 10 12 1 1 10 12 1 1 10 100 12 1 1 1 100 1 10 10 12 1 1 10 100 12 1 1 1 10 8 1 10 100 12 1 1 8 1 10 100 12 1 1 8 1 8 1 10 12 1 8 1 10 12 1 8 1 10 12 1 10 12 1 10 12 1 1 8 1 8 1 100 1 10 12 1 10 12 1 1 100 1 10 12 1 8 1 10 12 1 10 12 1 10 8 1 10 12 1 1 10 12 1 1 10 12 1 1 10 12 1 1 10 12 1 10 12 1 10 12 1 10 12 1 1 10 10 10 12 1 1 1 1 1 1 1 1 1 1 1 1 1 1 1 1 1 1 1 1 1 1 1 1 100 1 1 1 1 1 1 1 1 1 1 1 1 1 1 1 1 1 1 1 1 1 1 1 1 1 1 1 1 1 1 1 1 1 1 1 1 1 1 1 1 1 1 1 1 1 1 1 1 1 1 1 1 3 1 1
ciInstanceKlass java/net/URL 1 1 743 10 7 12 1 1 1 10 12 1 10 7 12 1 1 9 12 1 1 9 12 1 10 7 12 1 1 1 10 12 1 1 10 12 1 1 9 12 1 1 10 7 12 1 1 1 8 1 10 12 1 1 100 1 10 10 12 1 1 8 1 10 12 1 1 9 12 1 100 1 8 1 10 12 1 10 12 1 8 1 9 12 1 10 12 1 1 9 12 1 10 12 1 10 12 1 9 12 1 9 12 1 8 1 9 12 1 10 12 1 1 8 1 9 12 1 1 10 12 1 1 10 7 12 1 1 1 8 1 10 12 1 7 1 10 12 1 10 12 1 10 12 1 10 12 1 1 10 12 1 1 8 1 10 12 1 1 10 12 1 8 1 9 12 1 8 1 10 12 1 10 7 12 1 1 1 100 1 10 12 1 10 12 1 1 10 7 12 1 1 1 100 1 8 1 10 10 12 1 8 1 10 12 1 1 10 12 1 10 12 1 10 12 1 10 12 1 10 12 1 8 1 10 12 1 10 10 7 12 1 1 1 10 12 1 9 100 12 1 1 1 10 100 12 1 1 1 9 12 1 1 10 12 1 10 100 12 1 1 1 100 1 100 1 10 12 1 10 12 1 10 12 1 10 12 1 10 12 1 10 12 10 10 10 12 1 100 1 10 12 1 10 12 1 1 8 1 9 100 12 1 1 1 10 100 12 1 1 1 10 12 1 1 9 100 12 1 1 1 10 12 1 1 100 1 10 12 1 10 12 1 10 10 12 1 1 10 12 1 1 10 12 1 10 12 1 10 12 1 10 100 12 1 1 1 10 12 1 1 10 12 1 9 12 1 1 9 12 1 1 100 1 8 1 10 10 12 1 9 12 1 1 10 7 12 1 1 8 1 10 100 12 1 1 8 1 10 12 1 1 10 12 1 8 1 8 1 10 7 12 1 1 1 100 1 10 100 12 1 1 1 10 12 1 10 12 1 100 1 10 9 12 1 1 10 7 12 1 1 8 1 10 12 1 1 100 1 10 10 100 12 1 1 1 8 9 100 12 1 1 1 10 12 1 10 12 1 10 12 1 10 12 1 10 100 12 1 1 11 7 12 1 1 10 12 1 10 12 1 9 12 1 10 12 1 1 10 100 12 1 1 10 100 12 1 1 1 8 10 100 12 1 1 100 1 10 8 8 10 12 1 8 8 8 100 1 10 12 1 9 12 1 1 10 12 1 10 12 1 1 10 12 1 10 12 10 12 1 1 10 12 1 1 10 10 10 12 1 10 12 1 10 12 1 10 12 1 10 12 1 10 10 12 1 100 1 8 1 10 10 10 12 1 1 10 12 1 10 12 1 1 8 1 7 1 10 10 10 7 1 10 12 1 9 7 12 1 1 1 9 12 1 1 7 1 10 10 7 12 1 1 1 100 1 1 1 1 1 5 0 1 1 1 1 1 1 1 1 1 1 1 1 1 1 1 1 1 1 1 1 1 1 1 1 1 1 1 1 1 1 1 1 1 1 1 1 1 1 1 100 1 1 1 1 1 1 1 1 1 1 1 1 1 1 1 1 1 1 1 1 1 1 1 1 1 1 1 1 1 1 1 1 1 1 1 1 1 100 1 1 1 1 1 1 1 1 1 1 1 1 1 1 1 1 100 1 1 1 1 1 1 1 1 1 1 1 1 1 1 1 1 1 1
staticfield java/net/URL defaultFactory Ljava/net/URLStreamHandlerFactory; java/net/URL$DefaultFactory
staticfield java/net/URL streamHandlerLock Ljava/lang/Object; java/lang/Object
staticfield java/net/URL serialPersistentFields [Ljava/io/ObjectStreamField; 7 [Ljava/io/ObjectStreamField;
ciInstanceKlass java/util/jar/Manifest 1 1 336 10 7 12 1 1 1 7 1 10 9 7 12 1 1 1 7 1 10 9 12 1 1 9 12 1 1 10 12 1 10 12 1 1 10 12 1 1 10 12 1 1 10 12 1 1 11 7 1 11 12 1 1 10 12 1 1 10 100 12 1 1 1 100 1 100 1 10 8 1 10 12 1 1 10 12 1 1 10 12 1 10 12 1 11 100 1 10 12 1 10 12 1 1 11 12 1 1 10 12 1 11 12 1 1 11 100 12 1 1 1 11 100 12 1 1 11 12 1 1 100 1 10 12 1 8 1 11 12 1 7 1 10 12 1 1 11 12 1 10 12 1 10 12 1 10 100 12 1 1 1 8 1 10 12 1 1 10 9 7 12 1 1 1 10 12 1 1 10 100 12 1 10 12 1 10 12 1 9 100 12 1 1 1 8 1 10 12 1 8 1 8 1 7 1 10 12 1 10 12 1 10 12 1 1 100 1 8 1 10 12 1 1 8 1 10 10 12 1 1 8 1 10 12 1 1 10 7 12 1 1 1 10 12 1 10 11 12 1 1 10 12 1 10 7 12 1 1 1 10 12 1 1 10 12 1 1 11 10 12 1 11 10 12 1 100 1 1 1 1 1 1 1 1 1 1 1 1 1 1 1 1 1 1 1 1 1 1 1 1 1 1 1 1 1 1 1 1 1 1 1 1 1 1 1 1 1 1 1 100 1 1 1 1 1 1 1 1 1 1 1 1 1 1 100 1 1 1 1 1 1 1 1 1 1 1
instanceKlass com/google/common/collect/Collections2$TransformedCollection
instanceKlass apex/common/collect/AbstractHashedMap$Values
instanceKlass com/google/common/collect/Collections2$FilteredCollection
instanceKlass com/google/common/collect/AbstractMultiset
instanceKlass com/google/common/collect/Maps$Values
instanceKlass com/google/common/collect/AbstractMultimap$Values
instanceKlass com/google/common/collect/AbstractMapBasedMultimap$WrappedCollection
instanceKlass java/util/TreeMap$Values
instanceKlass com/google/common/collect/Multimaps$Entries
instanceKlass com/google/common/collect/ImmutableCollection
instanceKlass java/util/IdentityHashMap$Values
instanceKlass java/util/HashMap$Values
instanceKlass java/util/AbstractQueue
instanceKlass java/util/LinkedHashMap$LinkedValues
instanceKlass java/util/ArrayDeque
instanceKlass java/util/AbstractSet
instanceKlass java/util/ImmutableCollections$AbstractImmutableCollection
instanceKlass java/util/AbstractList
ciInstanceKlass java/util/AbstractCollection 1 1 160 10 7 12 1 1 1 10 7 12 1 1 1 10 12 1 1 11 7 12 1 1 1 11 12 1 1 10 12 1 1 10 100 12 1 1 1 10 12 1 1 10 12 1 1 10 7 12 1 1 10 7 12 1 1 1 7 1 10 100 12 1 1 1 10 100 12 1 1 1 100 1 10 11 12 1 11 7 1 10 12 1 10 12 1 10 100 12 1 1 1 11 8 1 7 1 10 10 12 1 1 8 1 10 12 1 10 12 1 1 1 1 1 1 1 1 1 1 1 1 1 1 1 1 1 1 1 1 1 1 1 1 1 1 1 1 1 1 1 1 1 1 1 1 1 1 1 1 1 1 1 1 1 1 1 1 1 1 1 1
ciInstanceKlass java/util/List 1 1 217 10 100 12 1 1 1 11 100 12 1 1 1 11 100 12 1 1 1 11 12 1 1 11 100 12 1 1 11 12 1 1 11 12 1 1 10 100 12 1 1 1 100 1 100 1 10 12 1 1 100 1 10 100 12 1 1 1 9 7 12 1 1 1 7 1 10 12 10 12 1 7 1 10 12 1 1 10 12 1 10 12 1 1 100 1 1 1 1 1 1 1 1 1 1 1 1 1 1 1 1 1 1 1 1 1 1 1 1 1 1 1 1 1 1 1 1 1 1 1 1 1 1 1 1 1 1 1 1 1 1 1 1 1 1 100 1 100 1 1 1 1 1 1 1 1 1 1 1 1 1 1 1 1 1 1 1 1 1 1 1 1 1 1 1 1 1 1 1 1 1 1 1 1 1 1 1 1 1 1 1 1 1 1 1 1 1 1 1 1 1 1 1 1 1 1 1 1 1 1 1 1 1 1 1 1 1 1 1 1 100 1 1 100 1 1 1
instanceKlass com/google/common/collect/Lists$TransformingRandomAccessList
instanceKlass java/util/Collections$SingletonList
instanceKlass java/util/ArrayList$SubList
instanceKlass java/util/Vector
instanceKlass sun/security/jca/ProviderList$ServiceList
instanceKlass sun/security/jca/ProviderList$3
instanceKlass java/util/AbstractSequentialList
instanceKlass java/util/Arrays$ArrayList
instanceKlass java/util/Collections$EmptyList
instanceKlass java/util/ArrayList
ciInstanceKlass java/util/AbstractList 1 1 218 10 7 12 1 1 1 9 7 12 1 1 1 10 12 1 1 10 12 1 1 100 1 10 10 12 1 1 11 100 12 1 1 1 11 12 1 1 11 12 1 10 7 12 1 1 1 10 12 1 11 12 1 11 12 1 11 12 1 10 12 1 1 10 12 1 1 11 100 12 1 1 1 11 7 1 11 100 1 10 12 1 100 1 10 12 1 10 12 1 1 100 1 100 1 10 12 1 100 1 10 100 1 100 1 10 8 1 10 12 1 1 10 12 1 10 12 1 1 10 12 1 8 1 100 1 8 1 8 1 8 1 10 100 1 11 10 10 12 1 11 12 1 10 12 1 1 8 1 8 1 1 1 1 1 1 1 1 1 1 1 1 1 1 1 1 1 1 1 1 1 1 1 1 1 1 1 1 1 1 1 1 1 1 1 1 1 1 1 1 1 1 1 1 1 1 1 1 1 1 1 1 1 1 1 1 1 1 100 1 100 1 1 1 1 1 1 1
ciInstanceKlass java/lang/AssertionStatusDirectives 0 0 24 10 100 12 1 1 1 100 1 1 1 1 1 1 1 1 1 1 1 1 1 1 1 1
ciInstanceKlass java/lang/invoke/MethodHandleNatives$CallSiteContext 1 1 49 10 7 12 1 1 1 7 1 10 10 7 12 1 1 1 10 7 12 1 1 1 10 7 12 1 1 1 100 1 1 1 1 1 1 1 1 1 1 1 1 1 1 1 1 1 100 1 1
ciInstanceKlass jdk/internal/invoke/NativeEntryPoint 0 0 92 10 100 12 1 1 1 9 100 12 1 1 1 10 100 12 1 1 1 100 1 9 12 1 9 12 1 9 12 1 1 9 12 1 1 9 12 1 1 100 1 8 1 10 12 1 11 100 12 1 1 1 10 12 1 1 10 12 1 11 100 12 1 1 11 12 1 10 12 1 1 10 12 1 1 1 1 1 1 1 1 1 1 1 1 1 1 1 1 1 1 1
instanceKlass java/lang/invoke/VolatileCallSite
instanceKlass java/lang/invoke/MutableCallSite
instanceKlass java/lang/invoke/ConstantCallSite
ciInstanceKlass java/lang/invoke/CallSite 1 1 302 10 7 12 1 1 1 10 7 12 1 1 1 9 7 12 1 1 1 10 12 1 1 9 12 1 1 10 7 12 1 1 1 10 12 1 100 1 10 12 1 1 10 12 1 1 9 100 12 1 1 1 10 100 12 1 1 10 12 1 1 100 1 100 1 10 10 100 12 1 1 1 10 12 1 1 8 1 10 12 1 10 12 1 1 10 12 1 10 12 1 1 10 12 1 1 10 10 100 12 1 1 10 12 1 1 9 12 1 9 100 12 1 1 1 8 1 10 7 12 1 1 1 10 12 1 1 100 1 10 12 1 1 9 12 1 8 1 100 1 10 12 1 10 12 1 100 1 8 1 10 10 12 1 10 12 1 1 100 1 10 12 1 1 10 12 1 10 12 1 10 12 1 1 10 12 1 1 9 12 1 1 8 10 12 1 1 9 12 1 1 100 1 10 10 12 1 10 100 12 1 1 1 10 12 1 1 10 12 1 1 10 12 1 10 7 12 1 1 1 100 1 8 1 10 10 12 10 12 1 1 100 1 100 1 100 1 8 1 10 12 1 10 7 12 1 1 1 1 1 1 1 1 1 1 1 1 1 1 1 1 1 1 1 1 1 1 1 1 1 1 1 1 1 1 1 1 1 1 1 1 1 1 1 1 1 1 1 1 1 1 1 1 1 1 1 1 1 1 1 1 1
staticfield java/lang/invoke/CallSite $assertionsDisabled Z 1
ciInstanceKlass java/lang/invoke/VolatileCallSite 0 0 37 10 100 12 1 1 1 10 12 1 10 100 12 1 1 1 10 12 1 10 12 1 1 1 1 1 1 1 1 1 1 1 1 1 1 1 1
ciInstanceKlass java/lang/invoke/MethodType 1 1 771 7 1 10 7 12 1 1 1 9 12 1 1 9 12 1 1 9 12 1 1 10 7 12 1 1 1 9 7 12 1 1 8 1 10 100 12 1 1 1 9 7 1 9 7 1 10 12 1 1 100 1 10 8 1 10 12 1 1 10 12 1 10 12 1 1 100 1 8 1 10 12 1 100 1 10 10 12 1 10 12 1 1 10 12 1 1 11 7 12 1 1 1 9 12 1 11 12 1 1 7 7 1 10 7 12 1 1 1 10 12 1 9 12 1 1 10 7 12 1 1 10 12 1 1 10 7 12 1 1 1 10 7 12 1 1 1 10 12 1 9 12 1 1 10 12 1 1 100 1 10 12 1 1 10 12 1 1 10 12 1 1 10 12 1 1 10 12 1 1 10 12 1 10 12 1 10 12 1 1 10 12 1 8 1 8 1 10 12 1 1 9 12 1 1 100 1 10 10 12 1 1 10 12 1 10 12 1 1 10 12 1 1 10 12 1 10 12 1 1 10 12 1 8 1 10 12 1 1 10 100 12 1 1 1 10 12 1 10 12 1 1 10 12 1 10 12 1 10 12 1 1 10 12 1 10 12 1 9 12 1 10 12 1 10 10 12 1 1 10 12 1 9 12 1 1 10 12 1 1 10 12 1 1 10 12 1 1 10 12 1 1 7 1 10 12 10 12 1 10 12 1 100 1 8 1 8 1 8 1 10 12 1 10 12 1 10 12 1 10 11 12 1 1 11 12 1 10 100 12 1 1 1 9 12 1 10 12 1 10 12 1 1 10 12 1 1 10 12 1 10 12 1 10 100 12 1 1 1 10 12 1 1 10 12 1 10 12 1 10 12 1 10 9 12 1 1 7 1 10 12 1 10 12 1 1 9 100 12 1 1 1 10 100 12 1 1 1 10 100 12 1 1 1 10 12 1 1 10 100 12 1 1 1 10 12 1 1 8 1 10 7 12 1 1 1 11 12 1 1 9 12 1 1 10 12 1 1 10 12 1 10 12 1 1 10 12 1 1 10 100 12 1 1 100 1 10 12 1 1 11 100 12 1 1 1 18 12 1 1 11 12 1 1 18 12 1 11 12 1 100 1 11 100 12 1 1 10 12 1 100 1 10 12 1 10 100 12 1 1 10 12 1 1 9 12 1 1 9 100 12 1 1 1 10 100 12 1 1 1 9 12 1 10 100 12 1 1 10 12 1 100 10 12 1 1 10 12 1 10 7 1 7 1 9 12 1 1 100 1 100 1 100 1 1 1 5 0 1 1 1 1 1 1 1 3 1 3 1 3 1 1 1 1 1 1 1 1 1 1 1 1 1 1 1 1 1 1 1 1 1 1 1 1 1 1 1 1 1 1 1 1 1 1 1 1 1 1 1 1 1 1 1 1 1 1 1 1 1 1 1 1 1 1 1 1 1 1 1 1 1 1 1 1 1 1 1 1 1 1 1 1 1 1 1 1 1 1 1 1 1 1 1 1 1 1 1 1 1 1 1 1 1 1 1 1 1 1 1 1 1 1 1 1 1 1 1 1 1 1 1 1 1 1 1 1 1 1 1 1 1 1 1 1 1 1 1 100 1 100 1 1 1 1 1 1 1 1 1 1 1 1 1 100 1 1 1 100 1 1 1 1 1 1 1 1 1 1 1 1 1 1 1 1 1 1 1 1 1 15 10 100 12 1 1 1 16 15 10 12 16 16 15 10 12 16 1 1 1 1 100 1 1 100 1 1 100 1 100 1 1
staticfield java/lang/invoke/MethodType internTable Ljava/lang/invoke/MethodType$ConcurrentWeakInternSet; java/lang/invoke/MethodType$ConcurrentWeakInternSet
staticfield java/lang/invoke/MethodType NO_PTYPES [Ljava/lang/Class; 0 [Ljava/lang/Class;
staticfield java/lang/invoke/MethodType objectOnlyTypes [Ljava/lang/invoke/MethodType; 20 [Ljava/lang/invoke/MethodType;
staticfield java/lang/invoke/MethodType METHOD_HANDLE_ARRAY [Ljava/lang/Class; 1 [Ljava/lang/Class;
staticfield java/lang/invoke/MethodType serialPersistentFields [Ljava/io/ObjectStreamField; 0 [Ljava/io/ObjectStreamField;
staticfield java/lang/invoke/MethodType $assertionsDisabled Z 1
ciInstanceKlass java/lang/BootstrapMethodError 0 0 45 10 100 12 1 1 1 10 12 1 10 12 1 10 100 12 1 1 1 10 100 12 1 1 1 1 1 1 5 0 1 1 1 1 1 1 1 1 1 1 1 100 1 1 1
ciInstanceKlass jdk/internal/loader/ClassLoaders$AppClassLoader 1 1 119 8 1 10 7 12 1 1 1 10 7 12 1 1 1 10 100 12 1 1 1 10 12 1 1 10 100 12 1 1 1 10 12 1 1 10 12 1 1 7 1 8 1 10 12 10 7 12 1 1 1 10 100 12 1 1 10 12 1 1 10 12 1 1 10 7 12 1 1 1 100 1 10 12 1 1 1 1 1 1 1 1 1 1 1 1 1 1 1 1 1 1 1 1 1 100 1 1 1 1 1 1 1 1 1 1 1 1 1 1 1 1 1 1 1 100 1 1 1
ciInstanceKlass jdk/internal/loader/ClassLoaders$PlatformClassLoader 1 1 42 8 1 10 7 12 1 1 1 10 7 12 1 1 1 100 1 10 12 1 100 1 1 1 1 1 1 1 1 1 1 1 1 1 1 100 1 1 1 100 1 1
ciInstanceKlass java/lang/ArrayStoreException 1 1 26 10 100 12 1 1 1 10 12 1 100 1 1 1 1 5 0 1 1 1 1 1 1 1 1 1
ciInstanceKlass java/lang/ClassCastException 1 1 26 10 100 12 1 1 1 10 12 1 100 1 1 1 1 5 0 1 1 1 1 1 1 1 1 1
ciInstanceKlass java/lang/NoClassDefFoundError 0 0 26 10 100 12 1 1 1 10 12 1 100 1 1 1 1 5 0 1 1 1 1 1 1 1 1 1
ciInstanceKlass java/lang/IllegalMonitorStateException 1 1 26 10 100 12 1 1 1 10 12 1 100 1 1 1 1 5 0 1 1 1 1 1 1 1 1 1
ciInstanceKlass java/lang/StackOverflowError 1 1 26 10 100 12 1 1 1 10 12 1 100 1 1 1 1 5 0 1 1 1 1 1 1 1 1 1
instanceKlass java/lang/StackOverflowError
instanceKlass java/lang/OutOfMemoryError
instanceKlass java/lang/InternalError
ciInstanceKlass java/lang/VirtualMachineError 1 1 34 10 100 12 1 1 1 10 12 1 10 12 1 10 12 1 100 1 1 1 1 5 0 1 1 1 1 1 1 1 1 1 1 1
ciInstanceKlass java/lang/OutOfMemoryError 1 1 26 10 100 12 1 1 1 10 12 1 100 1 1 1 1 5 0 1 1 1 1 1 1 1 1 1
ciInstanceKlass java/lang/InternalError 0 0 34 10 100 12 1 1 1 10 12 1 10 12 1 10 12 1 100 1 1 1 1 5 0 1 1 1 1 1 1 1 1 1 1 1
ciInstanceKlass java/lang/StackTraceElement 1 1 224 10 7 12 1 1 1 10 7 12 1 1 9 12 1 1 9 12 1 1 9 12 1 9 12 1 8 1 10 100 12 1 1 1 100 1 9 12 1 8 1 9 12 1 9 12 1 9 12 1 1 8 1 10 12 1 1 10 12 1 100 1 10 10 12 1 1 8 1 10 12 1 1 10 12 1 8 1 8 1 8 1 10 12 1 8 1 8 1 10 12 1 8 1 8 1 10 12 1 1 10 12 1 10 12 1 1 10 12 1 9 12 1 1 10 7 12 1 1 1 10 12 1 1 7 1 10 12 1 1 10 7 12 1 1 10 7 12 1 1 1 10 7 12 1 1 10 7 12 1 1 10 10 12 1 1 10 12 1 10 12 1 1 100 1 1 1 1 1 3 1 3 1 1 5 0 1 1 1 1 1 1 1 1 1 1 1 1 1 1 1 1 1 1 1 1 1 1 1 1 1 1 100 1 100 1 1 1 1 1 1 1 1 1 1 100 1 1 1 1 1 1 1 1
instanceKlass java/nio/CharBuffer
instanceKlass java/nio/IntBuffer
instanceKlass java/nio/LongBuffer
instanceKlass java/nio/ByteBuffer
ciInstanceKlass java/nio/Buffer 1 1 224 100 1 10 7 12 1 1 1 9 7 12 1 1 1 9 12 1 9 12 1 1 9 12 1 9 12 1 1 10 12 1 1 10 12 1 1 10 12 100 1 100 1 10 8 1 10 12 1 1 10 12 1 8 1 8 1 10 12 1 1 10 12 1 8 1 9 12 1 1 100 1 8 1 10 12 1 8 1 8 1 9 12 10 12 1 8 1 8 1 8 1 10 12 1 8 1 8 1 8 1 100 1 10 100 1 10 100 1 10 100 1 10 10 100 12 1 1 1 10 11 100 12 1 1 10 7 12 1 1 1 10 7 12 1 1 1 9 12 1 1 10 7 12 1 1 1 9 12 1 1 7 1 10 10 7 12 1 1 1 1 1 3 1 1 1 1 1 1 1 1 1 1 1 1 1 1 1 1 1 1 100 1 1 1 1 1 1 1 1 1 1 1 1 1 1 1 1 1 1 1 1 1 1 1 1 1 1 1 1 1 1 1 1 1 1 1 1 1 1 1 1 1 1
staticfield java/nio/Buffer UNSAFE Ljdk/internal/misc/Unsafe; jdk/internal/misc/Unsafe
staticfield java/nio/Buffer SCOPED_MEMORY_ACCESS Ljdk/internal/misc/ScopedMemoryAccess; jdk/internal/misc/ScopedMemoryAccess
staticfield java/nio/Buffer $assertionsDisabled Z 1
ciInstanceKlass jdk/internal/misc/UnsafeConstants 1 1 34 10 100 12 1 1 1 9 7 12 1 1 1 9 12 1 9 12 1 1 9 12 1 9 12 1 1 1 1 1 1 1 1 1
staticfield jdk/internal/misc/UnsafeConstants ADDRESS_SIZE0 I 8
staticfield jdk/internal/misc/UnsafeConstants PAGE_SIZE I 4096
staticfield jdk/internal/misc/UnsafeConstants BIG_ENDIAN Z 0
staticfield jdk/internal/misc/UnsafeConstants UNALIGNED_ACCESS Z 1
staticfield jdk/internal/misc/UnsafeConstants DATA_CACHE_LINE_FLUSH_SIZE I 0
instanceKlass java/lang/invoke/DelegatingMethodHandle
instanceKlass java/lang/invoke/BoundMethodHandle
instanceKlass java/lang/invoke/DirectMethodHandle
ciInstanceKlass java/lang/invoke/MethodHandle 1 1 641 100 1 9 7 12 1 1 1 10 7 12 1 1 1 10 7 12 1 1 1 7 1 7 1 10 12 1 1 9 12 1 1 10 12 1 10 12 1 1 10 12 1 1 10 100 12 1 1 1 10 12 1 1 10 12 1 1 11 100 12 1 1 1 10 12 1 1 10 12 1 10 12 1 9 12 1 1 10 12 1 1 100 1 100 1 10 8 1 10 12 1 1 10 12 1 8 1 10 12 1 1 10 12 1 10 7 12 1 1 1 10 12 1 10 12 1 1 10 12 1 1 10 12 1 1 10 12 1 1 10 7 12 1 1 1 10 100 12 1 1 1 7 1 10 12 1 1 10 12 1 1 10 12 1 1 8 1 10 7 12 1 1 1 8 1 10 12 1 1 10 12 1 1 10 12 1 1 10 12 1 8 1 10 12 1 1 8 1 10 12 1 8 1 10 100 12 1 1 1 9 12 1 1 100 1 10 9 100 12 1 1 1 9 100 1 8 1 10 12 1 1 10 12 1 10 12 1 1 10 12 1 10 12 1 1 10 12 1 10 12 1 1 10 12 1 10 12 1 1 10 12 1 1 8 1 10 12 1 1 8 1 10 12 1 10 12 1 1 10 12 1 10 12 1 10 12 1 1 9 100 12 1 1 1 10 12 1 1 11 12 1 10 12 1 10 12 1 1 10 100 12 1 1 1 100 1 11 12 1 10 100 1 11 12 1 100 1 10 12 1 11 12 1 9 100 12 1 1 1 11 12 1 1 11 100 12 1 1 1 10 12 1 1 9 12 1 11 12 1 9 12 1 9 12 1 9 12 1 11 12 1 1 9 12 1 9 12 1 9 12 1 9 12 1 9 12 1 9 12 1 9 12 1 8 1 10 12 1 10 12 1 8 1 10 12 1 10 12 1 10 10 7 12 1 1 10 12 1 1 100 1 8 1 10 12 1 1 10 12 1 1 10 12 1 10 12 1 100 1 10 100 12 1 1 1 10 12 1 9 7 12 1 1 1 10 12 1 1 10 12 1 1 8 1 9 12 1 9 12 1 1 9 12 1 1 10 12 1 7 1 10 12 1 10 12 1 1 9 12 1 1 9 12 1 1 10 7 12 1 1 1 11 7 12 1 1 9 12 1 10 12 1 1 9 12 1 10 12 1 8 10 12 1 1 8 1 1 1 1 1 1 100 1 1 1 1 1 1 1 1 1 1 1 1 1 1 1 1 1 1 1 1 1 1 1 1 1 1 1 1 1 1 1 1 1 1 1 1 1 1 1 1 1 1 1 1 1 1 1 1 1 1 1 1 1 1 1 1 1 1 1 1 1 1 1 1 1 1 1 1 1 100 1 1 1 1 1 1 1 1 1 100 1 1 1 1 1 1 1 1 1 1 1 1 1 1 1 1 1 1 1 1 1 1 1 1 1 1 1 100 1 1 100 1 1 100 1 1 1 1
staticfield java/lang/invoke/MethodHandle FORM_OFFSET J 20
staticfield java/lang/invoke/MethodHandle UPDATE_OFFSET J 13
staticfield java/lang/invoke/MethodHandle $assertionsDisabled Z 1
instanceKlass java/lang/ProcessEnvironment
instanceKlass java/util/LinkedHashMap
ciInstanceKlass java/util/HashMap 1 1 610 10 7 12 1 1 1 7 1 10 12 1 1 100 1 10 7 12 1 1 1 100 1 11 12 1 1 11 12 1 11 12 1 1 10 7 12 1 1 1 7 1 3 10 7 12 1 1 1 100 1 100 1 10 8 1 10 12 1 1 10 12 1 10 12 1 1 10 12 1 10 7 12 1 1 1 8 1 10 12 1 9 12 1 1 10 12 1 9 12 1 1 4 10 12 1 10 12 1 1 11 7 12 1 1 9 12 1 1 4 10 12 1 1 11 12 1 1 11 7 12 1 1 1 11 7 12 1 1 1 11 12 1 1 7 1 11 12 1 11 12 1 10 12 1 10 12 1 1 9 12 10 12 1 1 9 7 12 1 1 1 9 12 9 12 1 10 12 1 1 9 12 1 7 1 10 12 1 1 10 12 1 1 10 12 1 1 10 12 1 1 10 12 1 1 9 12 1 10 12 1 1 3 10 12 1 1 10 12 1 1 9 12 1 1 9 10 12 1 1 10 12 1 1 10 12 1 1 10 12 1 9 12 1 1 7 1 10 12 1 10 12 1 10 7 12 1 1 1 7 1 9 12 1 1 7 1 10 9 12 7 1 10 100 1 10 11 7 12 1 1 1 100 1 10 11 7 12 1 1 11 100 12 1 1 1 10 12 1 100 1 100 1 10 12 1 10 12 1 10 12 1 10 100 12 1 1 10 12 1 1 10 12 1 1 10 100 12 1 1 1 8 10 100 12 1 1 1 100 1 10 4 10 100 12 1 1 1 4 10 12 1 10 100 12 1 1 1 10 12 1 8 1 4 10 100 12 1 1 1 100 1 11 100 12 1 1 1 10 12 1 10 12 1 10 10 12 1 1 100 1 100 1 1 1 1 5 0 1 3 1 1 1 3 1 3 1 3 1 1 1 1 1 1 1 1 1 1 1 1 1 1 1 1 1 1 1 1 1 1 100 1 1 1 1 1 1 1 1 1 1 1 1 1 1 1 1 1 1 1 1 1 1 1 1 1 1 1 1 1 1 1 1 100 1 1 1 1 1 1 1 1 1 1 1 1 1 1 1 1 1 1 1 1 1 1 1 1 1 1 1 1 1 1 1 1 1 1 1 1 1 1 1 1 1 1 1 1 1 1 1 1 1 1 100 1 1 1 1 1 1 1 1 1 1 1 1 1 1 1 1 1 1 1 1 1 1 1 1 1 1 1 1 1 1 1 1 1 1 1 1 1 1 1 1 1 1 1 1 1 1 1 1 100 1 1 1 1 1 1 1 1 100 1 1 1 1 1 1 1 1 1 1 1 1 1 1 100 1 100 1 100 1 100 1 100 1 100 1 100 1 100 1 1 1 1 1 1 1 1 1 1 1 1 1 1 1 1 1 1
instanceKlass ch/qos/logback/classic/pattern/NamedConverter$NameCache
ciInstanceKlass java/util/LinkedHashMap 1 1 289 9 7 12 1 1 1 9 12 1 9 7 12 1 1 9 12 1 10 7 12 1 1 1 10 12 1 1 10 12 1 1 9 12 1 1 9 12 1 1 9 12 1 10 12 1 1 7 1 10 10 12 1 1 10 12 1 10 12 1 1 9 12 1 1 9 12 1 10 100 12 1 1 1 10 12 1 10 12 1 10 12 10 12 1 1 10 100 12 1 1 1 10 12 1 1 10 12 1 1 9 7 1 10 12 1 9 12 1 1 7 1 10 12 1 9 12 1 1 7 1 10 9 12 1 7 1 10 100 1 10 11 100 12 1 1 1 100 1 10 11 100 12 1 1 1 100 1 1 1 1 5 0 1 1 1 1 1 1 1 1 1 1 1 1 1 1 1 1 1 1 1 1 1 1 1 1 1 1 1 1 1 1 1 1 1 1 1 1 1 1 1 1 1 1 1 1 1 1 1 1 1 1 1 100 1 1 1 1 1 1 1 1 1 1 1 1 1 1 1 1 1 1 1 1 1 1 1 1 1 100 1 1 1 1 1 1 1 1 100 1 1 1 1 1 100 1 1 1 1 1 1 1 1 1 1 1 1 1 1 1 1 1 1 1 1 1 1 100 1 100 1 100 1 100 1 1 1 1 1 100 1 1 1 1 1 1 1 1
ciMethod java/util/HashMap containsKey (Ljava/lang/Object;)Z 256 0 44334 0 672
instanceKlass java/lang/invoke/DirectMethodHandle$Interface
instanceKlass java/lang/invoke/DirectMethodHandle$Special
instanceKlass java/lang/invoke/DirectMethodHandle$Constructor
instanceKlass java/lang/invoke/DirectMethodHandle$Accessor
ciInstanceKlass java/lang/invoke/DirectMethodHandle 1 1 940 7 1 7 1 100 1 7 1 7 1 10 7 12 1 1 1 10 7 12 1 1 1 100 1 10 12 1 10 12 1 1 10 7 12 1 1 10 12 1 1 10 12 1 10 12 1 7 1 10 12 1 1 10 12 1 1 10 12 1 10 12 1 1 10 7 12 1 1 1 10 12 1 9 12 1 1 100 1 10 9 12 1 1 9 12 1 10 12 1 10 12 1 10 12 1 1 10 12 1 10 12 1 10 12 1 10 7 12 1 1 1 10 12 1 10 12 1 1 8 1 10 12 1 1 7 1 10 12 1 7 1 10 10 12 1 10 12 1 10 12 1 10 7 12 1 1 1 10 12 1 1 100 1 10 12 1 10 12 1 7 1 10 12 1 10 12 1 1 10 12 1 1 10 12 1 8 10 100 12 1 1 1 10 12 1 10 12 1 10 12 1 1 10 12 1 9 7 12 1 1 1 7 1 10 12 1 10 7 12 1 1 1 10 12 1 10 12 1 1 9 12 1 1 100 1 10 8 1 10 12 1 1 10 12 1 10 12 1 10 10 12 1 10 12 1 10 12 1 10 12 1 10 12 1 1 10 12 1 10 12 1 1 10 12 1 10 12 1 1 10 10 7 12 1 1 1 10 12 1 10 12 1 1 10 12 1 10 12 1 1 8 1 9 7 12 1 1 1 8 1 9 12 1 9 12 1 8 1 9 12 1 9 12 1 8 1 9 12 1 9 12 1 8 1 10 12 1 10 12 1 1 9 12 1 1 7 1 10 12 1 1 100 1 10 7 12 1 1 1 10 12 1 1 10 12 1 10 12 1 1 7 1 10 12 1 1 10 12 1 10 12 1 1 7 1 10 12 1 1 10 7 12 1 1 1 10 12 1 10 12 1 10 12 1 9 12 1 1 10 7 1 9 12 9 12 1 10 7 12 1 1 1 10 12 1 7 1 7 1 7 1 9 12 1 1 10 7 12 1 10 12 1 1 10 12 1 100 1 10 12 1 10 12 1 1 9 100 12 1 1 1 10 12 1 1 100 1 10 100 12 1 1 1 10 12 1 10 12 1 8 1 9 12 1 9 12 1 10 12 1 9 12 1 1 10 100 12 1 1 1 9 12 1 1 9 12 1 1 10 12 1 10 12 1 10 12 1 10 12 1 10 12 1 1 10 12 1 10 7 12 1 1 9 12 1 10 12 1 10 12 1 10 12 1 10 12 1 1 10 12 1 1 9 12 1 1 10 12 1 1 9 7 12 1 1 1 9 12 1 9 12 1 9 12 1 9 12 1 9 12 1 9 12 1 9 12 1 9 12 1 9 12 1 9 12 1 9 12 1 9 12 1 9 12 1 9 12 1 9 12 1 9 12 1 9 12 1 9 12 1 9 12 1 9 12 1 9 12 1 9 12 1 9 12 1 9 12 1 9 12 1 9 12 1 9 12 1 9 12 1 9 12 1 9 12 1 9 12 1 9 12 1 9 12 1 9 12 1 9 12 1 9 12 1 8 1 9 12 1 1 9 12 1 1 10 12 1 10 12 1 1 9 7 1 10 12 1 9 12 1 1 10 12 10 12 1 10 12 1 10 12 1 10 8 1 8 1 8 1 8 1 10 12 1 1 9 12 1 1 10 12 1 10 100 12 1 1 1 8 9 12 1 1 10 12 1 1 8 1 8 8 9 12 1 8 1 8 8 8 8 8 1 8 10 12 1 10 12 1 8 1 8 1 10 12 1 10 12 1 10 12 1 10 12 1 1 7 1 1 1 1 3 1 3 1 3 1 3 1 3 1 3 1 3 1 3 1 3 1 3 1 1 1 1 1 1 1 1 1 1 3 1 3 1 1 1 1 3 1 1 1 1 1 1 1 1 1 1 1 1 1 1 1 1 1 1 1 1 1 1 1 1 1 1 1 1 1 1 1 1 1 1 1 1 1 1 1 1 1 1 1 1 1 1 1 1 1 1 1 1 1 1 1 1 100 1 1 1 1 1 1 1 1 1 1 1 1 100 1 1 1 1 1 1 1 1 1 1 1 1 1 1 1 1 1 1 1 1 1 1 1 1 1 1 1 1 1 1 1 1 1 1 1 1 1 1 1 1 1 1 1 1 1 1 1 1 1 1 1
staticfield java/lang/invoke/DirectMethodHandle IMPL_NAMES Ljava/lang/invoke/MemberName$Factory; java/lang/invoke/MemberName$Factory
staticfield java/lang/invoke/DirectMethodHandle FT_UNCHECKED_REF I 8
staticfield java/lang/invoke/DirectMethodHandle ACCESSOR_FORMS [Ljava/lang/invoke/LambdaForm; 132 [Ljava/lang/invoke/LambdaForm;
staticfield java/lang/invoke/DirectMethodHandle ALL_WRAPPERS [Lsun/invoke/util/Wrapper; 10 [Lsun/invoke/util/Wrapper;
staticfield java/lang/invoke/DirectMethodHandle NFS [Ljava/lang/invoke/LambdaForm$NamedFunction; 12 [Ljava/lang/invoke/LambdaForm$NamedFunction;
staticfield java/lang/invoke/DirectMethodHandle OBJ_OBJ_TYPE Ljava/lang/invoke/MethodType; java/lang/invoke/MethodType
staticfield java/lang/invoke/DirectMethodHandle LONG_OBJ_TYPE Ljava/lang/invoke/MethodType; java/lang/invoke/MethodType
staticfield java/lang/invoke/DirectMethodHandle $assertionsDisabled Z 1
ciInstanceKlass java/lang/invoke/LambdaForm 1 1 1052 100 1 9 7 12 1 1 1 10 7 12 1 1 1 10 7 12 1 1 9 12 1 1 9 12 1 1 10 12 1 1 100 1 10 9 12 1 10 12 1 1 9 12 1 10 7 12 1 1 1 9 12 1 9 12 1 9 12 1 1 9 12 1 10 12 1 1 7 1 10 12 1 10 100 12 1 1 1 10 100 12 1 1 1 10 12 1 10 12 1 1 9 100 12 1 1 1 10 12 1 1 9 12 1 10 12 1 1 10 12 1 10 12 1 1 10 12 1 1 10 100 12 1 1 1 7 1 10 10 12 1 1 8 1 10 12 1 10 12 1 10 12 1 1 7 1 10 7 12 1 1 1 10 12 1 1 10 12 1 10 12 1 1 9 12 1 1 9 12 1 9 12 1 1 10 12 1 9 12 1 10 100 12 1 1 1 10 12 1 1 10 12 1 9 12 1 1 10 100 12 1 1 1 10 12 1 10 12 1 10 12 1 10 12 1 10 12 1 10 12 1 1 10 12 1 10 12 1 1 8 1 10 12 1 10 12 1 8 1 8 1 9 12 1 9 12 1 9 12 1 1 10 12 1 1 10 12 1 9 12 1 10 12 1 1 10 7 12 1 1 1 10 12 1 1 10 12 1 10 12 1 10 12 1 1 9 12 1 10 12 1 8 1 8 1 8 1 8 1 8 1 8 1 8 1 8 1 10 12 1 9 12 1 7 1 10 12 1 1 9 12 1 10 12 1 10 12 1 1 10 12 10 12 1 10 12 1 1 10 12 1 1 10 10 12 1 1 10 12 1 1 7 1 8 1 10 12 1 1 10 12 1 10 12 1 1 10 8 1 10 12 1 1 8 1 8 1 8 1 10 12 1 9 12 1 1 10 12 1 1 10 12 1 1 100 1 10 12 1 1 10 12 1 10 7 12 1 1 1 10 12 1 1 9 12 1 1 8 1 10 100 12 1 1 1 10 7 12 1 1 10 12 10 10 12 1 1 9 12 1 8 10 12 1 1 100 1 10 12 1 1 10 12 1 9 7 12 1 1 9 12 1 1 8 1 10 100 12 1 1 10 12 1 1 100 1 100 1 10 10 12 1 1 10 12 1 1 8 1 8 1 100 1 8 1 10 12 10 12 1 10 12 1 10 12 1 1 8 1 8 1 9 100 12 1 1 1 10 12 1 10 12 1 1 8 1 8 1 8 1 100 1 8 1 100 1 8 1 100 1 8 1 10 12 1 8 1 9 10 7 12 1 1 1 10 12 1 9 12 1 1 10 12 1 10 10 12 1 10 12 1 10 12 1 10 12 1 1 10 12 1 10 12 1 1 10 12 1 1 10 12 1 1 8 1 100 10 12 1 10 12 1 9 12 1 1 10 7 12 1 1 8 1 8 1 100 1 8 1 8 1 8 1 8 1 8 1 8 1 8 1 8 1 10 12 1 1 10 12 1 1 10 12 1 10 12 1 8 1 8 1 8 1 10 12 1 8 1 10 12 1 8 1 8 1 8 1 8 1 8 1 10 12 1 10 12 1 10 12 1 1 10 7 12 1 1 1 10 12 1 10 12 1 10 12 1 10 12 1 10 12 1 10 12 1 10 12 1 9 12 1 1 8 1 10 12 1 1 9 12 1 1 10 12 1 1 9 12 1 9 12 1 1 9 12 1 9 12 1 1 7 1 10 7 12 1 1 1 9 12 1 10 12 1 10 12 1 8 1 10 12 1 9 12 1 1 7 1 10 7 12 1 1 1 8 1 100 1 10 12 1 9 12 1 9 12 1 10 12 1 10 12 1 10 7 12 1 1 1 10 12 1 9 7 12 1 1 10 12 1 1 10 12 1 10 12 1 9 12 10 12 1 10 10 12 1 9 9 12 1 7 9 12 1 1 10 12 1 1 9 12 1 10 12 1 10 7 1 9 1 1 1 1 3 1 3 1 3 1 1 1 1 1 1 1 1 1 1 1 1 1 1 1 1 1 1 1 1 1 1 1 1 1 1 1 1 1 1 1 1 1 1 1 1 1 1 1 1 1 1 1 1 1 1 1 1 1 1 1 1 1 1 1 1 100 1 1 1 1 1 1 1 1 1 1 1 1 1 1 1 1 1 1 1 1 1 1 1 1 1 1 1 1 1 1 1 1 1 1 1 1 1 1 1 1 1 1 1 1 1 1 1 1 1 1 1 1 1 1 1 1 1 1 1 100 1 1 1 1 1 1 1 1 1 1 1 1 1 1 1 1 1 1 1 1 1 1 1 1 1 1 1 1 1 1 1 1 1 1 100 1 1 1 1 1 1 1 1 1 1 1 1 1 1 1 1 1 1 1 1 1 1 100 1 1 1 100 1 1 100 1 1 1 1 1 1 1 1 1 1 1
staticfield java/lang/invoke/LambdaForm COMPILE_THRESHOLD I 0
staticfield java/lang/invoke/LambdaForm INTERNED_ARGUMENTS [[Ljava/lang/invoke/LambdaForm$Name; 5 [[Ljava/lang/invoke/LambdaForm$Name;
staticfield java/lang/invoke/LambdaForm IMPL_NAMES Ljava/lang/invoke/MemberName$Factory; java/lang/invoke/MemberName$Factory
staticfield java/lang/invoke/LambdaForm LF_identity [Ljava/lang/invoke/LambdaForm; 6 [Ljava/lang/invoke/LambdaForm;
staticfield java/lang/invoke/LambdaForm LF_zero [Ljava/lang/invoke/LambdaForm; 6 [Ljava/lang/invoke/LambdaForm;
staticfield java/lang/invoke/LambdaForm NF_identity [Ljava/lang/invoke/LambdaForm$NamedFunction; 6 [Ljava/lang/invoke/LambdaForm$NamedFunction;
staticfield java/lang/invoke/LambdaForm NF_zero [Ljava/lang/invoke/LambdaForm$NamedFunction; 6 [Ljava/lang/invoke/LambdaForm$NamedFunction;
staticfield java/lang/invoke/LambdaForm createFormsLock Ljava/lang/Object; java/lang/Object
staticfield java/lang/invoke/LambdaForm DEBUG_NAME_COUNTERS Ljava/util/HashMap; null
staticfield java/lang/invoke/LambdaForm DEBUG_NAMES Ljava/util/HashMap; null
staticfield java/lang/invoke/LambdaForm TRACE_INTERPRETER Z 0
staticfield java/lang/invoke/LambdaForm $assertionsDisabled Z 1
ciInstanceKlass java/lang/invoke/MethodHandleNatives 1 1 684 100 1 10 7 12 1 1 1 9 7 12 1 1 1 10 12 1 1 100 1 10 10 12 1 1 10 12 1 10 12 1 8 1 8 1 8 1 8 1 8 1 8 1 8 1 8 1 8 1 8 1 10 12 1 1 7 1 10 7 12 1 1 1 10 100 12 1 1 1 7 1 10 10 12 1 1 8 1 10 12 1 8 1 10 12 1 1 8 1 10 12 1 1 9 100 12 1 1 1 8 1 10 100 12 1 1 1 100 1 10 12 100 1 100 1 8 1 7 1 10 10 12 1 7 1 9 7 12 1 1 10 12 1 1 10 12 1 10 7 12 1 1 1 7 1 10 12 1 1 10 7 12 1 1 1 10 12 1 10 12 1 1 10 12 1 1 9 12 1 8 1 10 12 1 8 1 10 12 1 8 1 8 1 8 1 100 1 10 12 1 8 1 10 12 1 1 10 12 1 10 100 12 1 1 1 100 1 8 1 10 100 12 1 1 1 7 1 8 1 10 12 1 8 1 8 1 8 1 8 1 8 1 10 12 1 1 10 12 1 1 10 12 1 10 12 1 1 10 12 1 1 7 1 10 12 1 100 1 100 1 10 12 1 10 12 1 8 1 8 1 10 10 12 1 1 10 12 1 1 8 1 10 100 12 1 1 1 8 1 8 1 10 12 1 1 10 7 12 1 1 1 100 1 10 12 1 1 7 1 9 12 1 1 10 7 12 1 1 1 10 10 12 1 9 12 1 10 12 1 1 9 12 1 9 12 1 10 12 1 1 10 12 1 10 12 1 1 7 1 7 1 10 12 1 1 10 12 1 10 12 1 1 10 7 12 1 1 1 10 12 1 8 1 10 12 1 10 12 1 10 12 1 1 10 12 1 10 7 12 1 1 1 10 12 1 1 100 1 8 1 10 9 7 12 1 1 1 10 12 1 1 10 12 1 1 100 1 10 12 1 1 10 12 1 1 100 1 100 1 10 10 100 1 100 1 10 100 1 10 10 12 1 1 10 100 1 10 12 1 10 12 1 10 12 1 1 10 12 1 1 10 12 1 1 10 12 1 10 12 1 1 10 8 1 100 1 10 12 1 10 12 1 10 12 1 10 12 1 10 12 1 1 10 12 1 9 12 1 1 10 7 12 1 1 1 9 12 1 1 11 7 12 1 1 1 10 12 1 10 12 1 10 10 12 1 10 7 12 1 1 1 1 1 1 1 1 1 1 1 1 1 1 1 100 1 1 1 1 1 1 1 1 1 1 1 1 1 1 1 1 1 1 1 1 1 1 1 1 1 1 1 1 1 1 1 1 1 1 1 1 1 1 1 1 1 1 1 1 1 1 1 1 1 1 1 1 1 1 1 1 1 1 1 1 1 1 1 1 1 1 1 1 1 1 1 1 1 1 1 1 1 1 1 1 1 1 1 1 1 1 1 1 1 1 1 1 1 1 1 1 1 1 100 1 1 1 1 1 1 1 1 1 1 1 1 1 1 1 1 1 1 1 1 1 1 1 1 1 1 1 1 100 1 1 1 1 1 1 1 100 1 1 1
staticfield java/lang/invoke/MethodHandleNatives JLA Ljdk/internal/access/JavaLangAccess; java/lang/System$2
staticfield java/lang/invoke/MethodHandleNatives $assertionsDisabled Z 1
ciInstanceKlass jdk/internal/reflect/CallerSensitive 0 0 17 100 1 100 1 100 1 1 1 1 1 1 1 1 1 1 1
ciInstanceKlass jdk/internal/reflect/ConstantPool 1 1 142 10 100 12 1 1 1 9 7 12 1 1 1 10 12 1 1 10 12 1 1 10 12 1 10 12 1 1 10 12 1 1 10 12 1 10 12 1 1 10 12 1 10 12 1 1 10 12 1 10 12 1 10 12 1 10 12 1 1 10 12 1 1 10 12 1 1 10 12 1 1 10 12 1 10 12 1 1 10 100 12 1 1 1 8 11 7 12 1 1 1 10 7 12 1 1 1 1 1 1 1 1 1 1 1 1 1 1 1 1 1 1 1 1 1 1 1 1 1 1 1 1 1 1 1 1 1 1 1 1 1 1 1 1 1 1 1 1 1 1 1 1
instanceKlass jdk/internal/reflect/UnsafeQualifiedStaticFieldAccessorImpl
ciInstanceKlass jdk/internal/reflect/UnsafeStaticFieldAccessorImpl 1 1 47 10 7 12 1 1 1 9 7 12 1 1 1 10 7 12 1 1 1 9 12 1 1 8 11 7 12 1 1 1 10 7 12 1 1 1 1 1 1 1 1 1 1 1 1 1 1
instanceKlass jdk/internal/reflect/UnsafeFieldAccessorImpl
ciInstanceKlass jdk/internal/reflect/FieldAccessorImpl 1 1 59 10 7 12 1 1 1 100 1 100 1 1 1 1 1 1 1 1 1 100 1 1 1 1 1 1 1 1 1 1 1 1 1 1 1 1 1 1 1 100 1 1 1 1 1 1 1 1 1 1 1 1 1 1 1 1 1 1 1
instanceKlass jdk/internal/reflect/UnsafeBooleanFieldAccessorImpl
instanceKlass jdk/internal/reflect/UnsafeQualifiedFieldAccessorImpl
instanceKlass jdk/internal/reflect/UnsafeObjectFieldAccessorImpl
instanceKlass jdk/internal/reflect/UnsafeStaticFieldAccessorImpl
ciInstanceKlass jdk/internal/reflect/UnsafeFieldAccessorImpl 1 1 254 10 7 12 1 1 1 9 7 12 1 1 1 10 7 12 1 1 1 10 7 12 1 1 1 9 12 1 1 10 7 12 1 1 1 9 12 1 1 10 12 1 10 12 1 9 12 1 10 12 1 1 10 7 12 1 1 10 7 12 1 1 1 10 12 1 1 100 1 10 10 12 1 1 10 12 1 1 8 1 10 10 12 1 100 1 8 1 10 12 1 8 1 10 12 1 8 1 10 12 1 100 1 10 12 1 1 10 8 1 10 12 1 1 8 1 10 100 12 1 1 8 1 10 100 12 1 1 8 1 10 100 12 1 1 8 1 10 100 12 1 1 8 1 10 100 12 1 1 8 1 10 100 12 1 1 8 1 10 100 12 1 1 8 1 10 100 12 1 1 10 12 1 1 8 1 8 1 8 1 8 1 8 1 8 1 10 100 12 1 1 1 8 1 8 1 8 1 10 12 10 12 1 1 1 1 1 1 1 1 1 1 1 1 1 1 1 1 1 1 1 1 1 1 1 1 1 1 1 1 1 1 1 1 1 1 1 1 1 1 1 1 1 1 1 1 1 1 1 1 1 1 1 1
staticfield jdk/internal/reflect/UnsafeFieldAccessorImpl unsafe Ljdk/internal/misc/Unsafe; jdk/internal/misc/Unsafe
ciInstanceKlass jdk/internal/reflect/NativeConstructorAccessorImpl 1 1 126 10 7 12 1 1 1 9 7 12 1 1 1 9 12 1 1 10 7 12 1 1 1 10 7 12 1 1 1 10 7 12 1 1 1 9 12 1 9 12 1 1 9 12 1 1 10 7 12 1 1 1 7 1 10 10 12 1 1 10 12 1 10 12 1 10 12 1 1 9 12 1 1 10 7 12 1 1 1 100 1 10 12 1 1 10 12 1 1 8 10 12 1 1 1 1 1 1 1 1 1 1 1 1 1 1 1 1 1 1 1 1 1 1 100 1 100 1 100 1 1 1 1 1 1 1
staticfield jdk/internal/reflect/NativeConstructorAccessorImpl U Ljdk/internal/misc/Unsafe; jdk/internal/misc/Unsafe
staticfield jdk/internal/reflect/NativeConstructorAccessorImpl GENERATED_OFFSET J 16
ciInstanceKlass java/lang/invoke/ConstantCallSite 1 1 65 10 7 12 1 1 1 9 7 12 1 1 1 9 12 1 1 10 7 12 1 1 1 10 12 1 100 1 10 12 9 12 1 1 100 1 10 10 12 1 1 10 12 1 1 1 1 1 1 1 1 1 1 1 1 1 100 1 1 1 1 1 1 1 1
staticfield java/lang/invoke/ConstantCallSite UNSAFE Ljdk/internal/misc/Unsafe; jdk/internal/misc/Unsafe
ciInstanceKlass java/lang/invoke/MutableCallSite 0 0 63 10 100 12 1 1 1 10 12 1 9 100 12 1 1 1 10 12 1 10 12 1 1 9 12 1 1 10 100 12 1 1 1 10 100 12 1 1 1 10 12 1 1 1 1 1 1 1 1 1 1 1 1 1 1 1 1 1 1 100 1 1 1
instanceKlass java/lang/invoke/VarHandleInts$FieldStaticReadOnly
instanceKlass java/lang/invoke/VarHandleLongs$FieldInstanceReadOnly
instanceKlass java/lang/invoke/VarHandleReferences$Array
instanceKlass java/lang/invoke/VarHandleReferences$FieldInstanceReadOnly
instanceKlass java/lang/invoke/VarHandleInts$FieldInstanceReadOnly
instanceKlass java/lang/invoke/VarHandleByteArrayAsLongs$ByteArrayViewVarHandle
instanceKlass java/lang/invoke/VarHandleByteArrayAsInts$ByteArrayViewVarHandle
instanceKlass java/lang/invoke/VarHandleReferences$FieldStaticReadOnly
ciInstanceKlass java/lang/invoke/VarHandle 1 1 390 10 7 12 1 1 1 10 7 12 1 1 9 12 1 1 9 12 1 1 100 1 10 8 1 10 12 1 1 10 7 12 1 1 1 10 12 1 1 10 100 12 1 1 1 9 100 12 1 1 1 10 12 1 1 10 100 12 1 1 1 10 12 1 1 9 12 1 10 12 1 9 12 1 1 10 7 12 1 1 10 12 1 9 7 12 1 1 1 9 12 1 1 10 12 1 1 100 1 100 1 10 8 1 10 12 1 1 10 12 1 8 1 10 12 1 10 12 1 10 12 1 1 9 7 12 1 1 1 10 12 1 10 12 1 1 10 12 1 10 10 100 12 1 1 1 10 12 1 1 10 12 1 1 10 100 12 1 1 1 10 100 12 1 1 1 10 100 12 1 1 1 9 12 1 1 10 9 12 1 1 10 12 1 10 12 1 10 12 1 1 10 12 1 10 100 12 1 1 1 9 12 1 1 10 12 1 1 9 12 1 10 12 1 10 12 1 10 100 12 1 1 100 1 10 9 7 12 1 1 1 9 12 1 1 10 7 12 1 1 1 10 12 1 10 12 1 10 12 1 10 12 1 10 12 1 10 12 1 1 7 1 10 10 7 12 1 1 1 9 12 1 1 8 10 12 1 1 7 1 10 12 1 1 100 1 1 1 1 1 1 1 1 1 1 1 1 1 1 1 1 1 1 1 1 1 1 1 1 1 1 1 1 1 1 1 1 1 1 1 1 1 1 1 1 1 1 1 1 1 1 1 1 1 1 1 1 1 1 1 1 1 1 1 1 1 1 1 1 1 1 1 1 1 1 1 1 1 1 1 1 1 1 1 1 1 1 1 1 1 1 1 1 1 100 1 100 1 100 1 1 1 1 1 1 1 100 1 1 1
staticfield java/lang/invoke/VarHandle AIOOBE_SUPPLIER Ljava/util/function/BiFunction; jdk/internal/util/Preconditions$1
staticfield java/lang/invoke/VarHandle VFORM_OFFSET J 16
staticfield java/lang/invoke/VarHandle $assertionsDisabled Z 1
ciInstanceKlass java/lang/invoke/MemberName 1 1 757 7 1 7 1 100 1 9 12 1 1 10 7 12 1 1 1 9 12 1 1 10 12 1 1 10 12 1 1 10 12 1 1 10 12 1 10 12 1 1 10 7 12 1 1 1 10 12 1 9 100 12 1 1 10 12 1 100 1 100 1 10 12 1 8 1 10 12 1 1 10 12 1 10 12 1 1 10 12 1 9 12 1 1 8 1 10 100 12 1 1 1 7 1 10 10 12 1 1 100 1 100 1 10 12 1 1 9 12 1 1 100 1 8 1 10 12 1 10 12 1 10 12 1 10 12 1 10 12 1 1 10 12 1 10 12 1 10 12 1 1 10 12 1 1 10 12 1 8 1 8 1 8 1 10 100 12 1 1 1 10 12 1 9 12 1 1 3 10 12 1 10 12 1 10 12 1 10 10 7 12 1 1 1 10 12 1 10 12 1 10 12 1 10 12 1 7 1 8 10 12 1 1 10 12 1 1 8 1 9 100 1 8 9 100 1 10 12 1 1 10 12 1 10 12 1 8 1 10 12 1 1 10 12 1 10 12 1 10 12 1 10 12 1 1 100 1 10 12 1 1 10 12 1 8 1 10 12 1 10 12 1 8 1 10 12 1 1 10 12 1 1 100 1 10 12 1 1 10 12 8 1 8 1 100 1 10 12 1 10 100 12 1 1 1 100 1 10 12 10 12 1 10 12 1 10 12 1 10 12 1 10 10 12 1 10 12 1 10 12 1 3 10 12 1 3 10 12 1 3 3 3 3 3 3 3 100 1 10 12 1 10 7 12 1 1 1 10 12 1 3 9 12 1 10 12 1 1 3 10 12 1 10 10 7 12 1 1 1 10 12 1 1 10 100 1 10 10 12 1 10 12 1 10 12 1 10 10 12 1 1 10 12 1 10 12 1 10 12 1 100 1 10 10 10 12 100 1 10 10 10 12 1 1 10 12 1 1 10 10 12 1 8 10 100 1 10 12 1 10 100 1 10 12 1 10 12 1 10 12 1 10 10 12 1 10 12 1 1 10 12 1 1 10 12 1 10 12 1 10 12 1 100 1 10 12 1 1 100 1 8 1 10 7 1 10 12 1 10 12 10 12 1 1 10 12 1 10 12 1 8 1 8 1 8 1 8 1 10 12 1 10 12 1 10 12 1 1 8 1 8 1 10 12 1 8 1 10 10 12 1 10 12 1 8 1 8 1 10 10 12 1 8 1 10 100 12 1 1 1 8 1 10 12 1 10 12 1 1 10 12 1 8 1 8 1 8 1 8 1 100 1 10 8 1 8 1 8 1 8 1 10 12 1 100 1 100 1 100 1 10 100 1 10 100 1 10 100 12 1 1 1 9 7 12 1 1 1 100 1 100 1 1 1 1 1 1 1 3 1 3 1 3 1 3 1 3 1 3 1 1 1 1 1 1 1 1 3 1 3 1 1 1 1 3 1 1 1 1 1 1 1 1 1 1 1 1 1 1 1 1 1 1 1 1 1 1 1 1 1 1 1 1 1 1 1 1 1 1 1 1 1 1 1 1 1 1 1 1 1 1 1 1 1 1 1 1 1 1 1 1 1 1 1 1 1 1 1 1 1 1 1 1 1 1 1 1 1 1 1 1 1 1 1 1 1 1 1 1 1 1 1 1 1 1 1 1 1 1 1 1 1 1 1 1 1 1 1 1 1 1 100 1 1 1 1 1 1 1 1 1 1 1 1 1 1 1
staticfield java/lang/invoke/MemberName $assertionsDisabled Z 1
ciInstanceKlass java/lang/invoke/ResolvedMethodName 1 1 16 10 100 12 1 1 1 100 1 1 1 1 1 1 1 1
ciInstanceKlass java/lang/StackWalker 1 1 235 9 7 12 1 1 1 10 7 12 1 1 1 7 1 10 7 12 1 1 1 10 12 1 1 11 7 12 1 1 1 10 12 1 1 10 12 1 1 10 12 1 1 100 1 8 1 10 12 1 10 12 1 10 12 1 10 7 12 1 1 9 12 1 1 9 12 1 1 9 12 1 1 9 12 1 1 10 12 1 1 9 12 1 1 10 7 12 1 1 1 11 12 1 1 100 1 8 1 10 10 100 12 1 1 9 12 1 1 10 12 1 1 10 7 12 1 1 1 10 7 12 1 1 1 18 12 1 1 100 1 8 1 10 10 12 1 1 10 100 12 1 1 1 9 7 12 1 1 11 100 12 1 1 1 10 12 1 1 1 1 1 1 1 1 1 1 1 1 1 1 1 1 1 1 1 1 1 1 1 1 1 1 1 1 1 1 1 1 1 1 1 1 1 1 1 1 1 1 1 1 1 1 1 1 1 1 1 100 1 1 15 10 100 12 1 1 1 16 15 10 12 16 1 1 1 1 1 1 1 100 1 100 1 1
staticfield java/lang/StackWalker DEFAULT_EMPTY_OPTION Ljava/util/EnumSet; java/util/RegularEnumSet
staticfield java/lang/StackWalker DEFAULT_WALKER Ljava/lang/StackWalker; java/lang/StackWalker
instanceKlass java/lang/StackStreamFactory$StackFrameTraverser
ciInstanceKlass java/lang/StackStreamFactory$AbstractStackWalker 1 1 306 7 1 100 1 3 10 7 12 1 1 1 10 7 12 1 1 10 7 12 1 1 1 9 12 1 1 10 12 1 1 9 12 1 1 9 12 1 1 9 12 1 1 9 12 1 9 7 12 1 1 1 10 7 12 1 1 1 10 12 1 1 9 12 1 1 10 7 12 1 1 1 10 12 1 1 9 12 1 1 9 100 12 1 1 1 100 1 10 8 1 10 12 1 1 10 12 1 8 1 10 12 1 1 10 100 12 1 1 1 100 1 8 1 10 12 1 8 1 10 12 9 7 12 1 1 1 10 7 12 1 1 9 12 1 8 1 5 0 8 1 8 1 9 12 1 1 10 12 1 1 10 12 1 1 10 12 1 9 12 1 10 12 1 10 12 1 10 12 1 10 12 1 1 10 12 1 10 12 1 1 8 1 10 12 1 10 12 1 10 12 1 10 12 1 1 8 1 10 12 1 1 10 12 1 1 10 12 1 1 10 12 1 10 12 1 10 7 12 1 1 1 9 12 1 8 1 10 12 1 10 12 1 10 12 1 10 12 1 10 12 1 10 12 1 10 12 1 1 10 12 1 1 10 12 1 1 10 12 1 8 1 1 1 1 1 1 1 1 1 1 1 1 1 1 1 1 1 1 100 1 1 1 1 100 1 1 1 1 1 1 1 1 1 1 1 1 1 1 1 1 1 1 1 1 1
ciInstanceKlass jdk/internal/module/Modules 1 1 504 10 100 12 1 1 1 9 7 12 1 1 1 11 7 12 1 1 1 11 12 1 1 11 12 1 1 11 12 1 1 11 12 1 11 12 1 11 12 1 11 12 1 11 12 1 1 10 100 12 1 1 1 10 100 12 1 1 1 18 12 1 1 10 100 12 1 1 1 100 1 10 100 12 1 1 1 10 100 12 1 1 1 10 100 12 1 1 10 12 1 1 11 12 1 9 12 1 1 11 100 12 1 1 1 10 12 1 1 10 10 12 1 10 9 12 1 1 10 7 12 1 1 10 12 1 1 10 100 12 1 1 100 1 11 100 12 1 1 1 10 100 12 1 1 1 11 100 12 1 1 10 12 1 1 10 100 12 1 1 10 100 12 1 1 1 10 12 1 1 10 12 1 1 11 12 1 1 18 12 1 1 11 100 12 1 1 10 100 12 1 1 1 11 100 12 1 1 1 100 1 11 12 1 1 11 100 12 1 1 1 11 12 1 1 10 12 1 1 10 100 12 1 1 18 12 1 1 11 12 1 1 18 12 1 1 11 12 1 1 10 12 1 18 18 10 12 1 1 9 12 1 1 11 100 12 1 1 1 100 1 10 11 12 1 11 12 1 1 11 12 1 1 10 100 1 10 12 1 1 10 100 12 1 1 10 12 1 1 11 12 10 12 1 1 100 1 10 18 12 1 10 12 1 1 100 1 8 1 10 12 1 10 100 12 1 1 18 12 1 11 11 12 10 12 1 10 10 100 1 18 12 1 10 10 10 7 12 1 1 10 7 12 1 1 1 10 12 1 1 1 1 1 1 1 1 1 1 1 1 1 1 1 1 1 1 1 1 1 1 1 1 1 1 1 1 1 1 1 1 1 100 1 1 1 1 1 1 1 1 1 1 1 1 1 1 1 1 1 1 1 1 1 1 1 1 1 1 1 1 1 1 1 1 1 1 1 100 1 1 1 1 1 1 1 1 1 1 1 1 1 1 1 1 1 1 1 1 1 1 1 15 10 100 12 1 1 1 16 15 10 12 1 16 16 15 10 12 1 16 1 16 1 15 10 12 1 16 1 16 1 15 10 12 16 1 15 10 16 1 15 10 12 16 1 15 10 12 16 15 10 12 16 15 10 12 1 1 1 100 1 100 1 1
staticfield jdk/internal/module/Modules JLA Ljdk/internal/access/JavaLangAccess; java/lang/System$2
staticfield jdk/internal/module/Modules JLMA Ljdk/internal/access/JavaLangModuleAccess; java/lang/module/ModuleDescriptor$1
staticfield jdk/internal/module/Modules $assertionsDisabled Z 1
ciInstanceKlass java/util/Deque 1 0 80 100 1 100 1 100 1 1 1 1 1 1 1 1 1 1 1 1 1 1 1 1 1 1 1 1 1 1 1 1 1 1 1 1 1 1 1 1 1 1 1 1 1 1 1 1 1 1 1 1 100 1 8 1 1 12 10 1 1 1 8 1 1 1 8 1 1 1 8 1 1 8 1 1 1 8 1 1 8 1
instanceKlass java/util/LinkedHashMap$Entry
ciInstanceKlass java/util/HashMap$Node 1 1 95 10 7 12 1 1 1 9 7 12 1 1 1 9 12 1 1 9 12 1 9 12 1 1 100 1 10 10 12 1 1 8 1 10 12 1 10 12 1 1 10 100 12 1 1 1 100 1 11 12 1 1 10 12 1 1 11 12 1 1 1 1 1 1 1 1 1 1 1 1 1 1 1 1 1 1 1 1 1 1 1 1 1 1 1 1 1 1 100 1 1 1 100 1 1
instanceKlass java/util/HashMap$TreeNode
ciInstanceKlass java/util/LinkedHashMap$Entry 1 1 41 10 7 12 1 1 1 100 1 1 1 1 1 1 1 1 1 1 1 1 1 1 1 1 1 1 1 1 1 1 1 1 1 1 100 1 1 100 1 1 1
ciInstanceKlass java/util/HashMap$TreeNode 0 0 250 7 1 10 7 12 1 1 1 9 7 12 1 1 1 9 12 1 1 9 12 1 9 12 1 1 9 12 1 1 10 12 1 1 100 1 10 12 1 9 12 1 9 12 1 9 12 1 1 10 7 12 1 1 1 10 12 1 1 10 12 1 1 10 12 1 1 10 12 1 1 10 12 1 1 10 7 12 1 1 1 10 7 12 1 1 1 10 7 12 1 1 1 9 12 1 10 12 1 1 10 12 1 1 10 12 1 1 10 12 1 1 9 100 1 10 12 1 1 10 12 1 1 10 12 1 10 12 1 1 10 12 1 10 12 1 10 12 1 1 1 1 1 1 1 1 1 1 1 1 1 1 1 1 1 1 1 1 1 1 1 1 1 1 100 1 1 1 1 1 1 1 1 1 1 1 1 1 1 1 1 1 1 1 1 1 1 1 1 1 1 1 1 1 1 1 1 1 1 1 1 1 1 1 1 1 1 1 1 1 1 1 1 1 1 1 1 1 1 1 1 1 1 1 1 1 1 1 1 1 1 1 1 1 1 1 1 1 1 1 1 1 1 1 1 100 1 1 1 1
ciInstanceKlass java/util/ArrayDeque 1 1 438 100 1 9 7 12 1 1 1 3 10 12 1 1 10 100 12 1 1 1 9 12 1 1 9 12 1 10 100 12 1 1 1 100 1 8 1 10 12 1 1 3 10 7 12 1 1 7 1 11 100 12 1 1 1 10 12 1 10 12 1 1 100 1 10 100 1 10 10 12 1 10 12 1 10 12 1 10 18 12 1 1 11 12 1 1 10 12 1 1 10 12 1 10 12 1 1 100 1 10 10 12 1 10 12 1 1 10 12 1 1 10 12 1 1 10 12 1 10 12 1 10 12 1 10 12 1 10 12 1 1 7 1 10 12 1 100 1 10 100 1 10 10 100 12 1 1 1 11 100 12 1 10 12 1 1 18 12 1 1 18 11 100 12 1 10 12 1 1 10 12 1 1 10 12 1 1 10 12 1 1 10 12 1 1 10 12 1 100 10 12 1 1 10 12 1 1 10 12 1 1 10 100 12 1 1 10 12 1 100 1 100 1 10 10 100 12 1 1 10 12 1 10 12 1 10 100 12 1 1 10 12 1 10 100 12 1 1 1 11 100 12 1 1 1 10 12 1 100 1 9 12 1 1 8 1 10 12 1 1 10 100 12 1 1 1 8 1 10 12 1 1 10 12 1 11 12 1 100 1 100 1 100 1 1 1 1 1 5 0 1 1 1 1 1 1 1 1 1 1 1 1 1 1 1 1 1 1 1 1 1 1 1 1 1 1 1 1 1 1 1 1 1 1 1 1 1 1 1 1 1 1 1 1 1 1 1 1 1 1 1 1 1 1 1 1 1 1 1 1 1 1 1 1 1 1 1 1 1 1 1 1 1 1 1 1 1 1 1 1 1 1 1 1 1 1 100 1 1 1 1 1 1 1 1 100 1 1 1 1 1 1 1 1 1 1 1 100 1 1 1 100 1 1 1 1 1 1 1 1 1 1 1 15 10 100 12 1 1 1 16 15 16 15 10 12 15 10 12 1 1 1 1 100 1 100 1 1
ciMethod java/util/ArrayDeque isEmpty ()Z 5034 0 73074 0 96
ciMethod java/util/ArrayDeque peek ()Ljava/lang/Object; 512 0 80482 0 128
ciMethod java/util/ArrayDeque push (Ljava/lang/Object;)V 4110 0 68185 0 448
ciMethod java/util/ArrayDeque pop ()Ljava/lang/Object; 4106 0 68530 0 256
ciMethod java/util/ArrayDeque addFirst (Ljava/lang/Object;)V 154 0 68023 0 448
ciMethod java/util/ArrayDeque pollFirst ()Ljava/lang/Object; 512 0 70797 0 224
ciMethod java/util/ArrayDeque removeFirst ()Ljava/lang/Object; 150 0 66552 0 0
ciMethod java/util/ArrayDeque peekFirst ()Ljava/lang/Object; 512 0 80482 0 0
ciInstanceKlass java/util/Collections$EmptyIterator 1 1 57 10 7 12 1 1 1 100 1 10 100 1 10 10 100 12 1 1 1 7 1 10 9 12 1 1 100 1 1 1 1 1 1 1 1 1 1 1 1 1 1 1 1 1 1 1 1 1 1 1 1 1 1 100 1 1 1
staticfield java/util/Collections$EmptyIterator EMPTY_ITERATOR Ljava/util/Collections$EmptyIterator; java/util/Collections$EmptyIterator
ciMethod java/util/ArrayDeque inc (II)I 512 0 73871 0 0
ciMethod java/util/ArrayDeque dec (II)I 416 0 68026 0 0
ciMethod java/util/ArrayDeque elementAt ([Ljava/lang/Object;I)Ljava/lang/Object; 512 0 151282 0 0
ciMethod java/util/ArrayDeque grow (I)V 0 0 1 0 -1
ciMethod java/util/HashMap$TreeNode getTreeNode (ILjava/lang/Object;)Ljava/util/HashMap$TreeNode; 4 0 1 0 -1
ciMethod java/util/Deque isEmpty ()Z 0 0 1 0 -1
ciMethod java/util/Deque peek ()Ljava/lang/Object; 0 0 1 0 -1
ciMethod java/util/Deque push (Ljava/lang/Object;)V 0 0 1 0 -1
ciMethod java/util/Deque pop ()Ljava/lang/Object; 0 0 1 0 -1
ciMethod java/util/HashMap getNode (Ljava/lang/Object;)Ljava/util/HashMap$Node; 1016 42 59244 0 1056
ciMethod java/util/HashMap hash (Ljava/lang/Object;)I 1024 0 180342 0 192
ciMethod java/util/List iterator ()Ljava/util/Iterator; 0 0 1 0 -1
ciMethod java/util/Map containsKey (Ljava/lang/Object;)Z 0 0 1 0 -1
ciMethod java/util/Iterator hasNext ()Z 0 0 1 0 -1
ciMethod java/util/Iterator next ()Ljava/lang/Object; 0 0 1 0 -1
ciMethod java/lang/Object <init> ()V 1024 0 4481265 0 128
ciInstanceKlass sun/security/util/ObjectIdentifier 1 1 406 10 100 12 1 1 1 9 7 12 1 1 1 9 12 1 1 100 1 8 1 10 12 1 1 100 1 10 12 1 1 9 12 1 1 10 12 1 1 10 12 1 1 10 100 10 12 1 1 9 12 1 1 10 12 1 1 9 100 12 1 1 1 10 100 12 1 1 10 7 12 1 10 7 12 1 1 1 10 12 1 1 10 12 1 1 10 12 1 100 1 10 10 12 1 1 10 12 1 10 12 1 1 10 12 1 1 10 12 1 1 10 12 1 10 12 1 1 10 7 12 1 1 1 10 12 10 12 1 10 12 10 12 1 10 12 1 10 7 12 1 1 1 9 12 1 1 100 1 100 1 7 1 10 8 1 10 12 1 1 10 12 1 1 10 10 12 1 10 100 12 1 1 1 10 100 12 1 1 1 3 9 12 1 1 10 7 12 1 1 1 10 10 12 1 1 10 7 12 1 1 100 1 10 12 1 10 7 12 1 1 1 10 7 12 1 1 1 10 12 1 1 10 12 1 1 10 12 1 5 0 10 12 1 5 0 10 12 1 1 10 12 1 1 10 12 10 12 1 8 1 10 12 1 10 12 1 9 12 1 100 1 8 1 10 12 1 8 1 10 12 1 10 12 1 1 8 1 10 8 1 8 1 8 1 10 12 1 9 12 1 1 8 1 5 0 8 1 8 1 8 1 8 1 8 1 8 1 10 7 12 1 1 1 10 100 1 1 1 3 1 1 5 0 1 1 1 1 1 1 1 1 1 1 1 1 1 1 100 1 1 1 1 1 1 1 1 1 1 1 1 1 1 1 1 1 1 1 1 1 1 1 1 1 1 1 1 1 1 1 1 1 1 1 1 1 1 1 1 1 1 1 1 1 1 1 1 1 1 1 1 1 1 1 1 1 1 1 1 1 1 1 1 1 1 1
staticfield sun/security/util/ObjectIdentifier $assertionsDisabled Z 1
instanceKlass com/google/inject/internal/asm/$MethodTooLargeException
instanceKlass com/google/inject/internal/asm/$ClassTooLargeException
instanceKlass java/lang/ArrayIndexOutOfBoundsException
ciInstanceKlass java/lang/IndexOutOfBoundsException 1 0 49 10 100 12 1 1 1 10 12 1 100 1 10 8 1 10 12 1 1 10 12 1 10 12 1 1 10 12 1 100 1 1 1 1 5 0 1 1 1 1 1 1 1 1 1 1 1 1 1
ciInstanceKlass java/lang/AssertionError 0 0 79 10 100 12 1 1 1 10 12 1 10 100 12 1 1 1 10 100 1 100 1 10 12 1 1 10 12 1 10 12 1 10 12 1 10 12 1 10 12 1 10 12 1 10 12 1 1 1 1 5 0 1 1 1 1 1 1 1 1 1 1 100 1 1 1 1 1 1 1 1 1 1 1 1 1 1 1 1 1
ciInstanceKlass java/util/NoSuchElementException 0 0 34 10 100 12 1 1 1 10 12 1 10 12 1 10 12 1 100 1 1 1 1 5 0 1 1 1 1 1 1 1 1 1 1 1
ciInstanceKlass java/nio/file/FileTreeWalker$DirectoryNode 1 1 60 10 7 12 1 1 1 9 7 12 1 1 1 9 12 1 1 9 12 1 1 11 7 12 1 1 1 9 12 1 9 12 1 1 1 1 1 1 1 1 1 1 1 1 1 1 1 1 1 1 1 1 1 1 1 1 100 1 1 1
ciInstanceKlass com/google/common/base/Preconditions 1 1 226 10 100 10 10 10 10 100 10 10 10 100 10 10 100 10 10 8 10 100 10 10 8 100 10 8 10 10 10 8 10 10 8 10 8 8 8 7 1 1 1 1 1 1 1 1 1 1 1 1 1 1 1 1 1 1 1 1 1 1 1 1 1 1 1 1 1 1 1 1 1 1 1 1 1 1 1 1 1 1 1 1 1 1 1 1 1 1 1 1 1 1 1 1 1 1 1 1 1 1 1 1 1 1 1 1 1 1 1 1 1 1 1 1 1 1 1 1 1 1 1 1 1 1 1 1 1 1 1 1 1 1 1 1 1 1 1 1 1 1 1 1 1 1 1 1 1 1 1 1 1 1 1 1 1 1 1 1 1 1 1 1 1 1 1 1 1 1 1 1 1 1 12 1 100 12 12 100 12 1 100 12 100 12 100 12 1 1 12 1 12 1 1 12 1 12 12 12 1 12 12 1 12 1 1 1 1 1 1 1 1 1 1 1 1 1 1 1 1 1 1 1 1 1 1 1
instanceKlass com/google/common/collect/SinglePrependList
instanceKlass com/google/common/collect/SingleAppendList
instanceKlass com/google/common/collect/PairList
instanceKlass com/google/common/collect/ImmutableList$SubList
instanceKlass com/google/common/collect/RegularImmutableList
instanceKlass com/google/common/collect/ImmutableList$ReverseImmutableList
instanceKlass com/google/common/collect/SingletonImmutableList
instanceKlass com/google/common/collect/RegularImmutableMap$Values
instanceKlass com/google/common/collect/Lists$StringAsImmutableList
instanceKlass com/google/common/collect/ImmutableAsList
ciInstanceKlass com/google/common/collect/ImmutableList 1 1 462 10 9 7 10 7 10 100 3 8 10 10 10 7 10 11 10 7 10 10 10 10 11 11 10 11 10 7 10 10 10 10 10 7 100 10 100 10 10 10 10 10 10 10 7 10 10 10 10 7 10 10 10 11 10 10 10 10 10 7 10 100 10 18 10 100 10 10 10 100 8 10 100 10 8 10 10 10 10 7 7 100 1 1 1 1 1 1 1 1 1 1 1 1 1 1 1 1 1 1 1 1 1 1 1 1 1 1 1 1 1 1 1 1 1 1 1 1 1 1 1 1 1 1 1 1 1 1 1 1 1 1 1 1 1 1 1 1 1 1 1 1 1 1 1 1 1 1 1 1 1 1 1 1 1 1 1 1 1 1 1 1 1 1 1 1 1 1 1 1 1 1 1 1 1 1 1 1 1 1 1 1 1 1 1 1 1 1 1 1 1 1 1 1 1 1 1 1 1 1 1 1 1 1 1 1 1 1 1 1 1 1 1 1 1 1 1 1 1 1 1 1 1 1 1 1 1 1 1 1 1 1 1 1 1 1 1 1 1 1 1 1 1 1 1 1 1 1 1 1 1 1 1 1 1 1 1 1 1 1 1 1 1 1 1 1 1 1 1 1 1 1 1 1 1 1 1 1 1 1 1 1 1 1 1 1 1 1 1 1 3 1 100 12 12 1 12 1 12 1 1 7 12 7 12 12 1 12 7 12 12 1 12 12 12 12 7 12 12 12 12 1 12 12 12 12 7 12 1 100 12 7 12 7 12 12 12 12 7 12 12 1 12 12 12 1 12 12 12 100 12 7 12 12 12 12 12 1 1 1 15 16 15 12 7 12 1 12 12 12 1 1 12 1 100 12 12 12 12 1 1 1 1 1 1 1 1 1 1 1 1 1 1 1 1 1 1 1 1 1 1 1 1 1 1 1 1 1 1 1 1 1 1 1 1 1 1 1 1 1 1 1 1 1 1 1 1 10 11 1 1 1 1 1 1 1 1 1 1 1 1 1 7 12 1 1 100 1 1 100 1 1 1 100 1 8 1 1 12 10 1 1
ciInstanceKlass com/google/common/collect/Iterators 1 1 541 10 10 9 9 10 100 100 10 11 11 10 10 11 11 11 10 100 10 10 8 10 10 10 8 8 100 10 10 10 10 11 10 100 10 10 10 100 10 7 10 10 10 100 10 100 10 10 10 100 10 7 10 10 10 10 100 10 10 10 8 10 7 10 10 10 100 10 8 10 8 8 10 10 8 10 8 10 8 100 10 100 10 10 10 10 7 10 7 10 100 10 100 10 100 10 100 8 8 100 10 100 7 100 1 1 1 1 1 7 1 1 1 1 1 1 1 1 1 1 1 1 1 1 1 1 1 1 1 1 1 1 1 1 1 1 1 1 1 1 1 1 1 1 1 1 1 1 1 1 1 1 1 1 1 1 1 1 1 1 1 1 1 1 1 1 1 1 1 1 1 1 1 1 1 1 1 1 1 1 1 1 1 1 1 1 1 1 1 1 1 1 1 1 1 1 1 1 1 1 1 1 1 1 1 1 1 1 1 1 1 1 1 1 1 1 1 1 1 1 1 1 1 1 1 1 1 1 1 1 1 1 1 1 1 1 1 1 1 1 1 1 1 1 1 1 1 1 1 1 1 1 1 1 1 1 1 1 1 1 1 1 1 1 1 1 1 1 1 1 1 1 1 1 1 1 1 1 1 1 1 1 1 1 1 1 1 1 1 1 1 1 1 1 1 1 1 1 1 1 1 1 1 1 1 1 1 1 1 1 1 1 1 1 1 1 1 1 1 1 1 1 1 1 1 1 1 1 1 1 1 1 1 1 1 1 1 1 1 1 1 1 1 1 1 1 1 1 1 1 1 1 1 1 1 1 1 1 1 1 1 1 1 1 1 1 1 1 1 1 1 3 12 12 12 12 7 12 1 1 12 12 12 100 12 12 7 12 12 7 12 100 12 1 12 1 12 12 12 1 1 1 12 12 100 12 100 12 12 12 1 12 12 12 1 12 1 12 12 100 12 12 1 12 12 1 12 1 12 100 12 12 12 1 100 12 12 12 1 12 12 12 1 12 1 12 1 1 12 1 12 1 12 1 1 12 1 12 12 12 1 12 1 12 1 12 1 1 1 1 12 1 1 1 1 1 1 1 1 1 1 1 1 1 1 1 1 1 1 1 1 1 1 1 1 1 1 1 1 1 1 1 1 1 1 1 1 1 1 1 1 1 1 1 1 1 1 1 1 1 1 1 1 1 1 1 1 1 1 1 1 1 1 1 1 1 1 1 1 1 1
instanceKlass com/google/common/collect/AbstractSequentialIterator
instanceKlass com/google/common/collect/ImmutableMultimap$1
instanceKlass com/google/common/collect/ImmutableMultimap$2
instanceKlass com/google/common/collect/ImmutableMap$1
instanceKlass com/google/common/collect/Maps$8
instanceKlass com/google/common/collect/Iterators$MergingIterator
instanceKlass com/google/common/collect/Iterators$10
instanceKlass com/google/common/collect/Iterators$4
instanceKlass com/google/common/collect/Iterators$1
instanceKlass com/google/common/collect/Iterators$9
instanceKlass com/google/common/collect/UnmodifiableListIterator
instanceKlass com/google/common/collect/AbstractIterator
ciInstanceKlass com/google/common/collect/UnmodifiableIterator 1 1 51 10 100 10 100 7 100 1 1 1 1 1 1 1 1 1 1 1 1 1 1 1 1 1 1 1 1 1 1 1 1 1 12 1 1 1 1 1 100 1 8 1 1 12 10 1 1 1 8 1 1
instanceKlass com/google/common/collect/AbstractIndexedListIterator
ciInstanceKlass com/google/common/collect/UnmodifiableListIterator 1 1 72 10 100 10 100 7 100 1 1 1 1 1 1 1 1 1 1 1 1 1 1 1 1 1 1 1 1 1 1 1 1 1 1 1 1 1 1 1 1 1 12 1 1 1 1 1 100 1 8 1 1 12 10 1 1 1 8 1 1 8 1 1 1 8 1 1 1 8 1 1 8 1
ciInstanceKlass com/google/common/collect/Iterators$9 1 1 45 9 10 9 100 10 7 7 1 1 1 1 1 1 1 1 1 1 1 1 1 1 1 1 1 1 1 1 1 1 1 1 1 100 12 12 12 12 1 1 1 1 1 1 1
instanceKlass com/google/common/collect/ImmutableList$1
instanceKlass com/google/common/collect/Iterators$ArrayItr
ciInstanceKlass com/google/common/collect/AbstractIndexedListIterator 1 1 67 10 10 10 9 9 10 100 10 10 10 7 7 1 1 1 1 1 1 1 1 1 1 1 1 1 1 1 1 1 1 1 1 1 1 1 1 1 1 1 1 1 1 1 1 1 1 1 1 1 1 12 12 7 12 12 12 12 1 12 12 1 1 1 1 1 1
ciInstanceKlass com/google/common/collect/Iterators$ArrayItr 1 1 55 10 9 9 7 7 10 9 7 1 1 1 1 1 1 1 1 1 1 1 1 1 1 1 1 1 1 1 1 1 1 1 1 1 1 1 1 1 1 1 1 1 1 1 12 12 12 100 1 1 12 12 1 1 1
staticfield com/google/common/collect/Iterators$ArrayItr EMPTY Lcom/google/common/collect/UnmodifiableListIterator; com/google/common/collect/Iterators$ArrayItr
instanceKlass apex/jorje/semantic/symbol/member/method/signature/SignatureEquivalence
instanceKlass apex/jorje/semantic/symbol/type/TypeInfoEquivalence
instanceKlass com/google/common/base/FunctionalEquivalence
instanceKlass com/google/common/base/PairwiseEquivalence
instanceKlass com/google/common/base/Equivalence$Identity
instanceKlass com/google/common/base/Equivalence$Equals
ciInstanceKlass com/google/common/base/Equivalence 1 1 117 10 10 10 10 100 10 7 10 100 10 100 10 9 9 7 7 100 100 1 7 1 7 1 1 1 1 1 1 1 1 1 1 1 1 1 1 1 1 1 1 1 1 1 1 1 1 1 1 1 1 1 1 1 1 1 1 1 1 1 1 1 1 1 1 1 1 1 1 1 1 1 1 1 1 1 1 1 3 1 1 1 1 1 1 1 1 1 1 1 12 12 12 12 1 12 1 12 1 12 1 12 12 12 1 1 1 1 1 1 1 1 1 1 1 1 1
ciInstanceKlass com/google/common/base/Equivalence$Equals 1 1 52 10 10 10 9 7 10 7 100 1 1 1 1 1 1 1 5 0 1 1 1 1 1 1 1 1 1 1 1 1 1 1 1 1 1 1 1 1 1 12 7 12 12 12 1 1 1 1 1 1 1 1
staticfield com/google/common/base/Equivalence$Equals INSTANCE Lcom/google/common/base/Equivalence$Equals; com/google/common/base/Equivalence$Equals
ciInstanceKlass com/google/common/base/Equivalence$Identity 1 1 47 10 10 9 7 10 7 100 1 1 1 1 1 1 1 5 0 1 1 1 1 1 1 1 1 1 1 1 1 1 1 1 1 1 1 1 1 1 12 7 12 12 1 1 1 1 1
staticfield com/google/common/base/Equivalence$Identity INSTANCE Lcom/google/common/base/Equivalence$Identity; com/google/common/base/Equivalence$Identity
ciInstanceKlass com/google/common/collect/ImmutableList$1 1 1 40 9 10 10 7 7 1 1 1 1 1 1 1 1 1 1 1 1 1 1 1 1 1 1 1 1 1 1 1 7 12 12 12 12 1 1 1 1 1 1
ciInstanceKlass com/google/common/collect/SingletonImmutableList 1 1 123 10 10 9 10 10 10 11 10 10 10 10 10 100 10 10 10 10 10 10 7 7 1 1 1 1 1 1 1 1 1 1 1 1 1 1 1 1 1 1 1 1 1 1 1 1 1 1 1 1 1 1 1 1 1 1 1 1 1 1 1 1 1 1 1 1 1 1 1 3 1 12 7 12 12 12 7 12 7 12 7 12 12 12 100 12 100 12 12 1 12 12 12 12 12 1 1 1 1 1 1 1 1 1 1 1 1 1 1 1 1 1 1 1 1 1 1 1 1 1 1 1 1
ciInstanceKlass com/google/common/collect/RegularImmutableList 1 1 90 10 9 10 10 100 10 10 7 7 10 9 7 1 1 1 1 1 1 1 1 1 1 1 1 1 1 1 1 1 1 1 1 1 1 1 1 1 1 1 1 1 1 1 1 1 1 1 1 1 1 1 1 1 1 1 1 1 1 1 1 1 1 1 1 3 1 12 12 7 12 7 12 1 7 12 12 1 1 12 12 1 1 1 1 1 1 1 1 1
staticfield com/google/common/collect/RegularImmutableList EMPTY Lcom/google/common/collect/ImmutableList; com/google/common/collect/RegularImmutableList
instanceKlass apex/jorje/semantic/ast/statement/ConstructorPreambleStatement$1
instanceKlass apex/jorje/semantic/ast/statement/ConstructorPreambleStatement$2
instanceKlass apex/jorje/semantic/ast/expression/ResetLazyLabelsVisitor
instanceKlass apex/jorje/semantic/ast/expression/BooleanExpression$1
instanceKlass apex/jorje/semantic/ast/expression/BinaryExpression$1
instanceKlass apex/jorje/semantic/ast/condition/StandardCondition$1
instanceKlass apex/jorje/semantic/ast/visitor/InitializeUseBeforeDefinedVisitor
instanceKlass apex/jorje/semantic/ast/statement/BlockStatement$1
instanceKlass apex/jorje/semantic/ast/visitor/DefaultAstVisitor
instanceKlass apex/jorje/semantic/ast/expression/ExpressionUtil$17
instanceKlass apex/jorje/semantic/ast/expression/ExpressionUtil$16
instanceKlass apex/jorje/semantic/ast/expression/ExpressionUtil$15
instanceKlass apex/jorje/semantic/ast/expression/ExpressionUtil$14
instanceKlass apex/jorje/semantic/ast/expression/ExpressionUtil$13
instanceKlass apex/jorje/semantic/ast/expression/ExpressionUtil$12
instanceKlass apex/jorje/semantic/ast/expression/ExpressionUtil$11
instanceKlass apex/jorje/semantic/ast/expression/ExpressionUtil$10
instanceKlass apex/jorje/semantic/ast/expression/ExpressionUtil$9
instanceKlass apex/jorje/semantic/ast/expression/ExpressionUtil$8
instanceKlass apex/jorje/semantic/ast/expression/ExpressionUtil$7
instanceKlass apex/jorje/semantic/ast/expression/ExpressionUtil$6
instanceKlass apex/jorje/semantic/ast/expression/ExpressionUtil$5
instanceKlass apex/jorje/semantic/ast/expression/ExpressionUtil$4
instanceKlass apex/jorje/semantic/ast/expression/ExpressionUtil$3
instanceKlass apex/jorje/semantic/ast/expression/ExpressionUtil$2
instanceKlass apex/jorje/semantic/ast/expression/ExpressionUtil$1
instanceKlass apex/jorje/semantic/common/PrintVisitor
instanceKlass apex/jorje/semantic/ast/visitor/reference/ReferenceVisitor
instanceKlass apex/jorje/semantic/ast/visitor/SymbolVisitor
instanceKlass apex/jorje/semantic/ast/visitor/PostTypeResolveVisitor
instanceKlass apex/jorje/semantic/ast/visitor/MemberResolveVisitor
instanceKlass apex/jorje/semantic/ast/visitor/ParentVisitor
instanceKlass apex/jorje/lsp/impl/db/nddb/NdApexIndex$1
instanceKlass apex/jorje/lsp/impl/codeLens/ApexTestRunCodeLensesProvider$Visitor
instanceKlass apex/jorje/lsp/impl/codeActions/quickFix/DeclareMissingMethodProvider$1
instanceKlass apex/jorje/lsp/impl/visitors/ExceptionBreakpointVisitor
instanceKlass apex/jorje/lsp/impl/visitors/LineBreakpointVisitor
instanceKlass apex/jorje/lsp/impl/visitors/ReferenceSourceVisitor
instanceKlass apex/jorje/lsp/impl/definition/StandardSymbolsDefinitionStrategy$LocalSymbolVisitor
instanceKlass apex/jorje/lsp/impl/search/StandardMemberDefinitionLocator$NullDefinitionLocator
instanceKlass apex/jorje/lsp/impl/search/StandardMemberDefinitionLocator$MethodDefinitionLocator
instanceKlass apex/jorje/lsp/impl/search/StandardMemberDefinitionLocator$FieldDefinitionLocator
instanceKlass apex/jorje/lsp/impl/search/StandardMemberDefinitionLocator$CompliationUnitLocator
instanceKlass apex/jorje/lsp/impl/completions/soql/EmbeddedSoqlCompletionStrategy$SoqlExpressionVisitor
instanceKlass apex/jorje/lsp/impl/completions/LocalVariableNamesCompletionStrategy$MethodVisitor
instanceKlass apex/jorje/lsp/impl/services/ApexPreludeManagedService$2
instanceKlass apex/jorje/lsp/impl/visitors/ApexOASContextVisitor
instanceKlass apex/jorje/lsp/impl/visitors/ApexOASEligibleSymbolVisitor
instanceKlass apex/jorje/lsp/impl/visitors/codeActions/DeclareMissingMethodVisitor$1
instanceKlass apex/jorje/lsp/impl/visitors/DocCommentVisitor
instanceKlass apex/jorje/lsp/impl/visitors/codeActions/ParameterPlaceholderVisitor
instanceKlass apex/jorje/lsp/impl/visitors/CodeActionVisitor
instanceKlass apex/jorje/lsp/impl/visitors/FieldNameConflictVisitor
instanceKlass apex/jorje/lsp/impl/visitors/MethodNameConflictVisitor
instanceKlass apex/jorje/lsp/impl/visitors/InnerUserClassVisitor
instanceKlass apex/jorje/lsp/impl/visitors/codeActions/DeclareMissingMethodVisitor
instanceKlass apex/jorje/lsp/impl/visitors/StandardDocumentSymbolVisitor
instanceKlass apex/jorje/lsp/impl/completions/triggers/TriggerValidationBasedCompletionActivationStrategy$ContextDeterminer
instanceKlass apex/jorje/lsp/impl/completions/SObjectCompletionActivationStrategy$ContextDeterminer
instanceKlass apex/jorje/lsp/impl/completions/StringCompletionActivationStrategy$ContextDeterminer
instanceKlass apex/jorje/lsp/impl/completions/ValidationBasedCompletionActivationStrategy$ContextDeterminer
ciInstanceKlass apex/jorje/semantic/ast/visitor/AstVisitor 1 1 482 10 7 12 1 1 1 10 7 12 1 1 1 10 100 12 1 1 1 9 100 12 1 1 1 1 1 1 1 1 1 1 1 1 1 1 1 1 1 1 1 1 1 1 1 1 1 1 1 1 1 1 1 1 1 1 1 1 1 1 1 1 1 1 1 1 1 1 1 1 1 1 1 1 1 1 1 1 1 1 1 1 1 1 1 1 1 1 1 1 1 1 1 1 1 1 1 1 1 1 1 1 1 1 1 1 1 1 1 1 1 1 1 1 1 1 1 1 1 1 1 1 1 1 1 1 1 1 1 1 1 1 1 1 1 1 1 1 1 1 1 1 1 1 1 1 1 1 1 1 1 1 1 1 1 1 1 1 1 1 1 1 1 1 1 1 1 1 1 1 1 1 1 1 1 1 1 1 1 1 1 1 1 1 1 1 1 1 1 1 1 1 1 1 1 1 1 1 1 1 1 1 1 1 1 1 1 1 1 1 1 1 1 1 1 1 1 1 1 1 1 1 1 1 1 1 1 1 1 1 1 1 1 1 1 1 1 1 1 1 1 1 1 1 1 1 1 1 1 1 1 1 1 1 1 1 1 1 1 1 1 1 1 1 1 1 1 1 1 1 1 1 1 1 1 1 1 1 1 1 1 1 1 1 1 1 1 1 1 1 1 1 1 1 1 1 1 1 1 1 1 1 1 1 1 1 1 1 1 1 1 1 1 1 1 1 1 1 1 1 1 1 1 1 1 1 1 1 1 1 1 1 1 1 1 1 1 1 1 1 1 1 1 1 1 1 1 1 1 1 1 1 1 1 1 1 1 1 1 1 1 1 1 1 1 1 1 1 1 1 1 1 1 1 1 1 1 1 1 1 1 1 1 1 1 1 1 1 1 1 1 1 1 1 1 1 1 1 1 1 1 1 1 1 1 1 1 1 1 1 1 1 1 1 1 1 1 1 1 1 1 1 1 1 1 1 1 1 1 1 1 1 1 1 1 1 1 1 1 1 1 1 1 1 1 1 1 1 1 1 1 1 1 1 1 1 1 1 1 1 1 1 1 1 1 1 1 1 1 1 1 1 1 1 100 1 100 1 1 100 1 1
ciInstanceKlass apex/jorje/semantic/symbol/type/TypeInfo 1 1 90 18 12 1 1 9 7 12 1 1 1 18 9 12 1 100 1 7 1 1 1 1 1 1 1 1 1 1 1 1 1 1 1 1 1 1 1 1 1 1 1 1 1 1 1 1 1 1 1 1 1 1 1 1 1 1 1 1 1 1 15 10 7 12 1 1 1 16 1 15 11 12 1 16 1 15 11 12 1 1 100 1 100 1 1 100 1 100 1 1
staticfield apex/jorje/semantic/symbol/type/TypeInfo TO_APEX_NAME Ljava/util/function/Function; apex/jorje/semantic/symbol/type/TypeInfo$$Lambda$292+0x00000140e41ea798
staticfield apex/jorje/semantic/symbol/type/TypeInfo TO_BYTECODE_NAME Ljava/util/function/Function; apex/jorje/semantic/symbol/type/TypeInfo$$Lambda$293+0x00000140e41ea9d0
instanceKlass apex/jorje/semantic/ast/visitor/ValueScope
instanceKlass apex/jorje/semantic/ast/visitor/EmitScope
instanceKlass apex/jorje/semantic/ast/visitor/BooleanScope
instanceKlass apex/jorje/semantic/ast/visitor/SymbolScope
instanceKlass apex/jorje/semantic/ast/visitor/NoopScope
instanceKlass apex/jorje/lsp/impl/visitors/DocCommentScope
instanceKlass apex/jorje/lsp/impl/visitors/CodeActionScope
instanceKlass apex/jorje/lsp/impl/visitors/FieldNameConflictScope
instanceKlass apex/jorje/semantic/ast/visitor/AdditionalPassScope
instanceKlass apex/jorje/lsp/impl/visitors/MethodNameConflictScope
instanceKlass apex/jorje/lsp/impl/visitors/InnerUserClassScope
instanceKlass apex/jorje/lsp/impl/visitors/codeActions/MissingMethodScope
ciInstanceKlass apex/jorje/semantic/ast/visitor/Scope 1 1 161 10 7 12 1 1 1 100 1 1 1 1 1 1 1 1 1 1 1 1 1 1 1 1 1 1 1 1 1 1 1 1 1 1 1 1 1 1 1 1 1 1 1 1 1 1 1 1 1 1 1 1 1 1 1 1 1 1 1 1 1 1 1 1 1 1 1 1 1 1 1 1 1 1 1 1 1 1 1 1 1 1 1 1 1 1 1 1 1 1 1 1 1 1 1 1 1 1 1 1 1 1 1 1 1 1 1 1 1 1 1 1 1 1 1 1 1 1 1 1 1 1 1 1 1 1 1 1 1 1 1 1 1 1 1 1 1 1 1 1 1 1 1 1 1 1 1 1 1 1 1 1 1 1 1 1 1 1 1 1 1
ciInstanceKlass apex/jorje/semantic/ast/AstNode 1 0 19 100 1 100 1 100 1 1 1 1 1 1 1 1 1 1 1 1 1
ciInstanceKlass apex/jorje/semantic/ast/member/bridge/BridgeMethodCreator 1 1 288 9 7 12 1 1 1 10 12 1 1 10 7 12 1 1 11 7 12 1 1 1 9 12 1 1 9 12 1 10 100 12 1 1 1 11 100 12 1 1 1 11 100 12 1 1 1 11 100 12 1 1 1 11 12 1 11 12 1 11 100 12 1 1 1 18 12 1 1 11 12 1 1 18 12 1 1 11 12 1 1 10 100 12 1 1 1 9 12 1 1 10 7 12 1 1 1 11 100 12 1 1 1 11 100 12 1 1 1 11 12 1 1 100 1 10 12 1 1 10 12 1 1 10 12 1 1 9 12 1 1 100 1 10 10 12 1 1 11 100 1 100 1 11 12 1 1 100 1 11 12 1 10 12 1 1 10 12 1 1 11 100 12 1 1 1 10 100 12 1 1 11 9 12 1 1 10 7 12 1 1 10 7 12 1 1 10 7 12 1 1 10 7 12 1 1 10 7 12 1 1 10 7 12 1 1 10 7 12 1 1 1 1 1 1 1 1 1 1 1 1 1 1 1 1 1 1 1 1 1 1 1 1 1 1 1 1 1 1 1 1 1 1 1 1 1 1 1 1 1 1 1 1 1 1 1 1 1 1 1 1 15 10 100 12 1 1 1 16 1 15 10 12 16 16 1 15 10 12 16 1 1 1 100 1 100 1 1
staticfield apex/jorje/semantic/ast/member/bridge/BridgeMethodCreator BRIDGES Ljava/util/Set; com/google/common/collect/RegularImmutableSet
staticfield apex/jorje/semantic/ast/member/bridge/BridgeMethodCreator $assertionsDisabled Z 1
instanceKlass apex/jorje/semantic/ast/statement/MultiStatement
instanceKlass apex/jorje/semantic/ast/compilation/ConstructorPreamble
instanceKlass apex/jorje/semantic/ast/statement/ConstructorPreambleStatement
instanceKlass apex/jorje/semantic/ast/statement/Statement$2
instanceKlass apex/jorje/semantic/ast/statement/Statement$1
instanceKlass apex/jorje/semantic/ast/statement/SimpleStatement
instanceKlass apex/jorje/semantic/ast/compilation/UserClassMembers$2
instanceKlass apex/jorje/semantic/ast/member/AccessorFactory$2
instanceKlass apex/jorje/semantic/ast/member/AccessorFactory$3
instanceKlass apex/jorje/semantic/ast/statement/MethodBlockStatement
instanceKlass apex/jorje/semantic/ast/statement/SwitchStatement
instanceKlass apex/jorje/semantic/ast/statement/TryCatchFinallyBlockStatement
instanceKlass apex/jorje/semantic/ast/statement/ExpressionStatement
instanceKlass apex/jorje/semantic/ast/statement/ForEachStatement
instanceKlass apex/jorje/semantic/ast/statement/CatchBlockStatement
instanceKlass apex/jorje/semantic/ast/statement/ForLoopStatement
instanceKlass apex/jorje/semantic/ast/statement/FieldDeclaration
instanceKlass apex/jorje/semantic/ast/statement/DmlUndeleteStatement
instanceKlass apex/jorje/semantic/ast/statement/DmlUpdateStatement
instanceKlass apex/jorje/semantic/ast/statement/DmlUpsertStatement
instanceKlass apex/jorje/semantic/ast/statement/DoLoopStatement
instanceKlass apex/jorje/semantic/ast/statement/RunAsBlockStatement
instanceKlass apex/jorje/semantic/ast/statement/ThrowStatement
instanceKlass apex/jorje/semantic/ast/statement/VariableDeclaration
instanceKlass apex/jorje/semantic/ast/statement/VariableDeclarationStatements
instanceKlass apex/jorje/semantic/ast/statement/WhileLoopStatement
instanceKlass apex/jorje/semantic/ast/statement/FieldDeclarationStatements
instanceKlass apex/jorje/semantic/ast/statement/IfBlockStatement
instanceKlass apex/jorje/semantic/ast/statement/ReturnStatement
instanceKlass apex/jorje/semantic/ast/statement/IfElseBlockStatement
instanceKlass apex/jorje/semantic/ast/statement/ContinueStatement
instanceKlass apex/jorje/semantic/ast/statement/DmlDeleteStatement
instanceKlass apex/jorje/semantic/ast/statement/DmlInsertStatement
instanceKlass apex/jorje/semantic/ast/statement/DmlMergeStatement
instanceKlass apex/jorje/semantic/ast/statement/BreakStatement
instanceKlass apex/jorje/semantic/ast/statement/BlockStatement
ciInstanceKlass apex/jorje/semantic/ast/statement/Statement 1 1 94 10 7 12 1 1 1 10 7 12 1 1 11 7 12 1 1 1 9 12 1 1 9 12 1 1 10 12 1 1 10 100 12 1 1 1 10 100 12 1 1 1 100 1 7 1 10 9 12 1 1 7 1 10 9 12 1 1 1 1 1 1 1 1 100 1 1 1 1 1 1 1 1 1 1 1 1 100 1 8 1 1 12 10 1 1 1 8 1 1 1 8 1 1
staticfield apex/jorje/semantic/ast/statement/Statement NOOP Lapex/jorje/semantic/ast/statement/Statement; apex/jorje/semantic/ast/statement/Statement$1
staticfield apex/jorje/semantic/ast/statement/Statement INVALID Lapex/jorje/semantic/ast/statement/Statement; apex/jorje/semantic/ast/statement/Statement$2
ciInstanceKlass apex/jorje/semantic/ast/statement/BlockStatement 1 1 302 9 7 12 1 1 1 10 7 12 1 1 1 9 7 12 1 1 1 9 12 1 1 9 9 12 1 1 11 7 12 1 1 1 7 1 9 12 1 9 12 1 1 9 7 1 10 12 1 9 12 1 1 9 12 1 1 10 100 12 1 1 1 9 12 1 18 12 1 1 10 7 12 1 1 1 10 12 1 10 10 100 12 1 1 1 9 100 12 1 1 1 10 12 1 1 9 12 1 10 12 1 1 9 100 12 1 1 1 9 100 12 1 1 9 100 12 1 1 10 7 12 1 1 1 10 7 12 1 1 1 11 12 1 1 11 100 12 1 1 11 12 1 1 10 12 1 1 10 12 1 1 10 12 1 10 100 1 10 12 1 1 10 12 1 10 12 1 1 11 100 12 1 1 1 10 12 1 1 10 100 12 1 1 1 10 12 1 10 11 12 1 1 10 100 12 1 1 1 11 12 1 10 12 1 1 9 12 1 100 1 8 1 10 12 1 10 100 12 1 1 1 10 7 12 1 1 7 1 10 1 1 1 1 1 1 1 1 1 1 1 1 1 1 1 1 1 1 1 1 1 1 1 100 1 1 1 1 1 1 1 1 100 1 1 1 1 1 1 1 1 1 1 1 1 1 100 1 1 15 10 7 12 1 1 1 16 1 15 16 1 1 1 1 1 1 1 100 1 100 1 1
staticfield apex/jorje/semantic/ast/statement/BlockStatement INSIDE_IF_ELSE_BLOCK Lapex/jorje/semantic/ast/visitor/AstVisitor; apex/jorje/semantic/ast/statement/BlockStatement$1
staticfield apex/jorje/semantic/ast/statement/BlockStatement $assertionsDisabled Z 1
ciInstanceKlass apex/jorje/semantic/ast/compilation/UserClassMethods 1 1 185 10 7 12 1 1 1 11 7 12 1 1 1 9 7 12 1 1 1 9 12 1 1 7 1 9 7 12 1 1 1 10 12 1 10 7 12 1 1 1 11 7 12 1 1 1 10 12 1 1 10 7 12 1 1 1 9 7 12 1 1 1 9 12 1 10 12 1 1 10 12 1 10 7 12 1 1 10 7 12 1 1 1 10 12 1 100 1 8 10 12 1 1 10 12 1 1 9 7 12 1 1 1 10 12 1 1 10 7 12 1 1 1 10 7 12 1 1 1 10 12 1 1 9 12 1 1 10 7 12 1 1 1 10 7 12 1 1 1 10 12 1 1 10 12 1 1 10 12 1 1 100 1 10 1 1 1 1 1 1 1 1 1 1 1 1 1 1 1 1 1 1 1 1 1 1 1 1 1 1 1 1 1 1 1
ciInstanceKlass apex/jorje/semantic/ast/member/Parameter 1 1 351 10 7 12 1 1 1 9 7 12 1 1 1 9 7 1 9 12 1 1 9 9 12 1 1 9 9 12 1 9 9 12 1 1 9 12 1 7 1 10 12 1 9 12 1 10 7 1 10 11 7 12 1 1 1 11 7 12 1 1 1 11 12 1 1 10 12 1 1 10 12 1 1 10 12 1 1 10 100 12 1 1 1 8 10 100 12 1 1 8 8 8 10 12 1 1 10 7 12 1 1 1 10 12 1 1 10 12 1 1 11 100 12 1 1 1 9 100 12 1 1 1 10 100 12 1 1 1 10 100 12 1 1 1 10 12 1 11 12 1 9 100 12 1 1 1 10 12 1 1 10 100 12 1 1 1 11 7 12 1 11 100 12 1 1 10 100 12 1 1 10 12 1 1 11 100 12 1 1 1 9 100 12 1 1 1 9 100 12 1 1 1 10 100 12 1 1 1 8 1 10 100 12 1 1 1 10 12 1 10 12 1 1 9 100 12 1 1 1 10 100 12 1 1 10 12 1 1 9 100 12 1 1 1 10 100 12 1 1 1 8 1 10 12 1 10 12 1 9 12 1 1 10 7 12 1 1 1 10 12 1 1 10 7 12 1 1 1 10 12 1 1 11 12 1 1 10 12 1 10 12 1 10 12 1 1 10 12 1 1 10 12 1 11 12 1 1 100 1 1 1 1 1 1 1 1 1 1 1 1 1 1 1 1 1 1 1 1 1 1 1 1 1 1 1 1 1 1 1 1 1 1 1 1 1 1 1 1 1 1 1 1 1 1 1 100 1 1 1 1 1
ciInstanceKlass apex/jorje/semantic/ast/member/Method 1 1 588 10 7 12 1 1 1 11 7 12 1 1 1 9 7 12 1 1 1 9 12 1 1 7 1 10 7 12 1 1 1 10 12 1 9 12 1 1 9 12 1 1 7 1 10 9 12 1 1 7 1 10 12 1 9 12 1 1 10 12 1 1 10 7 12 1 1 1 10 7 12 1 1 1 10 12 1 1 10 12 1 1 11 7 12 1 1 1 11 7 12 1 1 1 11 12 1 1 7 1 10 10 10 12 1 1 10 12 1 10 100 1 9 12 1 1 11 100 12 1 1 1 10 100 12 1 1 11 12 1 10 12 1 1 11 10 100 12 1 1 1 10 10 100 12 1 1 1 9 100 12 1 1 1 10 12 1 1 10 100 12 1 1 1 11 100 12 1 1 1 11 12 1 9 100 12 1 1 1 9 100 12 1 1 1 10 100 12 1 1 1 8 1 10 100 12 1 1 1 10 12 1 1 11 10 12 1 11 12 1 1 8 1 10 100 12 1 1 1 10 10 10 12 1 1 8 1 10 12 1 1 11 100 12 1 1 1 9 100 12 1 1 1 10 100 12 1 1 1 10 10 12 1 8 1 10 12 1 10 12 1 10 12 1 1 10 100 12 1 1 9 100 12 1 1 1 10 12 1 1 8 1 8 1 9 12 1 1 10 12 1 100 1 8 1 10 12 1 18 12 1 1 100 1 10 12 1 10 12 1 10 10 100 12 1 1 18 12 1 10 12 1 11 7 12 1 1 1 10 12 1 10 12 1 1 11 12 1 1 10 100 12 1 1 1 18 12 1 1 10 12 1 1 10 12 1 10 12 1 1 10 100 12 1 1 1 10 100 12 1 1 1 10 12 1 1 11 100 1 100 1 10 12 1 1 10 12 1 10 12 1 10 100 12 1 1 11 100 12 1 1 10 12 1 1 10 100 12 1 1 1 10 12 1 9 100 12 1 1 1 10 12 1 9 100 12 1 1 1 10 12 1 1 9 100 12 1 1 1 10 12 1 11 10 12 1 1 9 100 12 1 1 1 10 100 12 1 1 1 10 11 100 12 1 1 10 12 1 1 10 12 1 1 10 12 1 1 10 10 10 12 1 10 12 1 100 1 10 12 1 10 12 1 10 12 1 10 7 12 1 1 1 1 1 3 1 1 1 1 1 1 1 1 1 1 1 1 1 1 1 1 1 1 1 1 1 1 1 100 1 1 1 1 1 1 1 1 1 1 1 1 1 1 1 1 1 1 1 1 1 1 1 1 1 1 15 10 100 12 1 1 1 16 15 10 12 15 10 100 12 1 1 8 1 16 15 10 16 1 1 1 1 1 100 1 100 1 1
staticfield apex/jorje/semantic/ast/member/Method $assertionsDisabled Z 1
instanceKlass apex/jorje/semantic/ast/modifier/ModifierInfo
ciInstanceKlass apex/jorje/semantic/ast/modifier/ModifierGroup 1 1 311 10 7 12 1 1 1 10 7 12 1 1 1 9 7 12 1 1 1 10 12 1 1 9 12 1 1 10 12 1 1 9 12 1 1 9 12 1 1 10 12 1 11 7 12 1 1 1 7 1 9 12 1 7 1 10 9 12 1 1 10 7 12 1 1 1 9 12 1 1 7 1 10 12 1 10 7 12 1 1 1 9 12 1 1 10 12 1 1 11 12 1 1 9 12 1 1 10 11 12 1 1 11 7 12 1 1 11 12 1 1 7 1 9 12 1 10 12 1 1 100 1 10 11 7 12 1 1 1 11 7 12 1 1 1 11 100 1 100 1 10 11 12 1 11 12 1 1 10 12 1 1 8 1 10 12 1 10 12 1 10 12 1 9 100 12 1 1 1 9 100 12 1 1 1 10 12 1 1 9 12 1 10 12 1 1 10 12 1 1 10 12 1 10 100 12 1 1 1 8 10 100 12 1 1 8 10 12 1 8 1 10 12 1 1 8 1 11 100 12 1 1 11 12 100 1 10 12 1 11 12 1 1 100 1 10 12 1 11 12 1 1 10 7 12 1 1 10 7 12 1 1 1 9 12 1 100 1 1 1 1 1 1 1 1 1 1 1 1 1 1 1 1 1 1 1 1 1 1 1 1 1 1 1 1 1 1 1 1 1 1 1 1 1 1 1 1 1 1 1 1 1 1 1 1 100 1 100 1 1 1
staticfield apex/jorje/semantic/ast/modifier/ModifierGroup MODIFIERS_INTERNER Lcom/google/common/collect/Interner; com/google/common/collect/Interners$InternerImpl
staticfield apex/jorje/semantic/ast/modifier/ModifierGroup MODIFIER_TYPES_INTERNER Lcom/google/common/collect/Interner; com/google/common/collect/Interners$InternerImpl
staticfield apex/jorje/semantic/ast/modifier/ModifierGroup $assertionsDisabled Z 1
ciInstanceKlass apex/jorje/semantic/ast/compilation/UserExceptionMethods 1 1 608 10 7 12 1 1 1 11 7 12 1 1 1 9 7 12 1 1 1 9 12 1 1 9 7 12 1 1 1 10 7 12 1 1 1 11 7 1 10 7 12 1 1 1 9 12 1 1 9 12 1 9 7 12 1 1 1 9 12 1 18 12 1 1 7 1 9 7 12 1 1 1 10 12 1 18 12 1 10 12 1 1 10 7 12 1 1 1 10 7 12 1 1 1 10 12 1 100 1 8 10 12 1 1 10 12 1 1 9 7 12 1 1 1 10 12 1 1 10 7 12 1 1 1 18 9 12 1 1 10 12 1 1 18 18 100 1 9 100 12 1 1 1 10 12 1 9 12 1 10 12 1 100 1 10 12 1 8 1 10 100 12 1 1 10 12 1 1 10 12 10 12 1 1 10 12 1 1 8 1 9 12 1 100 1 10 12 1 8 1 7 1 10 8 1 10 7 12 1 1 10 7 12 1 1 9 7 12 1 1 1 9 12 1 10 7 12 1 1 1 11 12 1 1 10 12 1 1 10 12 1 1 10 12 11 12 1 1 11 7 12 1 1 1 11 12 1 1 9 12 1 1 11 7 12 1 1 1 10 12 1 1 10 7 12 1 1 1 11 7 1 8 1 10 7 12 1 1 1 10 7 12 1 1 1 9 12 1 10 12 1 9 12 1 10 12 1 9 12 1 10 12 1 10 12 1 7 1 10 12 10 12 10 12 1 11 12 1 9 7 12 1 1 1 10 12 1 1 10 12 1 10 12 10 12 1 9 12 1 9 12 1 9 12 1 9 12 1 10 12 1 9 100 12 1 1 1 10 12 1 1 9 12 1 100 1 10 100 1 10 100 12 1 1 1 10 12 1 1 10 12 1 10 12 1 10 7 12 1 1 1 11 7 12 1 1 1 11 7 12 1 1 11 12 1 1 10 12 1 1 10 12 1 1 10 100 12 1 1 1 10 12 1 1 10 12 1 1 100 1 10 10 12 1 9 100 12 1 100 1 10 100 12 1 1 1 11 12 1 1 11 100 12 1 1 10 100 12 1 1 1 10 12 1 8 1 10 12 1 1 10 12 1 11 12 1 8 1 10 100 12 1 1 10 12 1 1 10 7 12 1 1 10 12 1 10 12 1 9 12 1 1 9 12 1 1 1 1 1 1 1 1 1 1 1 1 1 1 1 1 100 1 1 1 1 1 1 1 1 1 1 1 1 1 1 1 1 1 1 1 100 1 1 1 1 1 1 1 1 1 1 1 1 1 1 1 1 1 1 1 1 1 1 1 1 1 1 1 1 1 1 1 15 10 7 12 1 1 1 16 15 10 12 15 10 12 15 10 12 15 10 12 15 10 12 1 100 1 1 1 100 1 1 100 1 100 1 1
staticfield apex/jorje/semantic/ast/compilation/UserExceptionMethods NONE Lapex/jorje/semantic/symbol/member/method/signature/Signature; apex/jorje/semantic/symbol/member/method/signature/Signature
staticfield apex/jorje/semantic/ast/compilation/UserExceptionMethods MESSAGE Lapex/jorje/semantic/symbol/member/method/signature/Signature; apex/jorje/semantic/symbol/member/method/signature/Signature
staticfield apex/jorje/semantic/ast/compilation/UserExceptionMethods CAUSE Lapex/jorje/semantic/symbol/member/method/signature/Signature; apex/jorje/semantic/symbol/member/method/signature/Signature
staticfield apex/jorje/semantic/ast/compilation/UserExceptionMethods MESSAGE_CAUSE Lapex/jorje/semantic/symbol/member/method/signature/Signature; apex/jorje/semantic/symbol/member/method/signature/Signature
staticfield apex/jorje/semantic/ast/compilation/UserExceptionMethods PUT_DEFAULT_MESSAGE Lapex/jorje/semantic/ast/Emit; apex/jorje/semantic/ast/compilation/UserExceptionMethods$$Lambda$498+0x00000140e4318470
staticfield apex/jorje/semantic/ast/compilation/UserExceptionMethods PUT_MESSAGE Lapex/jorje/semantic/ast/Emit; apex/jorje/semantic/ast/compilation/UserExceptionMethods$$Lambda$498+0x00000140e4318470
ciInstanceKlass apex/jorje/semantic/ast/modifier/Annotation 1 1 473 10 7 12 1 1 1 9 7 12 1 1 1 10 7 12 1 1 1 9 7 12 1 1 1 10 7 12 1 1 1 11 7 12 1 1 1 11 7 12 1 1 1 11 12 1 1 7 1 7 1 10 12 1 10 12 1 1 7 1 10 12 1 9 12 1 1 9 12 1 10 100 12 1 1 1 11 7 12 1 1 1 7 1 10 12 1 1 10 12 1 1 10 100 12 1 1 1 10 12 1 1 11 7 12 1 1 8 1 7 1 9 12 1 1 11 7 12 1 1 1 10 100 12 1 1 1 10 100 12 1 1 1 9 12 1 1 9 12 1 1 10 100 12 1 1 1 9 12 1 1 18 12 1 1 10 7 12 1 1 1 10 12 1 1 18 12 1 1 18 12 1 11 12 1 11 12 1 1 11 7 12 1 1 1 11 7 12 1 1 1 18 12 1 1 11 12 1 1 10 12 1 1 10 12 1 11 12 1 11 12 1 10 100 12 1 1 1 10 100 12 1 1 1 11 100 12 1 1 11 12 1 10 12 1 10 100 12 1 1 9 12 1 1 11 12 1 1 18 18 12 1 9 7 12 1 1 11 12 1 10 7 12 1 1 10 7 12 1 1 1 10 12 1 1 18 18 18 12 1 10 12 1 9 7 12 1 1 10 7 12 1 1 10 12 1 1 11 7 1 10 10 7 12 1 1 1 10 12 1 1 11 12 1 11 12 1 1 10 12 1 1 10 12 1 1 10 12 1 8 1 10 7 1 10 12 1 1 1 1 1 8 1 1 1 1 1 1 1 1 1 1 1 1 1 1 1 1 1 1 1 1 1 1 1 1 1 1 1 1 1 1 1 1 1 1 1 1 1 1 1 1 1 1 1 1 1 1 1 1 1 1 1 1 1 1 1 1 1 1 1 1 1 1 1 1 1 1 1 1 1 15 10 100 12 1 1 8 1 15 10 7 12 1 1 1 16 15 10 12 16 15 10 12 16 1 15 10 12 16 1 15 10 12 16 15 10 12 16 1 15 10 12 15 10 12 1 15 10 12 1 100 1 1 100 1 1 1 100 1 100 1 1
staticfield apex/jorje/semantic/ast/modifier/Annotation LOGGER Ljava/util/logging/Logger; java/util/logging/Logger
ciInstanceKlass apex/jorje/semantic/ast/statement/FieldDeclarationStatements 1 1 361 10 7 12 1 1 1 9 7 12 1 1 1 9 7 12 1 1 1 9 7 12 1 1 10 7 12 1 1 1 9 12 1 1 9 12 1 1 11 7 12 1 1 1 9 7 12 1 1 1 11 7 12 1 1 1 18 12 1 1 11 12 1 1 11 12 1 1 10 7 12 1 1 1 11 12 1 1 9 12 1 10 7 12 1 1 1 9 7 12 1 1 1 10 7 12 1 1 1 9 12 1 10 12 1 1 10 12 1 1 9 12 1 1 7 1 10 12 1 9 12 1 10 7 12 1 1 1 10 12 1 1 11 12 1 1 11 100 12 1 1 1 11 12 1 1 7 1 10 10 12 1 1 10 100 12 1 1 1 10 100 12 1 1 10 12 1 1 11 100 12 1 1 1 9 12 1 11 100 12 1 1 10 100 12 1 1 10 12 1 9 100 12 1 1 1 10 100 12 1 1 1 9 100 12 1 1 1 10 100 12 1 1 1 10 12 1 1 8 1 10 100 12 1 1 1 10 12 1 10 100 12 1 1 1 11 12 1 1 9 100 12 1 1 1 9 100 12 1 1 1 10 100 12 1 1 1 8 1 100 1 10 12 1 10 12 1 1 10 10 12 1 1 9 12 1 1 100 1 10 12 1 10 12 1 10 7 12 1 1 1 1 1 1 1 1 1 1 1 1 1 1 1 1 1 1 1 1 1 1 1 1 1 1 1 1 1 1 1 1 1 1 1 1 1 1 1 1 1 1 1 1 1 1 1 1 1 15 10 7 12 1 1 1 16 1 15 10 12 16 1 100 1 1 1 1 100 1 100 1 1
staticfield apex/jorje/semantic/ast/statement/FieldDeclarationStatements $assertionsDisabled Z 1
ciInstanceKlass apex/jorje/semantic/ast/member/Property 1 1 551 10 7 12 1 1 1 11 7 12 1 1 1 9 7 12 1 1 1 9 7 12 1 1 1 11 7 12 1 1 1 9 12 1 1 10 7 12 1 1 1 10 7 12 1 1 1 9 7 12 1 1 1 10 12 1 1 9 12 1 1 10 12 1 1 11 7 12 1 1 1 9 7 12 1 1 1 9 12 1 10 12 1 9 12 1 10 12 1 1 9 12 1 1 7 1 10 12 1 9 12 1 9 12 1 9 12 1 10 12 1 7 1 9 12 1 9 12 1 10 12 1 1 9 12 1 1 10 7 12 1 1 1 9 100 12 1 1 10 7 12 1 1 1 9 12 1 1 9 7 12 1 1 1 10 12 1 1 10 100 12 1 1 10 100 12 1 1 1 10 12 1 1 10 12 1 1 10 12 1 1 10 12 1 1 10 12 1 1 9 12 1 10 7 12 1 1 10 7 1 10 10 10 10 12 1 10 12 1 10 11 12 1 1 11 7 12 1 1 1 10 7 12 1 1 1 10 12 1 10 12 1 1 9 12 1 1 10 12 1 9 12 1 7 1 10 12 1 9 12 1 1 10 7 12 1 1 1 10 12 1 1 10 100 1 10 100 1 10 12 1 1 10 100 12 1 1 1 10 12 1 1 10 10 100 12 1 1 1 10 12 1 1 11 12 1 1 9 100 12 1 1 1 10 12 1 1 10 100 12 1 1 1 9 12 1 1 11 100 12 1 1 11 12 1 1 10 100 12 1 1 10 12 1 1 10 12 1 11 100 12 1 1 1 9 100 12 1 1 1 9 100 12 1 1 1 10 100 12 1 1 1 8 1 10 100 12 1 1 1 10 12 1 9 100 12 1 1 1 10 100 12 1 1 1 9 100 12 1 1 1 10 100 12 1 1 10 12 1 1 8 1 10 12 1 10 12 1 10 10 12 1 1 10 12 1 10 12 1 1 10 100 12 1 1 1 10 9 12 1 1 100 1 10 10 100 12 1 1 10 12 1 1 10 100 12 1 1 1 18 12 1 1 10 12 1 1 10 12 1 10 12 1 1 100 1 10 7 12 1 1 100 1 1 1 1 1 1 1 1 1 1 1 1 1 1 1 1 1 1 1 1 1 1 100 1 1 1 1 1 1 1 1 1 1 1 1 1 1 1 100 1 1 1 1 1 1 1 1 1 1 1 1 1 1 1 1 15 10 100 12 1 1 1 16 15 10 16 1 1 1 100 1 1 1 1 100 1 100 1 1
staticfield apex/jorje/semantic/ast/member/Property $assertionsDisabled Z 1
ciInstanceKlass apex/jorje/semantic/ast/member/Field 1 1 305 10 7 12 1 1 1 11 7 12 1 1 1 9 7 12 1 1 1 9 12 1 1 7 1 10 7 12 1 1 1 10 12 1 9 12 1 1 10 7 12 1 1 1 10 7 12 1 1 1 10 12 1 1 10 12 1 1 10 12 1 10 100 1 10 12 1 1 10 10 100 12 1 1 1 10 100 12 1 1 1 10 100 12 1 1 11 100 12 1 1 1 9 100 12 1 1 1 9 12 1 1 11 100 1 10 100 12 1 1 1 9 100 12 1 1 1 10 100 12 1 1 1 10 12 1 10 12 1 9 12 1 10 12 1 1 11 11 12 1 1 9 100 12 1 1 1 11 12 1 1 10 12 1 1 10 12 1 1 11 12 1 1 11 12 1 11 12 1 10 100 12 1 1 1 10 12 1 1 10 100 12 1 1 1 10 12 1 1 10 12 1 10 12 1 1 10 12 1 1 9 12 1 1 100 1 10 10 12 1 10 10 100 12 1 1 1 18 12 1 1 10 12 1 1 10 12 1 10 12 1 1 100 1 10 7 12 1 1 1 1 1 1 1 1 1 1 1 1 1 1 1 1 1 1 1 1 1 1 100 1 1 1 1 1 1 1 1 1 1 1 1 1 1 1 1 1 1 1 1 1 1 1 15 10 100 12 1 1 1 16 15 10 16 1 1 100 1 1 1 100 1 100 1 1
staticfield apex/jorje/semantic/ast/member/Field $assertionsDisabled Z 1
ciInstanceKlass apex/jorje/semantic/ast/statement/FieldDeclaration 1 1 403 10 7 12 1 1 1 9 7 12 1 1 1 9 7 12 1 1 1 9 10 7 12 1 1 1 10 7 12 1 1 1 10 7 12 1 1 1 10 12 1 1 9 12 1 1 9 12 1 1 18 12 1 1 10 12 1 1 9 7 12 1 1 10 12 1 1 9 12 10 7 12 1 1 9 12 1 1 10 100 12 1 1 1 10 12 1 1 10 7 12 1 1 1 10 12 1 1 10 12 1 1 10 100 12 1 1 1 11 100 12 1 1 1 9 100 12 1 1 1 9 12 1 10 12 1 9 100 12 1 1 1 11 100 12 1 1 1 10 12 1 1 10 100 12 1 1 9 12 1 1 100 1 100 1 10 12 1 9 12 1 1 11 12 1 1 10 100 12 1 1 1 10 12 1 1 10 12 1 10 12 1 11 100 12 1 1 1 10 100 12 1 1 11 12 1 1 9 100 12 1 1 1 10 12 1 10 12 1 1 10 12 1 1 11 10 100 12 1 1 1 8 1 100 1 10 10 100 12 1 1 1 10 12 1 10 100 12 1 1 1 10 100 12 1 1 1 10 100 12 1 1 11 12 1 1 9 100 12 1 1 1 10 100 12 1 1 1 11 100 12 1 1 1 9 100 12 1 1 1 11 10 12 1 1 10 9 12 11 11 12 1 1 9 100 12 1 1 1 9 12 1 100 1 10 12 1 1 10 12 1 1 10 100 12 1 1 1 10 12 1 10 12 1 10 7 12 1 1 1 1 1 1 1 1 1 1 1 1 1 1 1 1 1 1 1 1 1 1 1 1 1 1 1 1 1 1 1 1 100 1 1 1 1 1 1 1 1 1 1 1 1 1 1 1 1 1 1 15 10 7 12 1 1 1 16 15 10 12 16 1 100 1 100 1 1 1 1 100 1 100 1 1
staticfield apex/jorje/semantic/ast/statement/FieldDeclaration $assertionsDisabled Z 1
instanceKlass apex/jorje/semantic/ast/compilation/Compilation$1
instanceKlass apex/jorje/semantic/ast/compilation/InvalidDependentCompilation
instanceKlass apex/jorje/semantic/ast/compilation/UserClass
instanceKlass apex/jorje/semantic/ast/compilation/UserEnum
instanceKlass apex/jorje/semantic/ast/compilation/AnonymousClass
instanceKlass apex/jorje/semantic/ast/compilation/UserInterface
instanceKlass apex/jorje/semantic/ast/compilation/UserTrigger
ciInstanceKlass apex/jorje/semantic/ast/compilation/Compilation 1 1 75 10 7 12 1 1 1 9 7 12 1 1 1 9 12 1 1 100 1 8 1 10 12 1 10 7 12 1 1 1 7 1 10 9 12 1 1 100 1 1 1 1 1 1 1 1 1 1 1 1 1 1 1 1 100 1 8 1 1 12 10 1 1 1 8 1 1 1 8 1 1 1 8 1 1
staticfield apex/jorje/semantic/ast/compilation/Compilation INVALID Lapex/jorje/semantic/ast/compilation/Compilation; apex/jorje/semantic/ast/compilation/Compilation$1
staticfield apex/jorje/semantic/ast/compilation/Compilation $assertionsDisabled Z 1
ciInstanceKlass apex/jorje/semantic/ast/modifier/ModifierNode 1 1 352 11 7 12 1 1 1 10 7 12 1 1 1 10 7 12 1 1 9 12 1 1 9 12 1 1 10 7 12 1 1 1 11 7 12 1 1 1 11 7 12 1 1 1 11 12 1 1 7 1 10 12 1 1 10 7 12 1 1 1 10 12 1 1 10 12 1 1 10 12 1 1 11 7 1 100 1 10 12 1 1 10 100 12 1 1 1 10 100 12 1 1 1 10 12 1 1 10 100 12 1 1 1 10 100 12 1 1 1 10 12 1 1 100 1 11 12 1 1 10 12 1 11 12 1 9 12 1 1 11 12 1 1 10 12 1 1 11 100 12 1 1 10 12 1 1 10 100 12 1 1 1 8 1 11 100 12 1 1 10 100 12 1 1 1 10 100 12 1 1 8 1 11 12 1 11 12 1 1 8 1 10 12 1 18 12 1 1 10 100 12 1 1 1 11 7 12 1 1 1 11 7 12 1 1 1 10 12 1 1 10 12 1 100 1 10 12 10 12 1 100 1 11 12 1 1 10 100 12 1 1 10 10 12 1 9 100 12 1 1 1 10 100 1 10 12 1 1 9 100 12 1 1 1 10 12 1 1 9 12 1 9 12 1 8 1 10 100 12 1 1 1 10 12 1 1 1 1 1 1 1 1 1 1 1 1 1 1 1 1 1 1 1 1 1 1 1 1 1 1 1 1 1 1 1 1 1 1 1 1 1 1 1 1 1 1 1 1 1 1 1 1 1 1 1 1 1 1 1 1 1 15 10 100 12 1 1 1 16 1 15 11 12 1 16 1 1 100 1 100 1 1
ciInstanceKlass apex/jorje/semantic/ast/compilation/UserEnum 1 1 696 100 1 10 7 12 1 1 1 9 7 12 1 1 1 9 7 12 1 1 1 9 7 1 10 7 12 1 1 1 10 7 12 1 1 1 10 7 12 1 1 1 10 12 1 1 9 12 1 1 11 7 12 1 1 1 10 7 12 1 1 1 9 7 12 1 1 1 9 12 1 10 7 12 1 1 1 10 12 9 12 1 1 9 12 1 1 10 12 1 1 10 7 12 1 1 1 9 12 1 10 7 12 1 1 1 9 12 1 10 12 1 1 10 12 1 10 12 1 10 12 1 10 12 1 10 12 1 10 12 1 10 12 1 1 9 12 1 10 7 12 1 1 10 7 12 1 1 1 10 12 1 9 12 1 1 7 1 10 12 1 9 12 1 1 9 12 1 1 9 12 1 10 7 12 1 1 1 10 7 12 1 1 1 10 12 1 1 11 7 12 1 1 1 11 7 12 1 1 1 11 12 1 1 7 1 10 7 1 10 10 10 12 1 1 10 12 1 10 100 1 10 12 1 1 10 100 12 1 1 1 10 100 12 1 1 1 11 7 12 1 1 1 10 100 12 1 1 1 11 12 1 1 9 100 12 1 1 1 10 100 12 1 1 1 10 12 1 1 10 12 1 10 12 1 1 10 11 100 12 1 1 1 11 12 1 1 11 100 12 1 1 1 11 12 1 1 8 1 100 1 10 100 12 1 1 1 10 100 12 1 1 1 10 12 1 1 10 12 1 1 11 100 12 1 1 10 9 12 1 10 12 1 10 10 10 10 100 12 1 1 10 100 12 1 1 1 10 12 1 10 100 12 1 1 1 10 100 12 1 1 10 12 1 1 10 12 1 1 10 100 12 1 1 1 10 12 1 1 10 12 1 10 12 1 10 10 10 10 12 1 1 10 100 1 10 12 1 1 10 12 10 100 12 1 1 10 100 12 1 1 1 10 12 1 1 10 12 1 1 10 12 1 10 12 1 1 7 1 9 7 12 1 1 1 10 12 1 10 7 12 1 1 10 7 12 1 1 1 9 7 12 1 1 1 10 12 1 100 1 8 1 10 12 1 1 9 12 1 10 12 1 1 9 7 12 1 1 1 10 12 1 1 10 7 12 1 1 1 7 1 10 8 9 12 1 7 1 10 12 1 8 1 10 7 12 1 1 9 12 1 10 12 1 10 12 10 12 1 8 1 9 7 12 1 1 10 12 1 1 10 7 12 1 1 1 7 1 10 12 1 8 1 7 1 10 12 1 8 9 12 1 7 1 10 9 12 1 8 1 9 12 1 7 1 10 9 12 1 8 1 9 12 1 8 1 9 12 1 7 1 10 8 1 10 100 12 1 1 1 8 10 100 12 1 1 1 8 10 12 1 10 12 9 12 1 9 12 1 9 12 1 9 12 1 10 12 1 9 12 1 9 12 1 1 1 1 3 1 1 1 1 1 1 1 1 1 1 1 1 1 1 1 1 1 1 1 1 1 1 1 1 1 1 1 1 100 1 1 1 1 1 1 1 1 1 1 1 1 1 1 1 1 1 1 1 1 1 1 1 1 1 100 1 1 1 100 1 100 1 1 1 100 1 1 1
staticfield apex/jorje/semantic/ast/compilation/UserEnum EXPLICIT_STATEMENT_EXECUTED_GLOBAL Lapex/jorje/semantic/ast/modifier/ModifierGroup; apex/jorje/semantic/ast/modifier/ModifierGroup
staticfield apex/jorje/semantic/ast/compilation/UserEnum EXPLICIT_STATEMENT_EXECUTED_PRIVATE Lapex/jorje/semantic/ast/modifier/ModifierGroup; apex/jorje/semantic/ast/modifier/ModifierGroup
staticfield apex/jorje/semantic/ast/compilation/UserEnum EXPLICIT_STATEMENT_EXECUTED_STATIC Lapex/jorje/semantic/ast/modifier/ModifierGroup; apex/jorje/semantic/ast/modifier/ModifierGroup
staticfield apex/jorje/semantic/ast/compilation/UserEnum EXPLICIT_STATEMENT_EXECUTED_GLOBAL_OVERRIDE Lapex/jorje/semantic/ast/modifier/ModifierGroup; apex/jorje/semantic/ast/modifier/ModifierGroup
staticfield apex/jorje/semantic/ast/compilation/UserEnum EXPLICIT_STATEMENT_EXECUTED_PUBLIC_STATIC Lapex/jorje/semantic/ast/modifier/ModifierGroup; apex/jorje/semantic/ast/modifier/ModifierGroup
staticfield apex/jorje/semantic/ast/compilation/UserEnum EXPLICIT_STATEMENT_EXECUTED_GLOBAL_STATIC Lapex/jorje/semantic/ast/modifier/ModifierGroup; apex/jorje/semantic/ast/modifier/ModifierGroup
ciInstanceKlass apex/jorje/semantic/ast/compilation/UserClass 1 1 577 10 7 12 1 1 1 9 7 12 1 1 1 9 7 12 1 1 1 9 7 1 10 7 12 1 1 1 9 12 1 1 10 12 1 1 11 7 12 1 1 1 10 7 12 1 1 1 10 100 12 1 1 10 100 12 1 1 1 10 7 12 1 1 1 10 7 12 1 1 1 10 12 1 1 9 12 1 1 10 7 12 1 1 1 9 12 1 1 7 1 10 12 1 1 10 12 1 9 12 1 1 11 7 12 1 1 1 10 7 12 1 1 1 7 1 9 12 1 1 10 12 1 7 1 11 7 12 1 1 1 10 9 12 1 7 1 10 12 1 9 12 1 10 7 12 1 1 10 7 12 1 1 1 10 12 1 10 12 1 1 10 12 1 10 12 1 10 12 1 9 12 1 1 7 1 11 12 1 1 10 12 1 9 12 1 1 9 12 1 7 1 10 9 12 1 1 10 7 12 1 1 1 10 7 12 1 1 1 10 12 1 1 11 12 1 1 11 7 12 1 1 11 12 1 1 10 10 12 1 7 1 11 10 12 1 7 1 10 10 10 12 1 1 10 12 1 10 100 1 10 12 1 1 10 100 12 1 1 1 10 100 12 1 1 1 10 100 12 1 1 11 12 1 9 100 12 1 1 1 10 100 12 1 1 1 10 12 1 1 10 12 1 10 12 1 1 10 12 1 1 9 100 12 1 1 1 10 11 100 12 1 1 1 10 100 12 1 1 1 11 12 1 1 11 100 12 1 1 1 10 12 1 1 10 12 1 1 10 12 1 11 10 10 10 10 100 12 1 1 10 100 12 1 1 10 100 12 1 1 1 10 12 1 10 100 12 1 1 1 10 100 12 1 1 10 12 1 1 10 12 1 1 10 100 12 1 1 1 10 12 1 1 10 12 1 10 12 1 11 11 12 1 1 10 100 12 1 1 11 100 12 1 1 1 18 12 1 1 11 12 1 1 10 10 100 12 1 1 1 10 10 12 1 1 10 100 1 10 12 1 1 10 12 10 12 1 1 10 12 1 1 10 12 1 1 10 12 1 10 12 1 1 10 100 12 1 1 1 8 10 100 12 1 1 1 8 10 12 1 10 1 1 1 1 1 1 1 1 1 1 1 1 1 1 1 1 1 1 1 1 1 100 1 1 1 1 1 1 1 1 1 1 1 1 1 1 100 1 1 1 1 1 1 1 1 1 1 1 1 1 1 1 1 1 1 1 1 1 1 1 1 1 15 10 100 12 1 1 1 16 1 15 10 12 16 1 1 100 1 1 100 1 1 100 1 1 100 1 1 1 1 100 1 100 1 1
ciInstanceKlass apex/jorje/semantic/ast/statement/MethodBlockStatement 1 1 193 10 7 12 1 1 1 9 7 12 1 1 1 9 12 1 1 11 100 12 1 1 1 11 12 1 100 1 8 1 10 12 1 11 12 1 1 11 100 12 1 1 1 9 100 12 1 1 1 100 1 10 12 1 11 12 1 1 10 100 12 1 1 100 1 11 12 1 1 10 12 1 9 12 1 10 12 1 1 10 100 12 1 1 1 10 12 1 1 9 12 1 10 12 1 1 10 12 1 1 10 12 1 1 10 100 12 1 1 1 10 12 1 10 12 1 10 100 12 1 1 1 10 10 12 1 1 9 100 12 1 1 1 10 11 12 1 1 11 100 12 1 1 1 10 12 1 1 10 100 12 1 1 100 1 10 12 10 7 12 1 1 1 1 1 1 1 1 1 1 1 1 1 1 1 1 1 1 1 1 1 1 1 1 1 1 1 1 1 1 1 1 1
staticfield apex/jorje/semantic/ast/statement/MethodBlockStatement $assertionsDisabled Z 1
ciInstanceKlass apex/jorje/semantic/symbol/type/ModifierOrAnnotationTypeInfo 1 0 21 100 1 100 1 100 1 1 1 1 1 1 1 1 1 1 1 1 1 1 1
ciInstanceKlass apex/jorje/semantic/symbol/resolver/SymbolResolver 1 0 70 100 1 100 1 1 1 1 1 1 1 1 1 1 1 1 1 1 1 1 1 1 1 1 1 1 1 1 1 1 1 1 1 1 1 1 1 1 1 1 1 1 1 1 1 1 1 1 1 1 1 1 1 1 1 1 1 1 1 1 100 1 100 1 1 100 1 100 1 1
ciInstanceKlass apex/jorje/semantic/compiler/ApexCompiler 1 1 526 10 7 12 1 1 1 9 7 12 1 1 1 9 7 1 9 12 1 1 9 12 1 9 12 1 9 9 12 1 1 9 9 12 1 1 9 7 1 10 9 12 1 1 9 12 1 10 7 12 1 1 1 9 12 1 1 10 7 12 1 1 1 10 7 12 1 1 1 9 12 1 10 12 1 9 12 1 7 1 10 12 1 9 12 1 1 7 1 10 12 1 9 12 1 1 9 12 1 10 9 100 12 1 1 1 10 12 1 1 9 12 1 1 9 12 1 1 100 1 10 7 1 10 12 1 1 11 7 12 1 1 1 10 12 1 11 12 1 1 11 7 12 1 1 1 11 12 1 1 7 1 7 1 10 12 1 11 7 12 1 1 1 10 12 1 1 10 12 1 1 10 12 1 1 10 100 12 1 1 10 12 1 1 11 100 12 1 1 10 12 1 1 10 100 12 1 1 1 11 100 12 1 1 10 10 12 1 1 10 12 1 1 10 12 1 10 100 12 1 1 1 11 100 12 1 1 10 12 1 1 10 100 12 1 1 1 11 12 1 11 100 12 1 1 1 11 100 12 1 1 1 18 12 1 1 11 12 1 1 100 1 10 100 12 1 1 1 11 10 12 1 10 12 1 11 12 1 1 18 11 100 12 1 1 1 11 10 100 12 1 1 1 11 12 1 1 18 12 1 1 11 12 1 1 18 12 1 11 100 12 1 1 1 10 100 12 1 1 18 18 11 12 1 10 12 1 11 12 1 11 12 1 100 1 18 12 1 1 11 12 1 1 18 18 10 100 12 1 1 1 11 12 1 10 12 1 10 12 1 10 100 12 1 10 7 12 1 1 100 1 100 1 1 1 1 1 1 1 1 1 1 1 1 1 1 1 1 1 1 1 1 1 1 1 1 1 1 1 1 1 1 1 1 1 1 1 1 1 1 1 1 1 1 1 1 1 1 1 1 1 1 1 1 1 1 1 1 1 1 1 1 1 1 1 1 1 1 1 1 1 1 1 1 1 1 1 1 1 1 1 1 1 1 1 1 1 1 1 1 1 15 10 100 12 1 1 1 16 1 15 10 100 12 1 1 16 1 15 16 1 16 1 15 10 12 16 16 15 10 12 15 10 12 16 15 11 16 1 16 15 10 12 16 15 10 12 16 15 1 1 100 1 100 1 1 100 1 100 1 1 100 1 100 1 1
staticfield apex/jorje/semantic/compiler/ApexCompiler $assertionsDisabled Z 1
ciInstanceKlass apex/jorje/semantic/symbol/type/TypeInfoEquivalence 1 1 321 10 7 12 1 1 1 11 7 12 1 1 1 11 12 1 1 7 1 10 7 12 1 1 1 11 12 1 1 10 100 12 1 1 10 100 12 1 1 1 10 7 12 1 1 1 10 7 12 1 1 1 11 12 1 11 12 1 100 1 11 12 1 1 10 100 1 10 100 12 1 1 1 10 100 12 1 1 1 10 12 1 11 7 12 1 1 1 18 12 1 1 11 7 12 1 1 1 10 7 12 1 1 1 11 12 1 1 11 100 12 1 1 1 10 100 12 1 1 1 11 18 11 10 100 12 1 1 1 9 7 12 1 1 1 10 12 1 1 11 12 1 1 10 12 1 10 12 1 11 12 1 1 11 100 12 1 1 10 7 12 1 1 1 10 7 12 1 1 1 9 12 1 11 12 1 1 9 100 12 1 1 1 11 12 1 10 7 12 1 1 1 9 7 12 1 1 1 10 12 1 10 12 1 1 10 12 1 10 12 1 10 12 1 10 100 12 1 1 1 10 12 1 1 10 8 1 10 12 1 1 10 12 1 10 12 1 1 1 1 1 1 1 1 1 1 1 1 1 1 1 1 1 1 1 1 1 1 1 1 1 1 1 1 1 1 1 1 1 1 1 1 1 1 1 1 1 1 1 1 1 1 1 1 1 1 1 1 1 1 1 1 1 1 1 1 1 1 15 10 7 12 1 1 1 16 1 15 16 1 15 10 12 16 1 1 100 1 100 1 1
instanceKlass apex/jorje/lsp/impl/index/symbol/VirtualStandardTypeInfo
instanceKlass apex/jorje/semantic/symbol/type/VfComponentTypeInfo
instanceKlass apex/jorje/semantic/symbol/type/SObjectTypeInfo
instanceKlass apex/jorje/semantic/symbol/type/FlowInterviewTypeInfo
instanceKlass apex/jorje/semantic/symbol/type/StandardAnnotationTypeInfo
instanceKlass apex/jorje/semantic/symbol/type/StandardTypeInfoImpl
instanceKlass apex/jorje/semantic/symbol/type/ArgumentTypeInfo
instanceKlass apex/jorje/semantic/symbol/type/InternalTypeInfo
instanceKlass apex/jorje/semantic/symbol/type/ModifierTypeInfo
instanceKlass apex/jorje/semantic/symbol/type/GenericTypeInfo
instanceKlass apex/jorje/semantic/symbol/type/ScalarTypeInfo
ciInstanceKlass apex/jorje/semantic/symbol/type/AbstractTypeInfo 1 1 226 10 7 12 1 1 1 10 7 12 1 1 1 9 7 12 1 1 1 10 12 1 1 9 7 1 9 12 1 9 9 12 1 10 7 12 1 1 1 7 1 9 10 12 1 1 9 12 1 9 12 1 1 9 9 12 1 1 9 9 12 1 1 9 9 12 1 1 9 9 12 1 1 9 9 12 1 9 9 12 1 7 1 9 9 12 1 9 9 12 1 1 9 9 12 1 1 9 9 12 1 9 9 12 1 1 10 7 12 1 1 1 9 12 1 1 9 12 1 100 1 8 1 10 12 1 8 1 8 1 8 1 8 1 8 1 8 1 8 1 11 12 1 7 1 7 1 7 1 10 7 12 1 1 1 7 1 10 12 1 10 7 12 1 1 1 7 1 10 100 1 1 1 1 1 1 1 1 1 1 1 1 1 1 1 1 1 1 1 1 1 1 1 1 1 1 1 1 1 1 1 1 1 1 1 1 1 1 1 1 1 1 1 1 1 1 1 1 1 100 1 1 1 100 1 1
staticfield apex/jorje/semantic/symbol/type/AbstractTypeInfo TYPE_INFO_WRAPPER Lcom/google/common/base/Equivalence; apex/jorje/semantic/symbol/type/TypeInfoEquivalence
staticfield apex/jorje/semantic/symbol/type/AbstractTypeInfo $assertionsDisabled Z 1
ciInstanceKlass apex/jorje/semantic/symbol/type/ModifierTypeInfo 1 1 104 10 7 12 1 1 1 9 7 12 1 1 1 9 7 1 9 12 1 1 9 9 12 1 1 9 10 12 1 11 100 12 1 1 1 10 100 12 1 1 1 11 100 12 1 1 1 100 1 11 100 12 1 1 100 1 10 10 12 1 1 100 1 1 1 1 1 1 1 1 1 1 1 1 1 1 1 1 1 1 1 1 1 1 1 1 1 1 1 1 1 1 1 1 1 1 1 1 1 1 1 100 1 1
ciInstanceKlass apex/jorje/semantic/symbol/type/ModifierTypeInfos 1 1 223 10 100 12 1 1 1 10 7 12 1 1 1 8 1 10 7 12 1 1 1 7 1 10 10 12 1 1 10 12 1 1 9 7 12 1 1 1 8 1 7 1 10 9 12 1 8 1 7 1 10 9 12 1 8 1 10 12 1 1 7 1 10 9 12 1 8 1 7 1 10 9 12 1 8 1 9 7 12 1 1 1 10 12 1 9 12 1 8 1 100 1 10 12 1 1 7 1 10 9 12 1 8 1 7 1 10 9 12 1 8 1 9 12 1 8 1 9 12 1 8 1 7 1 10 9 12 1 8 1 7 1 10 9 12 1 8 1 7 1 10 9 12 1 8 1 7 1 10 9 12 1 8 1 7 1 10 9 12 1 8 1 7 1 10 9 12 1 8 1 7 1 10 9 12 1 8 1 7 1 10 9 12 1 8 1 7 1 10 9 12 1 8 1 7 1 10 9 12 1 8 1 7 1 10 9 12 1 1 1 1 1 1 1 1 1 1 1 1 100 1 100 1
staticfield apex/jorje/semantic/symbol/type/ModifierTypeInfos INHERITED_SHARING Lapex/jorje/semantic/symbol/type/ModifierTypeInfo; apex/jorje/semantic/symbol/type/ModifierTypeInfo
staticfield apex/jorje/semantic/symbol/type/ModifierTypeInfos WITHOUT_SHARING Lapex/jorje/semantic/symbol/type/ModifierTypeInfo; apex/jorje/semantic/symbol/type/ModifierTypeInfo
staticfield apex/jorje/semantic/symbol/type/ModifierTypeInfos WITH_SHARING Lapex/jorje/semantic/symbol/type/ModifierTypeInfo; apex/jorje/semantic/symbol/type/ModifierTypeInfo
staticfield apex/jorje/semantic/symbol/type/ModifierTypeInfos OVERRIDE Lapex/jorje/semantic/symbol/type/ModifierTypeInfo; apex/jorje/semantic/symbol/type/ModifierTypeInfo
staticfield apex/jorje/semantic/symbol/type/ModifierTypeInfos GLOBAL Lapex/jorje/semantic/symbol/type/ModifierTypeInfo; apex/jorje/semantic/symbol/type/ModifierTypeInfo
staticfield apex/jorje/semantic/symbol/type/ModifierTypeInfos EXPLICIT_STATEMENT_EXECUTED Lapex/jorje/semantic/symbol/type/ModifierTypeInfo; apex/jorje/semantic/symbol/type/ModifierTypeInfo
staticfield apex/jorje/semantic/symbol/type/ModifierTypeInfos PUBLIC Lapex/jorje/semantic/symbol/type/ModifierTypeInfo; apex/jorje/semantic/symbol/type/ModifierTypeInfo
staticfield apex/jorje/semantic/symbol/type/ModifierTypeInfos PRIVATE Lapex/jorje/semantic/symbol/type/ModifierTypeInfo; apex/jorje/semantic/symbol/type/ModifierTypeInfo
staticfield apex/jorje/semantic/symbol/type/ModifierTypeInfos LEGACY_DEFAULT_GETTER Lapex/jorje/semantic/symbol/type/ModifierTypeInfo; apex/jorje/semantic/symbol/type/ModifierTypeInfo
staticfield apex/jorje/semantic/symbol/type/ModifierTypeInfos LEGACY_DEFAULT_SETTER Lapex/jorje/semantic/symbol/type/ModifierTypeInfo; apex/jorje/semantic/symbol/type/ModifierTypeInfo
staticfield apex/jorje/semantic/symbol/type/ModifierTypeInfos HIDDEN Lapex/jorje/semantic/symbol/type/ModifierTypeInfo; apex/jorje/semantic/symbol/type/ModifierTypeInfo
staticfield apex/jorje/semantic/symbol/type/ModifierTypeInfos PROTECTED Lapex/jorje/semantic/symbol/type/ModifierTypeInfo; apex/jorje/semantic/symbol/type/ModifierTypeInfo
staticfield apex/jorje/semantic/symbol/type/ModifierTypeInfos VIRTUAL Lapex/jorje/semantic/symbol/type/ModifierTypeInfo; apex/jorje/semantic/symbol/type/ModifierTypeInfo
staticfield apex/jorje/semantic/symbol/type/ModifierTypeInfos ABSTRACT Lapex/jorje/semantic/symbol/type/ModifierTypeInfo; apex/jorje/semantic/symbol/type/ModifierTypeInfo
staticfield apex/jorje/semantic/symbol/type/ModifierTypeInfos STATIC Lapex/jorje/semantic/symbol/type/ModifierTypeInfo; apex/jorje/semantic/symbol/type/ModifierTypeInfo
staticfield apex/jorje/semantic/symbol/type/ModifierTypeInfos TEST_METHOD Lapex/jorje/semantic/symbol/type/ModifierTypeInfo; apex/jorje/semantic/symbol/type/ModifierTypeInfo
staticfield apex/jorje/semantic/symbol/type/ModifierTypeInfos WEB_SERVICE Lapex/jorje/semantic/symbol/type/ModifierTypeInfo; apex/jorje/semantic/symbol/type/ModifierTypeInfo
staticfield apex/jorje/semantic/symbol/type/ModifierTypeInfos FINAL Lapex/jorje/semantic/symbol/type/ModifierTypeInfo; apex/jorje/semantic/symbol/type/ModifierTypeInfo
staticfield apex/jorje/semantic/symbol/type/ModifierTypeInfos TRANSIENT Lapex/jorje/semantic/symbol/type/ModifierTypeInfo; apex/jorje/semantic/symbol/type/ModifierTypeInfo
staticfield apex/jorje/semantic/symbol/type/ModifierTypeInfos BRIDGE Lapex/jorje/semantic/symbol/type/ModifierTypeInfo; apex/jorje/semantic/symbol/type/ModifierTypeInfo
staticfield apex/jorje/semantic/symbol/type/ModifierTypeInfos ACC_INTERFACE Lapex/jorje/semantic/symbol/type/ModifierTypeInfo; apex/jorje/semantic/symbol/type/ModifierTypeInfo
ciInstanceKlass com/google/common/base/Equivalence$Wrapper 1 1 112 10 10 10 7 9 9 7 10 10 10 10 10 100 10 10 8 8 10 7 100 1 1 1 1 1 1 1 1 1 1 1 1 5 0 1 1 1 1 1 1 1 1 1 1 1 1 1 1 1 1 1 1 1 1 1 1 1 1 1 1 1 1 100 1 1 1 1 1 1 1 1 1 1 12 12 7 12 1 12 12 1 12 12 12 100 12 12 1 12 12 1 1 12 1 1 1 1 1 1 1 1 1 1 1 1 1 1 1 1 1 1
ciInstanceKlass apex/jorje/semantic/symbol/type/StandardAnnotationTypeInfo 1 1 92 10 7 12 1 1 1 9 7 12 1 1 1 9 7 1 9 12 1 1 9 9 12 1 1 9 9 12 1 9 10 12 1 11 100 12 1 1 1 11 100 12 1 1 1 100 1 11 100 12 1 1 100 1 1 1 1 1 1 1 1 1 1 1 1 1 1 1 1 1 1 1 1 1 1 1 1 1 1 1 1 1 1 1 1 1 1 1 1 100 1 1
ciInstanceKlass apex/jorje/semantic/symbol/member/method/StandardMethodInfoBuilder 1 1 387 10 7 12 1 1 1 10 7 12 1 1 1 9 7 12 1 1 1 9 7 12 1 1 1 9 12 1 9 12 1 1 9 12 1 1 9 7 12 1 1 1 9 12 1 9 12 1 9 12 1 1 9 7 12 1 1 9 12 1 10 100 12 1 1 1 8 1 9 12 1 10 100 12 1 1 1 8 1 9 12 1 8 1 9 12 1 8 1 9 12 1 8 8 8 8 1 9 12 1 8 8 10 12 1 8 1 9 12 8 8 1 9 12 8 10 12 1 1 9 12 1 100 1 8 1 10 12 1 8 1 8 1 10 7 12 1 1 1 9 7 12 1 1 10 12 1 1 9 7 12 1 1 1 10 7 12 1 1 1 9 7 12 1 9 12 1 9 12 1 7 1 10 12 1 10 11 7 12 1 1 1 10 7 12 1 1 1 10 12 1 1 10 7 12 1 1 1 10 12 1 1 11 100 12 1 1 1 10 7 12 1 1 1 8 1 10 7 12 1 1 1 10 7 12 1 1 1 10 12 1 1 10 12 1 100 1 8 10 12 1 10 12 1 18 12 1 1 10 12 1 1 7 1 10 12 1 1 10 12 1 1 10 12 1 1 10 12 1 10 12 1 1 10 7 12 1 1 1 1 1 1 1 1 1 1 1 1 1 1 1 1 1 1 1 1 1 1 1 1 1 1 1 1 1 1 1 1 1 1 1 1 1 1 1 1 1 1 1 1 1 1 1 1 1 1 1 1 1 1 1 1 1 1 1 1 1 1 1 1 1 1 1 1 1 1 1 1 1 1 1 1 1 1 1 1 1 1 1 1 1 1 1 1 1 1 15 10 7 12 1 1 1 16 15 10 12 1 1 16 1 1 100 1 100 1 1
staticfield apex/jorje/semantic/symbol/member/method/StandardMethodInfoBuilder $assertionsDisabled Z 1
ciInstanceKlass apex/jorje/semantic/symbol/member/method/signature/SignatureEquivalence 1 1 105 10 7 12 1 1 1 9 7 12 1 1 1 10 7 12 1 1 1 11 7 12 1 1 1 11 12 1 1 7 1 10 7 12 1 1 1 10 7 12 1 1 1 10 7 12 1 1 1 10 12 1 1 10 12 1 10 12 1 10 12 1 1 8 1 10 12 1 1 10 12 1 10 1 1 1 1 1 1 1 1 1 1 1 1 1 1 1 1 1 1 1 1 1 1 1 1 1 1 1 1 1 1 1 1
staticfield apex/jorje/semantic/symbol/member/method/signature/SignatureEquivalence INSTANCE Lapex/jorje/semantic/symbol/member/method/signature/SignatureEquivalence; apex/jorje/semantic/symbol/member/method/signature/SignatureEquivalence
instanceKlass apex/jorje/semantic/ast/visitor/ValidationScope
ciInstanceKlass apex/jorje/semantic/ast/visitor/SymbolScope 1 1 167 10 7 12 1 1 1 9 7 12 1 1 1 9 12 1 1 10 7 12 1 1 1 10 7 12 1 1 1 10 12 1 10 7 12 1 1 1 11 7 12 1 1 1 10 12 1 1 11 7 12 1 1 1 11 12 1 10 100 1 10 100 1 10 100 1 10 100 1 11 12 1 1 10 7 12 1 1 1 9 7 12 1 1 1 10 7 12 1 1 1 10 7 12 1 1 1 10 12 1 9 12 1 1 11 12 1 1 100 1 8 1 10 12 1 10 7 1 10 12 1 10 100 1 10 7 12 1 1 1 1 1 1 1 1 1 1 1 1 1 1 1 1 1 1 1 1 1 1 1 1 1 1 1 1 1 1 1 1 1 1 1 1 1 1 1 1
staticfield apex/jorje/semantic/ast/visitor/SymbolScope $assertionsDisabled Z 1
ciInstanceKlass apex/jorje/semantic/compiler/CompilerContext 1 1 173 10 7 12 1 1 1 7 1 10 12 1 9 7 12 1 1 1 7 1 10 7 12 1 1 1 10 7 12 1 1 1 10 12 1 9 12 1 1 7 1 10 9 12 1 1 7 1 10 9 12 1 1 7 1 10 9 12 1 1 10 7 12 1 1 1 9 12 1 1 10 12 1 1 9 12 1 1 10 12 1 1 9 12 1 1 10 12 1 1 9 12 1 1 10 12 1 1 9 12 1 1 10 12 1 11 7 12 1 1 1 7 1 9 12 1 1 9 12 1 1 9 12 1 1 11 12 1 1 10 11 12 1 1 1 1 1 1 1 1 1 1 1 1 1 1 1 1 1 1 1 1 1 1 1 1 1 1 1 1 1 1 1 1 1 1 1 100 1 100 1 1 1
ciInstanceKlass apex/jorje/semantic/symbol/resolver/StandardSymbolResolver 1 1 669 100 1 9 7 12 1 1 1 7 1 10 12 1 1 10 12 1 10 7 1 9 12 1 1 10 7 12 1 1 1 9 12 1 1 9 12 1 7 1 10 9 12 1 1 10 7 12 1 1 1 8 1 10 7 12 1 1 1 8 1 10 12 1 9 7 12 1 1 1 10 12 1 1 10 7 12 1 1 1 10 12 1 1 10 12 1 1 9 12 1 1 9 12 1 9 12 1 9 100 12 1 1 1 10 12 1 1 11 7 12 1 1 1 10 7 12 1 1 1 7 1 10 10 100 12 1 1 1 10 100 12 1 1 1 10 100 12 1 1 11 12 1 1 11 12 1 1 10 100 12 1 1 1 10 12 1 1 10 12 1 1 11 7 12 1 1 7 1 11 7 12 1 1 1 11 12 1 1 10 7 12 1 1 1 10 12 1 1 10 7 12 1 1 9 7 12 1 1 1 11 7 12 1 1 1 9 7 12 1 1 1 9 12 1 1 10 7 12 1 1 1 10 12 1 1 9 100 12 1 1 1 8 1 10 12 1 1 10 7 12 1 1 1 10 7 12 1 1 1 11 7 12 1 1 1 10 12 1 100 1 10 12 1 10 12 1 100 1 10 12 1 10 12 1 10 12 1 10 12 1 1 11 12 1 1 11 12 1 1 10 12 1 1 10 7 12 1 1 1 10 12 1 1 10 12 1 1 10 12 1 1 10 12 1 1 10 100 12 1 1 1 11 12 1 1 11 100 12 1 1 1 11 100 12 1 1 11 12 1 10 12 1 10 100 12 1 1 8 1 8 1 9 100 12 1 1 1 10 12 1 1 10 12 1 1 10 12 1 9 100 12 1 1 1 10 12 1 10 7 12 1 1 10 12 1 10 12 1 1 10 12 1 1 11 12 1 1 18 12 1 1 11 7 12 1 1 1 10 7 12 1 1 1 11 12 1 1 10 7 12 1 1 1 18 12 1 1 10 12 1 1 11 12 1 1 10 12 1 1 10 12 1 10 12 1 10 7 12 1 1 100 1 8 1 10 12 1 1 10 7 12 1 1 10 12 1 1 9 12 1 1 100 1 8 1 10 12 1 10 100 12 1 1 10 9 7 12 1 1 11 12 1 1 10 12 1 9 12 1 10 7 12 1 1 10 7 12 1 1 18 12 1 18 12 1 100 1 1 1 1 1 1 1 1 1 1 1 1 1 1 1 1 1 1 1 1 1 1 1 1 1 1 1 1 1 1 1 1 1 1 1 1 1 1 1 1 1 1 1 1 1 1 1 1 1 1 1 1 1 1 1 1 1 1 1 1 1 1 1 1 1 1 1 1 1 1 1 1 1 1 1 1 1 1 1 100 1 1 1 1 1 1 1 1 1 1 1 1 1 1 1 1 1 1 1 1 1 1 1 1 1 15 10 7 12 1 1 1 16 15 10 12 16 1 16 15 16 15 11 7 12 1 1 16 1 16 15 10 12 1 1 1 100 1 100 1 1 100 1 1 100 1 1 100 1 100 1 1
staticfield apex/jorje/semantic/symbol/resolver/StandardSymbolResolver TO_NAME Lcom/google/common/base/Function; apex/jorje/semantic/symbol/resolver/StandardSymbolResolver$$Lambda$460+0x00000140e428b2b8
staticfield apex/jorje/semantic/symbol/resolver/StandardSymbolResolver STANDARD_LOOKUP Lapex/jorje/semantic/symbol/resolver/StandardSymbolResolver$LookupOnResolver; apex/jorje/semantic/symbol/resolver/StandardSymbolResolver$$Lambda$461+0x00000140e428b708
staticfield apex/jorje/semantic/symbol/resolver/StandardSymbolResolver $assertionsDisabled Z 1
ciInstanceKlass apex/jorje/semantic/ast/visitor/ParentVisitor 1 1 97 10 7 12 1 1 1 10 7 12 1 1 1 9 7 12 1 1 1 10 12 1 1 10 7 12 1 1 1 10 7 12 1 1 1 10 7 12 1 1 1 10 12 1 1 11 7 12 1 1 1 10 7 12 1 1 1 10 12 1 1 10 12 1 10 12 1 10 12 1 10 12 1 1 1 1 1 1 1 1 1 1 1 1 1 1 1 1 1 1 1 1 1 1 1 1 1
ciInstanceKlass com/google/common/collect/PairList 1 1 48 10 9 9 10 7 7 1 1 1 1 1 1 1 1 1 1 1 1 1 1 1 1 1 1 1 1 100 1 1 1 1 1 1 1 1 12 12 12 7 12 1 1 1 1 1 1 1
ciInstanceKlass apex/jorje/semantic/ast/visitor/MemberResolveVisitor 1 1 295 10 7 12 1 1 1 10 7 12 1 1 1 10 7 12 1 1 1 10 100 12 1 1 1 10 12 1 1 10 12 1 1 10 12 1 1 11 7 12 1 1 1 11 7 12 1 1 1 11 7 12 1 1 1 10 7 12 1 1 1 10 7 1 10 10 12 1 1 10 11 12 1 1 9 7 12 1 1 1 10 7 12 1 1 1 10 7 1 10 7 1 10 10 12 1 1 11 7 12 1 1 11 12 1 1 9 12 1 1 10 12 1 1 9 100 12 1 1 1 100 1 8 1 10 12 1 10 7 12 1 1 10 12 1 1 11 12 1 1 10 7 12 1 1 11 12 1 1 11 7 12 1 1 1 10 12 1 10 7 12 1 1 10 7 12 1 1 10 7 12 1 10 7 1 11 12 11 12 10 12 1 1 10 12 1 1 10 12 1 10 12 1 10 12 1 10 12 1 10 12 1 10 12 1 10 12 1 10 12 1 10 12 1 10 12 1 10 12 1 10 12 1 10 12 1 10 12 1 10 12 1 10 12 1 10 12 1 10 12 1 10 7 12 1 1 1 1 1 1 1 1 1 1 1 1 1 1 1 1 1 1 1 1 1 1 1 1 1 1 1 1 1 1 1 1 1 1 1 1 1 1 1 1 1 1 1 1 1 1 1 1 1 1 1
staticfield apex/jorje/semantic/ast/visitor/MemberResolveVisitor $assertionsDisabled Z 1
ciInstanceKlass apex/jorje/semantic/ast/visitor/SymbolVisitor 1 1 134 10 7 12 1 1 1 10 7 12 1 1 1 10 7 12 1 1 1 10 7 12 1 1 1 11 7 12 1 1 1 10 12 1 1 8 1 7 1 10 7 12 1 1 1 10 7 12 1 1 1 10 7 12 1 1 10 12 1 1 11 7 12 1 1 1 9 7 12 1 1 1 11 12 1 1 11 7 12 1 1 1 10 7 12 1 1 1 10 12 1 1 10 12 1 10 12 1 10 12 1 10 12 1 1 1 1 1 1 1 1 1 1 1 1 1 1 1 1 1 1 1 1 1 1 1 1 1 1 1 1 1 1 1
ciInstanceKlass apex/jorje/semantic/compiler/CompilerContext$LocalContext 1 1 42 10 7 12 1 1 1 7 1 10 9 7 12 1 1 1 7 1 10 9 12 1 1 7 1 10 9 12 1 1 1 1 1 1 1 1 1 1 7 1 1 1
ciInstanceKlass apex/jorje/semantic/symbol/member/variable/LocalVariableTable 1 0 21 100 1 100 1 1 1 1 1 1 1 1 1 1 1 1 1 1 1 1 1
ciInstanceKlass apex/jorje/semantic/symbol/member/variable/StandardLocalVariableTable 1 1 183 10 7 12 1 1 1 10 7 12 1 1 1 9 7 12 1 1 1 11 7 12 1 1 1 11 100 12 1 1 1 11 12 1 1 100 1 10 12 1 1 10 12 1 1 11 12 1 1 9 12 1 1 11 12 1 100 1 8 1 10 12 11 12 1 11 12 1 1 10 100 12 1 1 1 10 8 1 10 100 12 1 1 1 18 12 1 1 11 12 1 10 18 8 1 10 100 12 1 1 1 10 100 12 1 1 1 10 12 1 1 10 12 1 1 10 100 12 1 1 1 8 10 100 12 1 1 10 12 1 10 7 12 1 1 100 1 1 1 1 1 1 1 1 1 1 1 1 1 1 1 1 1 1 1 1 1 1 1 1 1 1 1 1 1 1 15 10 100 12 1 1 8 1 8 1 1 1 100 1 100 1 1
staticfield apex/jorje/semantic/symbol/member/variable/StandardLocalVariableTable $assertionsDisabled Z 1
ciInstanceKlass apex/jorje/semantic/symbol/resolver/StaticContext 1 1 55 10 7 12 1 1 1 9 7 12 1 1 1 9 12 1 1 100 1 8 1 10 12 1 10 7 12 1 1 1 8 1 10 12 1 1 10 7 12 1 1 1 1 1 1 1 1 1 1 1 1 1 1 1 1
staticfield apex/jorje/semantic/symbol/resolver/StaticContext $assertionsDisabled Z 1
ciInstanceKlass apex/jorje/semantic/ast/compilation/UserClassMembers 1 1 303 100 1 10 7 12 1 1 1 9 7 12 1 1 1 10 7 12 1 1 1 9 7 12 1 1 1 9 12 1 9 12 1 9 12 1 9 12 1 9 12 1 9 12 1 9 12 1 9 12 1 7 1 10 12 1 10 7 12 1 1 1 10 7 12 1 1 1 10 12 1 8 1 9 7 12 1 1 1 7 1 10 12 1 1 10 12 1 1 10 12 1 9 12 1 1 10 12 1 1 9 7 12 1 1 1 10 12 1 1 10 7 12 1 1 1 7 1 10 12 1 10 7 12 1 1 10 7 12 1 1 1 9 7 12 1 1 1 9 12 1 10 12 1 1 10 12 1 9 12 1 100 1 8 1 9 12 1 10 12 1 9 7 12 1 1 10 7 12 1 1 1 11 7 12 1 1 1 11 7 12 1 1 1 11 12 1 1 7 1 10 12 1 1 9 12 1 1 11 7 12 1 1 1 9 12 1 10 12 1 1 10 12 1 1 10 12 1 1 10 12 1 10 100 12 1 1 1 8 1 10 100 12 1 1 8 8 8 10 12 1 1 9 12 1 1 1 1 1 1 1 1 1 1 1 1 1 1 1 1 1 1 1 1 1 1 1 1 1 1 1 1 1 1 1 1 1 1 1 1 1 1 1 1 1 1 1 1 1 1 1 1 1 1 1 1 1 100 1 100 1 1 1
staticfield apex/jorje/semantic/ast/compilation/UserClassMembers CLONE_MODIFIERS Lapex/jorje/semantic/ast/modifier/ModifierGroup; apex/jorje/semantic/ast/modifier/ModifierGroup
ciInstanceKlass apex/jorje/semantic/ast/compilation/UserClassMembers$2 1 1 145 9 7 12 1 1 1 9 12 1 1 10 7 12 1 1 1 11 7 12 1 1 1 11 7 12 1 1 1 11 12 1 1 7 1 11 12 1 1 11 12 1 1 18 12 1 1 10 100 12 1 1 1 10 100 12 1 1 1 11 100 12 1 1 10 12 1 1 10 12 1 1 10 12 1 10 9 100 12 1 1 1 100 1 10 12 1 1 1 1 1 1 1 1 1 1 1 1 1 1 1 1 1 1 1 1 1 1 1 1 1 1 1 1 1 1 1 1 1 1 1 100 1 12 1 1 1 1 15 10 100 12 1 1 1 16 15 10 12 1 100 1 100 1 1
ciInstanceKlass apex/jorje/semantic/symbol/member/variable/LocalVariableScope 1 1 145 10 7 12 1 1 1 9 7 12 1 1 1 9 12 1 9 12 1 1 11 100 12 1 1 1 10 12 1 10 100 12 1 1 1 10 100 12 1 1 1 11 12 1 1 18 12 1 1 10 12 1 1 11 12 1 1 10 100 12 1 1 1 11 12 1 10 12 1 1 10 12 1 10 12 1 1 10 100 12 1 1 1 10 12 1 1 10 100 12 1 1 1 10 7 12 1 1 1 1 1 1 1 1 1 1 1 1 1 1 1 1 1 1 1 1 1 1 1 1 1 1 1 1 1 1 1 1 1 1 1 15 10 100 12 1 1 8 1 1 100 1 100 1 1
staticfield apex/jorje/semantic/symbol/member/variable/LocalVariableScope EMPTY_MAP Ljava/util/Map; com/google/common/collect/RegularImmutableMap
ciInstanceKlass apex/jorje/semantic/ast/compilation/ConstructorPreamble 1 1 83 10 7 12 1 1 1 9 7 12 1 1 1 10 7 12 1 1 1 11 7 12 1 1 1 11 7 12 1 1 1 11 12 1 1 10 12 1 1 10 12 1 10 100 1 10 12 1 1 10 1 1 1 1 1 1 1 1 1 1 1 1 1 1 1 1 1 1 1 1 1 100 1 1 1 1 1 1 1 1 1 1 1
ciInstanceKlass apex/jorje/semantic/ast/compilation/AdditionalInfo 1 1 449 100 1 10 7 12 1 1 1 9 7 12 1 1 1 10 7 12 1 1 1 9 7 12 1 1 1 10 12 1 1 9 12 1 1 9 12 1 1 9 9 12 1 9 10 10 100 12 1 1 1 11 100 12 1 1 1 11 100 12 1 1 1 10 12 1 1 10 100 12 1 1 1 8 1 10 100 12 1 1 1 10 100 12 1 1 1 10 12 1 1 10 12 1 1 100 1 10 12 1 10 12 1 1 10 100 12 1 1 1 100 1 10 100 1 10 12 1 100 1 10 10 12 1 1 10 12 1 10 100 12 1 1 1 10 12 1 1 10 100 12 1 1 1 10 100 12 1 1 1 100 1 3 10 100 12 1 1 1 10 100 1 8 1 100 1 8 1 10 12 1 10 12 1 11 100 12 1 1 11 12 1 1 18 12 1 1 11 100 12 1 1 1 9 100 12 1 1 1 11 12 1 1 18 9 100 12 1 1 1 11 12 1 1 100 1 10 11 100 12 1 1 1 11 100 12 1 1 1 10 100 12 1 1 10 100 12 1 1 1 10 11 12 1 10 12 1 1 8 1 11 100 12 1 1 1 9 100 12 1 1 1 8 1 10 12 1 11 10 12 1 1 10 100 12 1 1 1 10 100 12 1 1 1 9 100 12 1 1 11 12 1 10 100 12 1 1 1 11 12 1 1 11 100 12 1 1 1 11 100 12 1 1 11 12 1 1 100 1 11 12 1 11 12 1 10 100 12 1 1 1 10 12 1 100 1 1 1 1 8 1 1 8 1 1 8 1 1 8 1 1 8 1 1 1 3 1 1 1 1 1 1 1 1 1 1 1 1 1 1 1 1 1 1 1 1 1 1 1 1 1 1 1 1 1 1 1 1 1 1 1 1 1 1 1 1 1 1 1 1 1 1 1 1 1 1 1 1 1 1 1 1 1 1 1 15 10 100 12 1 1 1 16 1 15 10 100 12 1 1 1 16 1 15 10 12 16 1 1 1 1 1 1 1 100 1 100 1 1
ciMethodData java/lang/Object <init> ()V 2 4481277 orig 80 1 0 0 0 0 0 0 0 0 0 0 0 0 0 0 0 0 0 0 0 0 0 0 0 0 0 0 0 0 0 0 0 0 0 0 0 0 0 0 0 0 0 0 0 0 0 0 0 0 0 0 0 0 0 0 0 0 0 0 0 0 0 0 0 0 0 0 0 0 0 0 0 0 0 0 0 0 0 0 0 data 4 0x0 0x9 0x1 0x0 oops 0 methods 0
ciMethodData java/util/HashMap hash (Ljava/lang/Object;)I 2 180343 orig 80 1 0 0 0 0 0 0 0 0 0 0 0 0 0 0 0 0 0 0 0 0 0 0 0 0 0 0 0 0 0 0 0 0 0 0 0 0 0 0 2 0 0 0 0 0 0 0 0 0 0 0 0 0 0 0 0 0 0 0 0 0 0 0 0 0 0 0 0 0 0 0 0 0 0 0 0 0 0 0 0 data 23 0x8000000600010007 0x2be78 0x38 0x2 0x50003 0x2 0x50 0x90005 0x10b2e 0x0 0x140e2c83390 0x1b1c3 0x140e2c849c0 0x187 0x0 0x0 0x0 0x0 0x0 0x0 0x9 0x1 0xffffffffffffffff oops 2 10 java/lang/String 12 java/lang/Module methods 0
ciMethodData java/util/HashMap getNode (Ljava/lang/Object;)Ljava/util/HashMap$Node; 2 59244 orig 80 4 0 0 0 5 0 0 0 0 0 0 0 0 0 0 0 0 0 0 0 0 0 0 5 0 0 0 0 0 0 0 0 0 0 0 0 0 0 0 8 0 0 0 0 0 0 0 0 0 0 0 0 0 0 0 0 0 0 0 0 0 0 0 0 0 0 0 0 0 0 0 0 0 0 0 0 0 0 0 0 data 103 0x60007 0x2bbd 0x2e8 0xb9b3 0xe0007 0x0 0x2c8 0xb9b3 0x170002 0xb9b3 0x210007 0x5be9 0x298 0x5dca 0x2a0007 0x3ffe 0xb8 0x1dcc 0x8000000600350007 0x1744 0x98 0x68b 0x390007 0x0 0x78 0x68b 0x3f0005 0x41 0x0 0x1412843ada0 0x5d 0x140e2c83390 0x5ed 0x8000000600420007 0x25 0x20 0x669 0x4e0007 0x2da5 0x1c0 0x127e 0x520004 0xffffffffffffed82 0x0 0x14129a5c410 0x37 0x1412843ae50 0x13 0x550007 0x127e 0x90 0x0 0x590004 0x0 0x0 0x0 0x0 0x0 0x0 0x5f0005 0x0 0x0 0x0 0x0 0x0 0x0 0x6a0007 0x14e8 0xb8 0x21a 0x760007 0x1aa 0x98 0x70 0x7a0007 0x0 0x78 0x70 0x8000000700800005 0x39 0x0 0x140e2c87070 0xd 0x140e2c83390 0x2f 0x8000000600830007 0x2a 0x20 0x4d 0x910007 0x484 0xffffffffffffff48 0x108e 0x0 0x0 0x0 0x0 0x0 0x0 0x9 0x2 0x0 0x0 oops 6 29 sun/security/util/ObjectIdentifier 31 java/lang/String 44 java/util/HashMap$Node 46 java/util/LinkedHashMap$Entry 81 java/lang/Integer 83 java/lang/String methods 0
ciMethodData java/util/ArrayDeque inc (II)I 2 73871 orig 80 0 0 0 0 0 0 0 0 0 0 0 0 0 0 0 0 0 0 0 0 0 0 0 0 0 0 0 0 0 0 0 0 0 0 0 0 0 0 0 0 0 0 0 0 0 0 0 0 0 0 0 0 0 0 0 0 0 0 0 0 0 0 0 0 0 0 0 0 0 0 0 0 0 0 0 0 0 0 0 0 data 9 0x50007 0x16c4 0x20 0x108cb 0x0 0x9 0x2 0x0 0x0 oops 0 methods 0
ciMethodData java/lang/Object equals (Ljava/lang/Object;)Z 2 30469 orig 80 0 0 0 0 0 0 0 0 0 0 0 0 0 0 0 0 0 0 0 0 0 0 0 0 0 0 0 0 0 0 0 0 0 0 0 0 0 0 0 0 0 0 0 0 0 0 0 0 0 0 0 0 0 0 0 0 0 0 0 0 0 0 0 0 0 0 0 0 0 0 0 0 0 0 0 0 0 0 0 0 data 17 0x20007 0x26f6 0x38 0x4f0a 0x60003 0x4f0a 0x18 0x0 0x0 0x0 0x0 0x0 0x0 0x9 0x2 0x0 0x0 oops 0 methods 0
ciMethodData java/util/ArrayDeque elementAt ([Ljava/lang/Object;I)Ljava/lang/Object; 2 151282 orig 80 0 0 0 0 0 0 0 0 0 0 0 0 0 0 0 0 0 0 0 0 0 0 0 0 0 0 0 0 0 0 0 0 0 0 0 0 0 0 0 0 0 0 0 0 0 0 0 0 0 0 0 0 0 0 0 0 0 0 0 0 0 0 0 0 0 0 0 0 0 0 0 0 0 0 0 0 0 0 0 0 data 7 0x0 0x0 0x0 0x9 0x2 0x0 0x0 oops 0 methods 0
ciMethodData java/util/ArrayDeque pollFirst ()Ljava/lang/Object; 2 70797 orig 80 0 0 0 0 0 0 0 0 0 0 0 0 0 0 0 0 0 0 0 0 0 0 0 0 0 0 0 0 0 0 0 0 0 0 0 0 0 0 0 0 0 0 0 0 0 0 0 0 0 0 0 0 0 0 0 0 0 0 0 0 0 0 0 0 0 0 0 0 0 0 0 0 0 0 0 0 0 0 0 0 data 24 0xc0002 0x1138d 0x110007 0xf 0x68 0x1137e 0x170104 0x0 0x0 0x0 0x0 0x0 0x0 0x1c0002 0x1137e 0x0 0x0 0x0 0x0 0x0 0x0 0x9 0x1 0x6 oops 0 methods 0
ciMethodData java/lang/Boolean valueOf (Z)Ljava/lang/Boolean; 2 110877 orig 80 0 0 0 0 0 0 0 0 0 0 0 0 0 0 0 0 0 0 0 0 0 0 0 0 0 0 0 0 0 0 0 0 0 0 0 0 0 0 0 0 0 0 0 0 0 0 0 0 0 0 0 0 0 0 0 0 0 0 0 0 0 0 0 0 0 0 0 0 0 0 0 0 0 0 0 0 0 0 0 0 data 13 0x10007 0x1625f 0x38 0x4e44 0x70003 0x4e44 0x18 0x0 0x0 0x0 0x9 0x1 0x0 oops 0 methods 0
ciMethodData java/util/HashMap containsKey (Ljava/lang/Object;)Z 2 44334 orig 80 1 0 0 0 0 0 0 0 0 0 0 0 0 0 0 0 0 0 0 0 0 0 0 0 0 0 0 0 0 0 0 0 0 0 0 0 0 0 0 0 0 0 0 0 0 0 0 0 0 0 0 0 0 0 0 0 0 0 0 0 0 0 0 0 0 0 0 0 0 0 0 0 0 0 0 0 0 0 0 0 data 24 0x20005 0xacae 0x0 0x0 0x0 0x0 0x0 0x50007 0x713e 0x38 0x3b71 0x90003 0x3b71 0x18 0x0 0x0 0x0 0x0 0x0 0x0 0x9 0x2 0x0 0x0 oops 0 methods 0
ciMethod com/google/common/base/Preconditions checkArgument (Z)V 514 0 69029 0 0
ciMethod com/google/common/base/Preconditions checkPositionIndex (II)I 542 0 75713 0 0
ciMethod com/google/common/base/Preconditions checkPositionIndex (IILjava/lang/String;)I 542 0 74980 0 128
ciMethod com/google/common/base/Preconditions checkPositionIndexes (III)V 536 0 69034 0 160
ciMethod java/util/NoSuchElementException <init> ()V 0 0 1 0 -1
ciMethod com/google/common/collect/ImmutableList iterator ()Lcom/google/common/collect/UnmodifiableIterator; 512 0 67250 0 512
ciMethod com/google/common/collect/ImmutableList listIterator ()Lcom/google/common/collect/UnmodifiableListIterator; 512 0 67250 0 0
ciMethod com/google/common/collect/ImmutableList listIterator (I)Lcom/google/common/collect/UnmodifiableListIterator; 32 0 16 0 -1
ciMethod com/google/common/collect/ImmutableList iterator ()Ljava/util/Iterator; 512 0 67410 0 512
ciMethod com/google/common/collect/Iterators emptyListIterator ()Lcom/google/common/collect/UnmodifiableListIterator; 82 0 67166 0 0
ciMethod com/google/common/collect/Iterators forArray ([Ljava/lang/Object;III)Lcom/google/common/collect/UnmodifiableListIterator; 536 0 68761 0 544
ciMethod com/google/common/collect/Iterators singletonIterator (Ljava/lang/Object;)Lcom/google/common/collect/UnmodifiableIterator; 532 0 5551 0 0
ciMethod com/google/common/collect/UnmodifiableIterator <init> ()V 478 0 37154 0 0
ciMethod com/google/common/collect/UnmodifiableIterator hasNext ()Z 0 0 1 0 -1
ciMethod com/google/common/collect/UnmodifiableIterator next ()Ljava/lang/Object; 0 0 1 0 -1
ciMethod com/google/common/collect/UnmodifiableListIterator <init> ()V 456 0 1612 0 0
ciMethod com/google/common/collect/Iterators$9 <init> (Ljava/lang/Object;)V 512 0 5541 0 0
ciMethod com/google/common/collect/Iterators$9 hasNext ()Z 564 0 13598 0 0
ciMethod com/google/common/collect/Iterators$9 next ()Ljava/lang/Object; 4096 0 7358 0 0
ciMethod com/google/common/collect/Iterators$ArrayItr <init> ([Ljava/lang/Object;III)V 456 0 1596 0 0
ciMethod com/google/common/collect/Iterators$ArrayItr get (I)Ljava/lang/Object; 554 0 87812 0 128
ciMethod com/google/common/collect/AbstractIndexedListIterator get (I)Ljava/lang/Object; 0 0 1 0 -1
ciMethod com/google/common/collect/AbstractIndexedListIterator <init> (II)V 456 0 1612 0 0
ciMethod com/google/common/collect/AbstractIndexedListIterator hasNext ()Z 520 0 162328 0 96
ciMethod com/google/common/collect/AbstractIndexedListIterator next ()Ljava/lang/Object; 554 0 87844 0 224
ciMethod com/google/common/base/Equivalence equivalent (Ljava/lang/Object;Ljava/lang/Object;)Z 512 0 65315 0 224
ciMethod com/google/common/base/Equivalence doEquivalent (Ljava/lang/Object;Ljava/lang/Object;)Z 0 0 1 0 -1
ciMethod com/google/common/base/Equivalence hash (Ljava/lang/Object;)I 512 0 141314 0 0
ciMethod com/google/common/base/Equivalence doHash (Ljava/lang/Object;)I 0 0 1 0 -1
ciMethod com/google/common/base/Equivalence$Equals doEquivalent (Ljava/lang/Object;Ljava/lang/Object;)Z 512 0 37757 0 96
ciMethod com/google/common/collect/SingletonImmutableList iterator ()Lcom/google/common/collect/UnmodifiableIterator; 780 0 5675 0 0
ciMethod com/google/common/collect/SingletonImmutableList iterator ()Ljava/util/Iterator; 4106 0 7336 0 0
ciMethod com/google/common/collect/RegularImmutableList listIterator (I)Lcom/google/common/collect/UnmodifiableListIterator; 512 0 66937 0 416
ciMethod apex/jorje/semantic/ast/visitor/AstVisitor defaultVisit ()Z 290 0 145 0 -1
ciMethod apex/jorje/semantic/ast/visitor/AstVisitor visit (Lapex/jorje/semantic/ast/compilation/UserClass;Lapex/jorje/semantic/ast/visitor/Scope;)Z 0 0 1 0 -1
ciMethod apex/jorje/semantic/ast/visitor/AstVisitor visitEnd (Lapex/jorje/semantic/ast/compilation/UserClass;Lapex/jorje/semantic/ast/visitor/Scope;)V 16280 0 8140 0 -1
ciMethod apex/jorje/semantic/ast/visitor/AstVisitor visit (Lapex/jorje/semantic/ast/compilation/UserEnum;Lapex/jorje/semantic/ast/visitor/Scope;)Z 0 0 1 0 -1
ciMethod apex/jorje/semantic/ast/visitor/AstVisitor visitEnd (Lapex/jorje/semantic/ast/compilation/UserEnum;Lapex/jorje/semantic/ast/visitor/Scope;)V 2800 0 1400 0 -1
ciMethod apex/jorje/semantic/ast/visitor/AstVisitor visit (Lapex/jorje/semantic/ast/statement/FieldDeclarationStatements;Lapex/jorje/semantic/ast/visitor/Scope;)Z 820 0 31984 0 0
ciMethod apex/jorje/semantic/ast/visitor/AstVisitor visitEnd (Lapex/jorje/semantic/ast/statement/FieldDeclarationStatements;Lapex/jorje/semantic/ast/visitor/Scope;)V 820 0 31984 0 0
ciMethod apex/jorje/semantic/ast/visitor/AstVisitor visit (Lapex/jorje/semantic/ast/member/Property;Lapex/jorje/semantic/ast/visitor/Scope;)Z 12 0 6 0 -1
ciMethod apex/jorje/semantic/ast/visitor/AstVisitor visitEnd (Lapex/jorje/semantic/ast/member/Property;Lapex/jorje/semantic/ast/visitor/Scope;)V 12 0 6 0 -1
ciMethod apex/jorje/semantic/ast/visitor/AstVisitor visit (Lapex/jorje/semantic/ast/member/Field;Lapex/jorje/semantic/ast/visitor/Scope;)Z 67740 0 33870 0 -1
ciMethod apex/jorje/semantic/ast/visitor/AstVisitor visitEnd (Lapex/jorje/semantic/ast/member/Field;Lapex/jorje/semantic/ast/visitor/Scope;)V 67740 0 33870 0 -1
ciMethod apex/jorje/semantic/ast/visitor/AstVisitor visit (Lapex/jorje/semantic/ast/member/Parameter;Lapex/jorje/semantic/ast/visitor/Scope;)Z 0 0 1 0 -1
ciMethod apex/jorje/semantic/ast/visitor/AstVisitor visitEnd (Lapex/jorje/semantic/ast/member/Parameter;Lapex/jorje/semantic/ast/visitor/Scope;)V 3836 0 278 0 -1
ciMethod apex/jorje/semantic/ast/visitor/AstVisitor visit (Lapex/jorje/semantic/ast/member/Method;Lapex/jorje/semantic/ast/visitor/Scope;)Z 135618 0 67837 0 -1
ciMethod apex/jorje/semantic/ast/visitor/AstVisitor visitEnd (Lapex/jorje/semantic/ast/member/Method;Lapex/jorje/semantic/ast/visitor/Scope;)V 135592 0 67837 0 -1
ciMethod apex/jorje/semantic/ast/visitor/AstVisitor visit (Lapex/jorje/semantic/ast/member/bridge/BridgeMethodCreator;Lapex/jorje/semantic/ast/visitor/Scope;)Z 17270 0 8383 0 -1
ciMethod apex/jorje/semantic/ast/visitor/AstVisitor visitEnd (Lapex/jorje/semantic/ast/member/bridge/BridgeMethodCreator;Lapex/jorje/semantic/ast/visitor/Scope;)V 548 0 6590 0 0
ciMethod apex/jorje/semantic/ast/visitor/AstVisitor visit (Lapex/jorje/semantic/ast/compilation/UserClassMethods;Lapex/jorje/semantic/ast/visitor/Scope;)Z 15742 0 7874 0 -1
ciMethod apex/jorje/semantic/ast/visitor/AstVisitor visitEnd (Lapex/jorje/semantic/ast/compilation/UserClassMethods;Lapex/jorje/semantic/ast/visitor/Scope;)V 816 0 6337 0 0
ciMethod apex/jorje/semantic/ast/visitor/AstVisitor visit (Lapex/jorje/semantic/ast/compilation/UserExceptionMethods;Lapex/jorje/semantic/ast/visitor/Scope;)Z 532 0 266 0 -1
ciMethod apex/jorje/semantic/ast/visitor/AstVisitor visitEnd (Lapex/jorje/semantic/ast/compilation/UserExceptionMethods;Lapex/jorje/semantic/ast/visitor/Scope;)V 512 0 256 0 0
ciMethod apex/jorje/semantic/ast/visitor/AstVisitor visit (Lapex/jorje/semantic/ast/modifier/ModifierNode;Lapex/jorje/semantic/ast/visitor/Scope;)Z 588 0 10947 0 0
ciMethod apex/jorje/semantic/ast/visitor/AstVisitor visitEnd (Lapex/jorje/semantic/ast/modifier/ModifierNode;Lapex/jorje/semantic/ast/visitor/Scope;)V 17970 0 8985 0 -1
ciMethodData com/google/common/collect/AbstractIndexedListIterator hasNext ()Z 2 162328 orig 80 0 0 0 0 0 0 0 0 0 0 0 0 0 0 0 0 0 0 0 0 0 0 0 0 0 0 0 0 0 0 0 0 0 0 0 0 0 0 0 0 0 0 0 0 0 0 0 0 0 0 0 0 0 0 0 0 0 0 0 0 0 0 0 0 0 0 0 0 0 0 0 0 0 0 0 0 0 0 0 0 data 14 0x80007 0x1098e 0x38 0x16f86 0xc0003 0x16f86 0x18 0x0 0x0 0x0 0x0 0x9 0x1 0x0 oops 0 methods 0
ciMethodData com/google/common/collect/AbstractIndexedListIterator next ()Ljava/lang/Object; 2 87844 orig 80 0 0 0 0 0 0 0 0 0 0 0 0 0 0 0 0 0 0 0 0 0 0 0 0 0 0 0 0 0 0 0 0 0 0 0 0 0 0 0 0 0 0 0 0 0 0 0 0 0 0 0 0 0 0 0 0 0 0 0 0 0 0 0 0 0 0 0 0 0 0 0 0 0 0 0 0 0 0 0 0 data 29 0x10005 0x1560f 0x0 0x0 0x0 0x0 0x0 0x40007 0x1560f 0x30 0x0 0xb0002 0x0 0x1b0005 0xd39 0x0 0x140e2d72060 0x20 0x14129ef6960 0x148b6 0x0 0x0 0x0 0x0 0x0 0x0 0x9 0x1 0xffffffffffffffff oops 2 16 com/google/common/collect/ImmutableList$1 18 com/google/common/collect/Iterators$ArrayItr methods 0
ciMethodData com/google/common/collect/Iterators$ArrayItr get (I)Ljava/lang/Object; 2 87812 orig 80 0 0 0 0 0 0 0 0 0 0 0 0 0 0 0 0 0 0 0 0 0 0 0 0 0 0 0 0 0 0 0 0 0 0 0 0 0 0 0 0 0 0 0 0 0 0 0 0 0 0 0 0 0 0 0 0 0 0 0 0 0 0 0 0 0 0 0 0 0 0 0 0 0 0 0 0 0 0 0 0 data 8 0x0 0x0 0x0 0x0 0x9 0x2 0x0 0x0 oops 0 methods 0
ciMethodData com/google/common/base/Preconditions checkPositionIndex (II)I 2 75713 orig 80 0 0 0 0 0 0 0 0 0 0 0 0 0 0 0 0 0 0 0 0 0 0 0 0 0 0 0 0 0 0 0 0 0 0 0 0 0 0 0 0 0 0 0 0 0 0 0 0 0 0 0 0 0 0 0 0 0 0 0 0 0 0 0 0 0 0 0 0 0 0 0 0 0 0 0 0 0 0 0 0 data 12 0x40002 0x126b2 0x0 0x0 0x0 0x0 0x0 0x0 0x9 0x2 0x0 0x0 oops 0 methods 0
ciMethodData com/google/common/base/Preconditions checkPositionIndex (IILjava/lang/String;)I 2 74980 orig 80 0 0 0 0 0 0 0 0 0 0 0 0 0 0 0 0 0 0 0 0 0 0 0 0 0 0 0 0 0 0 0 0 0 0 0 0 0 0 0 0 0 0 0 0 0 0 0 0 0 0 0 0 0 0 0 0 0 0 0 0 0 0 0 0 0 0 0 0 0 0 0 0 0 0 0 0 0 0 0 0 data 23 0x10007 0x0 0x40 0x123d5 0x60007 0x123d5 0x40 0x0 0x100002 0x0 0x130002 0x0 0x0 0x0 0x0 0x0 0x0 0x0 0x9 0x3 0x0 0x0 0x0 oops 0 methods 0
ciMethod apex/jorje/semantic/symbol/type/TypeInfo getEquivalenceWrapper ()Lcom/google/common/base/Equivalence$Wrapper; 0 0 1 0 -1
ciMethod apex/jorje/semantic/ast/visitor/Scope push (Lapex/jorje/semantic/ast/compilation/UserClass;)V 244 0 6290 0 0
ciMethod apex/jorje/semantic/ast/visitor/Scope pop (Lapex/jorje/semantic/ast/compilation/UserClass;)V 274 0 6289 0 0
ciMethod apex/jorje/semantic/ast/visitor/Scope push (Lapex/jorje/semantic/ast/compilation/UserEnum;)V 520 0 260 0 0
ciMethod apex/jorje/semantic/ast/visitor/Scope pop (Lapex/jorje/semantic/ast/compilation/UserEnum;)V 514 0 260 0 0
ciMethod apex/jorje/semantic/ast/visitor/Scope push (Lapex/jorje/semantic/ast/member/Field;)V 0 0 1 0 -1
ciMethod apex/jorje/semantic/ast/visitor/Scope pop (Lapex/jorje/semantic/ast/member/Field;)V 0 0 1 0 -1
ciMethod apex/jorje/semantic/ast/visitor/Scope push (Lapex/jorje/semantic/ast/member/Method;)V 0 0 1 0 -1
ciMethod apex/jorje/semantic/ast/visitor/Scope pop (Lapex/jorje/semantic/ast/member/Method;)V 0 0 1 0 -1
ciMethod apex/jorje/semantic/ast/visitor/Scope push (Lapex/jorje/semantic/ast/compilation/ConstructorPreamble;)V 0 0 1 0 -1
ciMethod apex/jorje/semantic/ast/visitor/Scope pop (Lapex/jorje/semantic/ast/compilation/ConstructorPreamble;)V 0 0 1 0 -1
ciMethod apex/jorje/semantic/ast/AstNode traverse (Lapex/jorje/semantic/ast/visitor/AstVisitor;Lapex/jorje/semantic/ast/visitor/Scope;)V 0 0 1 0 -1
ciMethod apex/jorje/semantic/ast/member/bridge/BridgeMethodCreator traverse (Lapex/jorje/semantic/ast/visitor/AstVisitor;Lapex/jorje/semantic/ast/visitor/Scope;)V 4122 0 8383 0 0
ciMethod apex/jorje/semantic/ast/statement/Statement traverse (Lapex/jorje/semantic/ast/visitor/AstVisitor;Lapex/jorje/semantic/ast/visitor/Scope;)V 0 0 1 0 -1
ciMethod apex/jorje/semantic/ast/compilation/UserClassMethods traverse (Lapex/jorje/semantic/ast/visitor/AstVisitor;Lapex/jorje/semantic/ast/visitor/Scope;)V 4108 0 7983 0 0
ciMethod apex/jorje/semantic/ast/member/Parameter traverse (Lapex/jorje/semantic/ast/visitor/AstVisitor;Lapex/jorje/semantic/ast/visitor/Scope;)V 0 0 245 0 0
ciMethod apex/jorje/semantic/ast/member/Method traverse (Lapex/jorje/semantic/ast/visitor/AstVisitor;Lapex/jorje/semantic/ast/visitor/Scope;)V 4232 0 68454 0 0
ciMethod apex/jorje/semantic/ast/member/Method getLocals ()Lapex/jorje/semantic/symbol/member/variable/LocalVariableScope; 512 0 256 0 0
ciMethod apex/jorje/semantic/ast/member/Method getModifiers ()Lapex/jorje/semantic/ast/modifier/ModifierGroup; 590 0 295 0 0
ciMethod apex/jorje/semantic/ast/modifier/ModifierGroup has (Lapex/jorje/semantic/symbol/type/ModifierOrAnnotationTypeInfo;)Z 946 0 73003 0 768
ciMethod apex/jorje/semantic/ast/modifier/ModifierGroup getAnnotations ()Ljava/util/List; 628 0 314 0 -1
ciMethod apex/jorje/semantic/ast/modifier/ModifierGroup assertIsResolvedForInput (Lapex/jorje/semantic/symbol/type/ModifierOrAnnotationTypeInfo;)Z 0 0 1 0 -1
ciMethod apex/jorje/semantic/ast/compilation/UserExceptionMethods traverse (Lapex/jorje/semantic/ast/visitor/AstVisitor;Lapex/jorje/semantic/ast/visitor/Scope;)V 550 72 269 0 0
ciMethod apex/jorje/semantic/ast/modifier/Annotation traverse (Lapex/jorje/semantic/ast/visitor/AstVisitor;Lapex/jorje/semantic/ast/visitor/Scope;)V 0 0 1 0 -1
ciMethod apex/jorje/semantic/ast/statement/FieldDeclarationStatements traverse (Lapex/jorje/semantic/ast/visitor/AstVisitor;Lapex/jorje/semantic/ast/visitor/Scope;)V 4496 0 33822 0 0
ciMethod apex/jorje/semantic/ast/member/Property traverse (Lapex/jorje/semantic/ast/visitor/AstVisitor;Lapex/jorje/semantic/ast/visitor/Scope;)V 12 0 6 0 0
ciMethod apex/jorje/semantic/ast/member/Field traverse (Lapex/jorje/semantic/ast/visitor/AstVisitor;Lapex/jorje/semantic/ast/visitor/Scope;)V 4286 0 36902 0 3264
ciMethod apex/jorje/semantic/ast/statement/FieldDeclaration traverse (Lapex/jorje/semantic/ast/visitor/AstVisitor;Lapex/jorje/semantic/ast/visitor/Scope;)V 1024 0 15304 0 -1
ciMethod apex/jorje/semantic/ast/compilation/Compilation traverse (Lapex/jorje/semantic/ast/visitor/AstVisitor;Lapex/jorje/semantic/ast/visitor/Scope;)V 0 0 1 0 -1
ciMethod apex/jorje/semantic/ast/modifier/ModifierNode traverse (Lapex/jorje/semantic/ast/visitor/AstVisitor;Lapex/jorje/semantic/ast/visitor/Scope;)V 4114 0 12998 0 0
ciMethod apex/jorje/semantic/ast/compilation/UserEnum traverse (Lapex/jorje/semantic/ast/visitor/AstVisitor;Lapex/jorje/semantic/ast/visitor/Scope;)V 2922 17802 1413 0 0
ciMethod apex/jorje/semantic/ast/compilation/UserClass traverse (Lapex/jorje/semantic/ast/visitor/AstVisitor;Lapex/jorje/semantic/ast/visitor/Scope;)V 4126 50646 8234 0 0
ciMethod apex/jorje/semantic/ast/statement/MethodBlockStatement traverse (Lapex/jorje/semantic/ast/visitor/AstVisitor;Lapex/jorje/semantic/ast/visitor/Scope;)V 0 0 643 0 0
ciMethodData com/google/common/base/Preconditions checkArgument (Z)V 2 69029 orig 80 0 0 0 0 0 0 0 0 0 0 0 0 0 0 0 0 0 0 0 0 0 0 0 0 0 0 0 0 0 0 0 0 0 0 0 0 0 0 0 0 0 0 0 0 0 0 0 0 0 0 0 0 0 0 0 0 0 0 0 0 0 0 0 0 0 0 0 0 0 0 0 0 0 0 0 0 0 0 0 0 data 12 0x10007 0x10ca4 0x30 0x0 0x80002 0x0 0x0 0x0 0x0 0x9 0x1 0x0 oops 0 methods 0
ciMethodData com/google/common/collect/Iterators forArray ([Ljava/lang/Object;III)Lcom/google/common/collect/UnmodifiableListIterator; 2 68761 orig 80 0 0 0 0 0 0 0 0 0 0 0 0 0 0 0 0 0 0 0 0 0 0 0 0 0 0 0 0 0 0 0 0 0 0 0 0 0 0 0 0 0 0 0 0 0 0 0 0 0 0 0 0 0 0 0 0 0 0 0 0 0 0 0 0 0 0 0 0 0 0 0 0 0 0 0 0 0 0 0 0 data 33 0x10007 0x0 0x38 0x10b8d 0x50003 0x10b8d 0x18 0x90002 0x10b8d 0x160002 0x10b8d 0x1b0002 0x10b8d 0x200007 0x558 0x30 0x10635 0x230002 0x10635 0x2f0002 0x558 0x0 0x0 0x0 0x0 0x0 0x0 0x9 0x4 0x0 0x0 0x0 0x0 oops 0 methods 0
ciMethodData com/google/common/base/Preconditions checkPositionIndexes (III)V 2 69034 orig 80 0 0 0 0 0 0 0 0 0 0 0 0 0 0 0 0 0 0 0 0 0 0 0 0 0 0 0 0 0 0 0 0 0 0 0 0 0 0 0 0 0 0 0 0 0 0 0 0 0 0 0 0 0 0 0 0 0 0 0 0 0 0 0 0 0 0 0 0 0 0 0 0 0 0 0 0 0 0 0 0 data 27 0x10007 0x0 0x60 0x10c9e 0x60007 0x0 0x40 0x10c9e 0xb0007 0x10c9e 0x40 0x0 0x150002 0x0 0x180002 0x0 0x0 0x0 0x0 0x0 0x0 0x0 0x9 0x3 0x0 0x0 0x0 oops 0 methods 0
ciMethodData com/google/common/collect/Iterators emptyListIterator ()Lcom/google/common/collect/UnmodifiableListIterator; 2 67166 orig 80 0 0 0 0 0 0 0 0 0 0 0 0 0 0 0 0 0 0 0 0 0 0 0 0 0 0 0 0 0 0 0 0 0 0 0 0 0 0 0 0 0 0 0 0 0 0 0 0 0 0 0 0 0 0 0 0 0 0 0 0 0 0 0 0 0 0 0 0 0 0 0 0 0 0 0 0 0 0 0 0 data 4 0x0 0x0 0x9 0x0 oops 0 methods 0
ciMethodData com/google/common/collect/Iterators$ArrayItr <init> ([Ljava/lang/Object;III)V 2 1596 orig 80 0 0 0 0 0 0 0 0 0 0 0 0 0 0 0 0 0 0 0 0 0 0 0 0 0 0 0 0 0 0 0 0 0 0 0 0 0 0 0 0 0 0 0 0 0 0 0 0 0 0 0 0 0 0 0 0 0 0 0 0 0 0 0 0 0 0 0 0 0 0 0 0 0 0 0 0 0 0 0 0 data 13 0x40002 0x558 0x0 0x0 0x0 0x0 0x9 0x5 0xe 0x0 0x0 0x0 0x0 oops 0 methods 0
ciMethodData com/google/common/collect/AbstractIndexedListIterator <init> (II)V 2 1612 orig 80 0 0 0 0 0 0 0 0 0 0 0 0 0 0 0 0 0 0 0 0 0 0 0 0 0 0 0 0 0 0 0 0 0 0 0 0 0 0 0 0 0 0 0 0 0 0 0 0 0 0 0 0 0 0 0 0 0 0 0 0 0 0 0 0 0 0 0 0 0 0 0 0 0 0 0 0 0 0 0 0 data 15 0x10002 0x568 0x60002 0x568 0x0 0x0 0x0 0x0 0x0 0x0 0x9 0x3 0x6 0x0 0x0 oops 0 methods 0
ciMethodData com/google/common/collect/UnmodifiableListIterator <init> ()V 2 1612 orig 80 0 0 0 0 0 0 0 0 0 0 0 0 0 0 0 0 0 0 0 0 0 0 0 0 0 0 0 0 0 0 0 0 0 0 0 0 0 0 0 0 0 0 0 0 0 0 0 0 0 0 0 0 0 0 0 0 0 0 0 0 0 0 0 0 0 0 0 0 0 0 0 0 0 0 0 0 0 0 0 0 data 7 0x10002 0x568 0x0 0x0 0x9 0x1 0x0 oops 0 methods 0
ciMethodData com/google/common/collect/UnmodifiableIterator <init> ()V 2 37154 orig 80 0 0 0 0 0 0 0 0 0 0 0 0 0 0 0 0 0 0 0 0 0 0 0 0 0 0 0 0 0 0 0 0 0 0 0 0 0 0 0 0 0 0 0 0 0 0 0 0 0 0 0 0 0 0 0 0 0 0 0 0 0 0 0 0 0 0 0 0 0 0 0 0 0 0 0 0 0 0 0 0 data 7 0x10002 0x9033 0x0 0x0 0x9 0x1 0x0 oops 0 methods 0
ciMethodData com/google/common/base/Equivalence hash (Ljava/lang/Object;)I 2 141314 orig 80 0 0 0 0 0 0 0 0 0 0 0 0 0 0 0 0 0 0 0 0 0 0 0 0 0 0 0 0 0 0 0 0 0 0 0 0 0 0 0 0 0 0 0 0 0 0 0 0 0 0 0 0 0 0 0 0 0 0 0 0 0 0 0 0 0 0 0 0 0 0 0 0 0 0 0 0 0 0 0 0 data 21 0x10007 0x22702 0x20 0x0 0x80005 0xb4c5 0x0 0x14128e82070 0x1717d 0x14128e82120 0xc0 0x0 0x0 0x0 0x0 0x0 0x0 0x9 0x2 0xffffffffffffffff 0xffffffffffffffff oops 2 7 com/google/common/base/Equivalence$Equals 9 com/google/common/base/Equivalence$Identity methods 0
ciMethodData com/google/common/base/Equivalence equivalent (Ljava/lang/Object;Ljava/lang/Object;)Z 2 65315 orig 80 0 0 0 0 0 0 0 0 0 0 0 0 0 0 0 0 0 0 0 0 0 0 0 0 0 0 0 0 0 0 0 0 0 0 0 0 0 0 0 0 0 0 0 0 0 0 0 0 0 0 0 0 0 0 0 0 0 0 0 0 0 0 0 0 0 0 0 0 0 0 0 0 0 0 0 0 0 0 0 0 data 30 0x20007 0x9c38 0x20 0x61eb 0x80007 0x0 0x40 0x9c38 0xc0007 0x9c38 0x20 0x0 0x140005 0xa8 0x0 0x14128e82070 0x9b3a 0x14128e84150 0x56 0x0 0x0 0x0 0x0 0x0 0x0 0x9 0x3 0x0 0x0 0x0 oops 2 15 com/google/common/base/Equivalence$Equals 17 apex/jorje/semantic/symbol/type/TypeInfoEquivalence methods 0
ciMethodData com/google/common/collect/RegularImmutableList listIterator (I)Lcom/google/common/collect/UnmodifiableListIterator; 2 66937 orig 80 0 0 0 0 0 0 0 0 0 0 0 0 0 0 0 0 0 0 0 0 0 0 0 0 0 0 0 0 0 0 0 0 0 0 0 0 0 0 0 0 0 0 0 0 0 0 0 0 0 0 0 0 0 0 0 0 0 0 0 0 0 0 0 0 0 0 0 0 0 0 0 0 0 0 0 0 0 0 0 0 data 12 0xb0002 0x10479 0x0 0x0 0x0 0x0 0x0 0x0 0x9 0x2 0x0 0x0 oops 0 methods 0
ciMethod apex/jorje/semantic/symbol/resolver/SymbolResolver variables ()Lapex/jorje/semantic/symbol/member/variable/LocalVariableTable; 0 0 1 0 -1
ciMethod apex/jorje/semantic/symbol/resolver/SymbolResolver staticContext ()Lapex/jorje/semantic/symbol/resolver/StaticContext; 0 0 1 0 -1
ciMethod apex/jorje/semantic/compiler/ApexCompiler getCompilerContext ()Lapex/jorje/semantic/compiler/CompilerContext; 566 0 283 0 0
ciMethodData com/google/common/collect/ImmutableList iterator ()Lcom/google/common/collect/UnmodifiableIterator; 2 67250 orig 80 0 0 0 0 0 0 0 0 0 0 0 0 0 0 0 0 0 0 0 0 0 0 0 0 0 0 0 0 0 0 0 0 0 0 0 0 0 0 0 0 0 0 0 0 0 0 0 0 0 0 0 0 0 0 0 0 0 0 0 0 0 0 0 0 0 0 0 0 0 0 0 0 0 0 0 0 0 0 0 0 data 16 0x10005 0x0 0x0 0x14129ef6800 0x105a2 0x14129359630 0x10 0x0 0x0 0x0 0x0 0x0 0x0 0x9 0x1 0x0 oops 2 3 com/google/common/collect/RegularImmutableList 5 com/google/common/collect/PairList methods 0
ciMethodData com/google/common/collect/ImmutableList listIterator ()Lcom/google/common/collect/UnmodifiableListIterator; 2 67250 orig 80 0 0 0 0 0 0 0 0 0 0 0 0 0 0 0 0 0 0 0 0 0 0 0 0 0 0 0 0 0 0 0 0 0 0 0 0 0 0 0 0 0 0 0 0 0 0 0 0 0 0 0 0 0 0 0 0 0 0 0 0 0 0 0 0 0 0 0 0 0 0 0 0 0 0 0 0 0 0 0 0 data 16 0x20005 0x0 0x0 0x14129ef6800 0x105a2 0x14129359630 0x10 0x0 0x0 0x0 0x0 0x0 0x0 0x9 0x1 0x0 oops 2 3 com/google/common/collect/RegularImmutableList 5 com/google/common/collect/PairList methods 0
ciMethodData com/google/common/collect/ImmutableList iterator ()Ljava/util/Iterator; 2 67410 orig 80 0 0 0 0 0 0 0 0 0 0 0 0 0 0 0 0 0 0 0 0 0 0 0 0 0 0 0 0 0 0 0 0 0 0 0 0 0 0 0 0 0 0 0 0 0 0 0 0 0 0 0 0 0 0 0 0 0 0 0 0 0 0 0 0 0 0 0 0 0 0 0 0 0 0 0 0 0 0 0 0 data 16 0x10005 0x0 0x0 0x14129ef6800 0x10642 0x14129359630 0x10 0x0 0x0 0x0 0x0 0x0 0x0 0x9 0x1 0x0 oops 2 3 com/google/common/collect/RegularImmutableList 5 com/google/common/collect/PairList methods 0
ciMethod apex/jorje/semantic/symbol/type/AbstractTypeInfo getEquivalenceWrapper ()Lcom/google/common/base/Equivalence$Wrapper; 256 0 128 0 0
ciMethod com/google/common/base/Equivalence$Wrapper equals (Ljava/lang/Object;)Z 4096 0 1536 0 0
ciMethod com/google/common/base/Equivalence$Wrapper hashCode ()I 516 0 46277 0 160
ciMethod apex/jorje/semantic/symbol/member/method/StandardMethodInfoBuilder getParameters ()Ljava/util/List; 256 0 128 0 0
ciMethod apex/jorje/semantic/ast/visitor/SymbolScope push (Lapex/jorje/semantic/ast/member/Method;)V 4226 0 60255 0 2400
ciMethod apex/jorje/semantic/ast/visitor/SymbolScope pop (Lapex/jorje/semantic/ast/member/Method;)V 4220 0 57673 0 1120
ciMethod apex/jorje/semantic/ast/visitor/SymbolScope push (Lapex/jorje/semantic/ast/compilation/ConstructorPreamble;)V 4122 0 8244 0 0
ciMethod apex/jorje/semantic/ast/visitor/SymbolScope pop (Lapex/jorje/semantic/ast/compilation/ConstructorPreamble;)V 4116 0 8248 0 0
ciMethodData java/util/ArrayDeque peek ()Ljava/lang/Object; 2 80482 orig 80 0 0 0 0 0 0 0 0 0 0 0 0 0 0 0 0 0 0 0 0 0 0 0 0 0 0 0 0 0 0 0 0 0 0 0 0 0 0 0 0 0 0 0 0 0 0 0 0 0 0 0 0 0 0 0 0 0 0 0 0 0 0 0 0 0 0 0 0 0 0 0 0 0 0 0 0 0 0 0 0 data 16 0x10005 0x0 0x0 0x14129265140 0x13962 0x0 0x0 0x0 0x0 0x0 0x0 0x0 0x0 0x9 0x1 0x0 oops 1 3 java/util/ArrayDeque methods 0
ciMethodData java/util/ArrayDeque peekFirst ()Ljava/lang/Object; 2 80482 orig 80 0 0 0 0 0 0 0 0 0 0 0 0 0 0 0 0 0 0 0 0 0 0 0 0 0 0 0 0 0 0 0 0 0 0 0 0 0 0 0 0 0 0 0 0 0 0 0 0 0 0 0 0 0 0 0 0 0 0 0 0 0 0 0 0 0 0 0 0 0 0 0 0 0 0 0 0 0 0 0 0 data 11 0x80002 0x13962 0x0 0x0 0x0 0x0 0x0 0x0 0x9 0x1 0x0 oops 0 methods 0
ciMethodData java/util/ArrayDeque pop ()Ljava/lang/Object; 2 68530 orig 80 0 0 0 0 0 0 0 0 0 0 0 0 0 0 0 0 0 0 0 0 0 0 0 0 0 0 0 0 0 0 0 0 0 0 0 0 0 0 0 0 0 0 0 0 0 0 0 0 0 0 0 0 0 0 0 0 0 0 0 0 0 0 0 0 0 0 0 0 0 0 0 0 0 0 0 0 0 0 0 0 data 16 0x10005 0x0 0x0 0x14129265140 0x103ad 0x0 0x0 0x0 0x0 0x0 0x0 0x0 0x0 0x9 0x1 0x0 oops 1 3 java/util/ArrayDeque methods 0
ciMethodData java/util/ArrayDeque removeFirst ()Ljava/lang/Object; 2 66552 orig 80 0 0 0 0 0 0 0 0 0 0 0 0 0 0 0 0 0 0 0 0 0 0 0 0 0 0 0 0 0 0 0 0 0 0 0 0 0 0 0 0 0 0 0 0 0 0 0 0 0 0 0 0 0 0 0 0 0 0 0 0 0 0 0 0 0 0 0 0 0 0 0 0 0 0 0 0 0 0 0 0 data 22 0x10005 0x0 0x0 0x14129265140 0x103ad 0x0 0x0 0x60007 0x103ad 0x30 0x0 0xd0002 0x0 0x0 0x0 0x0 0x0 0x0 0x0 0x9 0x1 0x0 oops 1 3 java/util/ArrayDeque methods 0
ciMethodData java/util/ArrayDeque push (Ljava/lang/Object;)V 2 68185 orig 80 0 0 0 0 0 0 0 0 0 0 0 0 0 0 0 0 0 0 0 0 0 0 0 0 0 0 0 0 0 0 0 0 0 0 0 0 0 0 0 0 0 0 0 0 0 0 0 0 0 0 0 0 0 0 0 0 0 0 0 0 0 0 0 0 0 0 0 0 0 0 0 0 0 0 0 0 0 0 0 0 data 17 0x20005 0x0 0x0 0x14129265140 0x10252 0x0 0x0 0x0 0x0 0x0 0x0 0x0 0x0 0x9 0x2 0x0 0x0 oops 1 3 java/util/ArrayDeque methods 0
ciMethodData java/util/ArrayDeque addFirst (Ljava/lang/Object;)V 2 68023 orig 80 0 0 0 0 0 0 0 0 0 0 0 0 0 0 0 0 0 0 0 0 0 0 0 0 0 0 0 0 0 0 0 0 0 0 0 0 0 0 0 0 0 0 0 0 0 0 0 0 0 0 0 0 0 0 0 0 0 0 0 0 0 0 0 0 0 0 0 0 0 0 0 0 0 0 0 0 0 0 0 0 data 36 0x10007 0x1096a 0x30 0x0 0x80002 0x0 0x190002 0x1096a 0x210004 0x0 0x0 0x1412abd55a0 0xc7 0x14129264d50 0x1 0x2a0007 0x1096a 0x58 0x0 0x2f0005 0x0 0x0 0x0 0x0 0x0 0x0 0x0 0x0 0x0 0x0 0x0 0x0 0x9 0x2 0xffffffffffffffff 0x0 oops 2 11 java/nio/file/FileTreeWalker$DirectoryNode 13 apex/jorje/semantic/compiler/CompilerContext$LocalContext methods 0
ciMethodData com/google/common/base/Equivalence$Equals doEquivalent (Ljava/lang/Object;Ljava/lang/Object;)Z 2 37757 orig 80 0 0 0 0 0 0 0 0 0 0 0 0 0 0 0 0 0 0 0 0 5 0 0 0 0 0 0 0 0 0 0 0 0 0 0 0 0 0 0 0 0 0 0 0 0 0 0 0 0 0 0 0 0 0 0 0 0 0 0 0 0 0 0 0 0 0 0 0 0 0 0 0 0 0 0 0 0 0 0 0 data 18 0x8000000400020005 0x5ee 0x0 0x140e2c83390 0x643d 0x140e2c866a0 0x2857 0x0 0x0 0x0 0x0 0x0 0x0 0x9 0x3 0x0 0x0 0x0 oops 2 3 java/lang/String 5 java/util/ArrayList methods 0
ciMethod apex/jorje/semantic/compiler/CompilerContext variables ()Lapex/jorje/semantic/symbol/member/variable/LocalVariableTable; 1024 0 114350 0 0
ciMethod apex/jorje/semantic/compiler/CompilerContext staticContext ()Lapex/jorje/semantic/symbol/resolver/StaticContext; 616 0 196547 0 0
ciMethod apex/jorje/semantic/compiler/CompilerContext ensureLocalContext ()V 4948 0 72801 0 160
ciMethod apex/jorje/semantic/symbol/resolver/StandardSymbolResolver variables ()Lapex/jorje/semantic/symbol/member/variable/LocalVariableTable; 2824 0 115250 0 0
ciMethod apex/jorje/semantic/symbol/resolver/StandardSymbolResolver staticContext ()Lapex/jorje/semantic/symbol/resolver/StaticContext; 4132 0 198306 0 288
ciMethodData com/google/common/collect/Iterators$9 hasNext ()Z 2 13598 orig 80 0 0 0 0 0 0 0 0 0 0 0 0 0 0 0 0 0 0 0 0 0 0 0 0 0 0 0 0 0 0 0 0 0 0 0 0 0 0 0 0 0 0 0 0 0 0 0 0 0 0 0 0 0 0 0 0 0 0 0 0 0 0 0 0 0 0 0 0 0 0 0 0 0 0 0 0 0 0 0 0 data 13 0x40007 0x17d4 0x38 0x1c30 0x80003 0x1c30 0x18 0x0 0x0 0x0 0x9 0x1 0x0 oops 0 methods 0
ciMethod apex/jorje/semantic/compiler/CompilerContext$LocalContext <init> ()V 2 0 1 0 -1
ciMethod apex/jorje/semantic/symbol/member/variable/LocalVariableTable push (Lapex/jorje/semantic/symbol/member/variable/LocalVariableScope;)V 0 0 1 0 -1
ciMethod apex/jorje/semantic/symbol/member/variable/LocalVariableTable pop ()V 0 0 1 0 -1
ciMethod apex/jorje/semantic/symbol/member/variable/LocalVariableTable numberOfScopes ()I 0 0 1 0 -1
ciMethod apex/jorje/semantic/symbol/member/variable/StandardLocalVariableTable push (Lapex/jorje/semantic/symbol/member/variable/LocalVariableScope;)V 1732 0 58904 0 0
ciMethod apex/jorje/semantic/symbol/member/variable/StandardLocalVariableTable pop ()V 4250 0 56471 0 288
ciMethod apex/jorje/semantic/symbol/resolver/StaticContext set (Z)V 2324 0 100228 0 0
ciMethod apex/jorje/semantic/symbol/resolver/StaticContext clear ()V 2402 0 97734 0 0
ciMethodData java/util/ArrayDeque dec (II)I 2 68026 orig 80 0 0 0 0 0 0 0 0 0 0 0 0 0 0 0 0 0 0 0 0 0 0 0 0 0 0 0 0 0 0 0 0 0 0 0 0 0 0 0 0 0 0 0 0 0 0 0 0 0 0 0 0 0 0 0 0 0 0 0 0 0 0 0 0 0 0 0 0 0 0 0 0 0 0 0 0 0 0 0 0 data 9 0x40007 0x47 0x20 0x108a3 0x0 0x9 0x2 0x0 0x0 oops 0 methods 0
ciMethodData java/util/ArrayDeque isEmpty ()Z 2 73074 orig 80 0 0 0 0 0 0 0 0 0 0 0 0 0 0 0 0 0 0 0 0 0 0 0 0 0 0 0 0 0 0 0 0 0 0 0 0 0 0 0 0 0 0 0 0 0 0 0 0 0 0 0 0 0 0 0 0 0 0 0 0 0 0 0 0 0 0 0 0 0 0 0 0 0 0 0 0 0 0 0 0 data 14 0x80007 0x1139d 0x38 0x0 0xc0003 0x0 0x18 0x0 0x0 0x0 0x0 0x9 0x1 0x0 oops 0 methods 0
ciMethod apex/jorje/semantic/ast/compilation/UserClassMembers getFieldsAndProperties ()Ljava/util/List; 264 0 132 0 0
ciMethod apex/jorje/semantic/ast/compilation/UserClassMembers getMethods ()Ljava/util/List; 278 0 139 0 0
ciMethod apex/jorje/semantic/ast/compilation/UserClassMembers getInnerTypes ()Ljava/util/List; 258 0 129 0 0
ciMethod apex/jorje/semantic/ast/compilation/ConstructorPreamble traverse (Lapex/jorje/semantic/ast/visitor/AstVisitor;Lapex/jorje/semantic/ast/visitor/Scope;)V 4114 17854 8244 0 0
ciMethodData com/google/common/base/Equivalence$Wrapper hashCode ()I 2 46277 orig 80 0 0 0 0 0 0 0 0 0 0 0 0 0 0 0 0 0 0 0 0 0 0 0 0 0 0 0 0 0 0 0 0 0 0 0 0 0 0 0 0 0 0 0 0 0 0 0 0 0 0 0 0 0 0 0 0 0 0 0 0 0 0 0 0 0 0 0 0 0 0 0 0 0 0 0 0 0 0 0 0 data 16 0x80005 0xb3c3 0x0 0x0 0x0 0x0 0x0 0x0 0x0 0x0 0x0 0x0 0x0 0x9 0x1 0x0 oops 0 methods 0
ciMethod apex/jorje/semantic/ast/compilation/AdditionalInfo traverse (Lapex/jorje/semantic/ast/visitor/AstVisitor;Lapex/jorje/semantic/ast/visitor/Scope;)V 272 0 6432 0 0
ciMethodData apex/jorje/semantic/ast/modifier/ModifierGroup has (Lapex/jorje/semantic/symbol/type/ModifierOrAnnotationTypeInfo;)Z 2 73003 orig 80 1 0 0 0 0 0 0 0 0 0 0 0 0 0 0 0 0 0 0 0 4 0 0 0 0 0 0 0 0 0 0 0 0 0 0 0 0 0 0 0 0 0 0 0 0 0 0 0 0 0 0 0 0 0 0 0 0 0 0 0 0 0 0 0 0 0 0 0 0 0 0 0 0 0 0 0 0 0 0 0 data 41 0x30007 0x11b52 0x88 0x0 0x80005 0x0 0x0 0x0 0x0 0x0 0x0 0xb0007 0x0 0x30 0x0 0x140002 0x0 0x80000004001d0005 0x0 0x0 0x1412854d700 0x11b20 0x1412abd99d0 0x36 0x220005 0x0 0x0 0x1412abd9a80 0x11b56 0x0 0x0 0x0 0x0 0x0 0x0 0x0 0x0 0x9 0x2 0x0 0x0 oops 3 20 apex/jorje/semantic/symbol/type/ModifierTypeInfo 22 apex/jorje/semantic/symbol/type/StandardAnnotationTypeInfo 27 java/util/LinkedHashMap methods 0
ciMethodData com/google/common/collect/Iterators singletonIterator (Ljava/lang/Object;)Lcom/google/common/collect/UnmodifiableIterator; 2 5551 orig 80 0 0 0 0 0 0 0 0 0 0 0 0 0 0 0 0 0 0 0 0 0 0 0 0 0 0 0 0 0 0 0 0 0 0 0 0 0 0 0 0 0 0 0 0 0 0 0 0 0 0 0 0 0 0 0 0 0 0 0 0 0 0 0 0 0 0 0 0 0 0 0 0 0 0 0 0 0 0 0 0 data 8 0x50002 0x14a5 0x0 0x0 0x0 0x9 0x1 0x0 oops 0 methods 0
ciMethodData com/google/common/collect/Iterators$9 <init> (Ljava/lang/Object;)V 2 5541 orig 80 0 0 0 0 0 0 0 0 0 0 0 0 0 0 0 0 0 0 0 0 0 0 0 0 0 0 0 0 0 0 0 0 0 0 0 0 0 0 0 0 0 0 0 0 0 0 0 0 0 0 0 0 0 0 0 0 0 0 0 0 0 0 0 0 0 0 0 0 0 0 0 0 0 0 0 0 0 0 0 0 data 10 0x60002 0x14a5 0x0 0x0 0x0 0x0 0x9 0x2 0x4 0x0 oops 0 methods 0
ciMethodData com/google/common/collect/Iterators$9 next ()Ljava/lang/Object; 2 7358 orig 80 0 0 0 0 0 0 0 0 0 0 0 0 0 0 0 0 0 0 0 0 0 0 0 0 0 0 0 0 0 0 0 0 0 0 0 0 0 0 0 0 0 0 0 0 0 0 0 0 0 0 0 0 0 0 0 0 0 0 0 0 0 0 0 0 0 0 0 0 0 0 0 0 0 0 0 0 0 0 0 0 data 13 0x40007 0x14be 0x30 0x0 0xb0002 0x0 0x0 0x0 0x0 0x0 0x9 0x1 0x0 oops 0 methods 0
ciMethodData com/google/common/collect/SingletonImmutableList iterator ()Lcom/google/common/collect/UnmodifiableIterator; 2 5677 orig 80 0 0 0 0 0 0 0 0 0 0 0 0 0 0 0 0 0 0 0 0 0 0 0 0 0 0 0 0 0 0 0 0 0 0 0 0 0 0 0 0 0 0 0 0 0 0 0 0 0 0 0 0 0 0 0 0 0 0 0 0 0 0 0 0 0 0 0 0 0 0 0 0 0 0 0 0 0 0 0 0 data 11 0x40002 0x14a7 0x0 0x0 0x0 0x0 0x0 0x0 0x9 0x1 0x0 oops 0 methods 0
ciMethodData com/google/common/collect/SingletonImmutableList iterator ()Ljava/util/Iterator; 2 7337 orig 80 0 0 0 0 0 0 0 0 0 0 0 0 0 0 0 0 0 0 0 0 0 0 0 0 0 0 0 0 0 0 0 0 0 0 0 0 0 0 0 0 0 0 0 0 0 0 0 0 0 0 0 0 0 0 0 0 0 0 0 0 0 0 0 0 0 0 0 0 0 0 0 0 0 0 0 0 0 0 0 0 data 16 0x10005 0x14a4 0x0 0x0 0x0 0x0 0x0 0x0 0x0 0x0 0x0 0x0 0x0 0x9 0x1 0x0 oops 0 methods 0
ciMethodData apex/jorje/semantic/compiler/CompilerContext ensureLocalContext ()V 2 72801 orig 80 0 0 0 0 0 0 0 0 0 0 0 0 0 0 0 0 0 0 0 0 0 0 0 0 0 0 0 0 0 0 0 0 0 0 0 0 0 0 0 0 0 0 0 0 0 0 0 0 0 0 0 0 0 0 0 0 0 0 0 0 0 0 0 0 0 0 0 0 0 0 0 0 0 0 0 0 0 0 0 0 data 29 0x40005 0x0 0x0 0x14129265140 0x112b7 0x0 0x0 0x90007 0x112b7 0x68 0x0 0x140002 0x0 0x170005 0x0 0x0 0x0 0x0 0x0 0x0 0x0 0x0 0x0 0x0 0x0 0x0 0x9 0x1 0x0 oops 1 3 java/util/ArrayDeque methods 0
ciMethodData apex/jorje/semantic/symbol/resolver/StandardSymbolResolver staticContext ()Lapex/jorje/semantic/symbol/resolver/StaticContext; 2 198306 orig 80 0 0 0 0 0 0 0 0 0 0 0 0 0 0 0 0 0 0 0 0 0 0 0 0 0 0 0 0 0 0 0 0 0 0 0 0 0 0 0 0 0 0 0 0 0 0 0 0 0 0 0 0 0 0 0 0 0 0 0 0 0 0 0 0 0 0 0 0 0 0 0 0 0 0 0 0 0 0 0 0 data 23 0x40005 0x0 0x0 0x14129262250 0x2fe90 0x0 0x0 0x70005 0x0 0x0 0x141292624e0 0x2fe90 0x0 0x0 0x0 0x0 0x0 0x0 0x0 0x0 0x9 0x1 0x0 oops 2 3 apex/jorje/semantic/compiler/ApexCompiler 10 apex/jorje/semantic/compiler/CompilerContext methods 0
ciMethodData apex/jorje/semantic/compiler/CompilerContext staticContext ()Lapex/jorje/semantic/symbol/resolver/StaticContext; 2 196547 orig 80 0 0 0 0 0 0 0 0 0 0 0 0 0 0 0 0 0 0 0 0 0 0 0 0 0 0 0 0 0 0 0 0 0 0 0 0 0 0 0 0 0 0 0 0 0 0 0 0 0 0 0 0 0 0 0 0 0 0 0 0 0 0 0 0 0 0 0 0 0 0 0 0 0 0 0 0 0 0 0 0 data 30 0x10005 0x2fe8f 0x0 0x0 0x0 0x0 0x0 0x80005 0x0 0x0 0x14129265140 0x2fe8f 0x0 0x0 0xd0004 0x0 0x0 0x14129264d50 0x2fe8f 0x0 0x0 0x0 0x0 0x0 0x0 0x0 0x0 0x9 0x1 0x0 oops 2 10 java/util/ArrayDeque 17 apex/jorje/semantic/compiler/CompilerContext$LocalContext methods 0
ciMethodData apex/jorje/semantic/symbol/resolver/StaticContext set (Z)V 2 100228 orig 80 0 0 0 0 0 0 0 0 0 0 0 0 0 0 0 0 0 0 0 0 0 0 0 0 0 0 0 0 0 0 0 0 0 0 0 0 0 0 0 0 0 0 0 0 0 0 0 0 0 0 0 0 0 0 0 0 0 0 0 0 0 0 0 0 0 0 0 0 0 0 0 0 0 0 0 0 0 0 0 0 data 22 0x30007 0x182fa 0x50 0x0 0xa0007 0x0 0x30 0x0 0x130002 0x0 0x190002 0x182fa 0x0 0x0 0x0 0x0 0x0 0x0 0x9 0x2 0x0 0x0 oops 0 methods 0
ciMethodData apex/jorje/semantic/symbol/resolver/StaticContext clear ()V 2 97734 orig 80 0 0 0 0 0 0 0 0 0 0 0 0 0 0 0 0 0 0 0 0 0 0 0 0 0 0 0 0 0 0 0 0 0 0 0 0 0 0 0 0 0 0 0 0 0 0 0 0 0 0 0 0 0 0 0 0 0 0 0 0 0 0 0 0 0 0 0 0 0 0 0 0 0 0 0 0 0 0 0 0 data 6 0x0 0x0 0x0 0x9 0x1 0x0 oops 0 methods 0
ciMethodData apex/jorje/semantic/ast/member/Field traverse (Lapex/jorje/semantic/ast/visitor/AstVisitor;Lapex/jorje/semantic/ast/visitor/Scope;)V 2 36902 orig 80 0 0 0 0 0 0 0 0 0 0 0 0 0 0 0 0 0 0 0 0 0 0 0 0 0 0 0 0 0 0 0 0 0 0 0 0 0 0 0 0 0 0 0 0 0 0 0 0 0 0 0 0 0 0 0 0 0 0 0 0 0 0 0 0 0 0 0 0 0 0 0 0 0 0 0 0 0 0 0 0 data 60 0x20005 0x0 0x0 0x14129ef6490 0x87c7 0x0 0x0 0x80005 0xbd8 0x0 0x14129ef6540 0x3369 0x14129ef65f0 0x4886 0xb0007 0x7bef 0x58 0xbd8 0x140005 0x0 0x0 0x14129ef66a0 0xbd8 0x0 0x0 0x1a0005 0xbd8 0x0 0x14129ef6540 0x3369 0x14129ef65f0 0x4886 0x1f0005 0x0 0x0 0x14129ef6490 0x87c7 0x0 0x0 0x220003 0x87c7 0x50 0x280005 0x0 0x0 0x0 0x0 0x0 0x0 0x0 0x0 0x0 0x0 0x0 0x0 0x9 0x3 0xffffffffffffffff 0xffffffffffffffff 0xffffffffffffffff oops 7 3 apex/jorje/semantic/ast/visitor/SymbolScope 10 apex/jorje/semantic/ast/visitor/SymbolVisitor 12 apex/jorje/semantic/ast/visitor/ParentVisitor 21 apex/jorje/semantic/ast/modifier/ModifierNode 28 apex/jorje/semantic/ast/visitor/SymbolVisitor 30 apex/jorje/semantic/ast/visitor/ParentVisitor 35 apex/jorje/semantic/ast/visitor/SymbolScope methods 0
ciMethodData apex/jorje/semantic/ast/modifier/ModifierNode traverse (Lapex/jorje/semantic/ast/visitor/AstVisitor;Lapex/jorje/semantic/ast/visitor/Scope;)V 2 12998 orig 80 0 0 0 0 0 0 0 0 0 0 0 0 0 0 0 0 0 0 0 0 0 0 0 0 0 0 0 0 0 0 0 0 0 0 0 0 0 0 0 0 0 0 0 0 0 0 0 0 0 0 0 0 0 0 0 0 0 0 0 0 0 0 0 0 0 0 0 0 0 0 0 0 0 0 0 0 0 0 0 0 data 78 0x30005 0xfad 0x0 0x14129ef6540 0x7e5 0x14129ef65f0 0x132b 0x60007 0x2abd 0x1a8 0x0 0xd0005 0x0 0x0 0x0 0x0 0x0 0x0 0x100005 0x0 0x0 0x0 0x0 0x0 0x0 0x170005 0x0 0x0 0x0 0x0 0x0 0x0 0x1c0007 0x0 0xe0 0x0 0x200005 0x0 0x0 0x0 0x0 0x0 0x0 0x250004 0x0 0x0 0x0 0x0 0x0 0x0 0x2e0005 0x0 0x0 0x0 0x0 0x0 0x0 0x310003 0x0 0xffffffffffffff00 0x370005 0xfad 0x0 0x14129ef6540 0x7e5 0x14129ef65f0 0x132b 0x0 0x0 0x0 0x0 0x0 0x0 0x9 0x3 0x0 0x0 0x0 oops 4 3 apex/jorje/semantic/ast/visitor/SymbolVisitor 5 apex/jorje/semantic/ast/visitor/ParentVisitor 63 apex/jorje/semantic/ast/visitor/SymbolVisitor 65 apex/jorje/semantic/ast/visitor/ParentVisitor methods 0
ciMethodData apex/jorje/semantic/ast/visitor/AstVisitor visit (Lapex/jorje/semantic/ast/statement/FieldDeclarationStatements;Lapex/jorje/semantic/ast/visitor/Scope;)Z 2 31984 orig 80 0 0 0 0 0 0 0 0 0 0 0 0 0 0 0 0 0 0 0 0 0 0 0 0 0 0 0 0 0 0 0 0 0 0 0 0 0 0 0 0 0 0 0 0 0 0 0 0 0 0 0 0 0 0 0 0 0 0 0 0 0 0 0 0 0 0 0 0 0 0 0 0 0 0 0 0 0 0 0 0 data 18 0x10005 0xc96 0x0 0x14129ef6540 0x32fc 0x14129ef65f0 0x3bc4 0x0 0x0 0x0 0x0 0x0 0x0 0x9 0x3 0x0 0x0 0x0 oops 2 3 apex/jorje/semantic/ast/visitor/SymbolVisitor 5 apex/jorje/semantic/ast/visitor/ParentVisitor methods 0
ciMethodData apex/jorje/semantic/ast/visitor/AstVisitor visitEnd (Lapex/jorje/semantic/ast/statement/FieldDeclarationStatements;Lapex/jorje/semantic/ast/visitor/Scope;)V 2 31984 orig 80 0 0 0 0 0 0 0 0 0 0 0 0 0 0 0 0 0 0 0 0 0 0 0 0 0 0 0 0 0 0 0 0 0 0 0 0 0 0 0 0 0 0 0 0 0 0 0 0 0 0 0 0 0 0 0 0 0 0 0 0 0 0 0 0 0 0 0 0 0 0 0 0 0 0 0 0 0 0 0 0 data 6 0x0 0x9 0x3 0x0 0x0 0x0 oops 0 methods 0
ciMethodData apex/jorje/semantic/ast/statement/FieldDeclarationStatements traverse (Lapex/jorje/semantic/ast/visitor/AstVisitor;Lapex/jorje/semantic/ast/visitor/Scope;)V 2 33822 orig 80 0 0 0 0 0 0 0 0 0 0 0 0 0 0 0 0 0 0 0 0 0 0 0 0 0 0 0 0 0 0 0 0 0 0 0 0 0 0 0 0 0 0 0 0 0 0 0 0 0 0 0 0 0 0 0 0 0 0 0 0 0 0 0 0 0 0 0 0 0 0 0 0 0 0 0 0 0 0 0 0 data 78 0x30005 0xc96 0x0 0x14129ef6540 0x32fc 0x14129ef65f0 0x3bc4 0x60007 0x7b56 0x1a8 0x0 0xf0005 0x0 0x0 0x0 0x0 0x0 0x0 0x160005 0x0 0x0 0x0 0x0 0x0 0x0 0x1d0005 0x0 0x0 0x0 0x0 0x0 0x0 0x220007 0x0 0xe0 0x0 0x260005 0x0 0x0 0x0 0x0 0x0 0x0 0x2b0004 0x0 0x0 0x0 0x0 0x0 0x0 0x340005 0x0 0x0 0x0 0x0 0x0 0x0 0x370003 0x0 0xffffffffffffff00 0x3d0005 0xc96 0x0 0x14129ef6540 0x32fc 0x14129ef65f0 0x3bc4 0x0 0x0 0x0 0x0 0x0 0x0 0x9 0x3 0x0 0x0 0x0 oops 4 3 apex/jorje/semantic/ast/visitor/SymbolVisitor 5 apex/jorje/semantic/ast/visitor/ParentVisitor 63 apex/jorje/semantic/ast/visitor/SymbolVisitor 65 apex/jorje/semantic/ast/visitor/ParentVisitor methods 0
ciMethodData apex/jorje/semantic/symbol/resolver/StandardSymbolResolver variables ()Lapex/jorje/semantic/symbol/member/variable/LocalVariableTable; 2 115250 orig 80 0 0 0 0 0 0 0 0 0 0 0 0 0 0 0 0 0 0 0 0 0 0 0 0 0 0 0 0 0 0 0 0 0 0 0 0 0 0 0 0 0 0 0 0 0 0 0 0 0 0 0 0 0 0 0 0 0 0 0 0 0 0 0 0 0 0 0 0 0 0 0 0 0 0 0 0 0 0 0 0 data 23 0x40005 0x0 0x0 0x14129262250 0x1bcaf 0x0 0x0 0x70005 0x0 0x0 0x141292624e0 0x1bcaf 0x0 0x0 0x0 0x0 0x0 0x0 0x0 0x0 0x9 0x1 0x0 oops 2 3 apex/jorje/semantic/compiler/ApexCompiler 10 apex/jorje/semantic/compiler/CompilerContext methods 0
ciMethodData apex/jorje/semantic/compiler/CompilerContext variables ()Lapex/jorje/semantic/symbol/member/variable/LocalVariableTable; 2 114350 orig 80 0 0 0 0 0 0 0 0 0 0 0 0 0 0 0 0 0 0 0 0 0 0 0 0 0 0 0 0 0 0 0 0 0 0 0 0 0 0 0 0 0 0 0 0 0 0 0 0 0 0 0 0 0 0 0 0 0 0 0 0 0 0 0 0 0 0 0 0 0 0 0 0 0 0 0 0 0 0 0 0 data 30 0x10005 0x1bcaf 0x0 0x0 0x0 0x0 0x0 0x80005 0x0 0x0 0x14129265140 0x1bcaf 0x0 0x0 0xd0004 0x0 0x0 0x14129264d50 0x1bcaf 0x0 0x0 0x0 0x0 0x0 0x0 0x0 0x0 0x9 0x1 0x0 oops 2 10 java/util/ArrayDeque 17 apex/jorje/semantic/compiler/CompilerContext$LocalContext methods 0
ciMethodData apex/jorje/semantic/symbol/member/variable/StandardLocalVariableTable push (Lapex/jorje/semantic/symbol/member/variable/LocalVariableScope;)V 2 58904 orig 80 0 0 0 0 0 0 0 0 0 0 0 0 0 0 0 0 0 0 0 0 0 0 0 0 0 0 0 0 0 0 0 0 0 0 0 0 0 0 0 0 0 0 0 0 0 0 0 0 0 0 0 0 0 0 0 0 0 0 0 0 0 0 0 0 0 0 0 0 0 0 0 0 0 0 0 0 0 0 0 0 data 17 0x50005 0x0 0x0 0x14129265140 0xe2b6 0x0 0x0 0x0 0x0 0x0 0x0 0x0 0x0 0x9 0x2 0x0 0x0 oops 1 3 java/util/ArrayDeque methods 0
ciMethodData apex/jorje/semantic/symbol/member/variable/StandardLocalVariableTable pop ()V 2 56471 orig 80 0 0 0 0 0 0 0 0 0 0 0 0 0 0 0 0 0 0 0 0 0 0 0 0 0 0 0 0 0 0 0 0 0 0 0 0 0 0 0 0 0 0 0 0 0 0 0 0 0 0 0 0 0 0 0 0 0 0 0 0 0 0 0 0 0 0 0 0 0 0 0 0 0 0 0 0 0 0 0 0 data 33 0x30007 0xd44a 0x88 0x0 0xa0005 0x0 0x0 0x0 0x0 0x0 0x0 0xf0007 0x0 0x30 0x0 0x180002 0x0 0x200005 0x0 0x0 0x14129265140 0xd44a 0x0 0x0 0x0 0x0 0x0 0x0 0x0 0x0 0x9 0x1 0x0 oops 1 20 java/util/ArrayDeque methods 0
ciMethodData apex/jorje/semantic/ast/member/Method traverse (Lapex/jorje/semantic/ast/visitor/AstVisitor;Lapex/jorje/semantic/ast/visitor/Scope;)V 2 68569 orig 80 2 0 0 0 0 0 0 0 0 0 0 0 0 0 0 0 0 0 0 0 0 0 0 4 0 0 0 0 0 0 0 0 0 0 0 0 0 0 0 1 0 0 0 0 0 0 0 0 0 0 0 0 0 0 0 0 0 0 0 0 0 0 0 0 0 0 0 0 0 0 0 0 0 0 0 0 0 0 0 0 data 116 0x20005 0x0 0x0 0x14129ef6490 0x10395 0x0 0x0 0x8000000700080005 0x2e0 0x0 0x14129ef6540 0x72e3 0x14129ef65f0 0x8dd6 0xb0007 0x100b9 0x218 0x2e0 0x140005 0x0 0x0 0x14129ef66a0 0x2e0 0x0 0x0 0x1b0005 0x0 0x0 0x141294e9170 0x2e0 0x0 0x0 0x1e0005 0xa7 0x0 0x1412854a910 0x10d 0x14129ef6800 0x12c 0x250005 0x19d 0x0 0x1412854a9c0 0x10d 0x14129ef6960 0x14c 0x80000006002a0007 0x2e1 0xe0 0x116 0x2e0005 0xd6 0x0 0x14129ef6960 0x20 0x14129ef6a10 0x20 0x330004 0x0 0x0 0x141294eae10 0x116 0x0 0x0 0x3c0005 0x0 0x0 0x141294eae10 0x116 0x0 0x0 0x3f0003 0x116 0xffffffffffffff00 0x480005 0x0 0x0 0x141294eaaa0 0x2e1 0x0 0x0 0x4e0005 0x2e1 0x0 0x14129ef6540 0x72e3 0x14129ef65f0 0x8dd6 0x530005 0x0 0x0 0x14129ef6490 0x10399 0x0 0x0 0x560003 0x10399 0x50 0x5d0005 0x0 0x0 0x0 0x0 0x0 0x0 0x0 0x0 0x0 0x0 0x0 0x0 0x9 0x3 0xffffffffffffffff 0xffffffffffffffff 0xffffffffffffffff oops 17 3 apex/jorje/semantic/ast/visitor/SymbolScope 10 apex/jorje/semantic/ast/visitor/SymbolVisitor 12 apex/jorje/semantic/ast/visitor/ParentVisitor 21 apex/jorje/semantic/ast/modifier/ModifierNode 28 apex/jorje/semantic/symbol/member/method/StandardMethodInfoBuilder 35 java/util/Collections$EmptyList 37 com/google/common/collect/RegularImmutableList 42 java/util/Collections$EmptyIterator 44 com/google/common/collect/Iterators$ArrayItr 53 com/google/common/collect/Iterators$ArrayItr 55 com/google/common/collect/Iterators$9 60 apex/jorje/semantic/ast/member/Parameter 67 apex/jorje/semantic/ast/member/Parameter 77 apex/jorje/semantic/ast/statement/MethodBlockStatement 84 apex/jorje/semantic/ast/visitor/SymbolVisitor 86 apex/jorje/semantic/ast/visitor/ParentVisitor 91 apex/jorje/semantic/ast/visitor/SymbolScope methods 0
ciMethodData apex/jorje/semantic/ast/visitor/SymbolScope push (Lapex/jorje/semantic/ast/member/Method;)V 2 60255 orig 80 0 0 0 0 0 0 0 0 0 0 0 0 0 0 0 0 0 0 0 0 0 0 0 0 0 0 0 0 0 0 0 0 0 0 0 0 0 0 0 0 0 0 0 0 0 0 0 0 0 0 0 0 0 0 0 0 0 0 0 0 0 0 0 0 0 0 0 0 0 0 0 0 0 0 0 0 0 0 0 0 data 83 0x30007 0xe31e 0xc0 0x0 0xa0005 0x0 0x0 0x0 0x0 0x0 0x0 0xf0005 0x0 0x0 0x0 0x0 0x0 0x0 0x140007 0x0 0x30 0x0 0x1d0002 0x0 0x250005 0x0 0x0 0x14129261490 0xe31e 0x0 0x0 0x2b0005 0x0 0x0 0x14129ef6d80 0xe31e 0x0 0x0 0x2e0005 0x0 0x0 0x1412854e2d0 0xe31e 0x0 0x0 0x340005 0x0 0x0 0x14129ef6d80 0xe31e 0x0 0x0 0x3c0005 0x0 0x0 0x14129261490 0xe31e 0x0 0x0 0x450005 0x0 0x0 0x141294f7600 0xe31e 0x0 0x0 0x480005 0x0 0x0 0x14129261060 0xe31e 0x0 0x0 0x0 0x0 0x0 0x0 0x0 0x0 0x9 0x2 0x0 0x0 oops 7 27 apex/jorje/semantic/symbol/resolver/StandardSymbolResolver 34 apex/jorje/semantic/ast/member/Method 41 apex/jorje/semantic/symbol/member/variable/StandardLocalVariableTable 48 apex/jorje/semantic/ast/member/Method 55 apex/jorje/semantic/symbol/resolver/StandardSymbolResolver 62 apex/jorje/semantic/ast/modifier/ModifierGroup 69 apex/jorje/semantic/symbol/resolver/StaticContext methods 0
ciMethodData apex/jorje/semantic/ast/visitor/SymbolScope pop (Lapex/jorje/semantic/ast/member/Method;)V 2 57673 orig 80 0 0 0 0 0 0 0 0 0 0 0 0 0 0 0 0 0 0 0 0 0 0 0 0 0 0 0 0 0 0 0 0 0 0 0 0 0 0 0 0 0 0 0 0 0 0 0 0 0 0 0 0 0 0 0 0 0 0 0 0 0 0 0 0 0 0 0 0 0 0 0 0 0 0 0 0 0 0 0 0 data 62 0x40005 0x0 0x0 0x14129261490 0xd90c 0x0 0x0 0x90005 0x0 0x0 0x1412854e2d0 0xd90c 0x0 0x0 0x120005 0x0 0x0 0x14129261490 0xd90c 0x0 0x0 0x170005 0x0 0x0 0x14129261060 0xd90c 0x0 0x0 0x1d0007 0xd90c 0xc0 0x0 0x240005 0x0 0x0 0x0 0x0 0x0 0x0 0x290005 0x0 0x0 0x0 0x0 0x0 0x0 0x2e0007 0x0 0x30 0x0 0x370002 0x0 0x0 0x0 0x0 0x0 0x0 0x0 0x9 0x2 0x0 0x0 oops 4 3 apex/jorje/semantic/symbol/resolver/StandardSymbolResolver 10 apex/jorje/semantic/symbol/member/variable/StandardLocalVariableTable 17 apex/jorje/semantic/symbol/resolver/StandardSymbolResolver 24 apex/jorje/semantic/symbol/resolver/StaticContext methods 0
ciMethodData apex/jorje/semantic/ast/member/Parameter traverse (Lapex/jorje/semantic/ast/visitor/AstVisitor;Lapex/jorje/semantic/ast/visitor/Scope;)V 1 278 orig 80 0 0 0 0 0 0 0 0 0 0 0 0 0 0 0 0 0 0 0 0 0 0 0 0 0 0 0 0 0 0 0 0 0 0 0 0 0 0 0 0 0 0 0 0 0 0 0 0 0 0 0 0 0 0 0 0 0 0 0 0 0 0 0 0 0 0 0 0 0 0 0 0 0 0 0 0 0 0 0 0 data 36 0x30005 0x0 0x0 0x14129ad9c80 0x116 0x0 0x0 0x60007 0x0 0x58 0x116 0xf0005 0x0 0x0 0x14129ef66a0 0x116 0x0 0x0 0x150005 0x0 0x0 0x14129ad9c80 0x116 0x0 0x0 0x0 0x0 0x0 0x0 0x0 0x0 0x9 0x3 0x0 0x0 0x0 oops 3 3 apex/jorje/semantic/ast/visitor/MemberResolveVisitor 14 apex/jorje/semantic/ast/modifier/ModifierNode 21 apex/jorje/semantic/ast/visitor/MemberResolveVisitor methods 0
ciMethodData apex/jorje/semantic/ast/statement/MethodBlockStatement traverse (Lapex/jorje/semantic/ast/visitor/AstVisitor;Lapex/jorje/semantic/ast/visitor/Scope;)V 1 752 orig 80 0 0 0 0 0 0 0 0 0 0 0 0 0 0 0 0 0 0 0 0 0 0 0 0 0 0 0 0 0 0 0 0 0 0 0 0 0 0 0 0 0 0 0 0 0 0 0 0 0 0 0 0 0 0 0 0 0 0 0 0 0 0 0 0 0 0 0 0 0 0 0 0 0 0 0 0 0 0 0 0 data 18 0x60005 0xf0 0x0 0x1412925f4c0 0x191 0x14129adb350 0x6f 0x0 0x0 0x0 0x0 0x0 0x0 0x9 0x3 0x0 0xffffffffffffffff 0xffffffffffffffff oops 2 3 apex/jorje/semantic/ast/statement/BlockStatement 5 apex/jorje/semantic/ast/compilation/UserClassMembers$2 methods 0
ciMethodData apex/jorje/semantic/ast/compilation/UserClass traverse (Lapex/jorje/semantic/ast/visitor/AstVisitor;Lapex/jorje/semantic/ast/visitor/Scope;)V 2 97541 orig 80 0 0 0 0 0 0 0 0 0 0 0 0 0 0 0 0 0 0 0 0 0 0 0 0 0 0 0 0 0 0 0 0 0 0 0 0 0 0 0 0 0 0 0 0 0 0 0 0 0 0 0 0 0 0 0 0 0 0 0 0 0 0 0 0 0 0 0 0 0 0 0 0 0 0 0 0 0 0 0 0 data 235 0x20005 0x0 0x0 0x14129ef6490 0x181b 0x0 0x0 0x80005 0x5e 0x0 0x14129ef6540 0x7d7 0x14129ef65f0 0xfe6 0xb0007 0x0 0x5d0 0x181b 0x140005 0x0 0x0 0x14129ef66a0 0x181b 0x0 0x0 0x1b0005 0x0 0x0 0x14129ef6750 0x181b 0x0 0x0 0x1e0005 0x0 0x0 0x14129ef6800 0x17d0 0x14129ef68b0 0x4b 0x250005 0x0 0x0 0x14129ef6960 0x1816 0x14129ef6a10 0x96 0x2a0007 0x181b 0xe0 0x91 0x2e0005 0x0 0x0 0x14129ef6a10 0x4b 0x14129ef6960 0x46 0x330004 0x0 0x0 0x14129ef50c0 0x5a 0x14129ef6ac0 0x37 0x3c0005 0x0 0x0 0x14129ef50c0 0x5a 0x14129ef6ac0 0x37 0x3f0003 0x91 0xffffffffffffff00 0x460005 0x0 0x0 0x14129ef6750 0x181b 0x0 0x0 0x490005 0x0 0x0 0x14129ef6800 0x14bb 0x14129ef68b0 0x360 0x500005 0x0 0x0 0x14129ef6960 0x7269 0x14129ef6a10 0x6c0 0x550007 0x181b 0xe0 0x610e 0x590005 0x0 0x0 0x14129ef6960 0x5dae 0x14129ef6a10 0x360 0x5e0004 0x0 0x0 0x14129ef6b70 0x6109 0x14129ef6c20 0x5 0x670005 0x0 0x0 0x14129ef6b70 0x6109 0x14129ef6c20 0x5 0x6c0003 0x610e 0xffffffffffffff00 0x750005 0x0 0x0 0x14129ef6cd0 0x181b 0x0 0x0 0x7e0005 0x0 0x0 0x14129ef6750 0x181b 0x0 0x0 0x810005 0x0 0x0 0x14129ef6800 0x180c 0x14129ef68b0 0xf 0x880005 0x0 0x0 0x14129ef6960 0xd075 0x14129ef6a10 0x1e 0x8d0007 0x181a 0xe0 0xb879 0x910005 0x0 0x0 0x14129ef6960 0xb86a 0x14129ef6a10 0xf 0x960004 0x0 0x0 0x14129ef6d80 0xb879 0x0 0x0 0x9f0005 0x0 0x0 0x14129ef6d80 0xb879 0x0 0x0 0xa20003 0xb878 0xffffffffffffff00 0xab0005 0x0 0x0 0x14129ef6e30 0x174f 0x14129ef6ee0 0xcb 0xb60005 0x0 0x0 0x14129ef6f90 0x181a 0x0 0x0 0xc10005 0x0 0x0 0x14129ef7040 0x181a 0x0 0x0 0xc70005 0x5d 0x0 0x14129ef6540 0x7d7 0x14129ef65f0 0xfe6 0xcc0005 0x0 0x0 0x14129ef6490 0x181a 0x0 0x0 0xcf0003 0x181a 0x50 0xd60005 0x0 0x0 0x0 0x0 0x0 0x0 0x0 0x0 0x0 0x0 0x0 0x0 0x9 0x3 0x0 0x0 0x0 oops 43 3 apex/jorje/semantic/ast/visitor/SymbolScope 10 apex/jorje/semantic/ast/visitor/SymbolVisitor 12 apex/jorje/semantic/ast/visitor/ParentVisitor 21 apex/jorje/semantic/ast/modifier/ModifierNode 28 apex/jorje/semantic/ast/compilation/UserClassMembers 35 com/google/common/collect/RegularImmutableList 37 com/google/common/collect/SingletonImmutableList 42 com/google/common/collect/Iterators$ArrayItr 44 com/google/common/collect/Iterators$9 53 com/google/common/collect/Iterators$9 55 com/google/common/collect/Iterators$ArrayItr 60 apex/jorje/semantic/ast/compilation/UserClass 62 apex/jorje/semantic/ast/compilation/UserEnum 67 apex/jorje/semantic/ast/compilation/UserClass 69 apex/jorje/semantic/ast/compilation/UserEnum 77 apex/jorje/semantic/ast/compilation/UserClassMembers 84 com/google/common/collect/RegularImmutableList 86 com/google/common/collect/SingletonImmutableList 91 com/google/common/collect/Iterators$ArrayItr 93 com/google/common/collect/Iterators$9 102 com/google/common/collect/Iterators$ArrayItr 104 com/google/common/collect/Iterators$9 109 apex/jorje/semantic/ast/member/Field 111 apex/jorje/semantic/ast/member/Property 116 apex/jorje/semantic/ast/member/Field 118 apex/jorje/semantic/ast/member/Property 126 apex/jorje/semantic/ast/compilation/ConstructorPreamble 133 apex/jorje/semantic/ast/compilation/UserClassMembers 140 com/google/common/collect/RegularImmutableList 142 com/google/common/collect/SingletonImmutableList 147 com/google/common/collect/Iterators$ArrayItr 149 com/google/common/collect/Iterators$9 158 com/google/common/collect/Iterators$ArrayItr 160 com/google/common/collect/Iterators$9 165 apex/jorje/semantic/ast/member/Method 172 apex/jorje/semantic/ast/member/Method 182 apex/jorje/semantic/ast/compilation/UserClassMethods 184 apex/jorje/semantic/ast/compilation/UserExceptionMethods 189 apex/jorje/semantic/ast/member/bridge/BridgeMethodCreator 196 apex/jorje/semantic/ast/compilation/AdditionalInfo 203 apex/jorje/semantic/ast/visitor/SymbolVisitor 205 apex/jorje/semantic/ast/visitor/ParentVisitor 210 apex/jorje/semantic/ast/visitor/SymbolScope methods 0
ciMethodData apex/jorje/semantic/ast/visitor/Scope push (Lapex/jorje/semantic/ast/compilation/UserClass;)V 2 6290 orig 80 0 0 0 0 0 0 0 0 0 0 0 0 0 0 0 0 0 0 0 0 0 0 0 0 0 0 0 0 0 0 0 0 0 0 0 0 0 0 0 0 0 0 0 0 0 0 0 0 0 0 0 0 0 0 0 0 0 0 0 0 0 0 0 0 0 0 0 0 0 0 0 0 0 0 0 0 0 0 0 0 data 5 0x0 0x9 0x2 0x0 0x0 oops 0 methods 0
ciMethodData apex/jorje/semantic/ast/compilation/ConstructorPreamble traverse (Lapex/jorje/semantic/ast/visitor/AstVisitor;Lapex/jorje/semantic/ast/visitor/Scope;)V 2 33830 orig 80 0 0 0 0 0 0 0 0 0 0 0 0 0 0 0 0 0 0 0 0 0 0 0 0 0 0 0 0 0 0 0 0 0 0 0 0 0 0 0 0 0 0 0 0 0 0 0 0 0 0 0 0 0 0 0 0 0 0 0 0 0 0 0 0 0 0 0 0 0 0 0 0 0 0 0 0 0 0 0 0 data 77 0x20005 0x0 0x0 0x14129ef6490 0x182b 0x0 0x0 0x90005 0x0 0x0 0x14129ef6800 0x14bf 0x14129ef68b0 0x36c 0x100005 0x0 0x0 0x14129ef6960 0x729a 0x14129ef6a10 0x6d8 0x150007 0x182b 0xe0 0x6147 0x190005 0x0 0x0 0x14129ef6960 0x5ddb 0x14129ef6a10 0x36c 0x1e0004 0x0 0x0 0x1412925f410 0x6136 0x1412925f4c0 0xc 0x270005 0x5 0x0 0x1412925f410 0x6136 0x1412925f4c0 0xc 0x2a0003 0x6147 0xffffffffffffff00 0x2f0005 0x0 0x0 0x14129ef6490 0x182b 0x0 0x0 0x320003 0x182b 0x50 0x390005 0x0 0x0 0x0 0x0 0x0 0x0 0x0 0x0 0x0 0x0 0x0 0x0 0x9 0x3 0x0 0x0 0x0 oops 12 3 apex/jorje/semantic/ast/visitor/SymbolScope 10 com/google/common/collect/RegularImmutableList 12 com/google/common/collect/SingletonImmutableList 17 com/google/common/collect/Iterators$ArrayItr 19 com/google/common/collect/Iterators$9 28 com/google/common/collect/Iterators$ArrayItr 30 com/google/common/collect/Iterators$9 35 apex/jorje/semantic/ast/statement/FieldDeclarationStatements 37 apex/jorje/semantic/ast/statement/BlockStatement 42 apex/jorje/semantic/ast/statement/FieldDeclarationStatements 44 apex/jorje/semantic/ast/statement/BlockStatement 52 apex/jorje/semantic/ast/visitor/SymbolScope methods 0
ciMethodData apex/jorje/semantic/ast/compilation/AdditionalInfo traverse (Lapex/jorje/semantic/ast/visitor/AstVisitor;Lapex/jorje/semantic/ast/visitor/Scope;)V 2 6434 orig 80 0 0 0 0 0 0 0 0 0 0 0 0 0 0 0 0 0 0 0 0 0 0 0 0 0 0 0 0 0 0 0 0 0 0 0 0 0 0 0 0 0 0 0 0 0 0 0 0 0 0 0 0 0 0 0 0 0 0 0 0 0 0 0 0 0 0 0 0 0 0 0 0 0 0 0 0 0 0 0 0 data 6 0x0 0x9 0x3 0x0 0x0 0x0 oops 0 methods 0
ciMethodData apex/jorje/semantic/ast/visitor/Scope pop (Lapex/jorje/semantic/ast/compilation/UserClass;)V 2 6308 orig 80 0 0 0 0 0 0 0 0 0 0 0 0 0 0 0 0 0 0 0 0 0 0 0 0 0 0 0 0 0 0 0 0 0 0 0 0 0 0 0 0 0 0 0 0 0 0 0 0 0 0 0 0 0 0 0 0 0 0 0 0 0 0 0 0 0 0 0 0 0 0 0 0 0 0 0 0 0 0 0 0 data 5 0x0 0x9 0x2 0x0 0x0 oops 0 methods 0
ciMethodData apex/jorje/semantic/ast/visitor/AstVisitor visit (Lapex/jorje/semantic/ast/modifier/ModifierNode;Lapex/jorje/semantic/ast/visitor/Scope;)Z 2 10947 orig 80 0 0 0 0 0 0 0 0 0 0 0 0 0 0 0 0 0 0 0 0 0 0 0 0 0 0 0 0 0 0 0 0 0 0 0 0 0 0 0 0 0 0 0 0 0 0 0 0 0 0 0 0 0 0 0 0 0 0 0 0 0 0 0 0 0 0 0 0 0 0 0 0 0 0 0 0 0 0 0 0 data 18 0x10005 0xfad 0x0 0x14129ef6540 0x6c5 0x14129ef65f0 0x132b 0x0 0x0 0x0 0x0 0x0 0x0 0x9 0x3 0xffffffffffffffff 0x0 0x0 oops 2 3 apex/jorje/semantic/ast/visitor/SymbolVisitor 5 apex/jorje/semantic/ast/visitor/ParentVisitor methods 0
ciMethodData apex/jorje/semantic/ast/visitor/SymbolScope push (Lapex/jorje/semantic/ast/compilation/ConstructorPreamble;)V 2 8244 orig 80 0 0 0 0 0 0 0 0 0 0 0 0 0 0 0 0 0 0 0 0 0 0 0 0 0 0 0 0 0 0 0 0 0 0 0 0 0 0 0 0 0 0 0 0 0 0 0 0 0 0 0 0 0 0 0 0 0 0 0 0 0 0 0 0 0 0 0 0 0 0 0 0 0 0 0 0 0 0 0 0 data 24 0x40005 0x0 0x0 0x14129261490 0x1827 0x0 0x0 0xa0005 0x0 0x0 0x14129261060 0x1827 0x0 0x0 0x0 0x0 0x0 0x0 0x0 0x0 0x9 0x2 0x0 0x0 oops 2 3 apex/jorje/semantic/symbol/resolver/StandardSymbolResolver 10 apex/jorje/semantic/symbol/resolver/StaticContext methods 0
ciMethodData apex/jorje/semantic/ast/visitor/SymbolScope pop (Lapex/jorje/semantic/ast/compilation/ConstructorPreamble;)V 2 8248 orig 80 0 0 0 0 0 0 0 0 0 0 0 0 0 0 0 0 0 0 0 0 0 0 0 0 0 0 0 0 0 0 0 0 0 0 0 0 0 0 0 0 0 0 0 0 0 0 0 0 0 0 0 0 0 0 0 0 0 0 0 0 0 0 0 0 0 0 0 0 0 0 0 0 0 0 0 0 0 0 0 0 data 24 0x40005 0x0 0x0 0x14129261490 0x182e 0x0 0x0 0x90005 0x0 0x0 0x14129261060 0x182e 0x0 0x0 0x0 0x0 0x0 0x0 0x0 0x0 0x9 0x2 0x0 0x0 oops 2 3 apex/jorje/semantic/symbol/resolver/StandardSymbolResolver 10 apex/jorje/semantic/symbol/resolver/StaticContext methods 0
ciMethodData apex/jorje/semantic/ast/member/bridge/BridgeMethodCreator traverse (Lapex/jorje/semantic/ast/visitor/AstVisitor;Lapex/jorje/semantic/ast/visitor/Scope;)V 2 8383 orig 80 0 0 0 0 0 0 0 0 0 0 0 0 0 0 0 0 0 0 0 0 0 0 0 0 0 0 0 0 0 0 0 0 0 0 0 0 0 0 0 0 0 0 0 0 0 0 0 0 0 0 0 0 0 0 0 0 0 0 0 0 0 0 0 0 0 0 0 0 0 0 0 0 0 0 0 0 0 0 0 0 data 75 0x30005 0x72 0x0 0x14129ef6540 0x7d9 0x14129ef65f0 0x1067 0x60007 0x18b2 0x190 0x0 0xd0007 0x0 0x170 0x0 0x140005 0x0 0x0 0x0 0x0 0x0 0x0 0x1b0005 0x0 0x0 0x0 0x0 0x0 0x0 0x200007 0x0 0xe0 0x0 0x240005 0x0 0x0 0x0 0x0 0x0 0x0 0x290004 0x0 0x0 0x0 0x0 0x0 0x0 0x320005 0x0 0x0 0x0 0x0 0x0 0x0 0x350003 0x0 0xffffffffffffff00 0x3b0005 0x72 0x0 0x14129ef6540 0x7d9 0x14129ef65f0 0x1067 0x0 0x0 0x0 0x0 0x0 0x0 0x9 0x3 0xffffffffffffffff 0xffffffffffffffff 0xffffffffffffffff oops 4 3 apex/jorje/semantic/ast/visitor/SymbolVisitor 5 apex/jorje/semantic/ast/visitor/ParentVisitor 60 apex/jorje/semantic/ast/visitor/SymbolVisitor 62 apex/jorje/semantic/ast/visitor/ParentVisitor methods 0
ciMethodData apex/jorje/semantic/ast/visitor/AstVisitor visitEnd (Lapex/jorje/semantic/ast/member/bridge/BridgeMethodCreator;Lapex/jorje/semantic/ast/visitor/Scope;)V 2 6590 orig 80 0 0 0 0 0 0 0 0 0 0 0 0 0 0 0 0 0 0 0 0 0 0 0 0 0 0 0 0 0 0 0 0 0 0 0 0 0 0 0 0 0 0 0 0 0 0 0 0 0 0 0 0 0 0 0 0 0 0 0 0 0 0 0 0 0 0 0 0 0 0 0 0 0 0 0 0 0 0 0 0 data 6 0x0 0x9 0x3 0x0 0x0 0x0 oops 0 methods 0
ciMethodData apex/jorje/semantic/ast/compilation/UserClassMethods traverse (Lapex/jorje/semantic/ast/visitor/AstVisitor;Lapex/jorje/semantic/ast/visitor/Scope;)V 2 7983 orig 80 0 0 0 0 0 0 0 0 0 0 0 0 0 0 0 0 0 0 0 0 0 0 0 0 0 0 0 0 0 0 0 0 0 0 0 0 0 0 0 0 0 0 0 0 0 0 0 0 0 0 0 0 0 0 0 0 0 0 0 0 0 0 0 0 0 0 0 0 0 0 0 0 0 0 0 0 0 0 0 0 data 40 0x30005 0x6d 0x0 0x14129ef6540 0x75b 0x14129ef65f0 0xf61 0x60007 0x16bc 0x78 0x6d 0xd0007 0x6b 0x58 0x2 0x160005 0x0 0x0 0x14129ef6d80 0x2 0x0 0x0 0x1c0005 0x6d 0x0 0x14129ef6540 0x75b 0x14129ef65f0 0xf61 0x0 0x0 0x0 0x0 0x0 0x0 0x9 0x3 0xffffffffffffffff 0xffffffffffffffff 0xffffffffffffffff oops 5 3 apex/jorje/semantic/ast/visitor/SymbolVisitor 5 apex/jorje/semantic/ast/visitor/ParentVisitor 18 apex/jorje/semantic/ast/member/Method 25 apex/jorje/semantic/ast/visitor/SymbolVisitor 27 apex/jorje/semantic/ast/visitor/ParentVisitor methods 0
ciMethodData apex/jorje/semantic/ast/visitor/AstVisitor visitEnd (Lapex/jorje/semantic/ast/compilation/UserClassMethods;Lapex/jorje/semantic/ast/visitor/Scope;)V 2 6337 orig 80 0 0 0 0 0 0 0 0 0 0 0 0 0 0 0 0 0 0 0 0 0 0 0 0 0 0 0 0 0 0 0 0 0 0 0 0 0 0 0 0 0 0 0 0 0 0 0 0 0 0 0 0 0 0 0 0 0 0 0 0 0 0 0 0 0 0 0 0 0 0 0 0 0 0 0 0 0 0 0 0 data 6 0x0 0x9 0x3 0x0 0x0 0x0 oops 0 methods 0
ciMethodData apex/jorje/semantic/ast/compilation/UserEnum traverse (Lapex/jorje/semantic/ast/visitor/AstVisitor;Lapex/jorje/semantic/ast/visitor/Scope;)V 1 8333 orig 80 0 0 0 0 0 0 0 0 0 0 0 0 0 0 0 0 0 0 0 0 0 0 0 0 0 0 0 0 0 0 0 0 0 0 0 0 0 0 0 0 0 0 0 0 0 0 0 0 0 0 0 0 0 0 0 0 0 0 0 0 0 0 0 0 0 0 0 0 0 0 0 0 0 0 0 0 0 0 0 0 data 151 0x20005 0x0 0x0 0x14129ef6490 0x4 0x0 0x0 0x80005 0x0 0x0 0x14129ef6540 0x4 0x0 0x0 0xb0007 0x4 0x330 0x0 0x140005 0x0 0x0 0x0 0x0 0x0 0x0 0x1b0005 0x0 0x0 0x0 0x0 0x0 0x0 0x220005 0x0 0x0 0x0 0x0 0x0 0x0 0x270007 0x0 0xe0 0x0 0x2b0005 0x0 0x0 0x0 0x0 0x0 0x0 0x300004 0x0 0x0 0x0 0x0 0x0 0x0 0x390005 0x0 0x0 0x0 0x0 0x0 0x0 0x3c0003 0x0 0xffffffffffffff00 0x430005 0x0 0x0 0x0 0x0 0x0 0x0 0x4a0005 0x0 0x0 0x0 0x0 0x0 0x0 0x4f0007 0x0 0xe0 0x0 0x530005 0x0 0x0 0x0 0x0 0x0 0x0 0x580004 0x0 0x0 0x0 0x0 0x0 0x0 0x610005 0x0 0x0 0x0 0x0 0x0 0x0 0x640003 0x0 0xffffffffffffff00 0x6d0005 0x0 0x0 0x0 0x0 0x0 0x0 0x730005 0x0 0x0 0x14129ef6540 0x4 0x0 0x0 0x780005 0x0 0x0 0x14129ef6490 0x4 0x0 0x0 0x7b0003 0x4 0x50 0x820005 0x0 0x0 0x0 0x0 0x0 0x0 0x0 0x0 0x0 0x0 0x0 0x0 0x9 0x3 0x0 0x0 0x0 oops 4 3 apex/jorje/semantic/ast/visitor/SymbolScope 10 apex/jorje/semantic/ast/visitor/SymbolVisitor 119 apex/jorje/semantic/ast/visitor/SymbolVisitor 126 apex/jorje/semantic/ast/visitor/SymbolScope methods 0
ciMethodData apex/jorje/semantic/ast/visitor/Scope push (Lapex/jorje/semantic/ast/compilation/UserEnum;)V 1 260 orig 80 0 0 0 0 0 0 0 0 0 0 0 0 0 0 0 0 0 0 0 0 0 0 0 0 0 0 0 0 0 0 0 0 0 0 0 0 0 0 0 0 0 0 0 0 0 0 0 0 0 0 0 0 0 0 0 0 0 0 0 0 0 0 0 0 0 0 0 0 0 0 0 0 0 0 0 0 0 0 0 0 data 5 0x0 0x9 0x2 0x0 0x0 oops 0 methods 0
ciMethodData apex/jorje/semantic/ast/visitor/Scope pop (Lapex/jorje/semantic/ast/compilation/UserEnum;)V 1 260 orig 80 0 0 0 0 0 0 0 0 0 0 0 0 0 0 0 0 0 0 0 0 0 0 0 0 0 0 0 0 0 0 0 0 0 0 0 0 0 0 0 0 0 0 0 0 0 0 0 0 0 0 0 0 0 0 0 0 0 0 0 0 0 0 0 0 0 0 0 0 0 0 0 0 0 0 0 0 0 0 0 0 data 5 0x0 0x9 0x2 0x0 0x0 oops 0 methods 0
ciMethodData apex/jorje/semantic/ast/compilation/UserExceptionMethods traverse (Lapex/jorje/semantic/ast/visitor/AstVisitor;Lapex/jorje/semantic/ast/visitor/Scope;)V 1 269 orig 80 0 0 0 0 0 0 0 0 0 0 0 0 0 0 0 0 0 0 0 0 0 0 0 0 0 0 0 0 0 0 0 0 0 0 0 0 0 0 0 0 0 0 0 0 0 0 0 0 0 0 0 0 0 0 0 0 0 0 0 0 0 0 0 0 0 0 0 0 0 0 0 0 0 0 0 0 0 0 0 0 data 75 0x30005 0x0 0x0 0x0 0x0 0x0 0x0 0x60007 0x0 0x190 0x0 0xd0007 0x0 0x170 0x0 0x140005 0x0 0x0 0x0 0x0 0x0 0x0 0x1b0005 0x0 0x0 0x0 0x0 0x0 0x0 0x200007 0x0 0xe0 0x0 0x240005 0x0 0x0 0x0 0x0 0x0 0x0 0x290004 0x0 0x0 0x0 0x0 0x0 0x0 0x320005 0x0 0x0 0x0 0x0 0x0 0x0 0x350003 0x0 0xffffffffffffff00 0x3b0005 0x0 0x0 0x0 0x0 0x0 0x0 0x0 0x0 0x0 0x0 0x0 0x0 0x9 0x3 0x0 0x0 0x0 oops 0 methods 0
ciMethodData apex/jorje/semantic/ast/visitor/AstVisitor visitEnd (Lapex/jorje/semantic/ast/compilation/UserExceptionMethods;Lapex/jorje/semantic/ast/visitor/Scope;)V 1 256 orig 80 0 0 0 0 0 0 0 0 0 0 0 0 0 0 0 0 0 0 0 0 0 0 0 0 0 0 0 0 0 0 0 0 0 0 0 0 0 0 0 0 0 0 0 0 0 0 0 0 0 0 0 0 0 0 0 0 0 0 0 0 0 0 0 0 0 0 0 0 0 0 0 0 0 0 0 0 0 0 0 0 data 6 0x0 0x9 0x3 0x0 0x0 0x0 oops 0 methods 0
ciMethodData com/google/common/base/Equivalence$Wrapper equals (Ljava/lang/Object;)Z 1 1536 orig 80 0 0 0 0 0 0 0 0 0 0 0 0 0 0 0 0 0 0 0 0 0 0 0 0 0 0 0 0 0 0 0 0 0 0 0 0 0 0 0 0 0 0 0 0 0 0 0 0 0 0 0 0 0 0 0 0 0 0 0 0 0 0 0 0 0 0 0 0 0 0 0 0 0 0 0 0 0 0 0 0 data 50 0x20007 0x2 0x20 0x0 0x80004 0x0 0x0 0x1412abd9120 0x2 0x0 0x0 0xb0007 0x0 0xe8 0x2 0xf0004 0x0 0x0 0x1412abd9120 0x2 0x0 0x0 0x1b0005 0x0 0x0 0x14128e84150 0x1 0x14128e84200 0x1 0x1e0007 0x0 0x58 0x2 0x2f0005 0x2 0x0 0x0 0x0 0x0 0x0 0x0 0x0 0x0 0x0 0x0 0x0 0x9 0x2 0x0 0x0 oops 4 7 com/google/common/base/Equivalence$Wrapper 18 com/google/common/base/Equivalence$Wrapper 25 apex/jorje/semantic/symbol/type/TypeInfoEquivalence 27 apex/jorje/semantic/symbol/member/method/signature/SignatureEquivalence methods 0
compile apex/jorje/semantic/ast/compilation/UserClass traverse (Lapex/jorje/semantic/ast/visitor/AstVisitor;Lapex/jorje/semantic/ast/visitor/Scope;)V -1 4 inline 353 0 -1 apex/jorje/semantic/ast/compilation/UserClass traverse (Lapex/jorje/semantic/ast/visitor/AstVisitor;Lapex/jorje/semantic/ast/visitor/Scope;)V 1 2 apex/jorje/semantic/ast/visitor/Scope push (Lapex/jorje/semantic/ast/compilation/UserClass;)V 1 20 apex/jorje/semantic/ast/modifier/ModifierNode traverse (Lapex/jorje/semantic/ast/visitor/AstVisitor;Lapex/jorje/semantic/ast/visitor/Scope;)V 2 3 apex/jorje/semantic/ast/visitor/AstVisitor visit (Lapex/jorje/semantic/ast/modifier/ModifierNode;Lapex/jorje/semantic/ast/visitor/Scope;)Z 1 27 apex/jorje/semantic/ast/compilation/UserClassMembers getInnerTypes ()Ljava/util/List; 1 30 com/google/common/collect/ImmutableList iterator ()Ljava/util/Iterator; 2 1 com/google/common/collect/ImmutableList iterator ()Lcom/google/common/collect/UnmodifiableIterator; 3 1 com/google/common/collect/ImmutableList listIterator ()Lcom/google/common/collect/UnmodifiableListIterator; 4 2 com/google/common/collect/RegularImmutableList listIterator (I)Lcom/google/common/collect/UnmodifiableListIterator; 5 11 com/google/common/collect/Iterators forArray ([Ljava/lang/Object;III)Lcom/google/common/collect/UnmodifiableListIterator; 6 9 com/google/common/base/Preconditions checkArgument (Z)V 6 22 com/google/common/base/Preconditions checkPositionIndexes (III)V 6 27 com/google/common/base/Preconditions checkPositionIndex (II)I 7 4 com/google/common/base/Preconditions checkPositionIndex (IILjava/lang/String;)I 6 35 com/google/common/collect/Iterators emptyListIterator ()Lcom/google/common/collect/UnmodifiableListIterator; 6 47 com/google/common/collect/Iterators$ArrayItr <init> ([Ljava/lang/Object;III)V 7 4 com/google/common/collect/AbstractIndexedListIterator <init> (II)V 8 1 com/google/common/collect/UnmodifiableListIterator <init> ()V 9 1 com/google/common/collect/UnmodifiableIterator <init> ()V 10 1 java/lang/Object <init> ()V 8 6 com/google/common/base/Preconditions checkPositionIndex (II)I 9 4 com/google/common/base/Preconditions checkPositionIndex (IILjava/lang/String;)I 1 30 com/google/common/collect/SingletonImmutableList iterator ()Ljava/util/Iterator; 2 1 com/google/common/collect/SingletonImmutableList iterator ()Lcom/google/common/collect/UnmodifiableIterator; 3 4 com/google/common/collect/Iterators singletonIterator (Ljava/lang/Object;)Lcom/google/common/collect/UnmodifiableIterator; 4 5 com/google/common/collect/Iterators$9 <init> (Ljava/lang/Object;)V 5 6 com/google/common/collect/UnmodifiableIterator <init> ()V 6 1 java/lang/Object <init> ()V 1 37 com/google/common/collect/AbstractIndexedListIterator hasNext ()Z 1 37 com/google/common/collect/Iterators$9 hasNext ()Z 1 46 com/google/common/collect/Iterators$9 next ()Ljava/lang/Object; 1 46 com/google/common/collect/AbstractIndexedListIterator next ()Ljava/lang/Object; 2 1 com/google/common/collect/AbstractIndexedListIterator hasNext ()Z 2 27 com/google/common/collect/Iterators$ArrayItr get (I)Ljava/lang/Object; 1 60 apex/jorje/semantic/ast/compilation/UserClass traverse (Lapex/jorje/semantic/ast/visitor/AstVisitor;Lapex/jorje/semantic/ast/visitor/Scope;)V 2 2 apex/jorje/semantic/ast/visitor/Scope push (Lapex/jorje/semantic/ast/compilation/UserClass;)V 2 20 apex/jorje/semantic/ast/modifier/ModifierNode traverse (Lapex/jorje/semantic/ast/visitor/AstVisitor;Lapex/jorje/semantic/ast/visitor/Scope;)V 3 3 apex/jorje/semantic/ast/visitor/AstVisitor visit (Lapex/jorje/semantic/ast/modifier/ModifierNode;Lapex/jorje/semantic/ast/visitor/Scope;)Z 2 27 apex/jorje/semantic/ast/compilation/UserClassMembers getInnerTypes ()Ljava/util/List; 2 30 com/google/common/collect/ImmutableList iterator ()Ljava/util/Iterator; 3 1 com/google/common/collect/ImmutableList iterator ()Lcom/google/common/collect/UnmodifiableIterator; 4 1 com/google/common/collect/ImmutableList listIterator ()Lcom/google/common/collect/UnmodifiableListIterator; 5 2 com/google/common/collect/RegularImmutableList listIterator (I)Lcom/google/common/collect/UnmodifiableListIterator; 6 11 com/google/common/collect/Iterators forArray ([Ljava/lang/Object;III)Lcom/google/common/collect/UnmodifiableListIterator; 7 9 com/google/common/base/Preconditions checkArgument (Z)V 7 22 com/google/common/base/Preconditions checkPositionIndexes (III)V 7 27 com/google/common/base/Preconditions checkPositionIndex (II)I 8 4 com/google/common/base/Preconditions checkPositionIndex (IILjava/lang/String;)I 7 35 com/google/common/collect/Iterators emptyListIterator ()Lcom/google/common/collect/UnmodifiableListIterator; 7 47 com/google/common/collect/Iterators$ArrayItr <init> ([Ljava/lang/Object;III)V 8 4 com/google/common/collect/AbstractIndexedListIterator <init> (II)V 9 1 com/google/common/collect/UnmodifiableListIterator <init> ()V 10 1 com/google/common/collect/UnmodifiableIterator <init> ()V 11 1 java/lang/Object <init> ()V 9 6 com/google/common/base/Preconditions checkPositionIndex (II)I 10 4 com/google/common/base/Preconditions checkPositionIndex (IILjava/lang/String;)I 2 30 com/google/common/collect/SingletonImmutableList iterator ()Ljava/util/Iterator; 3 1 com/google/common/collect/SingletonImmutableList iterator ()Lcom/google/common/collect/UnmodifiableIterator; 4 4 com/google/common/collect/Iterators singletonIterator (Ljava/lang/Object;)Lcom/google/common/collect/UnmodifiableIterator; 5 5 com/google/common/collect/Iterators$9 <init> (Ljava/lang/Object;)V 6 6 com/google/common/collect/UnmodifiableIterator <init> ()V 7 1 java/lang/Object <init> ()V 2 37 com/google/common/collect/AbstractIndexedListIterator hasNext ()Z 2 37 com/google/common/collect/Iterators$9 hasNext ()Z 2 46 com/google/common/collect/Iterators$9 next ()Ljava/lang/Object; 2 46 com/google/common/collect/AbstractIndexedListIterator next ()Ljava/lang/Object; 3 1 com/google/common/collect/AbstractIndexedListIterator hasNext ()Z 3 27 com/google/common/collect/Iterators$ArrayItr get (I)Ljava/lang/Object; 2 60 apex/jorje/semantic/ast/compilation/UserEnum traverse (Lapex/jorje/semantic/ast/visitor/AstVisitor;Lapex/jorje/semantic/ast/visitor/Scope;)V 3 2 apex/jorje/semantic/ast/visitor/Scope push (Lapex/jorje/semantic/ast/compilation/UserEnum;)V 3 109 apex/jorje/semantic/ast/compilation/AdditionalInfo traverse (Lapex/jorje/semantic/ast/visitor/AstVisitor;Lapex/jorje/semantic/ast/visitor/Scope;)V 3 120 apex/jorje/semantic/ast/visitor/Scope pop (Lapex/jorje/semantic/ast/compilation/UserEnum;)V 3 130 apex/jorje/semantic/ast/visitor/Scope pop (Lapex/jorje/semantic/ast/compilation/UserEnum;)V 2 70 apex/jorje/semantic/ast/compilation/UserClassMembers getFieldsAndProperties ()Ljava/util/List; 2 73 com/google/common/collect/ImmutableList iterator ()Ljava/util/Iterator; 3 1 com/google/common/collect/ImmutableList iterator ()Lcom/google/common/collect/UnmodifiableIterator; 4 1 com/google/common/collect/ImmutableList listIterator ()Lcom/google/common/collect/UnmodifiableListIterator; 5 2 com/google/common/collect/RegularImmutableList listIterator (I)Lcom/google/common/collect/UnmodifiableListIterator; 6 11 com/google/common/collect/Iterators forArray ([Ljava/lang/Object;III)Lcom/google/common/collect/UnmodifiableListIterator; 7 9 com/google/common/base/Preconditions checkArgument (Z)V 7 22 com/google/common/base/Preconditions checkPositionIndexes (III)V 7 27 com/google/common/base/Preconditions checkPositionIndex (II)I 8 4 com/google/common/base/Preconditions checkPositionIndex (IILjava/lang/String;)I 7 35 com/google/common/collect/Iterators emptyListIterator ()Lcom/google/common/collect/UnmodifiableListIterator; 7 47 com/google/common/collect/Iterators$ArrayItr <init> ([Ljava/lang/Object;III)V 8 4 com/google/common/collect/AbstractIndexedListIterator <init> (II)V 9 1 com/google/common/collect/UnmodifiableListIterator <init> ()V 10 1 com/google/common/collect/UnmodifiableIterator <init> ()V 11 1 java/lang/Object <init> ()V 9 6 com/google/common/base/Preconditions checkPositionIndex (II)I 10 4 com/google/common/base/Preconditions checkPositionIndex (IILjava/lang/String;)I 2 73 com/google/common/collect/SingletonImmutableList iterator ()Ljava/util/Iterator; 3 1 com/google/common/collect/SingletonImmutableList iterator ()Lcom/google/common/collect/UnmodifiableIterator; 4 4 com/google/common/collect/Iterators singletonIterator (Ljava/lang/Object;)Lcom/google/common/collect/UnmodifiableIterator; 5 5 com/google/common/collect/Iterators$9 <init> (Ljava/lang/Object;)V 6 6 com/google/common/collect/UnmodifiableIterator <init> ()V 7 1 java/lang/Object <init> ()V 2 80 com/google/common/collect/AbstractIndexedListIterator hasNext ()Z 2 80 com/google/common/collect/Iterators$9 hasNext ()Z 2 89 com/google/common/collect/AbstractIndexedListIterator next ()Ljava/lang/Object; 3 1 com/google/common/collect/AbstractIndexedListIterator hasNext ()Z 3 27 com/google/common/collect/Iterators$ArrayItr get (I)Ljava/lang/Object; 2 89 com/google/common/collect/Iterators$9 next ()Ljava/lang/Object; 2 117 apex/jorje/semantic/ast/compilation/ConstructorPreamble traverse (Lapex/jorje/semantic/ast/visitor/AstVisitor;Lapex/jorje/semantic/ast/visitor/Scope;)V 3 2 apex/jorje/semantic/ast/visitor/SymbolScope push (Lapex/jorje/semantic/ast/compilation/ConstructorPreamble;)V 4 4 apex/jorje/semantic/symbol/resolver/StandardSymbolResolver staticContext ()Lapex/jorje/semantic/symbol/resolver/StaticContext; 5 4 apex/jorje/semantic/compiler/ApexCompiler getCompilerContext ()Lapex/jorje/semantic/compiler/CompilerContext; 5 7 apex/jorje/semantic/compiler/CompilerContext staticContext ()Lapex/jorje/semantic/symbol/resolver/StaticContext; 6 1 apex/jorje/semantic/compiler/CompilerContext ensureLocalContext ()V 7 4 java/util/ArrayDeque isEmpty ()Z 6 8 java/util/ArrayDeque peek ()Ljava/lang/Object; 7 1 java/util/ArrayDeque peekFirst ()Ljava/lang/Object; 8 8 java/util/ArrayDeque elementAt ([Ljava/lang/Object;I)Ljava/lang/Object; 4 10 apex/jorje/semantic/symbol/resolver/StaticContext set (Z)V 5 25 java/lang/Boolean valueOf (Z)Ljava/lang/Boolean; 3 9 com/google/common/collect/ImmutableList iterator ()Ljava/util/Iterator; 4 1 com/google/common/collect/ImmutableList iterator ()Lcom/google/common/collect/UnmodifiableIterator; 5 1 com/google/common/collect/ImmutableList listIterator ()Lcom/google/common/collect/UnmodifiableListIterator; 6 2 com/google/common/collect/RegularImmutableList listIterator (I)Lcom/google/common/collect/UnmodifiableListIterator; 7 11 com/google/common/collect/Iterators forArray ([Ljava/lang/Object;III)Lcom/google/common/collect/UnmodifiableListIterator; 8 9 com/google/common/base/Preconditions checkArgument (Z)V 8 22 com/google/common/base/Preconditions checkPositionIndexes (III)V 8 27 com/google/common/base/Preconditions checkPositionIndex (II)I 9 4 com/google/common/base/Preconditions checkPositionIndex (IILjava/lang/String;)I 8 35 com/google/common/collect/Iterators emptyListIterator ()Lcom/google/common/collect/UnmodifiableListIterator; 8 47 com/google/common/collect/Iterators$ArrayItr <init> ([Ljava/lang/Object;III)V 9 4 com/google/common/collect/AbstractIndexedListIterator <init> (II)V 10 1 com/google/common/collect/UnmodifiableListIterator <init> ()V 11 1 com/google/common/collect/UnmodifiableIterator <init> ()V 12 1 java/lang/Object <init> ()V 10 6 com/google/common/base/Preconditions checkPositionIndex (II)I 11 4 com/google/common/base/Preconditions checkPositionIndex (IILjava/lang/String;)I 3 9 com/google/common/collect/SingletonImmutableList iterator ()Ljava/util/Iterator; 4 1 com/google/common/collect/SingletonImmutableList iterator ()Lcom/google/common/collect/UnmodifiableIterator; 5 4 com/google/common/collect/Iterators singletonIterator (Ljava/lang/Object;)Lcom/google/common/collect/UnmodifiableIterator; 6 5 com/google/common/collect/Iterators$9 <init> (Ljava/lang/Object;)V 7 6 com/google/common/collect/UnmodifiableIterator <init> ()V 8 1 java/lang/Object <init> ()V 3 16 com/google/common/collect/AbstractIndexedListIterator hasNext ()Z 3 16 com/google/common/collect/Iterators$9 hasNext ()Z 3 25 com/google/common/collect/AbstractIndexedListIterator next ()Ljava/lang/Object; 4 1 com/google/common/collect/AbstractIndexedListIterator hasNext ()Z 4 27 com/google/common/collect/Iterators$ArrayItr get (I)Ljava/lang/Object; 3 25 com/google/common/collect/Iterators$9 next ()Ljava/lang/Object; 3 39 apex/jorje/semantic/ast/statement/FieldDeclarationStatements traverse (Lapex/jorje/semantic/ast/visitor/AstVisitor;Lapex/jorje/semantic/ast/visitor/Scope;)V 4 3 apex/jorje/semantic/ast/visitor/AstVisitor visit (Lapex/jorje/semantic/ast/statement/FieldDeclarationStatements;Lapex/jorje/semantic/ast/visitor/Scope;)Z 4 61 apex/jorje/semantic/ast/visitor/AstVisitor visitEnd (Lapex/jorje/semantic/ast/statement/FieldDeclarationStatements;Lapex/jorje/semantic/ast/visitor/Scope;)V 3 47 apex/jorje/semantic/ast/visitor/SymbolScope pop (Lapex/jorje/semantic/ast/compilation/ConstructorPreamble;)V 4 4 apex/jorje/semantic/symbol/resolver/StandardSymbolResolver staticContext ()Lapex/jorje/semantic/symbol/resolver/StaticContext; 5 4 apex/jorje/semantic/compiler/ApexCompiler getCompilerContext ()Lapex/jorje/semantic/compiler/CompilerContext; 5 7 apex/jorje/semantic/compiler/CompilerContext staticContext ()Lapex/jorje/semantic/symbol/resolver/StaticContext; 6 1 apex/jorje/semantic/compiler/CompilerContext ensureLocalContext ()V 7 4 java/util/ArrayDeque isEmpty ()Z 6 8 java/util/ArrayDeque peek ()Ljava/lang/Object; 7 1 java/util/ArrayDeque peekFirst ()Ljava/lang/Object; 8 8 java/util/ArrayDeque elementAt ([Ljava/lang/Object;I)Ljava/lang/Object; 4 9 apex/jorje/semantic/symbol/resolver/StaticContext clear ()V 2 126 apex/jorje/semantic/ast/compilation/UserClassMembers getMethods ()Ljava/util/List; 2 129 com/google/common/collect/ImmutableList iterator ()Ljava/util/Iterator; 3 1 com/google/common/collect/ImmutableList iterator ()Lcom/google/common/collect/UnmodifiableIterator; 4 1 com/google/common/collect/ImmutableList listIterator ()Lcom/google/common/collect/UnmodifiableListIterator; 5 2 com/google/common/collect/RegularImmutableList listIterator (I)Lcom/google/common/collect/UnmodifiableListIterator; 6 11 com/google/common/collect/Iterators forArray ([Ljava/lang/Object;III)Lcom/google/common/collect/UnmodifiableListIterator; 7 9 com/google/common/base/Preconditions checkArgument (Z)V 7 22 com/google/common/base/Preconditions checkPositionIndexes (III)V 7 27 com/google/common/base/Preconditions checkPositionIndex (II)I 8 4 com/google/common/base/Preconditions checkPositionIndex (IILjava/lang/String;)I 7 35 com/google/common/collect/Iterators emptyListIterator ()Lcom/google/common/collect/UnmodifiableListIterator; 7 47 com/google/common/collect/Iterators$ArrayItr <init> ([Ljava/lang/Object;III)V 8 4 com/google/common/collect/AbstractIndexedListIterator <init> (II)V 9 1 com/google/common/collect/UnmodifiableListIterator <init> ()V 10 1 com/google/common/collect/UnmodifiableIterator <init> ()V 11 1 java/lang/Object <init> ()V 9 6 com/google/common/base/Preconditions checkPositionIndex (II)I 10 4 com/google/common/base/Preconditions checkPositionIndex (IILjava/lang/String;)I 2 129 com/google/common/collect/SingletonImmutableList iterator ()Ljava/util/Iterator; 3 1 com/google/common/collect/SingletonImmutableList iterator ()Lcom/google/common/collect/UnmodifiableIterator; 4 4 com/google/common/collect/Iterators singletonIterator (Ljava/lang/Object;)Lcom/google/common/collect/UnmodifiableIterator; 5 5 com/google/common/collect/Iterators$9 <init> (Ljava/lang/Object;)V 6 6 com/google/common/collect/UnmodifiableIterator <init> ()V 7 1 java/lang/Object <init> ()V 2 136 com/google/common/collect/AbstractIndexedListIterator hasNext ()Z 2 136 com/google/common/collect/Iterators$9 hasNext ()Z 2 145 com/google/common/collect/AbstractIndexedListIterator next ()Ljava/lang/Object; 3 1 com/google/common/collect/AbstractIndexedListIterator hasNext ()Z 3 27 com/google/common/collect/Iterators$ArrayItr get (I)Ljava/lang/Object; 2 145 com/google/common/collect/Iterators$9 next ()Ljava/lang/Object; 2 159 apex/jorje/semantic/ast/member/Method traverse (Lapex/jorje/semantic/ast/visitor/AstVisitor;Lapex/jorje/semantic/ast/visitor/Scope;)V 3 2 apex/jorje/semantic/ast/visitor/SymbolScope push (Lapex/jorje/semantic/ast/member/Method;)V 4 37 apex/jorje/semantic/symbol/resolver/StandardSymbolResolver variables ()Lapex/jorje/semantic/symbol/member/variable/LocalVariableTable; 5 4 apex/jorje/semantic/compiler/ApexCompiler getCompilerContext ()Lapex/jorje/semantic/compiler/CompilerContext; 5 7 apex/jorje/semantic/compiler/CompilerContext variables ()Lapex/jorje/semantic/symbol/member/variable/LocalVariableTable; 6 1 apex/jorje/semantic/compiler/CompilerContext ensureLocalContext ()V 7 4 java/util/ArrayDeque isEmpty ()Z 6 8 java/util/ArrayDeque peek ()Ljava/lang/Object; 7 1 java/util/ArrayDeque peekFirst ()Ljava/lang/Object; 8 8 java/util/ArrayDeque elementAt ([Ljava/lang/Object;I)Ljava/lang/Object; 4 43 apex/jorje/semantic/ast/member/Method getLocals ()Lapex/jorje/semantic/symbol/member/variable/LocalVariableScope; 4 46 apex/jorje/semantic/symbol/member/variable/StandardLocalVariableTable push (Lapex/jorje/semantic/symbol/member/variable/LocalVariableScope;)V 5 5 java/util/ArrayDeque push (Ljava/lang/Object;)V 6 2 java/util/ArrayDeque addFirst (Ljava/lang/Object;)V 7 25 java/util/ArrayDeque dec (II)I 4 52 apex/jorje/semantic/ast/member/Method getModifiers ()Lapex/jorje/semantic/ast/modifier/ModifierGroup; 4 60 apex/jorje/semantic/symbol/resolver/StandardSymbolResolver staticContext ()Lapex/jorje/semantic/symbol/resolver/StaticContext; 5 4 apex/jorje/semantic/compiler/ApexCompiler getCompilerContext ()Lapex/jorje/semantic/compiler/CompilerContext; 5 7 apex/jorje/semantic/compiler/CompilerContext staticContext ()Lapex/jorje/semantic/symbol/resolver/StaticContext; 6 1 apex/jorje/semantic/compiler/CompilerContext ensureLocalContext ()V 7 4 java/util/ArrayDeque isEmpty ()Z 6 8 java/util/ArrayDeque peek ()Ljava/lang/Object; 7 1 java/util/ArrayDeque peekFirst ()Ljava/lang/Object; 8 8 java/util/ArrayDeque elementAt ([Ljava/lang/Object;I)Ljava/lang/Object; 4 69 apex/jorje/semantic/ast/modifier/ModifierGroup has (Lapex/jorje/semantic/symbol/type/ModifierOrAnnotationTypeInfo;)Z 5 29 apex/jorje/semantic/symbol/type/AbstractTypeInfo getEquivalenceWrapper ()Lcom/google/common/base/Equivalence$Wrapper; 5 34 java/util/HashMap containsKey (Ljava/lang/Object;)Z 6 2 java/util/HashMap getNode (Ljava/lang/Object;)Ljava/util/HashMap$Node; 7 23 java/util/HashMap hash (Ljava/lang/Object;)I 8 9 com/google/common/base/Equivalence$Wrapper hashCode ()I 9 8 com/google/common/base/Equivalence hash (Ljava/lang/Object;)I 7 63 com/google/common/base/Equivalence$Wrapper equals (Ljava/lang/Object;)Z 8 27 java/lang/Object equals (Ljava/lang/Object;)Z 8 47 com/google/common/base/Equivalence equivalent (Ljava/lang/Object;Ljava/lang/Object;)Z 9 20 com/google/common/base/Equivalence$Equals doEquivalent (Ljava/lang/Object;Ljava/lang/Object;)Z 7 128 com/google/common/base/Equivalence$Wrapper equals (Ljava/lang/Object;)Z 8 27 java/lang/Object equals (Ljava/lang/Object;)Z 8 47 com/google/common/base/Equivalence equivalent (Ljava/lang/Object;Ljava/lang/Object;)Z 9 20 com/google/common/base/Equivalence$Equals doEquivalent (Ljava/lang/Object;Ljava/lang/Object;)Z 4 72 apex/jorje/semantic/symbol/resolver/StaticContext set (Z)V 5 25 java/lang/Boolean valueOf (Z)Ljava/lang/Boolean; 3 20 apex/jorje/semantic/ast/modifier/ModifierNode traverse (Lapex/jorje/semantic/ast/visitor/AstVisitor;Lapex/jorje/semantic/ast/visitor/Scope;)V 4 3 apex/jorje/semantic/ast/visitor/AstVisitor visit (Lapex/jorje/semantic/ast/modifier/ModifierNode;Lapex/jorje/semantic/ast/visitor/Scope;)Z 3 27 apex/jorje/semantic/symbol/member/method/StandardMethodInfoBuilder getParameters ()Ljava/util/List; 3 60 apex/jorje/semantic/ast/member/Parameter traverse (Lapex/jorje/semantic/ast/visitor/AstVisitor;Lapex/jorje/semantic/ast/visitor/Scope;)V 3 72 apex/jorje/semantic/ast/statement/MethodBlockStatement traverse (Lapex/jorje/semantic/ast/visitor/AstVisitor;Lapex/jorje/semantic/ast/visitor/Scope;)V 3 83 apex/jorje/semantic/ast/visitor/SymbolScope pop (Lapex/jorje/semantic/ast/member/Method;)V 4 4 apex/jorje/semantic/symbol/resolver/StandardSymbolResolver variables ()Lapex/jorje/semantic/symbol/member/variable/LocalVariableTable; 5 4 apex/jorje/semantic/compiler/ApexCompiler getCompilerContext ()Lapex/jorje/semantic/compiler/CompilerContext; 5 7 apex/jorje/semantic/compiler/CompilerContext variables ()Lapex/jorje/semantic/symbol/member/variable/LocalVariableTable; 6 1 apex/jorje/semantic/compiler/CompilerContext ensureLocalContext ()V 7 4 java/util/ArrayDeque isEmpty ()Z 6 8 java/util/ArrayDeque peek ()Ljava/lang/Object; 7 1 java/util/ArrayDeque peekFirst ()Ljava/lang/Object; 8 8 java/util/ArrayDeque elementAt ([Ljava/lang/Object;I)Ljava/lang/Object; 4 9 apex/jorje/semantic/symbol/member/variable/StandardLocalVariableTable pop ()V 5 32 java/util/ArrayDeque pop ()Ljava/lang/Object; 6 1 java/util/ArrayDeque removeFirst ()Ljava/lang/Object; 7 1 java/util/ArrayDeque pollFirst ()Ljava/lang/Object; 8 12 java/util/ArrayDeque elementAt ([Ljava/lang/Object;I)Ljava/lang/Object; 8 28 java/util/ArrayDeque inc (II)I 4 18 apex/jorje/semantic/symbol/resolver/StandardSymbolResolver staticContext ()Lapex/jorje/semantic/symbol/resolver/StaticContext; 5 4 apex/jorje/semantic/compiler/ApexCompiler getCompilerContext ()Lapex/jorje/semantic/compiler/CompilerContext; 5 7 apex/jorje/semantic/compiler/CompilerContext staticContext ()Lapex/jorje/semantic/symbol/resolver/StaticContext; 6 1 apex/jorje/semantic/compiler/CompilerContext ensureLocalContext ()V 7 4 java/util/ArrayDeque isEmpty ()Z 6 8 java/util/ArrayDeque peek ()Ljava/lang/Object; 7 1 java/util/ArrayDeque peekFirst ()Ljava/lang/Object; 8 8 java/util/ArrayDeque elementAt ([Ljava/lang/Object;I)Ljava/lang/Object; 4 23 apex/jorje/semantic/symbol/resolver/StaticContext clear ()V 2 171 apex/jorje/semantic/ast/compilation/UserClassMethods traverse (Lapex/jorje/semantic/ast/visitor/AstVisitor;Lapex/jorje/semantic/ast/visitor/Scope;)V 3 28 apex/jorje/semantic/ast/visitor/AstVisitor visitEnd (Lapex/jorje/semantic/ast/compilation/UserClassMethods;Lapex/jorje/semantic/ast/visitor/Scope;)V 2 171 apex/jorje/semantic/ast/compilation/UserExceptionMethods traverse (Lapex/jorje/semantic/ast/visitor/AstVisitor;Lapex/jorje/semantic/ast/visitor/Scope;)V 3 59 apex/jorje/semantic/ast/visitor/AstVisitor visitEnd (Lapex/jorje/semantic/ast/compilation/UserExceptionMethods;Lapex/jorje/semantic/ast/visitor/Scope;)V 2 182 apex/jorje/semantic/ast/member/bridge/BridgeMethodCreator traverse (Lapex/jorje/semantic/ast/visitor/AstVisitor;Lapex/jorje/semantic/ast/visitor/Scope;)V 3 59 apex/jorje/semantic/ast/visitor/AstVisitor visitEnd (Lapex/jorje/semantic/ast/member/bridge/BridgeMethodCreator;Lapex/jorje/semantic/ast/visitor/Scope;)V 2 193 apex/jorje/semantic/ast/compilation/AdditionalInfo traverse (Lapex/jorje/semantic/ast/visitor/AstVisitor;Lapex/jorje/semantic/ast/visitor/Scope;)V 2 204 apex/jorje/semantic/ast/visitor/Scope pop (Lapex/jorje/semantic/ast/compilation/UserClass;)V 2 214 apex/jorje/semantic/ast/visitor/Scope pop (Lapex/jorje/semantic/ast/compilation/UserClass;)V 1 60 apex/jorje/semantic/ast/compilation/UserEnum traverse (Lapex/jorje/semantic/ast/visitor/AstVisitor;Lapex/jorje/semantic/ast/visitor/Scope;)V 2 2 apex/jorje/semantic/ast/visitor/Scope push (Lapex/jorje/semantic/ast/compilation/UserEnum;)V 2 109 apex/jorje/semantic/ast/compilation/AdditionalInfo traverse (Lapex/jorje/semantic/ast/visitor/AstVisitor;Lapex/jorje/semantic/ast/visitor/Scope;)V 2 120 apex/jorje/semantic/ast/visitor/Scope pop (Lapex/jorje/semantic/ast/compilation/UserEnum;)V 2 130 apex/jorje/semantic/ast/visitor/Scope pop (Lapex/jorje/semantic/ast/compilation/UserEnum;)V 1 70 apex/jorje/semantic/ast/compilation/UserClassMembers getFieldsAndProperties ()Ljava/util/List; 1 73 com/google/common/collect/ImmutableList iterator ()Ljava/util/Iterator; 2 1 com/google/common/collect/ImmutableList iterator ()Lcom/google/common/collect/UnmodifiableIterator; 3 1 com/google/common/collect/ImmutableList listIterator ()Lcom/google/common/collect/UnmodifiableListIterator; 4 2 com/google/common/collect/RegularImmutableList listIterator (I)Lcom/google/common/collect/UnmodifiableListIterator; 5 11 com/google/common/collect/Iterators forArray ([Ljava/lang/Object;III)Lcom/google/common/collect/UnmodifiableListIterator; 6 9 com/google/common/base/Preconditions checkArgument (Z)V 6 22 com/google/common/base/Preconditions checkPositionIndexes (III)V 6 27 com/google/common/base/Preconditions checkPositionIndex (II)I 7 4 com/google/common/base/Preconditions checkPositionIndex (IILjava/lang/String;)I 6 35 com/google/common/collect/Iterators emptyListIterator ()Lcom/google/common/collect/UnmodifiableListIterator; 6 47 com/google/common/collect/Iterators$ArrayItr <init> ([Ljava/lang/Object;III)V 7 4 com/google/common/collect/AbstractIndexedListIterator <init> (II)V 8 1 com/google/common/collect/UnmodifiableListIterator <init> ()V 9 1 com/google/common/collect/UnmodifiableIterator <init> ()V 10 1 java/lang/Object <init> ()V 8 6 com/google/common/base/Preconditions checkPositionIndex (II)I 9 4 com/google/common/base/Preconditions checkPositionIndex (IILjava/lang/String;)I 1 73 com/google/common/collect/SingletonImmutableList iterator ()Ljava/util/Iterator; 2 1 com/google/common/collect/SingletonImmutableList iterator ()Lcom/google/common/collect/UnmodifiableIterator; 3 4 com/google/common/collect/Iterators singletonIterator (Ljava/lang/Object;)Lcom/google/common/collect/UnmodifiableIterator; 4 5 com/google/common/collect/Iterators$9 <init> (Ljava/lang/Object;)V 5 6 com/google/common/collect/UnmodifiableIterator <init> ()V 6 1 java/lang/Object <init> ()V 1 80 com/google/common/collect/AbstractIndexedListIterator hasNext ()Z 1 80 com/google/common/collect/Iterators$9 hasNext ()Z 1 89 com/google/common/collect/AbstractIndexedListIterator next ()Ljava/lang/Object; 2 1 com/google/common/collect/AbstractIndexedListIterator hasNext ()Z 2 27 com/google/common/collect/Iterators$ArrayItr get (I)Ljava/lang/Object; 1 89 com/google/common/collect/Iterators$9 next ()Ljava/lang/Object; 1 117 apex/jorje/semantic/ast/compilation/ConstructorPreamble traverse (Lapex/jorje/semantic/ast/visitor/AstVisitor;Lapex/jorje/semantic/ast/visitor/Scope;)V 2 2 apex/jorje/semantic/ast/visitor/SymbolScope push (Lapex/jorje/semantic/ast/compilation/ConstructorPreamble;)V 3 4 apex/jorje/semantic/symbol/resolver/StandardSymbolResolver staticContext ()Lapex/jorje/semantic/symbol/resolver/StaticContext; 4 4 apex/jorje/semantic/compiler/ApexCompiler getCompilerContext ()Lapex/jorje/semantic/compiler/CompilerContext; 4 7 apex/jorje/semantic/compiler/CompilerContext staticContext ()Lapex/jorje/semantic/symbol/resolver/StaticContext; 5 1 apex/jorje/semantic/compiler/CompilerContext ensureLocalContext ()V 6 4 java/util/ArrayDeque isEmpty ()Z 5 8 java/util/ArrayDeque peek ()Ljava/lang/Object; 6 1 java/util/ArrayDeque peekFirst ()Ljava/lang/Object; 7 8 java/util/ArrayDeque elementAt ([Ljava/lang/Object;I)Ljava/lang/Object; 3 10 apex/jorje/semantic/symbol/resolver/StaticContext set (Z)V 4 25 java/lang/Boolean valueOf (Z)Ljava/lang/Boolean; 2 9 com/google/common/collect/ImmutableList iterator ()Ljava/util/Iterator; 3 1 com/google/common/collect/ImmutableList iterator ()Lcom/google/common/collect/UnmodifiableIterator; 4 1 com/google/common/collect/ImmutableList listIterator ()Lcom/google/common/collect/UnmodifiableListIterator; 5 2 com/google/common/collect/RegularImmutableList listIterator (I)Lcom/google/common/collect/UnmodifiableListIterator; 6 11 com/google/common/collect/Iterators forArray ([Ljava/lang/Object;III)Lcom/google/common/collect/UnmodifiableListIterator; 7 9 com/google/common/base/Preconditions checkArgument (Z)V 7 22 com/google/common/base/Preconditions checkPositionIndexes (III)V 7 27 com/google/common/base/Preconditions checkPositionIndex (II)I 8 4 com/google/common/base/Preconditions checkPositionIndex (IILjava/lang/String;)I 7 35 com/google/common/collect/Iterators emptyListIterator ()Lcom/google/common/collect/UnmodifiableListIterator; 7 47 com/google/common/collect/Iterators$ArrayItr <init> ([Ljava/lang/Object;III)V 8 4 com/google/common/collect/AbstractIndexedListIterator <init> (II)V 9 1 com/google/common/collect/UnmodifiableListIterator <init> ()V 10 1 com/google/common/collect/UnmodifiableIterator <init> ()V 11 1 java/lang/Object <init> ()V 9 6 com/google/common/base/Preconditions checkPositionIndex (II)I 10 4 com/google/common/base/Preconditions checkPositionIndex (IILjava/lang/String;)I 2 9 com/google/common/collect/SingletonImmutableList iterator ()Ljava/util/Iterator; 3 1 com/google/common/collect/SingletonImmutableList iterator ()Lcom/google/common/collect/UnmodifiableIterator; 4 4 com/google/common/collect/Iterators singletonIterator (Ljava/lang/Object;)Lcom/google/common/collect/UnmodifiableIterator; 5 5 com/google/common/collect/Iterators$9 <init> (Ljava/lang/Object;)V 6 6 com/google/common/collect/UnmodifiableIterator <init> ()V 7 1 java/lang/Object <init> ()V 2 16 com/google/common/collect/AbstractIndexedListIterator hasNext ()Z 2 16 com/google/common/collect/Iterators$9 hasNext ()Z 2 25 com/google/common/collect/AbstractIndexedListIterator next ()Ljava/lang/Object; 3 1 com/google/common/collect/AbstractIndexedListIterator hasNext ()Z 3 27 com/google/common/collect/Iterators$ArrayItr get (I)Ljava/lang/Object; 2 25 com/google/common/collect/Iterators$9 next ()Ljava/lang/Object; 2 39 apex/jorje/semantic/ast/statement/FieldDeclarationStatements traverse (Lapex/jorje/semantic/ast/visitor/AstVisitor;Lapex/jorje/semantic/ast/visitor/Scope;)V 3 3 apex/jorje/semantic/ast/visitor/AstVisitor visit (Lapex/jorje/semantic/ast/statement/FieldDeclarationStatements;Lapex/jorje/semantic/ast/visitor/Scope;)Z 3 61 apex/jorje/semantic/ast/visitor/AstVisitor visitEnd (Lapex/jorje/semantic/ast/statement/FieldDeclarationStatements;Lapex/jorje/semantic/ast/visitor/Scope;)V 1 126 apex/jorje/semantic/ast/compilation/UserClassMembers getMethods ()Ljava/util/List; 1 129 com/google/common/collect/ImmutableList iterator ()Ljava/util/Iterator; 2 1 com/google/common/collect/ImmutableList iterator ()Lcom/google/common/collect/UnmodifiableIterator; 3 1 com/google/common/collect/ImmutableList listIterator ()Lcom/google/common/collect/UnmodifiableListIterator; 1 129 com/google/common/collect/SingletonImmutableList iterator ()Ljava/util/Iterator; 1 193 apex/jorje/semantic/ast/compilation/AdditionalInfo traverse (Lapex/jorje/semantic/ast/visitor/AstVisitor;Lapex/jorje/semantic/ast/visitor/Scope;)V 1 204 apex/jorje/semantic/ast/visitor/Scope pop (Lapex/jorje/semantic/ast/compilation/UserClass;)V 1 214 apex/jorje/semantic/ast/visitor/Scope pop (Lapex/jorje/semantic/ast/compilation/UserClass;)V
